Booking and optimizer integration	Set up job	﻿2026-10-06T23:22:14.5487576Z Current runner version: '2.337.0'
Booking and optimizer integration	Set up job	2026-10-06T23:22:14.5524539Z ##[group]Runner Image Provisioner
Booking and optimizer integration	Set up job	2026-10-06T23:22:14.5526000Z Hosted Compute Agent
Booking and optimizer integration	Set up job	2026-10-06T23:22:14.5526997Z Version: 20261002.596
Booking and optimizer integration	Set up job	2026-10-06T23:22:14.5528108Z Commit: c3d12f3313a95f25162a1503be624f3b0617f8c0
Booking and optimizer integration	Set up job	2026-10-06T23:22:14.5529433Z Build Date: 2026-10-02T22:28:27Z
Booking and optimizer integration	Set up job	2026-10-06T23:22:14.5530586Z Worker ID: {b0dce317-08b1-459d-8234-effcdb8c6688}
Booking and optimizer integration	Set up job	2026-10-06T23:22:14.5531990Z Region: eastus
Booking and optimizer integration	Set up job	2026-10-06T23:22:14.5533312Z Cloud: Azure
Booking and optimizer integration	Set up job	2026-10-06T23:22:14.5534269Z ##[endgroup]
Booking and optimizer integration	Set up job	2026-10-06T23:22:14.5536730Z ##[group]Operating System
Booking and optimizer integration	Set up job	2026-10-06T23:22:14.5537807Z Ubuntu
Booking and optimizer integration	Set up job	2026-10-06T23:22:14.5538804Z 24.04.5
Booking and optimizer integration	Set up job	2026-10-06T23:22:14.5539719Z LTS
Booking and optimizer integration	Set up job	2026-10-06T23:22:14.5540588Z ##[endgroup]
Booking and optimizer integration	Set up job	2026-10-06T23:22:14.5541612Z ##[group]Runner Image
Booking and optimizer integration	Set up job	2026-10-06T23:22:14.5542994Z Image: ubuntu-24.04
Booking and optimizer integration	Set up job	2026-10-06T23:22:14.5544045Z Version: 20261004.327.1
Booking and optimizer integration	Set up job	2026-10-06T23:22:14.5545995Z Included Software: https://github.com/actions/runner-images/blob/ubuntu24/20261004.327/images/ubuntu/Ubuntu2404-Readme.md
Booking and optimizer integration	Set up job	2026-10-06T23:22:14.5549130Z Image Release: https://github.com/actions/runner-images/releases/tag/ubuntu24%2F20261004.327
Booking and optimizer integration	Set up job	2026-10-06T23:22:14.5550930Z ##[endgroup]
Booking and optimizer integration	Set up job	2026-10-06T23:22:14.5553281Z ##[group]GITHUB_TOKEN Permissions
Booking and optimizer integration	Set up job	2026-10-06T23:22:14.5555940Z Contents: read
Booking and optimizer integration	Set up job	2026-10-06T23:22:14.5557129Z Metadata: read
Booking and optimizer integration	Set up job	2026-10-06T23:22:14.5558094Z ##[endgroup]
Booking and optimizer integration	Set up job	2026-10-06T23:22:14.5561135Z Secret source: Actions
Booking and optimizer integration	Set up job	2026-10-06T23:22:14.5562988Z Cache mode: write
Booking and optimizer integration	Set up job	2026-10-06T23:22:14.5564264Z Prepare workflow directory
Booking and optimizer integration	Set up job	2026-10-06T23:22:14.6208008Z Prepare all required actions
Booking and optimizer integration	Set up job	2026-10-06T23:22:14.6279839Z Getting action download info
Booking and optimizer integration	Set up job	2026-10-06T23:22:14.8843019Z Download action repository 'actions/checkout@v7' (SHA:3d3c42e5aac5ba805825da76410c181273ba90b1)
Booking and optimizer integration	Set up job	2026-10-06T23:22:14.9987859Z Download action repository 'actions/setup-java@v6' (SHA:de7274f081f381c8f8158605e0321c36c376e2e6)
Booking and optimizer integration	Set up job	2026-10-06T23:22:15.2977142Z Download action repository 'actions/setup-node@v7' (SHA:820762786026740c76f36085b0efc47a31fe5020)
Booking and optimizer integration	Set up job	2026-10-06T23:22:15.3862931Z Download action repository 'actions/upload-artifact@v7' (SHA:043fb46d1a93c77aae656e7c1c64a875d1fc6a0a)
Booking and optimizer integration	Set up job	2026-10-06T23:22:15.5995413Z Complete job name: Booking and optimizer integration
Booking and optimizer integration	Initialize containers	﻿2026-10-06T23:22:15.6705709Z ##[group]Checking docker version
Booking and optimizer integration	Initialize containers	2026-10-06T23:22:15.6718956Z ##[command]/usr/bin/docker version --format '{{.Server.APIVersion}}'
Booking and optimizer integration	Initialize containers	2026-10-06T23:22:15.7611245Z '1.48'
Booking and optimizer integration	Initialize containers	2026-10-06T23:22:15.7630334Z Docker daemon API version: '1.48'
Booking and optimizer integration	Initialize containers	2026-10-06T23:22:15.7631199Z ##[command]/usr/bin/docker version --format '{{.Client.APIVersion}}'
Booking and optimizer integration	Initialize containers	2026-10-06T23:22:15.7811782Z '1.48'
Booking and optimizer integration	Initialize containers	2026-10-06T23:22:15.7826109Z Docker client API version: '1.48'
Booking and optimizer integration	Initialize containers	2026-10-06T23:22:15.7831434Z ##[endgroup]
Booking and optimizer integration	Initialize containers	2026-10-06T23:22:15.7835589Z ##[group]Clean up resources from previous jobs
Booking and optimizer integration	Initialize containers	2026-10-06T23:22:15.7841110Z ##[command]/usr/bin/docker ps --all --quiet --no-trunc --filter "label=97a437"
Booking and optimizer integration	Initialize containers	2026-10-06T23:22:15.7998457Z ##[command]/usr/bin/docker network prune --force --filter "label=97a437"
Booking and optimizer integration	Initialize containers	2026-10-06T23:22:15.8146435Z ##[endgroup]
Booking and optimizer integration	Initialize containers	2026-10-06T23:22:15.8147033Z ##[group]Create local container network
Booking and optimizer integration	Initialize containers	2026-10-06T23:22:15.8157205Z ##[command]/usr/bin/docker network create --label 97a437 github_network_257a71c5807c4a1d9e2a2c54c22d31e2
Booking and optimizer integration	Initialize containers	2026-10-06T23:22:15.8845570Z 9e596518a42fd1626bc063c3370cb4980b9dfa7a0fb61b938e09eb728e818edd
Booking and optimizer integration	Initialize containers	2026-10-06T23:22:15.8869027Z ##[endgroup]
Booking and optimizer integration	Initialize containers	2026-10-06T23:22:15.8895565Z ##[group]Starting postgres service container
Booking and optimizer integration	Initialize containers	2026-10-06T23:22:15.8916630Z ##[command]/usr/bin/docker pull postgres:16
Booking and optimizer integration	Initialize containers	2026-10-06T23:22:16.1507643Z 16: Pulling from library/postgres
Booking and optimizer integration	Initialize containers	2026-10-06T23:22:16.2481310Z ecc510c1e359: Pulling fs layer
Booking and optimizer integration	Initialize containers	2026-10-06T23:22:16.2482914Z 79faf13a8736: Pulling fs layer
Booking and optimizer integration	Initialize containers	2026-10-06T23:22:16.2483738Z 6456bfbf35e7: Pulling fs layer
Booking and optimizer integration	Initialize containers	2026-10-06T23:22:16.2484395Z b353db459ed1: Pulling fs layer
Booking and optimizer integration	Initialize containers	2026-10-06T23:22:16.2485024Z 99f49de4fe2b: Pulling fs layer
Booking and optimizer integration	Initialize containers	2026-10-06T23:22:16.2486138Z 83d1a2a3917c: Pulling fs layer
Booking and optimizer integration	Initialize containers	2026-10-06T23:22:16.2487003Z 715ea0948cb1: Pulling fs layer
Booking and optimizer integration	Initialize containers	2026-10-06T23:22:16.2491404Z 486e8305f56f: Pulling fs layer
Booking and optimizer integration	Initialize containers	2026-10-06T23:22:16.2492948Z e7d675f11ded: Pulling fs layer
Booking and optimizer integration	Initialize containers	2026-10-06T23:22:16.2494241Z c49864c27f35: Pulling fs layer
Booking and optimizer integration	Initialize containers	2026-10-06T23:22:16.2498780Z 770ef8b308ea: Pulling fs layer
Booking and optimizer integration	Initialize containers	2026-10-06T23:22:16.2503597Z 50c25daa0302: Pulling fs layer
Booking and optimizer integration	Initialize containers	2026-10-06T23:22:16.2505140Z 8309db3ae5b6: Pulling fs layer
Booking and optimizer integration	Initialize containers	2026-10-06T23:22:16.2506422Z 9731e27f2541: Pulling fs layer
Booking and optimizer integration	Initialize containers	2026-10-06T23:22:16.2507571Z b353db459ed1: Waiting
Booking and optimizer integration	Initialize containers	2026-10-06T23:22:16.2508718Z 99f49de4fe2b: Waiting
Booking and optimizer integration	Initialize containers	2026-10-06T23:22:16.2509937Z 83d1a2a3917c: Waiting
Booking and optimizer integration	Initialize containers	2026-10-06T23:22:16.2511091Z 715ea0948cb1: Waiting
Booking and optimizer integration	Initialize containers	2026-10-06T23:22:16.2514275Z 486e8305f56f: Waiting
Booking and optimizer integration	Initialize containers	2026-10-06T23:22:16.2515463Z e7d675f11ded: Waiting
Booking and optimizer integration	Initialize containers	2026-10-06T23:22:16.2516535Z c49864c27f35: Waiting
Booking and optimizer integration	Initialize containers	2026-10-06T23:22:16.2517737Z 770ef8b308ea: Waiting
Booking and optimizer integration	Initialize containers	2026-10-06T23:22:16.2518942Z 50c25daa0302: Waiting
Booking and optimizer integration	Initialize containers	2026-10-06T23:22:16.2520111Z 8309db3ae5b6: Waiting
Booking and optimizer integration	Initialize containers	2026-10-06T23:22:16.2521245Z 9731e27f2541: Waiting
Booking and optimizer integration	Initialize containers	2026-10-06T23:22:16.2821036Z 79faf13a8736: Verifying Checksum
Booking and optimizer integration	Initialize containers	2026-10-06T23:22:16.2823701Z 79faf13a8736: Download complete
Booking and optimizer integration	Initialize containers	2026-10-06T23:22:16.3289946Z 6456bfbf35e7: Verifying Checksum
Booking and optimizer integration	Initialize containers	2026-10-06T23:22:16.3291998Z 6456bfbf35e7: Download complete
Booking and optimizer integration	Initialize containers	2026-10-06T23:22:16.3615865Z b353db459ed1: Verifying Checksum
Booking and optimizer integration	Initialize containers	2026-10-06T23:22:16.3619279Z b353db459ed1: Download complete
Booking and optimizer integration	Initialize containers	2026-10-06T23:22:16.3966913Z ecc510c1e359: Verifying Checksum
Booking and optimizer integration	Initialize containers	2026-10-06T23:22:16.3969474Z ecc510c1e359: Download complete
Booking and optimizer integration	Initialize containers	2026-10-06T23:22:16.4089720Z 99f49de4fe2b: Verifying Checksum
Booking and optimizer integration	Initialize containers	2026-10-06T23:22:16.4091169Z 99f49de4fe2b: Download complete
Booking and optimizer integration	Initialize containers	2026-10-06T23:22:16.4345684Z 83d1a2a3917c: Verifying Checksum
Booking and optimizer integration	Initialize containers	2026-10-06T23:22:16.4347140Z 83d1a2a3917c: Download complete
Booking and optimizer integration	Initialize containers	2026-10-06T23:22:16.4442156Z 715ea0948cb1: Verifying Checksum
Booking and optimizer integration	Initialize containers	2026-10-06T23:22:16.4444695Z 715ea0948cb1: Download complete
Booking and optimizer integration	Initialize containers	2026-10-06T23:22:16.4462087Z 486e8305f56f: Verifying Checksum
Booking and optimizer integration	Initialize containers	2026-10-06T23:22:16.4724239Z 486e8305f56f: Download complete
Booking and optimizer integration	Initialize containers	2026-10-06T23:22:16.5153587Z c49864c27f35: Verifying Checksum
Booking and optimizer integration	Initialize containers	2026-10-06T23:22:16.5297750Z c49864c27f35: Download complete
Booking and optimizer integration	Initialize containers	2026-10-06T23:22:16.5299806Z 770ef8b308ea: Verifying Checksum
Booking and optimizer integration	Initialize containers	2026-10-06T23:22:16.5301994Z 770ef8b308ea: Download complete
Booking and optimizer integration	Initialize containers	2026-10-06T23:22:16.5457928Z 50c25daa0302: Verifying Checksum
Booking and optimizer integration	Initialize containers	2026-10-06T23:22:16.6677549Z 50c25daa0302: Download complete
Booking and optimizer integration	Initialize containers	2026-10-06T23:22:16.6682568Z 8309db3ae5b6: Verifying Checksum
Booking and optimizer integration	Initialize containers	2026-10-06T23:22:16.6685043Z 8309db3ae5b6: Download complete
Booking and optimizer integration	Initialize containers	2026-10-06T23:22:16.6686602Z 9731e27f2541: Verifying Checksum
Booking and optimizer integration	Initialize containers	2026-10-06T23:22:16.6688888Z 9731e27f2541: Download complete
Booking and optimizer integration	Initialize containers	2026-10-06T23:22:17.2765712Z e7d675f11ded: Verifying Checksum
Booking and optimizer integration	Initialize containers	2026-10-06T23:22:17.2770133Z e7d675f11ded: Download complete
Booking and optimizer integration	Initialize containers	2026-10-06T23:22:18.2036862Z ecc510c1e359: Pull complete
Booking and optimizer integration	Initialize containers	2026-10-06T23:22:20.3977216Z 79faf13a8736: Pull complete
Booking and optimizer integration	Initialize containers	2026-10-06T23:22:20.6091348Z 6456bfbf35e7: Pull complete
Booking and optimizer integration	Initialize containers	2026-10-06T23:22:20.6595036Z b353db459ed1: Pull complete
Booking and optimizer integration	Initialize containers	2026-10-06T23:22:21.0199589Z 99f49de4fe2b: Pull complete
Booking and optimizer integration	Initialize containers	2026-10-06T23:22:21.1021844Z 83d1a2a3917c: Pull complete
Booking and optimizer integration	Initialize containers	2026-10-06T23:22:21.1119702Z 715ea0948cb1: Pull complete
Booking and optimizer integration	Initialize containers	2026-10-06T23:22:21.1243414Z 486e8305f56f: Pull complete
Booking and optimizer integration	Initialize containers	2026-10-06T23:22:25.4336418Z e7d675f11ded: Pull complete
Booking and optimizer integration	Initialize containers	2026-10-06T23:22:25.4568253Z c49864c27f35: Pull complete
Booking and optimizer integration	Initialize containers	2026-10-06T23:22:25.4718634Z 770ef8b308ea: Pull complete
Booking and optimizer integration	Initialize containers	2026-10-06T23:22:25.4846227Z 50c25daa0302: Pull complete
Booking and optimizer integration	Initialize containers	2026-10-06T23:22:25.4945264Z 8309db3ae5b6: Pull complete
Booking and optimizer integration	Initialize containers	2026-10-06T23:22:25.5142277Z 9731e27f2541: Pull complete
Booking and optimizer integration	Initialize containers	2026-10-06T23:22:25.5185828Z Digest: sha256:65b16a8b326e0cfbdf33fa7e783f2a0cb352a61448616ccccfd616ef42aa0f65
Booking and optimizer integration	Initialize containers	2026-10-06T23:22:25.5213217Z Status: Downloaded newer image for postgres:16
Booking and optimizer integration	Initialize containers	2026-10-06T23:22:25.5225720Z docker.io/library/postgres:16
Booking and optimizer integration	Initialize containers	2026-10-06T23:22:25.5308766Z ##[command]/usr/bin/docker create --name 0c199086640c42479db779c56e613a15_postgres16_b84703 --label 97a437 --network github_network_257a71c5807c4a1d9e2a2c54c22d31e2 --network-alias postgres -p 5432:5432 --health-cmd "pg_isready -U waterflex -d waterflex_test" --health-interval 10s --health-timeout 5s --health-retries 5 -e "POSTGRES_USER=waterflex" -e "POSTGRES_PASSWORD=waterflex" -e "POSTGRES_DB=waterflex_test" -e GITHUB_ACTIONS=true -e CI=true postgres:16
Booking and optimizer integration	Initialize containers	2026-10-06T23:22:25.5583052Z cca00e0b993b63818bd048521b8465e014fa2caa55fd4979d657cb50b3bde50f
Booking and optimizer integration	Initialize containers	2026-10-06T23:22:25.5606808Z ##[command]/usr/bin/docker start cca00e0b993b63818bd048521b8465e014fa2caa55fd4979d657cb50b3bde50f
Booking and optimizer integration	Initialize containers	2026-10-06T23:22:25.7901577Z cca00e0b993b63818bd048521b8465e014fa2caa55fd4979d657cb50b3bde50f
Booking and optimizer integration	Initialize containers	2026-10-06T23:22:25.7931834Z ##[command]/usr/bin/docker ps --all --filter id=cca00e0b993b63818bd048521b8465e014fa2caa55fd4979d657cb50b3bde50f --filter status=running --no-trunc --format "{{.ID}} {{.Status}}"
Booking and optimizer integration	Initialize containers	2026-10-06T23:22:25.8129158Z cca00e0b993b63818bd048521b8465e014fa2caa55fd4979d657cb50b3bde50f Up Less than a second (health: starting)
Booking and optimizer integration	Initialize containers	2026-10-06T23:22:25.8164361Z ##[command]/usr/bin/docker port cca00e0b993b63818bd048521b8465e014fa2caa55fd4979d657cb50b3bde50f
Booking and optimizer integration	Initialize containers	2026-10-06T23:22:25.8361407Z 5432/tcp -> 0.0.0.0:5432
Booking and optimizer integration	Initialize containers	2026-10-06T23:22:25.8380278Z 5432/tcp -> [::]:5432
Booking and optimizer integration	Initialize containers	2026-10-06T23:22:25.8432765Z ##[endgroup]
Booking and optimizer integration	Initialize containers	2026-10-06T23:22:25.8445093Z ##[group]Waiting for all services to be ready
Booking and optimizer integration	Initialize containers	2026-10-06T23:22:25.8465695Z ##[command]/usr/bin/docker inspect --format="{{if .Config.Healthcheck}}{{print .State.Health.Status}}{{end}}" cca00e0b993b63818bd048521b8465e014fa2caa55fd4979d657cb50b3bde50f
Booking and optimizer integration	Initialize containers	2026-10-06T23:22:25.8678904Z starting
Booking and optimizer integration	Initialize containers	2026-10-06T23:22:25.8711563Z postgres service is starting, waiting 2 seconds before checking again.
Booking and optimizer integration	Initialize containers	2026-10-06T23:22:27.8724499Z ##[command]/usr/bin/docker inspect --format="{{if .Config.Healthcheck}}{{print .State.Health.Status}}{{end}}" cca00e0b993b63818bd048521b8465e014fa2caa55fd4979d657cb50b3bde50f
Booking and optimizer integration	Initialize containers	2026-10-06T23:22:27.8865091Z starting
Booking and optimizer integration	Initialize containers	2026-10-06T23:22:27.8879321Z postgres service is starting, waiting 3 seconds before checking again.
Booking and optimizer integration	Initialize containers	2026-10-06T23:22:31.8841012Z ##[command]/usr/bin/docker inspect --format="{{if .Config.Healthcheck}}{{print .State.Health.Status}}{{end}}" cca00e0b993b63818bd048521b8465e014fa2caa55fd4979d657cb50b3bde50f
Booking and optimizer integration	Initialize containers	2026-10-06T23:22:31.8980053Z starting
Booking and optimizer integration	Initialize containers	2026-10-06T23:22:31.8996541Z postgres service is starting, waiting 8 seconds before checking again.
Booking and optimizer integration	Initialize containers	2026-10-06T23:22:40.5208496Z ##[command]/usr/bin/docker inspect --format="{{if .Config.Healthcheck}}{{print .State.Health.Status}}{{end}}" cca00e0b993b63818bd048521b8465e014fa2caa55fd4979d657cb50b3bde50f
Booking and optimizer integration	Initialize containers	2026-10-06T23:22:40.5376364Z healthy
Booking and optimizer integration	Initialize containers	2026-10-06T23:22:40.5396457Z postgres service is healthy.
Booking and optimizer integration	Initialize containers	2026-10-06T23:22:40.5397203Z ##[endgroup]
Booking and optimizer integration	Run actions/checkout@v7	﻿2026-10-06T23:22:40.5700657Z ##[group]Run actions/checkout@v7
Booking and optimizer integration	Run actions/checkout@v7	2026-10-06T23:22:40.5701263Z with:
Booking and optimizer integration	Run actions/checkout@v7	2026-10-06T23:22:40.5701544Z   repository: ethan-mcgee/waterflex-scheduler-java
Booking and optimizer integration	Run actions/checkout@v7	2026-10-06T23:22:40.5705072Z   token: ***
Booking and optimizer integration	Run actions/checkout@v7	2026-10-06T23:22:40.5705301Z   ssh-strict: true
Booking and optimizer integration	Run actions/checkout@v7	2026-10-06T23:22:40.5705519Z   ssh-user: git
Booking and optimizer integration	Run actions/checkout@v7	2026-10-06T23:22:40.5705743Z   persist-credentials: true
Booking and optimizer integration	Run actions/checkout@v7	2026-10-06T23:22:40.5705997Z   clean: true
Booking and optimizer integration	Run actions/checkout@v7	2026-10-06T23:22:40.5706222Z   sparse-checkout-cone-mode: true
Booking and optimizer integration	Run actions/checkout@v7	2026-10-06T23:22:40.5706486Z   fetch-depth: 1
Booking and optimizer integration	Run actions/checkout@v7	2026-10-06T23:22:40.5706695Z   fetch-tags: false
Booking and optimizer integration	Run actions/checkout@v7	2026-10-06T23:22:40.5706933Z   show-progress: true
Booking and optimizer integration	Run actions/checkout@v7	2026-10-06T23:22:40.5707152Z   lfs: false
Booking and optimizer integration	Run actions/checkout@v7	2026-10-06T23:22:40.5707346Z   submodules: false
Booking and optimizer integration	Run actions/checkout@v7	2026-10-06T23:22:40.5707559Z   set-safe-directory: true
Booking and optimizer integration	Run actions/checkout@v7	2026-10-06T23:22:40.5707812Z   allow-unsafe-pr-checkout: false
Booking and optimizer integration	Run actions/checkout@v7	2026-10-06T23:22:40.5708361Z env:
Booking and optimizer integration	Run actions/checkout@v7	2026-10-06T23:22:40.5708834Z   DATABASE_URL: ***127.0.0.1:5432/waterflex_test
Booking and optimizer integration	Run actions/checkout@v7	2026-10-06T23:22:40.5709246Z   JDBC_DATABASE_URL: jdbc:postgresql://127.0.0.1:5432/waterflex_test
Booking and optimizer integration	Run actions/checkout@v7	2026-10-06T23:22:40.5709680Z   DATABASE_USER: waterflex
Booking and optimizer integration	Run actions/checkout@v7	2026-10-06T23:22:40.5709925Z   DATABASE_PASSWORD: waterflex
Booking and optimizer integration	Run actions/checkout@v7	2026-10-06T23:22:40.5710188Z   ROUTING_URL: http://127.0.0.1:18001
Booking and optimizer integration	Run actions/checkout@v7	2026-10-06T23:22:40.5710493Z   SCHEDULER_TEST_URL: http://127.0.0.1:18000
Booking and optimizer integration	Run actions/checkout@v7	2026-10-06T23:22:40.5710791Z   ENGINE_URL: http://127.0.0.1:18000
Booking and optimizer integration	Run actions/checkout@v7	2026-10-06T23:22:40.5711050Z   SERVER_PORT: 18000
Booking and optimizer integration	Run actions/checkout@v7	2026-10-06T23:22:40.5711275Z   TIME_OFF_POLL_DELAY_MS: 1000
Booking and optimizer integration	Run actions/checkout@v7	2026-10-06T23:22:40.5711523Z ##[endgroup]
Booking and optimizer integration	Run actions/checkout@v7	2026-10-06T23:22:40.6828096Z Syncing repository: ethan-mcgee/waterflex-scheduler-java
Booking and optimizer integration	Run actions/checkout@v7	2026-10-06T23:22:40.6829930Z ##[group]Getting Git version info
Booking and optimizer integration	Run actions/checkout@v7	2026-10-06T23:22:40.6830473Z Working directory is '/home/runner/work/waterflex-scheduler-java/waterflex-scheduler-java'
Booking and optimizer integration	Run actions/checkout@v7	2026-10-06T23:22:40.6831258Z [command]/usr/bin/git version
Booking and optimizer integration	Run actions/checkout@v7	2026-10-06T23:22:40.6921654Z git version 2.55.0
Booking and optimizer integration	Run actions/checkout@v7	2026-10-06T23:22:40.6948202Z ##[endgroup]
Booking and optimizer integration	Run actions/checkout@v7	2026-10-06T23:22:40.6960290Z Temporarily overriding HOME='/home/runner/work/_temp/0984db0f-c904-4093-b159-96188237876d' before making global git config changes
Booking and optimizer integration	Run actions/checkout@v7	2026-10-06T23:22:40.6962045Z Adding repository directory to the temporary git global config as a safe directory
Booking and optimizer integration	Run actions/checkout@v7	2026-10-06T23:22:40.6971186Z [command]/usr/bin/git config --global --add safe.directory /home/runner/work/waterflex-scheduler-java/waterflex-scheduler-java
Booking and optimizer integration	Run actions/checkout@v7	2026-10-06T23:22:40.7023064Z Deleting the contents of '/home/runner/work/waterflex-scheduler-java/waterflex-scheduler-java'
Booking and optimizer integration	Run actions/checkout@v7	2026-10-06T23:22:40.7027567Z ##[group]Determining repository object format
Booking and optimizer integration	Run actions/checkout@v7	2026-10-06T23:22:40.7029408Z ##[endgroup]
Booking and optimizer integration	Run actions/checkout@v7	2026-10-06T23:22:40.7030486Z ##[group]Initializing the repository
Booking and optimizer integration	Run actions/checkout@v7	2026-10-06T23:22:40.7035723Z [command]/usr/bin/git init /home/runner/work/waterflex-scheduler-java/waterflex-scheduler-java
Booking and optimizer integration	Run actions/checkout@v7	2026-10-06T23:22:40.7142890Z hint: Using 'master' as the name for the initial branch. This default branch name
Booking and optimizer integration	Run actions/checkout@v7	2026-10-06T23:22:40.7148230Z hint: will change to "main" in Git 3.0. To configure the initial branch name
Booking and optimizer integration	Run actions/checkout@v7	2026-10-06T23:22:40.7149575Z hint: to use in all of your new repositories, which will suppress this warning,
Booking and optimizer integration	Run actions/checkout@v7	2026-10-06T23:22:40.7150762Z hint: call:
Booking and optimizer integration	Run actions/checkout@v7	2026-10-06T23:22:40.7151390Z hint:
Booking and optimizer integration	Run actions/checkout@v7	2026-10-06T23:22:40.7152155Z hint: 	git config --global init.defaultBranch <name>
Booking and optimizer integration	Run actions/checkout@v7	2026-10-06T23:22:40.7153329Z hint:
Booking and optimizer integration	Run actions/checkout@v7	2026-10-06T23:22:40.7154159Z hint: Names commonly chosen instead of 'master' are 'main', 'trunk' and
Booking and optimizer integration	Run actions/checkout@v7	2026-10-06T23:22:40.7155382Z hint: 'development'. The just-created branch can be renamed via this command:
Booking and optimizer integration	Run actions/checkout@v7	2026-10-06T23:22:40.7156362Z hint:
Booking and optimizer integration	Run actions/checkout@v7	2026-10-06T23:22:40.7156923Z hint: 	git branch -m <name>
Booking and optimizer integration	Run actions/checkout@v7	2026-10-06T23:22:40.7157546Z hint:
Booking and optimizer integration	Run actions/checkout@v7	2026-10-06T23:22:40.7158355Z hint: Disable this message with "git config set advice.defaultBranchName false"
Booking and optimizer integration	Run actions/checkout@v7	2026-10-06T23:22:40.7159806Z Initialized empty Git repository in /home/runner/work/waterflex-scheduler-java/waterflex-scheduler-java/.git/
Booking and optimizer integration	Run actions/checkout@v7	2026-10-06T23:22:40.7163268Z [command]/usr/bin/git remote add origin https://github.com/ethan-mcgee/waterflex-scheduler-java
Booking and optimizer integration	Run actions/checkout@v7	2026-10-06T23:22:40.7214485Z ##[endgroup]
Booking and optimizer integration	Run actions/checkout@v7	2026-10-06T23:22:40.7215456Z ##[group]Disabling automatic garbage collection
Booking and optimizer integration	Run actions/checkout@v7	2026-10-06T23:22:40.7218832Z [command]/usr/bin/git config --local gc.auto 0
Booking and optimizer integration	Run actions/checkout@v7	2026-10-06T23:22:40.7256522Z ##[endgroup]
Booking and optimizer integration	Run actions/checkout@v7	2026-10-06T23:22:40.7257587Z ##[group]Setting up auth
Booking and optimizer integration	Run actions/checkout@v7	2026-10-06T23:22:40.7258439Z Removing SSH command configuration
Booking and optimizer integration	Run actions/checkout@v7	2026-10-06T23:22:40.7264955Z [command]/usr/bin/git config --local --name-only --get-regexp core\.sshCommand
Booking and optimizer integration	Run actions/checkout@v7	2026-10-06T23:22:40.7300534Z [command]/usr/bin/git submodule foreach --recursive sh -c "git config --local --name-only --get-regexp 'core\.sshCommand' && git config --local --unset-all 'core.sshCommand' || :"
Booking and optimizer integration	Run actions/checkout@v7	2026-10-06T23:22:40.7722950Z Removing HTTP extra header
Booking and optimizer integration	Run actions/checkout@v7	2026-10-06T23:22:40.7724462Z [command]/usr/bin/git config --local --name-only --get-regexp http\.https\:\/\/github\.com\/\.extraheader
Booking and optimizer integration	Run actions/checkout@v7	2026-10-06T23:22:40.7730888Z [command]/usr/bin/git submodule foreach --recursive sh -c "git config --local --name-only --get-regexp 'http\.https\:\/\/github\.com\/\.extraheader' && git config --local --unset-all 'http.https://github.com/.extraheader' || :"
Booking and optimizer integration	Run actions/checkout@v7	2026-10-06T23:22:40.7994290Z Removing includeIf entries pointing to credentials config files
Booking and optimizer integration	Run actions/checkout@v7	2026-10-06T23:22:40.7995524Z [command]/usr/bin/git config --local --name-only --get-regexp ^includeIf\.gitdir:
Booking and optimizer integration	Run actions/checkout@v7	2026-10-06T23:22:40.8023426Z [command]/usr/bin/git submodule foreach --recursive git config --local --show-origin --name-only --get-regexp remote.origin.url
Booking and optimizer integration	Run actions/checkout@v7	2026-10-06T23:22:40.8285441Z [command]/usr/bin/git config --file /home/runner/work/_temp/git-credentials-ec96541f-d29c-4920-8e5a-3aef65bedf1d.config http.https://github.com/.extraheader AUTHORIZATION: basic ***
Booking and optimizer integration	Run actions/checkout@v7	2026-10-06T23:22:40.8323326Z [command]/usr/bin/git config --local includeIf.gitdir:/home/runner/work/waterflex-scheduler-java/waterflex-scheduler-java/.git.path /home/runner/work/_temp/git-credentials-ec96541f-d29c-4920-8e5a-3aef65bedf1d.config
Booking and optimizer integration	Run actions/checkout@v7	2026-10-06T23:22:40.8357767Z [command]/usr/bin/git config --local includeIf.gitdir:/home/runner/work/waterflex-scheduler-java/waterflex-scheduler-java/.git/worktrees/*.path /home/runner/work/_temp/git-credentials-ec96541f-d29c-4920-8e5a-3aef65bedf1d.config
Booking and optimizer integration	Run actions/checkout@v7	2026-10-06T23:22:40.8398845Z [command]/usr/bin/git config --local includeIf.gitdir:/github/workspace/.git.path /github/runner_temp/git-credentials-ec96541f-d29c-4920-8e5a-3aef65bedf1d.config
Booking and optimizer integration	Run actions/checkout@v7	2026-10-06T23:22:40.8434442Z [command]/usr/bin/git config --local includeIf.gitdir:/github/workspace/.git/worktrees/*.path /github/runner_temp/git-credentials-ec96541f-d29c-4920-8e5a-3aef65bedf1d.config
Booking and optimizer integration	Run actions/checkout@v7	2026-10-06T23:22:40.8466258Z ##[endgroup]
Booking and optimizer integration	Run actions/checkout@v7	2026-10-06T23:22:40.8467287Z ##[group]Fetching the repository
Booking and optimizer integration	Run actions/checkout@v7	2026-10-06T23:22:40.8474898Z [command]/usr/bin/git -c protocol.version=2 fetch --no-tags --prune --no-recurse-submodules --depth=1 origin +3244673457c1ab47fa30f0bd36d0cbe431cbae23:refs/remotes/pull/57/merge
Booking and optimizer integration	Run actions/checkout@v7	2026-10-06T23:22:42.4700428Z From https://github.com/ethan-mcgee/waterflex-scheduler-java
Booking and optimizer integration	Run actions/checkout@v7	2026-10-06T23:22:42.4713452Z  * [new ref]         3244673457c1ab47fa30f0bd36d0cbe431cbae23 -> pull/57/merge
Booking and optimizer integration	Run actions/checkout@v7	2026-10-06T23:22:42.4715973Z ##[endgroup]
Booking and optimizer integration	Run actions/checkout@v7	2026-10-06T23:22:42.4716948Z ##[group]Determining the checkout info
Booking and optimizer integration	Run actions/checkout@v7	2026-10-06T23:22:42.4717990Z ##[endgroup]
Booking and optimizer integration	Run actions/checkout@v7	2026-10-06T23:22:42.4718635Z [command]/usr/bin/git sparse-checkout disable
Booking and optimizer integration	Run actions/checkout@v7	2026-10-06T23:22:42.4775972Z [command]/usr/bin/git config --local --unset-all extensions.worktreeConfig
Booking and optimizer integration	Run actions/checkout@v7	2026-10-06T23:22:42.4809222Z ##[group]Checking out the ref
Booking and optimizer integration	Run actions/checkout@v7	2026-10-06T23:22:42.4814292Z [command]/usr/bin/git checkout --progress --force refs/remotes/pull/57/merge
Booking and optimizer integration	Run actions/checkout@v7	2026-10-06T23:22:42.8624176Z Note: switching to 'refs/remotes/pull/57/merge'.
Booking and optimizer integration	Run actions/checkout@v7	2026-10-06T23:22:42.8628602Z 
Booking and optimizer integration	Run actions/checkout@v7	2026-10-06T23:22:42.8629227Z You are in 'detached HEAD' state. You can look around, make experimental
Booking and optimizer integration	Run actions/checkout@v7	2026-10-06T23:22:42.8630401Z changes and commit them, and you can discard any commits you make in this
Booking and optimizer integration	Run actions/checkout@v7	2026-10-06T23:22:42.8631477Z state without impacting any branches by switching back to a branch.
Booking and optimizer integration	Run actions/checkout@v7	2026-10-06T23:22:42.8632475Z 
Booking and optimizer integration	Run actions/checkout@v7	2026-10-06T23:22:42.8633098Z If you want to create a new branch to retain commits you create, you may
Booking and optimizer integration	Run actions/checkout@v7	2026-10-06T23:22:42.8637230Z do so (now or later) by using -c with the switch command. Example:
Booking and optimizer integration	Run actions/checkout@v7	2026-10-06T23:22:42.8638215Z 
Booking and optimizer integration	Run actions/checkout@v7	2026-10-06T23:22:42.8638580Z   git switch -c <new-branch-name>
Booking and optimizer integration	Run actions/checkout@v7	2026-10-06T23:22:42.8639068Z 
Booking and optimizer integration	Run actions/checkout@v7	2026-10-06T23:22:42.8639422Z Or undo this operation with:
Booking and optimizer integration	Run actions/checkout@v7	2026-10-06T23:22:42.8639999Z 
Booking and optimizer integration	Run actions/checkout@v7	2026-10-06T23:22:42.8640321Z   git switch -
Booking and optimizer integration	Run actions/checkout@v7	2026-10-06T23:22:42.8640792Z 
Booking and optimizer integration	Run actions/checkout@v7	2026-10-06T23:22:42.8641432Z Turn off this advice by setting config variable advice.detachedHead to false
Booking and optimizer integration	Run actions/checkout@v7	2026-10-06T23:22:42.8651154Z 
Booking and optimizer integration	Run actions/checkout@v7	2026-10-06T23:22:42.8652041Z HEAD is now at 3244673 Merge c421406d8b439d48507833a184635e5616d31af0 into dc4a6ed601eeab140c833fbc27af546cd17626df
Booking and optimizer integration	Run actions/checkout@v7	2026-10-06T23:22:42.8656791Z ##[endgroup]
Booking and optimizer integration	Run actions/checkout@v7	2026-10-06T23:22:42.8708799Z [command]/usr/bin/git log -1 --format=%H
Booking and optimizer integration	Run actions/checkout@v7	2026-10-06T23:22:42.8739237Z 3244673457c1ab47fa30f0bd36d0cbe431cbae23
Booking and optimizer integration	Run actions/setup-java@v6	﻿2026-10-06T23:22:42.9068363Z ##[group]Run actions/setup-java@v6
Booking and optimizer integration	Run actions/setup-java@v6	2026-10-06T23:22:42.9068679Z with:
Booking and optimizer integration	Run actions/setup-java@v6	2026-10-06T23:22:42.9068884Z   distribution: temurin
Booking and optimizer integration	Run actions/setup-java@v6	2026-10-06T23:22:42.9069119Z   java-version: 25
Booking and optimizer integration	Run actions/setup-java@v6	2026-10-06T23:22:42.9069329Z   cache: maven
Booking and optimizer integration	Run actions/setup-java@v6	2026-10-06T23:22:42.9069535Z   java-package: jdk
Booking and optimizer integration	Run actions/setup-java@v6	2026-10-06T23:22:42.9069753Z   check-latest: false
Booking and optimizer integration	Run actions/setup-java@v6	2026-10-06T23:22:42.9069984Z   force-download: false
Booking and optimizer integration	Run actions/setup-java@v6	2026-10-06T23:22:42.9070212Z   set-default: true
Booking and optimizer integration	Run actions/setup-java@v6	2026-10-06T23:22:42.9070429Z   server-id: github
Booking and optimizer integration	Run actions/setup-java@v6	2026-10-06T23:22:42.9070676Z   mvn-repositories-include-central: true
Booking and optimizer integration	Run actions/setup-java@v6	2026-10-06T23:22:42.9071009Z   mvn-repositories-prioritize-central: true
Booking and optimizer integration	Run actions/setup-java@v6	2026-10-06T23:22:42.9071320Z   overwrite-settings: true
Booking and optimizer integration	Run actions/setup-java@v6	2026-10-06T23:22:42.9071568Z   cache-read-only: false
Booking and optimizer integration	Run actions/setup-java@v6	2026-10-06T23:22:42.9071802Z   job-status: success
Booking and optimizer integration	Run actions/setup-java@v6	2026-10-06T23:22:42.9075309Z   token: ***
Booking and optimizer integration	Run actions/setup-java@v6	2026-10-06T23:22:42.9075553Z   show-download-progress: false
Booking and optimizer integration	Run actions/setup-java@v6	2026-10-06T23:22:42.9075822Z   problem-matcher: true
Booking and optimizer integration	Run actions/setup-java@v6	2026-10-06T23:22:42.9076051Z env:
Booking and optimizer integration	Run actions/setup-java@v6	2026-10-06T23:22:42.9076473Z   DATABASE_URL: ***127.0.0.1:5432/waterflex_test
Booking and optimizer integration	Run actions/setup-java@v6	2026-10-06T23:22:42.9076925Z   JDBC_DATABASE_URL: jdbc:postgresql://127.0.0.1:5432/waterflex_test
Booking and optimizer integration	Run actions/setup-java@v6	2026-10-06T23:22:42.9077321Z   DATABASE_USER: waterflex
Booking and optimizer integration	Run actions/setup-java@v6	2026-10-06T23:22:42.9077565Z   DATABASE_PASSWORD: waterflex
Booking and optimizer integration	Run actions/setup-java@v6	2026-10-06T23:22:42.9077841Z   ROUTING_URL: http://127.0.0.1:18001
Booking and optimizer integration	Run actions/setup-java@v6	2026-10-06T23:22:42.9078137Z   SCHEDULER_TEST_URL: http://127.0.0.1:18000
Booking and optimizer integration	Run actions/setup-java@v6	2026-10-06T23:22:42.9078439Z   ENGINE_URL: http://127.0.0.1:18000
Booking and optimizer integration	Run actions/setup-java@v6	2026-10-06T23:22:42.9078700Z   SERVER_PORT: 18000
Booking and optimizer integration	Run actions/setup-java@v6	2026-10-06T23:22:42.9078932Z   TIME_OFF_POLL_DELAY_MS: 1000
Booking and optimizer integration	Run actions/setup-java@v6	2026-10-06T23:22:42.9079182Z ##[endgroup]
Booking and optimizer integration	Run actions/setup-java@v6	2026-10-06T23:22:42.9862019Z ##[group]Installed distributions
Booking and optimizer integration	Run actions/setup-java@v6	2026-10-06T23:22:43.0506697Z Resolved Java 25.0.4+1 from tool-cache
Booking and optimizer integration	Run actions/setup-java@v6	2026-10-06T23:22:43.0507301Z Setting Java 25.0.4+1 as the default
Booking and optimizer integration	Run actions/setup-java@v6	2026-10-06T23:22:43.0516910Z 
Booking and optimizer integration	Run actions/setup-java@v6	2026-10-06T23:22:43.0517385Z Java configuration:
Booking and optimizer integration	Run actions/setup-java@v6	2026-10-06T23:22:43.0518655Z   Distribution: temurin
Booking and optimizer integration	Run actions/setup-java@v6	2026-10-06T23:22:43.0519481Z   Version: 25.0.4+1
Booking and optimizer integration	Run actions/setup-java@v6	2026-10-06T23:22:43.0520856Z   Path: /opt/hostedtoolcache/Java_Temurin-Hotspot_jdk/25.0.4-1/x64
Booking and optimizer integration	Run actions/setup-java@v6	2026-10-06T23:22:43.0521494Z 
Booking and optimizer integration	Run actions/setup-java@v6	2026-10-06T23:22:43.0573284Z ##[endgroup]
Booking and optimizer integration	Run actions/setup-java@v6	2026-10-06T23:22:43.0656666Z Creating settings.xml with server-id: github
Booking and optimizer integration	Run actions/setup-java@v6	2026-10-06T23:22:43.0661298Z Creating toolchains.xml for JDK version 25 from temurin
Booking and optimizer integration	Run actions/setup-java@v6	2026-10-06T23:22:43.0676526Z Writing to /home/runner/.m2/settings.xml
Booking and optimizer integration	Run actions/setup-java@v6	2026-10-06T23:22:43.0682172Z Writing to /home/runner/.m2/toolchains.xml
Booking and optimizer integration	Run actions/setup-java@v6	2026-10-06T23:22:43.0692017Z Configured MAVEN_ARGS to include -ntp to suppress Maven transfer progress logs. Set 'show-download-progress: true' to keep the download progress output.
Booking and optimizer integration	Run actions/setup-java@v6	2026-10-06T23:22:43.6175151Z Cache hit for: setup-java-Linux-x64-maven-wrapper-d1233d4703c78d2f25ad824054d4d4e06cca122b095082197d585fc5502c2222
Booking and optimizer integration	Run actions/setup-java@v6	2026-10-06T23:22:43.6425833Z Cache hit for: setup-java-Linux-x64-maven-d1d8df9bf3e01e8bfdee39621054f66723940ee27010a4c02e405b17e9aeacd5
Booking and optimizer integration	Run actions/setup-java@v6	2026-10-06T23:22:44.1788300Z Received 18429785 of 18429785 (100.0%), 34.1 MBs/sec
Booking and optimizer integration	Run actions/setup-java@v6	2026-10-06T23:22:44.1789777Z Cache Size: ~18 MB (18429785 B)
Booking and optimizer integration	Run actions/setup-java@v6	2026-10-06T23:22:44.2974648Z [command]/usr/bin/tar -xf /home/runner/work/_temp/5487a3b2-3ef6-4a55-ba09-a16f2171ce7d/cache.tzst -P -C /home/runner/work/waterflex-scheduler-java/waterflex-scheduler-java --use-compress-program unzstd
Booking and optimizer integration	Run actions/setup-java@v6	2026-10-06T23:22:44.3470421Z Received 80743416 of 80743416 (100.0%), 115.3 MBs/sec
Booking and optimizer integration	Run actions/setup-java@v6	2026-10-06T23:22:44.3473994Z Cache Size: ~77 MB (80743416 B)
Booking and optimizer integration	Run actions/setup-java@v6	2026-10-06T23:22:44.3508099Z [command]/usr/bin/tar -xf /home/runner/work/_temp/0f753cec-6c54-4b2f-afe8-bfd68940c54d/cache.tzst -P -C /home/runner/work/waterflex-scheduler-java/waterflex-scheduler-java --use-compress-program unzstd
Booking and optimizer integration	Run actions/setup-java@v6	2026-10-06T23:22:44.3731234Z Cache restored successfully
Booking and optimizer integration	Run actions/setup-java@v6	2026-10-06T23:22:44.3753309Z maven-wrapper cache restored from key: setup-java-Linux-x64-maven-wrapper-d1233d4703c78d2f25ad824054d4d4e06cca122b095082197d585fc5502c2222
Booking and optimizer integration	Run actions/setup-java@v6	2026-10-06T23:22:44.6100871Z Cache restored successfully
Booking and optimizer integration	Run actions/setup-java@v6	2026-10-06T23:22:44.6140786Z Cache restored from key: setup-java-Linux-x64-maven-d1d8df9bf3e01e8bfdee39621054f66723940ee27010a4c02e405b17e9aeacd5
Booking and optimizer integration	Run actions/setup-node@v7	﻿2026-10-06T23:22:44.6364894Z ##[group]Run actions/setup-node@v7
Booking and optimizer integration	Run actions/setup-node@v7	2026-10-06T23:22:44.6365219Z with:
Booking and optimizer integration	Run actions/setup-node@v7	2026-10-06T23:22:44.6365446Z   node-version: 22
Booking and optimizer integration	Run actions/setup-node@v7	2026-10-06T23:22:44.6365675Z   cache: npm
Booking and optimizer integration	Run actions/setup-node@v7	2026-10-06T23:22:44.6365929Z   cache-dependency-path: web/package-lock.json
Booking and optimizer integration	Run actions/setup-node@v7	2026-10-06T23:22:44.6366265Z   check-latest: false
Booking and optimizer integration	Run actions/setup-node@v7	2026-10-06T23:22:44.6369088Z   token: ***
Booking and optimizer integration	Run actions/setup-node@v7	2026-10-06T23:22:44.6369328Z   package-manager-cache: true
Booking and optimizer integration	Run actions/setup-node@v7	2026-10-06T23:22:44.6369595Z env:
Booking and optimizer integration	Run actions/setup-node@v7	2026-10-06T23:22:44.6369984Z   DATABASE_URL: ***127.0.0.1:5432/waterflex_test
Booking and optimizer integration	Run actions/setup-node@v7	2026-10-06T23:22:44.6370401Z   JDBC_DATABASE_URL: jdbc:postgresql://127.0.0.1:5432/waterflex_test
Booking and optimizer integration	Run actions/setup-node@v7	2026-10-06T23:22:44.6370790Z   DATABASE_USER: waterflex
Booking and optimizer integration	Run actions/setup-node@v7	2026-10-06T23:22:44.6371043Z   DATABASE_PASSWORD: waterflex
Booking and optimizer integration	Run actions/setup-node@v7	2026-10-06T23:22:44.6371325Z   ROUTING_URL: http://127.0.0.1:18001
Booking and optimizer integration	Run actions/setup-node@v7	2026-10-06T23:22:44.6371814Z   SCHEDULER_TEST_URL: http://127.0.0.1:18000
Booking and optimizer integration	Run actions/setup-node@v7	2026-10-06T23:22:44.6372126Z   ENGINE_URL: http://127.0.0.1:18000
Booking and optimizer integration	Run actions/setup-node@v7	2026-10-06T23:22:44.6372581Z   SERVER_PORT: 18000
Booking and optimizer integration	Run actions/setup-node@v7	2026-10-06T23:22:44.6372830Z   TIME_OFF_POLL_DELAY_MS: 1000
Booking and optimizer integration	Run actions/setup-node@v7	2026-10-06T23:22:44.6373235Z   JAVA_HOME: /opt/hostedtoolcache/Java_Temurin-Hotspot_jdk/25.0.4-1/x64
Booking and optimizer integration	Run actions/setup-node@v7	2026-10-06T23:22:44.6373742Z   JAVA_HOME_25_X64: /opt/hostedtoolcache/Java_Temurin-Hotspot_jdk/25.0.4-1/x64
Booking and optimizer integration	Run actions/setup-node@v7	2026-10-06T23:22:44.6374142Z   MAVEN_ARGS: -ntp
Booking and optimizer integration	Run actions/setup-node@v7	2026-10-06T23:22:44.6374360Z ##[endgroup]
Booking and optimizer integration	Run actions/setup-node@v7	2026-10-06T23:22:44.7736284Z Found in cache @ /opt/hostedtoolcache/node/22.23.3/x64
Booking and optimizer integration	Run actions/setup-node@v7	2026-10-06T23:22:44.7737918Z ##[group]Environment details
Booking and optimizer integration	Run actions/setup-node@v7	2026-10-06T23:22:45.2363341Z node: v22.23.3
Booking and optimizer integration	Run actions/setup-node@v7	2026-10-06T23:22:45.2364200Z npm: 10.9.9
Booking and optimizer integration	Run actions/setup-node@v7	2026-10-06T23:22:45.2364972Z yarn: 1.22.22
Booking and optimizer integration	Run actions/setup-node@v7	2026-10-06T23:22:45.2365972Z ##[endgroup]
Booking and optimizer integration	Run actions/setup-node@v7	2026-10-06T23:22:45.2388317Z [command]/opt/hostedtoolcache/node/22.23.3/x64/bin/npm config get cache
Booking and optimizer integration	Run actions/setup-node@v7	2026-10-06T23:22:45.3533298Z /home/runner/.npm
Booking and optimizer integration	Run actions/setup-node@v7	2026-10-06T23:22:45.4341745Z Cache hit for: node-cache-Linux-x64-npm-0bce0b2980feff38bd9c1f41b4b051b276b963d28c811a583d9416662dd491e4
Booking and optimizer integration	Run actions/setup-node@v7	2026-10-06T23:22:46.4441656Z Received 164552281 of 164552281 (100.0%), 166.1 MBs/sec
Booking and optimizer integration	Run actions/setup-node@v7	2026-10-06T23:22:46.4443026Z Cache Size: ~157 MB (164552281 B)
Booking and optimizer integration	Run actions/setup-node@v7	2026-10-06T23:22:46.4495777Z [command]/usr/bin/tar -xf /home/runner/work/_temp/2a319b57-4d7a-4b20-a4dc-942cc748a88e/cache.tzst -P -C /home/runner/work/waterflex-scheduler-java/waterflex-scheduler-java --use-compress-program unzstd
Booking and optimizer integration	Run actions/setup-node@v7	2026-10-06T23:22:46.8829194Z Cache restored successfully
Booking and optimizer integration	Run actions/setup-node@v7	2026-10-06T23:22:46.8924520Z Cache restored from key: node-cache-Linux-x64-npm-0bce0b2980feff38bd9c1f41b4b051b276b963d28c811a583d9416662dd491e4
Booking and optimizer integration	Install portal dependencies and generate Prisma client	﻿2026-10-06T23:22:46.9150606Z ##[group]Run npm ci && npm run prisma:generate
Booking and optimizer integration	Install portal dependencies and generate Prisma client	2026-10-06T23:22:46.9151057Z ^[[36;1mnpm ci && npm run prisma:generate^[[0m
Booking and optimizer integration	Install portal dependencies and generate Prisma client	2026-10-06T23:22:46.9363822Z shell: /usr/bin/bash -e {0}
Booking and optimizer integration	Install portal dependencies and generate Prisma client	2026-10-06T23:22:46.9364339Z env:
Booking and optimizer integration	Install portal dependencies and generate Prisma client	2026-10-06T23:22:46.9365087Z   DATABASE_URL: ***127.0.0.1:5432/waterflex_test
Booking and optimizer integration	Install portal dependencies and generate Prisma client	2026-10-06T23:22:46.9365660Z   JDBC_DATABASE_URL: jdbc:postgresql://127.0.0.1:5432/waterflex_test
Booking and optimizer integration	Install portal dependencies and generate Prisma client	2026-10-06T23:22:46.9366163Z   DATABASE_USER: waterflex
Booking and optimizer integration	Install portal dependencies and generate Prisma client	2026-10-06T23:22:46.9366495Z   DATABASE_PASSWORD: waterflex
Booking and optimizer integration	Install portal dependencies and generate Prisma client	2026-10-06T23:22:46.9366797Z   ROUTING_URL: http://127.0.0.1:18001
Booking and optimizer integration	Install portal dependencies and generate Prisma client	2026-10-06T23:22:46.9367129Z   SCHEDULER_TEST_URL: http://127.0.0.1:18000
Booking and optimizer integration	Install portal dependencies and generate Prisma client	2026-10-06T23:22:46.9367451Z   ENGINE_URL: http://127.0.0.1:18000
Booking and optimizer integration	Install portal dependencies and generate Prisma client	2026-10-06T23:22:46.9367747Z   SERVER_PORT: 18000
Booking and optimizer integration	Install portal dependencies and generate Prisma client	2026-10-06T23:22:46.9367990Z   TIME_OFF_POLL_DELAY_MS: 1000
Booking and optimizer integration	Install portal dependencies and generate Prisma client	2026-10-06T23:22:46.9368372Z   JAVA_HOME: /opt/hostedtoolcache/Java_Temurin-Hotspot_jdk/25.0.4-1/x64
Booking and optimizer integration	Install portal dependencies and generate Prisma client	2026-10-06T23:22:46.9368889Z   JAVA_HOME_25_X64: /opt/hostedtoolcache/Java_Temurin-Hotspot_jdk/25.0.4-1/x64
Booking and optimizer integration	Install portal dependencies and generate Prisma client	2026-10-06T23:22:46.9369349Z   MAVEN_ARGS: -ntp
Booking and optimizer integration	Install portal dependencies and generate Prisma client	2026-10-06T23:22:46.9369587Z ##[endgroup]
Booking and optimizer integration	Install portal dependencies and generate Prisma client	2026-10-06T23:22:51.3014409Z npm warn deprecated inflight@1.0.6: This module is not supported, and leaks memory. Do not use it. Check out lru-cache if you want a good and tested way to coalesce async requests by a key value, which is much more comprehensive and powerful.
Booking and optimizer integration	Install portal dependencies and generate Prisma client	2026-10-06T23:22:51.4414173Z npm warn deprecated @humanwhocodes/config-array@0.11.14: Use @eslint/config-array instead
Booking and optimizer integration	Install portal dependencies and generate Prisma client	2026-10-06T23:22:51.4496638Z npm warn deprecated rimraf@3.0.2: Rimraf versions prior to v4 are no longer supported
Booking and optimizer integration	Install portal dependencies and generate Prisma client	2026-10-06T23:22:51.5775645Z npm warn deprecated glob@7.2.3: Old versions of glob are not supported, and contain widely publicized security vulnerabilities, which have been fixed in the current version. Please update. Support for old versions may be purchased (at exorbitant rates) by contacting i@izs.me
Booking and optimizer integration	Install portal dependencies and generate Prisma client	2026-10-06T23:22:51.7173972Z npm warn deprecated @humanwhocodes/object-schema@2.0.3: Use @eslint/object-schema instead
Booking and optimizer integration	Install portal dependencies and generate Prisma client	2026-10-06T23:22:52.9793735Z npm warn deprecated glob@10.3.10: Old versions of glob are not supported, and contain widely publicized security vulnerabilities, which have been fixed in the current version. Please update. Support for old versions may be purchased (at exorbitant rates) by contacting i@izs.me
Booking and optimizer integration	Install portal dependencies and generate Prisma client	2026-10-06T23:22:56.7751547Z npm warn deprecated eslint@8.57.0: This version is no longer supported. Please see https://eslint.org/version-support for other options.
Booking and optimizer integration	Install portal dependencies and generate Prisma client	2026-10-06T23:23:11.8013069Z 
Booking and optimizer integration	Install portal dependencies and generate Prisma client	2026-10-06T23:23:11.8034313Z added 381 packages, and audited 382 packages in 25s
Booking and optimizer integration	Install portal dependencies and generate Prisma client	2026-10-06T23:23:11.8035108Z 
Booking and optimizer integration	Install portal dependencies and generate Prisma client	2026-10-06T23:23:11.8039011Z 146 packages are looking for funding
Booking and optimizer integration	Install portal dependencies and generate Prisma client	2026-10-06T23:23:11.8039696Z   run `npm fund` for details
Booking and optimizer integration	Install portal dependencies and generate Prisma client	2026-10-06T23:23:11.9674941Z 
Booking and optimizer integration	Install portal dependencies and generate Prisma client	2026-10-06T23:23:11.9679220Z 8 vulnerabilities (6 high, 2 critical)
Booking and optimizer integration	Install portal dependencies and generate Prisma client	2026-10-06T23:23:11.9680092Z 
Booking and optimizer integration	Install portal dependencies and generate Prisma client	2026-10-06T23:23:11.9680795Z To address issues that do not require attention, run:
Booking and optimizer integration	Install portal dependencies and generate Prisma client	2026-10-06T23:23:11.9681929Z   npm audit fix
Booking and optimizer integration	Install portal dependencies and generate Prisma client	2026-10-06T23:23:11.9688385Z 
Booking and optimizer integration	Install portal dependencies and generate Prisma client	2026-10-06T23:23:11.9689165Z To address all issues (including breaking changes), run:
Booking and optimizer integration	Install portal dependencies and generate Prisma client	2026-10-06T23:23:11.9690158Z   npm audit fix --force
Booking and optimizer integration	Install portal dependencies and generate Prisma client	2026-10-06T23:23:11.9690666Z 
Booking and optimizer integration	Install portal dependencies and generate Prisma client	2026-10-06T23:23:11.9691116Z Run `npm audit` for details.
Booking and optimizer integration	Install portal dependencies and generate Prisma client	2026-10-06T23:23:12.1659368Z 
Booking and optimizer integration	Install portal dependencies and generate Prisma client	2026-10-06T23:23:12.1660454Z > waterflex-web@0.1.0 prisma:generate
Booking and optimizer integration	Install portal dependencies and generate Prisma client	2026-10-06T23:23:12.1661527Z > prisma generate
Booking and optimizer integration	Install portal dependencies and generate Prisma client	2026-10-06T23:23:12.1662685Z 
Booking and optimizer integration	Install portal dependencies and generate Prisma client	2026-10-06T23:23:12.6007735Z Prisma schema loaded from prisma/schema.prisma
Booking and optimizer integration	Install portal dependencies and generate Prisma client	2026-10-06T23:23:13.5984540Z 
Booking and optimizer integration	Install portal dependencies and generate Prisma client	2026-10-06T23:23:13.5986401Z ✔ Generated Prisma Client (v5.22.0) to ./node_modules/@prisma/client in 468ms
Booking and optimizer integration	Install portal dependencies and generate Prisma client	2026-10-06T23:23:13.5987584Z 
Booking and optimizer integration	Install portal dependencies and generate Prisma client	2026-10-06T23:23:13.5988622Z Start by importing your Prisma Client (See: https://pris.ly/d/importing-client)
Booking and optimizer integration	Install portal dependencies and generate Prisma client	2026-10-06T23:23:13.5989563Z 
Booking and optimizer integration	Install portal dependencies and generate Prisma client	2026-10-06T23:23:13.5990362Z Tip: Want to turn off tips and other hints? https://pris.ly/tip-4-nohints
Booking and optimizer integration	Install portal dependencies and generate Prisma client	2026-10-06T23:23:13.5991239Z 
Booking and optimizer integration	Migrate, seed, and check schema	﻿2026-10-06T23:23:13.8078237Z ##[group]Run npx prisma migrate deploy && npx prisma db seed && npm run test:schema-contract
Booking and optimizer integration	Migrate, seed, and check schema	2026-10-06T23:23:13.8079182Z ^[[36;1mnpx prisma migrate deploy && npx prisma db seed && npm run test:schema-contract^[[0m
Booking and optimizer integration	Migrate, seed, and check schema	2026-10-06T23:23:13.8143566Z shell: /usr/bin/bash -e {0}
Booking and optimizer integration	Migrate, seed, and check schema	2026-10-06T23:23:13.8143863Z env:
Booking and optimizer integration	Migrate, seed, and check schema	2026-10-06T23:23:13.8144355Z   DATABASE_URL: ***127.0.0.1:5432/waterflex_test
Booking and optimizer integration	Migrate, seed, and check schema	2026-10-06T23:23:13.8144824Z   JDBC_DATABASE_URL: jdbc:postgresql://127.0.0.1:5432/waterflex_test
Booking and optimizer integration	Migrate, seed, and check schema	2026-10-06T23:23:13.8145239Z   DATABASE_USER: waterflex
Booking and optimizer integration	Migrate, seed, and check schema	2026-10-06T23:23:13.8145513Z   DATABASE_PASSWORD: waterflex
Booking and optimizer integration	Migrate, seed, and check schema	2026-10-06T23:23:13.8145796Z   ROUTING_URL: http://127.0.0.1:18001
Booking and optimizer integration	Migrate, seed, and check schema	2026-10-06T23:23:13.8146118Z   SCHEDULER_TEST_URL: http://127.0.0.1:18000
Booking and optimizer integration	Migrate, seed, and check schema	2026-10-06T23:23:13.8146439Z   ENGINE_URL: http://127.0.0.1:18000
Booking and optimizer integration	Migrate, seed, and check schema	2026-10-06T23:23:13.8146726Z   SERVER_PORT: 18000
Booking and optimizer integration	Migrate, seed, and check schema	2026-10-06T23:23:13.8146972Z   TIME_OFF_POLL_DELAY_MS: 1000
Booking and optimizer integration	Migrate, seed, and check schema	2026-10-06T23:23:13.8147358Z   JAVA_HOME: /opt/hostedtoolcache/Java_Temurin-Hotspot_jdk/25.0.4-1/x64
Booking and optimizer integration	Migrate, seed, and check schema	2026-10-06T23:23:13.8147920Z   JAVA_HOME_25_X64: /opt/hostedtoolcache/Java_Temurin-Hotspot_jdk/25.0.4-1/x64
Booking and optimizer integration	Migrate, seed, and check schema	2026-10-06T23:23:13.8148340Z   MAVEN_ARGS: -ntp
Booking and optimizer integration	Migrate, seed, and check schema	2026-10-06T23:23:13.8148572Z ##[endgroup]
Booking and optimizer integration	Migrate, seed, and check schema	2026-10-06T23:23:14.5977226Z Prisma schema loaded from prisma/schema.prisma
Booking and optimizer integration	Migrate, seed, and check schema	2026-10-06T23:23:14.6046412Z Datasource "db": PostgreSQL database "waterflex_test", schema "public" at "127.0.0.1:5432"
Booking and optimizer integration	Migrate, seed, and check schema	2026-10-06T23:23:14.6912765Z 
Booking and optimizer integration	Migrate, seed, and check schema	2026-10-06T23:23:14.6933324Z 37 migrations found in prisma/migrations
Booking and optimizer integration	Migrate, seed, and check schema	2026-10-06T23:23:14.6952584Z 
Booking and optimizer integration	Migrate, seed, and check schema	2026-10-06T23:23:14.7435365Z Applying migration `20260904180051_init`
Booking and optimizer integration	Migrate, seed, and check schema	2026-10-06T23:23:14.7899759Z Applying migration `20260904182402_slot_hold_job_fk`
Booking and optimizer integration	Migrate, seed, and check schema	2026-10-06T23:23:14.7942737Z Applying migration `20260907190000_booking_retry_and_hold_location`
Booking and optimizer integration	Migrate, seed, and check schema	2026-10-06T23:23:14.7980329Z Applying migration `20260907220000_omaha_service_area`
Booking and optimizer integration	Migrate, seed, and check schema	2026-10-06T23:23:14.8017356Z Applying migration `20260908170000_optimizer_overtime`
Booking and optimizer integration	Migrate, seed, and check schema	2026-10-06T23:23:14.8044470Z Applying migration `20260908171000_optimizer_weights`
Booking and optimizer integration	Migrate, seed, and check schema	2026-10-06T23:23:14.8074865Z Applying migration `20260909120000_progressive_booking_optimization`
Booking and optimizer integration	Migrate, seed, and check schema	2026-10-06T23:23:14.8201996Z Applying migration `20260916120000_java_scheduler_foundation`
Booking and optimizer integration	Migrate, seed, and check schema	2026-10-06T23:23:14.8347809Z Applying migration `20260917120000_booking_reservations_time_off`
Booking and optimizer integration	Migrate, seed, and check schema	2026-10-06T23:23:14.8504707Z Applying migration `20260918120000_road_cache_retention`
Booking and optimizer integration	Migrate, seed, and check schema	2026-10-06T23:23:14.8537212Z Applying migration `20260918130000_optimization_route_snapshot`
Booking and optimizer integration	Migrate, seed, and check schema	2026-10-06T23:23:14.8566848Z Applying migration `20260921190000_booking_test_runs`
Booking and optimizer integration	Migrate, seed, and check schema	2026-10-06T23:23:14.8667020Z Applying migration `20260921213000_booking_test_purge`
Booking and optimizer integration	Migrate, seed, and check schema	2026-10-06T23:23:14.8697186Z Applying migration `20260921214000_omaha_state_code`
Booking and optimizer integration	Migrate, seed, and check schema	2026-10-06T23:23:14.8725872Z Applying migration `20260921220000_resumable_booking_test_generation`
Booking and optimizer integration	Migrate, seed, and check schema	2026-10-06T23:23:14.8775826Z Applying migration `20260922120000_time_off_category`
Booking and optimizer integration	Migrate, seed, and check schema	2026-10-06T23:23:14.8801420Z Applying migration `20260922230000_technician_profiles_availability`
Booking and optimizer integration	Migrate, seed, and check schema	2026-10-06T23:23:14.8894087Z Applying migration `20260923010000_dealership_route_endpoints`
Booking and optimizer integration	Migrate, seed, and check schema	2026-10-06T23:23:14.8988063Z Applying migration `20260923120000_multi_depot_dealerships`
Booking and optimizer integration	Migrate, seed, and check schema	2026-10-06T23:23:14.9117208Z Applying migration `20260923130000_depot_pin_provenance`
Booking and optimizer integration	Migrate, seed, and check schema	2026-10-06T23:23:14.9147925Z Applying migration `20260923190000_technician_home_pin_provenance`
Booking and optimizer integration	Migrate, seed, and check schema	2026-10-06T23:23:14.9175013Z Applying migration `20260924010000_scheduling_policy`
Booking and optimizer integration	Migrate, seed, and check schema	2026-10-06T23:23:14.9212798Z Applying migration `20260924020000_offer_overtime_authorization`
Booking and optimizer integration	Migrate, seed, and check schema	2026-10-06T23:23:14.9241593Z Applying migration `20260924030000_repair_overtime_approval`
Booking and optimizer integration	Migrate, seed, and check schema	2026-10-06T23:23:14.9269284Z Applying migration `20260924040000_reservation_arrangements`
Booking and optimizer integration	Migrate, seed, and check schema	2026-10-06T23:23:14.9362795Z Applying migration `20260924050000_reservation_obligations`
Booking and optimizer integration	Migrate, seed, and check schema	2026-10-06T23:23:14.9400773Z Applying migration `20260924060000_booking_search_diagnostics`
Booking and optimizer integration	Migrate, seed, and check schema	2026-10-06T23:23:14.9428641Z Applying migration `20260924070000_current_route_timing`
Booking and optimizer integration	Migrate, seed, and check schema	2026-10-06T23:23:14.9453393Z Applying migration `20260924080000_booking_search_cancellation`
Booking and optimizer integration	Migrate, seed, and check schema	2026-10-06T23:23:14.9536237Z Applying migration `20260929180000_booking_location_confirmation`
Booking and optimizer integration	Migrate, seed, and check schema	2026-10-06T23:23:14.9565206Z Applying migration `20260929220000_durable_booking_search`
Booking and optimizer integration	Migrate, seed, and check schema	2026-10-06T23:23:14.9611550Z Applying migration `20260929223000_booking_search_incumbent`
Booking and optimizer integration	Migrate, seed, and check schema	2026-10-06T23:23:14.9638509Z Applying migration `20260929230000_retire_incompatible_promises`
Booking and optimizer integration	Migrate, seed, and check schema	2026-10-06T23:23:14.9671230Z Applying migration `20260929233000_retire_legacy_standalone_offers`
Booking and optimizer integration	Migrate, seed, and check schema	2026-10-06T23:23:14.9695944Z Applying migration `20261006194000_exact_monetary_contract`
Booking and optimizer integration	Migrate, seed, and check schema	2026-10-06T23:23:14.9884468Z Applying migration `20261006212000_daily_score_contract`
Booking and optimizer integration	Migrate, seed, and check schema	2026-10-06T23:23:14.9926604Z Applying migration `20261006230000_durable_daily_attempts`
Booking and optimizer integration	Migrate, seed, and check schema	2026-10-06T23:23:15.0021410Z 
Booking and optimizer integration	Migrate, seed, and check schema	2026-10-06T23:23:15.0026537Z The following migration(s) have been applied:
Booking and optimizer integration	Migrate, seed, and check schema	2026-10-06T23:23:15.0042579Z 
Booking and optimizer integration	Migrate, seed, and check schema	2026-10-06T23:23:15.0053601Z migrations/
Booking and optimizer integration	Migrate, seed, and check schema	2026-10-06T23:23:15.0063751Z   └─ 20260904180051_init/
Booking and optimizer integration	Migrate, seed, and check schema	2026-10-06T23:23:15.0081001Z     └─ migration.sql
Booking and optimizer integration	Migrate, seed, and check schema	2026-10-06T23:23:15.0096224Z   └─ 20260904182402_slot_hold_job_fk/
Booking and optimizer integration	Migrate, seed, and check schema	2026-10-06T23:23:15.0103342Z     └─ migration.sql
Booking and optimizer integration	Migrate, seed, and check schema	2026-10-06T23:23:15.0123622Z   └─ 20260907190000_booking_retry_and_hold_location/
Booking and optimizer integration	Migrate, seed, and check schema	2026-10-06T23:23:15.0143025Z     └─ migration.sql
Booking and optimizer integration	Migrate, seed, and check schema	2026-10-06T23:23:15.0173153Z   └─ 20260907220000_omaha_service_area/
Booking and optimizer integration	Migrate, seed, and check schema	2026-10-06T23:23:15.0174148Z     └─ migration.sql
Booking and optimizer integration	Migrate, seed, and check schema	2026-10-06T23:23:15.0193233Z   └─ 20260908170000_optimizer_overtime/
Booking and optimizer integration	Migrate, seed, and check schema	2026-10-06T23:23:15.0205136Z     └─ migration.sql
Booking and optimizer integration	Migrate, seed, and check schema	2026-10-06T23:23:15.0209422Z   └─ 20260908171000_optimizer_weights/
Booking and optimizer integration	Migrate, seed, and check schema	2026-10-06T23:23:15.0233106Z     └─ migration.sql
Booking and optimizer integration	Migrate, seed, and check schema	2026-10-06T23:23:15.0234191Z   └─ 20260909120000_progressive_booking_optimization/
Booking and optimizer integration	Migrate, seed, and check schema	2026-10-06T23:23:15.0239300Z     └─ migration.sql
Booking and optimizer integration	Migrate, seed, and check schema	2026-10-06T23:23:15.0240323Z   └─ 20260916120000_java_scheduler_foundation/
Booking and optimizer integration	Migrate, seed, and check schema	2026-10-06T23:23:15.0241151Z     └─ migration.sql
Booking and optimizer integration	Migrate, seed, and check schema	2026-10-06T23:23:15.0241973Z   └─ 20260917120000_booking_reservations_time_off/
Booking and optimizer integration	Migrate, seed, and check schema	2026-10-06T23:23:15.0243050Z     └─ migration.sql
Booking and optimizer integration	Migrate, seed, and check schema	2026-10-06T23:23:15.0243816Z   └─ 20260918120000_road_cache_retention/
Booking and optimizer integration	Migrate, seed, and check schema	2026-10-06T23:23:15.0244628Z     └─ migration.sql
Booking and optimizer integration	Migrate, seed, and check schema	2026-10-06T23:23:15.0245472Z   └─ 20260918130000_optimization_route_snapshot/
Booking and optimizer integration	Migrate, seed, and check schema	2026-10-06T23:23:15.0246318Z     └─ migration.sql
Booking and optimizer integration	Migrate, seed, and check schema	2026-10-06T23:23:15.0247069Z   └─ 20260921190000_booking_test_runs/
Booking and optimizer integration	Migrate, seed, and check schema	2026-10-06T23:23:15.0247855Z     └─ migration.sql
Booking and optimizer integration	Migrate, seed, and check schema	2026-10-06T23:23:15.0248902Z   └─ 20260921213000_booking_test_purge/
Booking and optimizer integration	Migrate, seed, and check schema	2026-10-06T23:23:15.0249709Z     └─ migration.sql
Booking and optimizer integration	Migrate, seed, and check schema	2026-10-06T23:23:15.0250504Z   └─ 20260921214000_omaha_state_code/
Booking and optimizer integration	Migrate, seed, and check schema	2026-10-06T23:23:15.0251336Z     └─ migration.sql
Booking and optimizer integration	Migrate, seed, and check schema	2026-10-06T23:23:15.0270015Z   └─ 20260921220000_resumable_booking_test_generation/
Booking and optimizer integration	Migrate, seed, and check schema	2026-10-06T23:23:15.0274025Z     └─ migration.sql
Booking and optimizer integration	Migrate, seed, and check schema	2026-10-06T23:23:15.0278239Z   └─ 20260922120000_time_off_category/
Booking and optimizer integration	Migrate, seed, and check schema	2026-10-06T23:23:15.0282067Z     └─ migration.sql
Booking and optimizer integration	Migrate, seed, and check schema	2026-10-06T23:23:15.0284163Z   └─ 20260922230000_technician_profiles_availability/
Booking and optimizer integration	Migrate, seed, and check schema	2026-10-06T23:23:15.0285876Z     └─ migration.sql
Booking and optimizer integration	Migrate, seed, and check schema	2026-10-06T23:23:15.0287632Z   └─ 20260923010000_dealership_route_endpoints/
Booking and optimizer integration	Migrate, seed, and check schema	2026-10-06T23:23:15.0288537Z     └─ migration.sql
Booking and optimizer integration	Migrate, seed, and check schema	2026-10-06T23:23:15.0289394Z   └─ 20260923120000_multi_depot_dealerships/
Booking and optimizer integration	Migrate, seed, and check schema	2026-10-06T23:23:15.0290226Z     └─ migration.sql
Booking and optimizer integration	Migrate, seed, and check schema	2026-10-06T23:23:15.0291899Z   └─ 20260923130000_depot_pin_provenance/
Booking and optimizer integration	Migrate, seed, and check schema	2026-10-06T23:23:15.0293906Z     └─ migration.sql
Booking and optimizer integration	Migrate, seed, and check schema	2026-10-06T23:23:15.0294749Z   └─ 20260923190000_technician_home_pin_provenance/
Booking and optimizer integration	Migrate, seed, and check schema	2026-10-06T23:23:15.0295593Z     └─ migration.sql
Booking and optimizer integration	Migrate, seed, and check schema	2026-10-06T23:23:15.0296319Z   └─ 20260924010000_scheduling_policy/
Booking and optimizer integration	Migrate, seed, and check schema	2026-10-06T23:23:15.0297095Z     └─ migration.sql
Booking and optimizer integration	Migrate, seed, and check schema	2026-10-06T23:23:15.0297899Z   └─ 20260924020000_offer_overtime_authorization/
Booking and optimizer integration	Migrate, seed, and check schema	2026-10-06T23:23:15.0298699Z     └─ migration.sql
Booking and optimizer integration	Migrate, seed, and check schema	2026-10-06T23:23:15.0299461Z   └─ 20260924030000_repair_overtime_approval/
Booking and optimizer integration	Migrate, seed, and check schema	2026-10-06T23:23:15.0300217Z     └─ migration.sql
Booking and optimizer integration	Migrate, seed, and check schema	2026-10-06T23:23:15.0300977Z   └─ 20260924040000_reservation_arrangements/
Booking and optimizer integration	Migrate, seed, and check schema	2026-10-06T23:23:15.0301735Z     └─ migration.sql
Booking and optimizer integration	Migrate, seed, and check schema	2026-10-06T23:23:15.0302730Z   └─ 20260924050000_reservation_obligations/
Booking and optimizer integration	Migrate, seed, and check schema	2026-10-06T23:23:15.0305916Z     └─ migration.sql
Booking and optimizer integration	Migrate, seed, and check schema	2026-10-06T23:23:15.0306711Z   └─ 20260924060000_booking_search_diagnostics/
Booking and optimizer integration	Migrate, seed, and check schema	2026-10-06T23:23:15.0308931Z     └─ migration.sql
Booking and optimizer integration	Migrate, seed, and check schema	2026-10-06T23:23:15.0313424Z   └─ 20260924070000_current_route_timing/
Booking and optimizer integration	Migrate, seed, and check schema	2026-10-06T23:23:15.0315641Z     └─ migration.sql
Booking and optimizer integration	Migrate, seed, and check schema	2026-10-06T23:23:15.0318019Z   └─ 20260924080000_booking_search_cancellation/
Booking and optimizer integration	Migrate, seed, and check schema	2026-10-06T23:23:15.0319086Z     └─ migration.sql
Booking and optimizer integration	Migrate, seed, and check schema	2026-10-06T23:23:15.0320104Z   └─ 20260929180000_booking_location_confirmation/
Booking and optimizer integration	Migrate, seed, and check schema	2026-10-06T23:23:15.0321073Z     └─ migration.sql
Booking and optimizer integration	Migrate, seed, and check schema	2026-10-06T23:23:15.0321917Z   └─ 20260929220000_durable_booking_search/
Booking and optimizer integration	Migrate, seed, and check schema	2026-10-06T23:23:15.0323011Z     └─ migration.sql
Booking and optimizer integration	Migrate, seed, and check schema	2026-10-06T23:23:15.0323854Z   └─ 20260929223000_booking_search_incumbent/
Booking and optimizer integration	Migrate, seed, and check schema	2026-10-06T23:23:15.0324729Z     └─ migration.sql
Booking and optimizer integration	Migrate, seed, and check schema	2026-10-06T23:23:15.0325623Z   └─ 20260929230000_retire_incompatible_promises/
Booking and optimizer integration	Migrate, seed, and check schema	2026-10-06T23:23:15.0326473Z     └─ migration.sql
Booking and optimizer integration	Migrate, seed, and check schema	2026-10-06T23:23:15.0327336Z   └─ 20260929233000_retire_legacy_standalone_offers/
Booking and optimizer integration	Migrate, seed, and check schema	2026-10-06T23:23:15.0328227Z     └─ migration.sql
Booking and optimizer integration	Migrate, seed, and check schema	2026-10-06T23:23:15.0329050Z   └─ 20261006194000_exact_monetary_contract/
Booking and optimizer integration	Migrate, seed, and check schema	2026-10-06T23:23:15.0329898Z     └─ migration.sql
Booking and optimizer integration	Migrate, seed, and check schema	2026-10-06T23:23:15.0330720Z   └─ 20261006212000_daily_score_contract/
Booking and optimizer integration	Migrate, seed, and check schema	2026-10-06T23:23:15.0331563Z     └─ migration.sql
Booking and optimizer integration	Migrate, seed, and check schema	2026-10-06T23:23:15.0332724Z   └─ 20261006230000_durable_daily_attempts/
Booking and optimizer integration	Migrate, seed, and check schema	2026-10-06T23:23:15.0333805Z     └─ migration.sql
Booking and optimizer integration	Migrate, seed, and check schema	2026-10-06T23:23:15.0334387Z       
Booking and optimizer integration	Migrate, seed, and check schema	2026-10-06T23:23:15.0335098Z All migrations have been successfully applied.
Booking and optimizer integration	Migrate, seed, and check schema	2026-10-06T23:23:15.0533670Z ┌─────────────────────────────────────────────────────────┐
Booking and optimizer integration	Migrate, seed, and check schema	2026-10-06T23:23:15.0535177Z │  Update available 5.22.0 -> 8.0.0-rc.20                 │
Booking and optimizer integration	Migrate, seed, and check schema	2026-10-06T23:23:15.0553337Z │                                                         │
Booking and optimizer integration	Migrate, seed, and check schema	2026-10-06T23:23:15.0573446Z │  This is a major update - please follow the guide at    │
Booking and optimizer integration	Migrate, seed, and check schema	2026-10-06T23:23:15.0593331Z │  https://pris.ly/d/major-version-upgrade                │
Booking and optimizer integration	Migrate, seed, and check schema	2026-10-06T23:23:15.0594300Z │                                                         │
Booking and optimizer integration	Migrate, seed, and check schema	2026-10-06T23:23:15.0595187Z │  Run the following to update                            │
Booking and optimizer integration	Migrate, seed, and check schema	2026-10-06T23:23:15.0596092Z │    npm i --save-dev prisma@latest                       │
Booking and optimizer integration	Migrate, seed, and check schema	2026-10-06T23:23:15.0596983Z │    npm i @prisma/client@latest                          │
Booking and optimizer integration	Migrate, seed, and check schema	2026-10-06T23:23:15.0597969Z └─────────────────────────────────────────────────────────┘
Booking and optimizer integration	Migrate, seed, and check schema	2026-10-06T23:23:15.8199873Z Running seed command `tsx prisma/seed.ts` ...
Booking and optimizer integration	Migrate, seed, and check schema	2026-10-06T23:23:16.4127433Z Seed complete.
Booking and optimizer integration	Migrate, seed, and check schema	2026-10-06T23:23:16.4368261Z 
Booking and optimizer integration	Migrate, seed, and check schema	2026-10-06T23:23:16.4369448Z 🌱  The seed command has been executed.
Booking and optimizer integration	Migrate, seed, and check schema	2026-10-06T23:23:16.6363019Z 
Booking and optimizer integration	Migrate, seed, and check schema	2026-10-06T23:23:16.6363970Z > waterflex-web@0.1.0 test:schema-contract
Booking and optimizer integration	Migrate, seed, and check schema	2026-10-06T23:23:16.6365069Z > tsx scripts/check-java-schema-contract.ts
Booking and optimizer integration	Migrate, seed, and check schema	2026-10-06T23:23:16.6365769Z 
Booking and optimizer integration	Migrate, seed, and check schema	2026-10-06T23:23:17.1074044Z Java and Prisma schema contract passed for 25 tables
Booking and optimizer integration	Benchmark cleanup PostgreSQL regression	﻿2026-10-06T23:23:17.1397417Z ##[group]Run npx prisma migrate deploy && npx tsx scripts/check-benchmark-cleanup.ts
Booking and optimizer integration	Benchmark cleanup PostgreSQL regression	2026-10-06T23:23:17.1398119Z ^[[36;1mnpx prisma migrate deploy && npx tsx scripts/check-benchmark-cleanup.ts^[[0m
Booking and optimizer integration	Benchmark cleanup PostgreSQL regression	2026-10-06T23:23:17.1459480Z shell: /usr/bin/bash -e {0}
Booking and optimizer integration	Benchmark cleanup PostgreSQL regression	2026-10-06T23:23:17.1459766Z env:
Booking and optimizer integration	Benchmark cleanup PostgreSQL regression	2026-10-06T23:23:17.1460363Z   DATABASE_URL: ***127.0.0.1:5432/waterflex_test?schema=benchmark_cleanup_it
Booking and optimizer integration	Benchmark cleanup PostgreSQL regression	2026-10-06T23:23:17.1460905Z   JDBC_DATABASE_URL: jdbc:postgresql://127.0.0.1:5432/waterflex_test
Booking and optimizer integration	Benchmark cleanup PostgreSQL regression	2026-10-06T23:23:17.1461353Z   DATABASE_USER: waterflex
Booking and optimizer integration	Benchmark cleanup PostgreSQL regression	2026-10-06T23:23:17.1461633Z   DATABASE_PASSWORD: waterflex
Booking and optimizer integration	Benchmark cleanup PostgreSQL regression	2026-10-06T23:23:17.1461922Z   ROUTING_URL: http://127.0.0.1:18001
Booking and optimizer integration	Benchmark cleanup PostgreSQL regression	2026-10-06T23:23:17.1462565Z   SCHEDULER_TEST_URL: http://127.0.0.1:18000
Booking and optimizer integration	Benchmark cleanup PostgreSQL regression	2026-10-06T23:23:17.1462918Z   ENGINE_URL: http://127.0.0.1:18000
Booking and optimizer integration	Benchmark cleanup PostgreSQL regression	2026-10-06T23:23:17.1463212Z   SERVER_PORT: 18000
Booking and optimizer integration	Benchmark cleanup PostgreSQL regression	2026-10-06T23:23:17.1463457Z   TIME_OFF_POLL_DELAY_MS: 1000
Booking and optimizer integration	Benchmark cleanup PostgreSQL regression	2026-10-06T23:23:17.1463865Z   JAVA_HOME: /opt/hostedtoolcache/Java_Temurin-Hotspot_jdk/25.0.4-1/x64
Booking and optimizer integration	Benchmark cleanup PostgreSQL regression	2026-10-06T23:23:17.1464437Z   JAVA_HOME_25_X64: /opt/hostedtoolcache/Java_Temurin-Hotspot_jdk/25.0.4-1/x64
Booking and optimizer integration	Benchmark cleanup PostgreSQL regression	2026-10-06T23:23:17.1464856Z   MAVEN_ARGS: -ntp
Booking and optimizer integration	Benchmark cleanup PostgreSQL regression	2026-10-06T23:23:17.1465095Z ##[endgroup]
Booking and optimizer integration	Benchmark cleanup PostgreSQL regression	2026-10-06T23:23:17.9151411Z Prisma schema loaded from prisma/schema.prisma
Booking and optimizer integration	Benchmark cleanup PostgreSQL regression	2026-10-06T23:23:17.9228572Z Datasource "db": PostgreSQL database "waterflex_test", schema "benchmark_cleanup_it" at "127.0.0.1:5432"
Booking and optimizer integration	Benchmark cleanup PostgreSQL regression	2026-10-06T23:23:18.0223197Z 
Booking and optimizer integration	Benchmark cleanup PostgreSQL regression	2026-10-06T23:23:18.0233503Z 37 migrations found in prisma/migrations
Booking and optimizer integration	Benchmark cleanup PostgreSQL regression	2026-10-06T23:23:18.0252633Z 
Booking and optimizer integration	Benchmark cleanup PostgreSQL regression	2026-10-06T23:23:18.0642073Z Applying migration `20260904180051_init`
Booking and optimizer integration	Benchmark cleanup PostgreSQL regression	2026-10-06T23:23:18.1048433Z Applying migration `20260904182402_slot_hold_job_fk`
Booking and optimizer integration	Benchmark cleanup PostgreSQL regression	2026-10-06T23:23:18.1090093Z Applying migration `20260907190000_booking_retry_and_hold_location`
Booking and optimizer integration	Benchmark cleanup PostgreSQL regression	2026-10-06T23:23:18.1131323Z Applying migration `20260907220000_omaha_service_area`
Booking and optimizer integration	Benchmark cleanup PostgreSQL regression	2026-10-06T23:23:18.1154529Z Applying migration `20260908170000_optimizer_overtime`
Booking and optimizer integration	Benchmark cleanup PostgreSQL regression	2026-10-06T23:23:18.1187980Z Applying migration `20260908171000_optimizer_weights`
Booking and optimizer integration	Benchmark cleanup PostgreSQL regression	2026-10-06T23:23:18.1216532Z Applying migration `20260909120000_progressive_booking_optimization`
Booking and optimizer integration	Benchmark cleanup PostgreSQL regression	2026-10-06T23:23:18.1341385Z Applying migration `20260916120000_java_scheduler_foundation`
Booking and optimizer integration	Benchmark cleanup PostgreSQL regression	2026-10-06T23:23:18.1481039Z Applying migration `20260917120000_booking_reservations_time_off`
Booking and optimizer integration	Benchmark cleanup PostgreSQL regression	2026-10-06T23:23:18.1621464Z Applying migration `20260918120000_road_cache_retention`
Booking and optimizer integration	Benchmark cleanup PostgreSQL regression	2026-10-06T23:23:18.1654632Z Applying migration `20260918130000_optimization_route_snapshot`
Booking and optimizer integration	Benchmark cleanup PostgreSQL regression	2026-10-06T23:23:18.1683761Z Applying migration `20260921190000_booking_test_runs`
Booking and optimizer integration	Benchmark cleanup PostgreSQL regression	2026-10-06T23:23:18.1819049Z Applying migration `20260921213000_booking_test_purge`
Booking and optimizer integration	Benchmark cleanup PostgreSQL regression	2026-10-06T23:23:18.1846923Z Applying migration `20260921214000_omaha_state_code`
Booking and optimizer integration	Benchmark cleanup PostgreSQL regression	2026-10-06T23:23:18.1878767Z Applying migration `20260921220000_resumable_booking_test_generation`
Booking and optimizer integration	Benchmark cleanup PostgreSQL regression	2026-10-06T23:23:18.1940626Z Applying migration `20260922120000_time_off_category`
Booking and optimizer integration	Benchmark cleanup PostgreSQL regression	2026-10-06T23:23:18.1969025Z Applying migration `20260922230000_technician_profiles_availability`
Booking and optimizer integration	Benchmark cleanup PostgreSQL regression	2026-10-06T23:23:18.2054729Z Applying migration `20260923010000_dealership_route_endpoints`
Booking and optimizer integration	Benchmark cleanup PostgreSQL regression	2026-10-06T23:23:18.2144645Z Applying migration `20260923120000_multi_depot_dealerships`
Booking and optimizer integration	Benchmark cleanup PostgreSQL regression	2026-10-06T23:23:18.2272011Z Applying migration `20260923130000_depot_pin_provenance`
Booking and optimizer integration	Benchmark cleanup PostgreSQL regression	2026-10-06T23:23:18.2301283Z Applying migration `20260923190000_technician_home_pin_provenance`
Booking and optimizer integration	Benchmark cleanup PostgreSQL regression	2026-10-06T23:23:18.2326882Z Applying migration `20260924010000_scheduling_policy`
Booking and optimizer integration	Benchmark cleanup PostgreSQL regression	2026-10-06T23:23:18.2360218Z Applying migration `20260924020000_offer_overtime_authorization`
Booking and optimizer integration	Benchmark cleanup PostgreSQL regression	2026-10-06T23:23:18.2389693Z Applying migration `20260924030000_repair_overtime_approval`
Booking and optimizer integration	Benchmark cleanup PostgreSQL regression	2026-10-06T23:23:18.2417377Z Applying migration `20260924040000_reservation_arrangements`
Booking and optimizer integration	Benchmark cleanup PostgreSQL regression	2026-10-06T23:23:18.2545645Z Applying migration `20260924050000_reservation_obligations`
Booking and optimizer integration	Benchmark cleanup PostgreSQL regression	2026-10-06T23:23:18.2581686Z Applying migration `20260924060000_booking_search_diagnostics`
Booking and optimizer integration	Benchmark cleanup PostgreSQL regression	2026-10-06T23:23:18.2615307Z Applying migration `20260924070000_current_route_timing`
Booking and optimizer integration	Benchmark cleanup PostgreSQL regression	2026-10-06T23:23:18.2642809Z Applying migration `20260924080000_booking_search_cancellation`
Booking and optimizer integration	Benchmark cleanup PostgreSQL regression	2026-10-06T23:23:18.2703522Z Applying migration `20260929180000_booking_location_confirmation`
Booking and optimizer integration	Benchmark cleanup PostgreSQL regression	2026-10-06T23:23:18.2726779Z Applying migration `20260929220000_durable_booking_search`
Booking and optimizer integration	Benchmark cleanup PostgreSQL regression	2026-10-06T23:23:18.2774975Z Applying migration `20260929223000_booking_search_incumbent`
Booking and optimizer integration	Benchmark cleanup PostgreSQL regression	2026-10-06T23:23:18.2801936Z Applying migration `20260929230000_retire_incompatible_promises`
Booking and optimizer integration	Benchmark cleanup PostgreSQL regression	2026-10-06T23:23:18.2834528Z Applying migration `20260929233000_retire_legacy_standalone_offers`
Booking and optimizer integration	Benchmark cleanup PostgreSQL regression	2026-10-06T23:23:18.2862027Z Applying migration `20261006194000_exact_monetary_contract`
Booking and optimizer integration	Benchmark cleanup PostgreSQL regression	2026-10-06T23:23:18.3037358Z Applying migration `20261006212000_daily_score_contract`
Booking and optimizer integration	Benchmark cleanup PostgreSQL regression	2026-10-06T23:23:18.3065455Z Applying migration `20261006230000_durable_daily_attempts`
Booking and optimizer integration	Benchmark cleanup PostgreSQL regression	2026-10-06T23:23:18.3128127Z 
Booking and optimizer integration	Benchmark cleanup PostgreSQL regression	2026-10-06T23:23:18.3135202Z The following migration(s) have been applied:
Booking and optimizer integration	Benchmark cleanup PostgreSQL regression	2026-10-06T23:23:18.3144497Z 
Booking and optimizer integration	Benchmark cleanup PostgreSQL regression	2026-10-06T23:23:18.3145457Z migrations/
Booking and optimizer integration	Benchmark cleanup PostgreSQL regression	2026-10-06T23:23:18.3146721Z   └─ 20260904180051_init/
Booking and optimizer integration	Benchmark cleanup PostgreSQL regression	2026-10-06T23:23:18.3147800Z     └─ migration.sql
Booking and optimizer integration	Benchmark cleanup PostgreSQL regression	2026-10-06T23:23:18.3148729Z   └─ 20260904182402_slot_hold_job_fk/
Booking and optimizer integration	Benchmark cleanup PostgreSQL regression	2026-10-06T23:23:18.3149639Z     └─ migration.sql
Booking and optimizer integration	Benchmark cleanup PostgreSQL regression	2026-10-06T23:23:18.3150533Z   └─ 20260907190000_booking_retry_and_hold_location/
Booking and optimizer integration	Benchmark cleanup PostgreSQL regression	2026-10-06T23:23:18.3151565Z     └─ migration.sql
Booking and optimizer integration	Benchmark cleanup PostgreSQL regression	2026-10-06T23:23:18.3152723Z   └─ 20260907220000_omaha_service_area/
Booking and optimizer integration	Benchmark cleanup PostgreSQL regression	2026-10-06T23:23:18.3153640Z     └─ migration.sql
Booking and optimizer integration	Benchmark cleanup PostgreSQL regression	2026-10-06T23:23:18.3154542Z   └─ 20260908170000_optimizer_overtime/
Booking and optimizer integration	Benchmark cleanup PostgreSQL regression	2026-10-06T23:23:18.3155472Z     └─ migration.sql
Booking and optimizer integration	Benchmark cleanup PostgreSQL regression	2026-10-06T23:23:18.3156368Z   └─ 20260908171000_optimizer_weights/
Booking and optimizer integration	Benchmark cleanup PostgreSQL regression	2026-10-06T23:23:18.3157308Z     └─ migration.sql
Booking and optimizer integration	Benchmark cleanup PostgreSQL regression	2026-10-06T23:23:18.3158341Z   └─ 20260909120000_progressive_booking_optimization/
Booking and optimizer integration	Benchmark cleanup PostgreSQL regression	2026-10-06T23:23:18.3159347Z     └─ migration.sql
Booking and optimizer integration	Benchmark cleanup PostgreSQL regression	2026-10-06T23:23:18.3160296Z   └─ 20260916120000_java_scheduler_foundation/
Booking and optimizer integration	Benchmark cleanup PostgreSQL regression	2026-10-06T23:23:18.3161301Z     └─ migration.sql
Booking and optimizer integration	Benchmark cleanup PostgreSQL regression	2026-10-06T23:23:18.3162610Z   └─ 20260917120000_booking_reservations_time_off/
Booking and optimizer integration	Benchmark cleanup PostgreSQL regression	2026-10-06T23:23:18.3163803Z     └─ migration.sql
Booking and optimizer integration	Benchmark cleanup PostgreSQL regression	2026-10-06T23:23:18.3164749Z   └─ 20260918120000_road_cache_retention/
Booking and optimizer integration	Benchmark cleanup PostgreSQL regression	2026-10-06T23:23:18.3165665Z     └─ migration.sql
Booking and optimizer integration	Benchmark cleanup PostgreSQL regression	2026-10-06T23:23:18.3166662Z   └─ 20260918130000_optimization_route_snapshot/
Booking and optimizer integration	Benchmark cleanup PostgreSQL regression	2026-10-06T23:23:18.3167633Z     └─ migration.sql
Booking and optimizer integration	Benchmark cleanup PostgreSQL regression	2026-10-06T23:23:18.3168549Z   └─ 20260921190000_booking_test_runs/
Booking and optimizer integration	Benchmark cleanup PostgreSQL regression	2026-10-06T23:23:18.3169433Z     └─ migration.sql
Booking and optimizer integration	Benchmark cleanup PostgreSQL regression	2026-10-06T23:23:18.3170315Z   └─ 20260921213000_booking_test_purge/
Booking and optimizer integration	Benchmark cleanup PostgreSQL regression	2026-10-06T23:23:18.3171193Z     └─ migration.sql
Booking and optimizer integration	Benchmark cleanup PostgreSQL regression	2026-10-06T23:23:18.3172095Z   └─ 20260921214000_omaha_state_code/
Booking and optimizer integration	Benchmark cleanup PostgreSQL regression	2026-10-06T23:23:18.3173292Z     └─ migration.sql
Booking and optimizer integration	Benchmark cleanup PostgreSQL regression	2026-10-06T23:23:18.3174277Z   └─ 20260921220000_resumable_booking_test_generation/
Booking and optimizer integration	Benchmark cleanup PostgreSQL regression	2026-10-06T23:23:18.3175215Z     └─ migration.sql
Booking and optimizer integration	Benchmark cleanup PostgreSQL regression	2026-10-06T23:23:18.3176042Z   └─ 20260922120000_time_off_category/
Booking and optimizer integration	Benchmark cleanup PostgreSQL regression	2026-10-06T23:23:18.3176886Z     └─ migration.sql
Booking and optimizer integration	Benchmark cleanup PostgreSQL regression	2026-10-06T23:23:18.3177820Z   └─ 20260922230000_technician_profiles_availability/
Booking and optimizer integration	Benchmark cleanup PostgreSQL regression	2026-10-06T23:23:18.3178814Z     └─ migration.sql
Booking and optimizer integration	Benchmark cleanup PostgreSQL regression	2026-10-06T23:23:18.3179675Z   └─ 20260923010000_dealership_route_endpoints/
Booking and optimizer integration	Benchmark cleanup PostgreSQL regression	2026-10-06T23:23:18.3180514Z     └─ migration.sql
Booking and optimizer integration	Benchmark cleanup PostgreSQL regression	2026-10-06T23:23:18.3181298Z   └─ 20260923120000_multi_depot_dealerships/
Booking and optimizer integration	Benchmark cleanup PostgreSQL regression	2026-10-06T23:23:18.3182095Z     └─ migration.sql
Booking and optimizer integration	Benchmark cleanup PostgreSQL regression	2026-10-06T23:23:18.3183662Z   └─ 20260923130000_depot_pin_provenance/
Booking and optimizer integration	Benchmark cleanup PostgreSQL regression	2026-10-06T23:23:18.3184474Z     └─ migration.sql
Booking and optimizer integration	Benchmark cleanup PostgreSQL regression	2026-10-06T23:23:18.3185313Z   └─ 20260923190000_technician_home_pin_provenance/
Booking and optimizer integration	Benchmark cleanup PostgreSQL regression	2026-10-06T23:23:18.3186157Z     └─ migration.sql
Booking and optimizer integration	Benchmark cleanup PostgreSQL regression	2026-10-06T23:23:18.3187248Z   └─ 20260924010000_scheduling_policy/
Booking and optimizer integration	Benchmark cleanup PostgreSQL regression	2026-10-06T23:23:18.3188000Z     └─ migration.sql
Booking and optimizer integration	Benchmark cleanup PostgreSQL regression	2026-10-06T23:23:18.3188826Z   └─ 20260924020000_offer_overtime_authorization/
Booking and optimizer integration	Benchmark cleanup PostgreSQL regression	2026-10-06T23:23:18.3189717Z     └─ migration.sql
Booking and optimizer integration	Benchmark cleanup PostgreSQL regression	2026-10-06T23:23:18.3190560Z   └─ 20260924030000_repair_overtime_approval/
Booking and optimizer integration	Benchmark cleanup PostgreSQL regression	2026-10-06T23:23:18.3191428Z     └─ migration.sql
Booking and optimizer integration	Benchmark cleanup PostgreSQL regression	2026-10-06T23:23:18.3192564Z   └─ 20260924040000_reservation_arrangements/
Booking and optimizer integration	Benchmark cleanup PostgreSQL regression	2026-10-06T23:23:18.3193567Z     └─ migration.sql
Booking and optimizer integration	Benchmark cleanup PostgreSQL regression	2026-10-06T23:23:18.3194404Z   └─ 20260924050000_reservation_obligations/
Booking and optimizer integration	Benchmark cleanup PostgreSQL regression	2026-10-06T23:23:18.3195561Z     └─ migration.sql
Booking and optimizer integration	Benchmark cleanup PostgreSQL regression	2026-10-06T23:23:18.3196387Z   └─ 20260924060000_booking_search_diagnostics/
Booking and optimizer integration	Benchmark cleanup PostgreSQL regression	2026-10-06T23:23:18.3197218Z     └─ migration.sql
Booking and optimizer integration	Benchmark cleanup PostgreSQL regression	2026-10-06T23:23:18.3198017Z   └─ 20260924070000_current_route_timing/
Booking and optimizer integration	Benchmark cleanup PostgreSQL regression	2026-10-06T23:23:18.3198829Z     └─ migration.sql
Booking and optimizer integration	Benchmark cleanup PostgreSQL regression	2026-10-06T23:23:18.3199646Z   └─ 20260924080000_booking_search_cancellation/
Booking and optimizer integration	Benchmark cleanup PostgreSQL regression	2026-10-06T23:23:18.3200456Z     └─ migration.sql
Booking and optimizer integration	Benchmark cleanup PostgreSQL regression	2026-10-06T23:23:18.3201334Z   └─ 20260929180000_booking_location_confirmation/
Booking and optimizer integration	Benchmark cleanup PostgreSQL regression	2026-10-06T23:23:18.3202188Z     └─ migration.sql
Booking and optimizer integration	Benchmark cleanup PostgreSQL regression	2026-10-06T23:23:18.3203477Z   └─ 20260929220000_durable_booking_search/
Booking and optimizer integration	Benchmark cleanup PostgreSQL regression	2026-10-06T23:23:18.3204351Z     └─ migration.sql
Booking and optimizer integration	Benchmark cleanup PostgreSQL regression	2026-10-06T23:23:18.3205473Z   └─ 20260929223000_booking_search_incumbent/
Booking and optimizer integration	Benchmark cleanup PostgreSQL regression	2026-10-06T23:23:18.3206570Z     └─ migration.sql
Booking and optimizer integration	Benchmark cleanup PostgreSQL regression	2026-10-06T23:23:18.3207781Z   └─ 20260929230000_retire_incompatible_promises/
Booking and optimizer integration	Benchmark cleanup PostgreSQL regression	2026-10-06T23:23:18.3208930Z     └─ migration.sql
Booking and optimizer integration	Benchmark cleanup PostgreSQL regression	2026-10-06T23:23:18.3210070Z   └─ 20260929233000_retire_legacy_standalone_offers/
Booking and optimizer integration	Benchmark cleanup PostgreSQL regression	2026-10-06T23:23:18.3211217Z     └─ migration.sql
Booking and optimizer integration	Benchmark cleanup PostgreSQL regression	2026-10-06T23:23:18.3212582Z   └─ 20261006194000_exact_monetary_contract/
Booking and optimizer integration	Benchmark cleanup PostgreSQL regression	2026-10-06T23:23:18.3213609Z     └─ migration.sql
Booking and optimizer integration	Benchmark cleanup PostgreSQL regression	2026-10-06T23:23:18.3250036Z   └─ 20261006212000_daily_score_contract/
Booking and optimizer integration	Benchmark cleanup PostgreSQL regression	2026-10-06T23:23:18.3250755Z     └─ migration.sql
Booking and optimizer integration	Benchmark cleanup PostgreSQL regression	2026-10-06T23:23:18.3253945Z   └─ 20261006230000_durable_daily_attempts/
Booking and optimizer integration	Benchmark cleanup PostgreSQL regression	2026-10-06T23:23:18.3254602Z     └─ migration.sql
Booking and optimizer integration	Benchmark cleanup PostgreSQL regression	2026-10-06T23:23:18.3255018Z       
Booking and optimizer integration	Benchmark cleanup PostgreSQL regression	2026-10-06T23:23:18.3255592Z All migrations have been successfully applied.
Booking and optimizer integration	Benchmark cleanup PostgreSQL regression	2026-10-06T23:23:19.1065071Z PostgreSQL cleanup: cascade, unrelated metro preservation, and transaction rollback passed
Booking and optimizer integration	Immutable snapshot, reservation and database admission gates	﻿2026-10-06T23:23:19.1426894Z ##[group]Run ./mvnw -Pnullability -pl scheduler-service clean package '-Dtest=*IT,!DurableBookingSearchIT,!BookingSnapshotDatabaseIT' -DfailIfNoTests=true --batch-mode --no-transfer-progress
Booking and optimizer integration	Immutable snapshot, reservation and database admission gates	2026-10-06T23:23:19.1429603Z ^[[36;1m./mvnw -Pnullability -pl scheduler-service clean package '-Dtest=*IT,!DurableBookingSearchIT,!BookingSnapshotDatabaseIT' -DfailIfNoTests=true --batch-mode --no-transfer-progress^[[0m
Booking and optimizer integration	Immutable snapshot, reservation and database admission gates	2026-10-06T23:23:19.1496891Z shell: /usr/bin/bash -e {0}
Booking and optimizer integration	Immutable snapshot, reservation and database admission gates	2026-10-06T23:23:19.1497306Z env:
Booking and optimizer integration	Immutable snapshot, reservation and database admission gates	2026-10-06T23:23:19.1497813Z   DATABASE_URL: ***127.0.0.1:5432/waterflex_test
Booking and optimizer integration	Immutable snapshot, reservation and database admission gates	2026-10-06T23:23:19.1498275Z   JDBC_DATABASE_URL: jdbc:postgresql://127.0.0.1:5432/waterflex_test
Booking and optimizer integration	Immutable snapshot, reservation and database admission gates	2026-10-06T23:23:19.1498694Z   DATABASE_USER: waterflex
Booking and optimizer integration	Immutable snapshot, reservation and database admission gates	2026-10-06T23:23:19.1498972Z   DATABASE_PASSWORD: waterflex
Booking and optimizer integration	Immutable snapshot, reservation and database admission gates	2026-10-06T23:23:19.1499280Z   ROUTING_URL: http://127.0.0.1:18001
Booking and optimizer integration	Immutable snapshot, reservation and database admission gates	2026-10-06T23:23:19.1499614Z   SCHEDULER_TEST_URL: http://127.0.0.1:18000
Booking and optimizer integration	Immutable snapshot, reservation and database admission gates	2026-10-06T23:23:19.1499932Z   ENGINE_URL: http://127.0.0.1:18000
Booking and optimizer integration	Immutable snapshot, reservation and database admission gates	2026-10-06T23:23:19.1500247Z   SERVER_PORT: 18000
Booking and optimizer integration	Immutable snapshot, reservation and database admission gates	2026-10-06T23:23:19.1500497Z   TIME_OFF_POLL_DELAY_MS: 1000
Booking and optimizer integration	Immutable snapshot, reservation and database admission gates	2026-10-06T23:23:19.1500877Z   JAVA_HOME: /opt/hostedtoolcache/Java_Temurin-Hotspot_jdk/25.0.4-1/x64
Booking and optimizer integration	Immutable snapshot, reservation and database admission gates	2026-10-06T23:23:19.1501410Z   JAVA_HOME_25_X64: /opt/hostedtoolcache/Java_Temurin-Hotspot_jdk/25.0.4-1/x64
Booking and optimizer integration	Immutable snapshot, reservation and database admission gates	2026-10-06T23:23:19.1501817Z   MAVEN_ARGS: -ntp
Booking and optimizer integration	Immutable snapshot, reservation and database admission gates	2026-10-06T23:23:19.1502057Z ##[endgroup]
Booking and optimizer integration	Immutable snapshot, reservation and database admission gates	2026-10-06T23:23:20.8351893Z WARNING: A restricted method in java.lang.System has been called
Booking and optimizer integration	Immutable snapshot, reservation and database admission gates	2026-10-06T23:23:20.8355418Z WARNING: java.lang.System::load has been called by org.fusesource.jansi.internal.JansiLoader in an unnamed module (file:/home/runner/.m2/wrapper/dists/apache-maven-3.9.16-bin/4200fbc6/apache-maven-3.9.16/lib/jansi-2.4.3.jar)
Booking and optimizer integration	Immutable snapshot, reservation and database admission gates	2026-10-06T23:23:20.8356732Z WARNING: Use --enable-native-access=ALL-UNNAMED to avoid a warning for callers in this module
Booking and optimizer integration	Immutable snapshot, reservation and database admission gates	2026-10-06T23:23:20.8357827Z WARNING: Restricted methods will be blocked in a future release unless native access is enabled
Booking and optimizer integration	Immutable snapshot, reservation and database admission gates	2026-10-06T23:23:20.8358224Z 
Booking and optimizer integration	Immutable snapshot, reservation and database admission gates	2026-10-06T23:23:22.5829303Z [INFO] Scanning for projects...
Booking and optimizer integration	Immutable snapshot, reservation and database admission gates	2026-10-06T23:23:23.1093675Z [INFO] 
Booking and optimizer integration	Immutable snapshot, reservation and database admission gates	2026-10-06T23:23:23.1095572Z [INFO] ------------------< dev.waterflex:scheduler-service >-------------------
Booking and optimizer integration	Immutable snapshot, reservation and database admission gates	2026-10-06T23:23:23.1113169Z [INFO] Building scheduler-service 0.1.0-SNAPSHOT
Booking and optimizer integration	Immutable snapshot, reservation and database admission gates	2026-10-06T23:23:23.1132967Z [INFO]   from pom.xml
Booking and optimizer integration	Immutable snapshot, reservation and database admission gates	2026-10-06T23:23:23.1143343Z [INFO] --------------------------------[ jar ]---------------------------------
Booking and optimizer integration	Immutable snapshot, reservation and database admission gates	2026-10-06T23:23:23.7803519Z [INFO] 
Booking and optimizer integration	Immutable snapshot, reservation and database admission gates	2026-10-06T23:23:23.7843569Z [INFO] --- clean:3.5.0:clean (default-clean) @ scheduler-service ---
Booking and optimizer integration	Immutable snapshot, reservation and database admission gates	2026-10-06T23:23:23.8873303Z [INFO] 
Booking and optimizer integration	Immutable snapshot, reservation and database admission gates	2026-10-06T23:23:23.8894258Z [INFO] --- resources:3.5.0:resources (default-resources) @ scheduler-service ---
Booking and optimizer integration	Immutable snapshot, reservation and database admission gates	2026-10-06T23:23:24.0186232Z [INFO] Copying 2 resources from src/main/resources to target/classes
Booking and optimizer integration	Immutable snapshot, reservation and database admission gates	2026-10-06T23:23:24.0363574Z [INFO] Copying 1 resource from src/main/resources to target/classes
Booking and optimizer integration	Immutable snapshot, reservation and database admission gates	2026-10-06T23:23:24.0422863Z [INFO] 
Booking and optimizer integration	Immutable snapshot, reservation and database admission gates	2026-10-06T23:23:24.0443480Z [INFO] --- compiler:3.15.0:compile (default-compile) @ scheduler-service ---
Booking and optimizer integration	Immutable snapshot, reservation and database admission gates	2026-10-06T23:23:24.6250698Z [INFO] Recompiling the module because of changed source code.
Booking and optimizer integration	Immutable snapshot, reservation and database admission gates	2026-10-06T23:23:24.6353775Z [INFO] Compiling with eclipse [debug parameters release 25] to target/classes
Booking and optimizer integration	Immutable snapshot, reservation and database admission gates	2026-10-06T23:23:30.9630776Z [INFO] /home/runner/work/waterflex-scheduler-java/waterflex-scheduler-java/scheduler-service/src/main/java/dev/waterflex/scheduler/BookingSnapshot.java:[188,26] Unsafe null type conversion (type annotations): The value of type 'java.util.AbstractMap.@NonNull SimpleImmutableEntry<java.lang.@NonNull String,dev.waterflex.scheduler.BookingSnapshot.@NonNull Visit>' is made accessible using the less-annotated type 'java.util.Map.Entry<java.lang.String,dev.waterflex.scheduler.BookingSnapshot.Visit>', corresponding supertype is 'java.util.Map.Entry<java.lang.@NonNull String,dev.waterflex.scheduler.BookingSnapshot.@NonNull Visit>'
Booking and optimizer integration	Immutable snapshot, reservation and database admission gates	2026-10-06T23:23:30.9639788Z [INFO] /home/runner/work/waterflex-scheduler-java/waterflex-scheduler-java/scheduler-service/src/main/java/dev/waterflex/scheduler/BoundedBookingSearch.java:[473,34] Unsafe null type conversion (type annotations): The value of type 'java.util.Optional<dev.waterflex.scheduler.BoundedBookingSearch.@NonNull Ranked>' is made accessible using the less-annotated type 'java.util.Optional<dev.waterflex.scheduler.BoundedBookingSearch.Ranked>'
Booking and optimizer integration	Immutable snapshot, reservation and database admission gates	2026-10-06T23:23:30.9666067Z [INFO] /home/runner/work/waterflex-scheduler-java/waterflex-scheduler-java/scheduler-service/src/main/java/dev/waterflex/scheduler/optimizer/DailyOutcome.java:[13,33] Unsafe null type conversion (type annotations): The value of type 'java.util.@NonNull List<java.lang.@NonNull String>' is made accessible using the less-annotated type 'java.util.List<java.lang.String>'
Booking and optimizer integration	Immutable snapshot, reservation and database admission gates	2026-10-06T23:23:30.9716084Z [INFO] /home/runner/work/waterflex-scheduler-java/waterflex-scheduler-java/scheduler-service/src/main/java/dev/waterflex/scheduler/optimizer/DayPlan.java:[64,16] Unsafe null type conversion (type annotations): The value of type 'java.util.@NonNull List<java.lang.@NonNull String>' is made accessible using the less-annotated type 'java.util.@NonNull List<java.lang.String>'
Booking and optimizer integration	Immutable snapshot, reservation and database admission gates	2026-10-06T23:23:30.9724712Z [INFO] /home/runner/work/waterflex-scheduler-java/waterflex-scheduler-java/scheduler-service/src/main/java/dev/waterflex/scheduler/optimizer/TechRoute.java:[53,17] Unsafe null type conversion (type annotations): The value of type 'java.util.@NonNull List<java.lang.@NonNull String>' is made accessible using the less-annotated type 'java.util.@NonNull List<java.lang.String>'
Booking and optimizer integration	Immutable snapshot, reservation and database admission gates	2026-10-06T23:23:30.9746162Z [INFO] 
Booking and optimizer integration	Immutable snapshot, reservation and database admission gates	2026-10-06T23:23:30.9768209Z [INFO] --- resources:3.5.0:testResources (default-testResources) @ scheduler-service ---
Booking and optimizer integration	Immutable snapshot, reservation and database admission gates	2026-10-06T23:23:30.9813302Z [INFO] Copying 1 resource from src/test/resources to target/test-classes
Booking and optimizer integration	Immutable snapshot, reservation and database admission gates	2026-10-06T23:23:30.9815854Z [INFO] 
Booking and optimizer integration	Immutable snapshot, reservation and database admission gates	2026-10-06T23:23:30.9844991Z [INFO] --- compiler:3.15.0:testCompile (default-testCompile) @ scheduler-service ---
Booking and optimizer integration	Immutable snapshot, reservation and database admission gates	2026-10-06T23:23:30.9966399Z [INFO] Recompiling the module because of changed dependency.
Booking and optimizer integration	Immutable snapshot, reservation and database admission gates	2026-10-06T23:23:30.9967788Z [INFO] Compiling with eclipse [debug parameters release 25] to target/test-classes
Booking and optimizer integration	Immutable snapshot, reservation and database admission gates	2026-10-06T23:23:33.0872228Z [INFO] /home/runner/work/waterflex-scheduler-java/waterflex-scheduler-java/scheduler-service/src/test/java/dev/waterflex/scheduler/BookingSnapshotDatabaseIT.java:[200,36] Unsafe null type conversion (type annotations): The value of type 'java.util.List<dev.waterflex.scheduler.BookingSnapshot.@NonNull Arrangement>' is made accessible using the less-annotated type 'java.util.@Nullable List<dev.waterflex.scheduler.BookingSnapshot.Arrangement>'
Booking and optimizer integration	Immutable snapshot, reservation and database admission gates	2026-10-06T23:23:33.0896268Z [INFO] /home/runner/work/waterflex-scheduler-java/waterflex-scheduler-java/scheduler-service/src/test/java/dev/waterflex/scheduler/FieldScenarioTest.java:[64,60] Unsafe null type conversion (type annotations): The value of type 'java.util.Map<java.lang.String,java.lang.@NonNull Object>' is made accessible using the less-annotated type 'java.util.Map<java.lang.String,java.lang.Object>'
Booking and optimizer integration	Immutable snapshot, reservation and database admission gates	2026-10-06T23:23:33.0926823Z [INFO] /home/runner/work/waterflex-scheduler-java/waterflex-scheduler-java/scheduler-service/src/test/java/dev/waterflex/scheduler/FieldScenarioTest.java:[93,55] Unsafe null type conversion (type annotations): The value of type 'java.util.Map<java.lang.String,dev.waterflex.scheduler.BookingSnapshot.@NonNull Visit>' is made accessible using the less-annotated type 'java.util.@Nullable Map<java.lang.String,dev.waterflex.scheduler.BookingSnapshot.Visit>'
Booking and optimizer integration	Immutable snapshot, reservation and database admission gates	2026-10-06T23:23:33.0938506Z [INFO] /home/runner/work/waterflex-scheduler-java/waterflex-scheduler-java/scheduler-service/src/test/java/dev/waterflex/scheduler/FieldScenarioTest.java:[103,55] Unsafe null type conversion (type annotations): The value of type 'java.util.Map<java.lang.String,dev.waterflex.scheduler.BookingSnapshot.@NonNull Visit>' is made accessible using the less-annotated type 'java.util.@Nullable Map<java.lang.String,dev.waterflex.scheduler.BookingSnapshot.Visit>'
Booking and optimizer integration	Immutable snapshot, reservation and database admission gates	2026-10-06T23:23:33.0958053Z [INFO] /home/runner/work/waterflex-scheduler-java/waterflex-scheduler-java/scheduler-service/src/test/java/dev/waterflex/scheduler/FieldScenarioTest.java:[112,17] Unsafe null type conversion (type annotations): The value of type 'java.util.Map<java.lang.String,@NonNull java.lang.Object & java.io.Serializable & java.lang.Comparable<?> & java.lang.constant.Constable & java.lang.constant.ConstantDesc>' is made accessible using the less-annotated type 'java.util.Map<java.lang.String,java.lang.Object & java.io.Serializable & java.lang.Comparable<?> & java.lang.constant.Constable & java.lang.constant.ConstantDesc>'
Booking and optimizer integration	Immutable snapshot, reservation and database admission gates	2026-10-06T23:23:33.0986583Z [INFO] /home/runner/work/waterflex-scheduler-java/waterflex-scheduler-java/scheduler-service/src/test/java/dev/waterflex/scheduler/FieldScenarioTest.java:[128,67] Unsafe null type conversion (type annotations): The value of type 'java.util.Map<java.lang.String,dev.waterflex.scheduler.BookingSnapshot.@NonNull Visit>' is made accessible using the less-annotated type 'java.util.@Nullable Map<java.lang.String,dev.waterflex.scheduler.BookingSnapshot.Visit>'
Booking and optimizer integration	Immutable snapshot, reservation and database admission gates	2026-10-06T23:23:33.0994458Z [INFO] /home/runner/work/waterflex-scheduler-java/waterflex-scheduler-java/scheduler-service/src/test/java/dev/waterflex/scheduler/FieldScenarioTest.java:[138,70] Unsafe null type conversion (type annotations): The value of type 'java.util.Map<java.lang.String,dev.waterflex.scheduler.BookingSnapshot.@NonNull Visit>' is made accessible using the less-annotated type 'java.util.@Nullable Map<java.lang.String,dev.waterflex.scheduler.BookingSnapshot.Visit>'
Booking and optimizer integration	Immutable snapshot, reservation and database admission gates	2026-10-06T23:23:33.1016585Z [INFO] /home/runner/work/waterflex-scheduler-java/waterflex-scheduler-java/scheduler-service/src/test/java/dev/waterflex/scheduler/FieldScenarioTest.java:[155,53] Unsafe null type conversion (type annotations): The value of type 'java.util.Map<java.lang.String,dev.waterflex.scheduler.BookingSnapshot.@NonNull Visit>' is made accessible using the less-annotated type 'java.util.@Nullable Map<java.lang.String,dev.waterflex.scheduler.BookingSnapshot.Visit>'
Booking and optimizer integration	Immutable snapshot, reservation and database admission gates	2026-10-06T23:23:33.1046626Z [INFO] /home/runner/work/waterflex-scheduler-java/waterflex-scheduler-java/scheduler-service/src/test/java/dev/waterflex/scheduler/FieldScenarioTest.java:[215,42] Unsafe null type conversion (type annotations): The value of type 'java.util.List<dev.waterflex.scheduler.optimizer.TechRoute.@NonNull Unavailable>' is made accessible using the less-annotated type 'java.util.@Nullable List<dev.waterflex.scheduler.optimizer.TechRoute.Unavailable>'
Booking and optimizer integration	Immutable snapshot, reservation and database admission gates	2026-10-06T23:23:33.1054607Z [INFO] /home/runner/work/waterflex-scheduler-java/waterflex-scheduler-java/scheduler-service/src/test/java/dev/waterflex/scheduler/ReservationDeletionTest.java:[25,50] Unsafe null type conversion (type annotations): The value of type 'java.util.Map<java.lang.String,dev.waterflex.scheduler.optimizer.DayPlan.@NonNull RoadLeg>' is made accessible using the less-annotated type 'java.util.@Nullable Map<java.lang.String,dev.waterflex.scheduler.optimizer.DayPlan.RoadLeg>'
Booking and optimizer integration	Immutable snapshot, reservation and database admission gates	2026-10-06T23:23:33.1076994Z [INFO] /home/runner/work/waterflex-scheduler-java/waterflex-scheduler-java/scheduler-service/src/test/java/dev/waterflex/scheduler/ReservationDeletionTest.java:[28,46] Unsafe null type conversion (type annotations): The value of type 'java.util.Map<java.lang.String,dev.waterflex.scheduler.BookingSnapshot.@NonNull Technician>' is made accessible using the less-annotated type 'java.util.@Nullable Map<java.lang.String,dev.waterflex.scheduler.BookingSnapshot.Technician>'
Booking and optimizer integration	Immutable snapshot, reservation and database admission gates	2026-10-06T23:23:33.1107003Z [INFO] /home/runner/work/waterflex-scheduler-java/waterflex-scheduler-java/scheduler-service/src/test/java/dev/waterflex/scheduler/ReservationDeletionTest.java:[28,90] Unsafe null type conversion (type annotations): The value of type 'java.util.Map<java.lang.String,dev.waterflex.scheduler.BookingSnapshot.@NonNull Visit>' is made accessible using the less-annotated type 'java.util.@Nullable Map<java.lang.String,dev.waterflex.scheduler.BookingSnapshot.Visit>'
Booking and optimizer integration	Immutable snapshot, reservation and database admission gates	2026-10-06T23:23:33.1136740Z [INFO] /home/runner/work/waterflex-scheduler-java/waterflex-scheduler-java/scheduler-service/src/test/java/dev/waterflex/scheduler/ReservationDeletionTest.java:[38,43] Unsafe null type conversion (type annotations): The value of type 'java.util.Map<java.time.@NonNull LocalDate,dev.waterflex.scheduler.BookingSnapshot.@NonNull Day>' is made accessible using the less-annotated type 'java.util.@Nullable Map<java.time.LocalDate,dev.waterflex.scheduler.BookingSnapshot.Day>'
Booking and optimizer integration	Immutable snapshot, reservation and database admission gates	2026-10-06T23:23:33.1145655Z [INFO] /home/runner/work/waterflex-scheduler-java/waterflex-scheduler-java/scheduler-service/src/test/java/dev/waterflex/scheduler/ReservationDeletionTest.java:[38,78] Unsafe null type conversion (type annotations): The value of type 'java.util.Map<java.time.@NonNull LocalDate,java.util.Map<java.lang.String,dev.waterflex.scheduler.ReservationState.Hold>>' is made accessible using the less-annotated type 'java.util.@Nullable Map<java.time.LocalDate,java.util.Map<java.lang.String,dev.waterflex.scheduler.ReservationState.Hold>>'
Booking and optimizer integration	Immutable snapshot, reservation and database admission gates	2026-10-06T23:23:33.1177010Z [INFO] /home/runner/work/waterflex-scheduler-java/waterflex-scheduler-java/scheduler-service/src/test/java/dev/waterflex/scheduler/ReservedOvertimeTest.java:[40,42] Unsafe null type conversion (type annotations): The value of type 'java.util.Map<java.lang.String,dev.waterflex.scheduler.BookingSnapshot.@NonNull Technician>' is made accessible using the less-annotated type 'java.util.@Nullable Map<java.lang.String,dev.waterflex.scheduler.BookingSnapshot.Technician>'
Booking and optimizer integration	Immutable snapshot, reservation and database admission gates	2026-10-06T23:23:33.1206998Z [INFO] /home/runner/work/waterflex-scheduler-java/waterflex-scheduler-java/scheduler-service/src/test/java/dev/waterflex/scheduler/ReservedOvertimeTest.java:[40,82] Unsafe null type conversion (type annotations): The value of type 'java.util.Map<java.lang.String,dev.waterflex.scheduler.BookingSnapshot.@NonNull Visit>' is made accessible using the less-annotated type 'java.util.@Nullable Map<java.lang.String,dev.waterflex.scheduler.BookingSnapshot.Visit>'
Booking and optimizer integration	Immutable snapshot, reservation and database admission gates	2026-10-06T23:23:33.1215521Z [INFO] /home/runner/work/waterflex-scheduler-java/waterflex-scheduler-java/scheduler-service/src/test/java/dev/waterflex/scheduler/ReservedOvertimeTest.java:[45,44] Unsafe null type conversion (type annotations): The value of type 'java.util.@NonNull Map<java.lang.String,dev.waterflex.scheduler.BookingSnapshot.@NonNull Visit>' is made accessible using the less-annotated type 'java.util.@NonNull Map<java.lang.String,dev.waterflex.scheduler.BookingSnapshot.Visit>'
Booking and optimizer integration	Immutable snapshot, reservation and database admission gates	2026-10-06T23:23:33.1246608Z [INFO] /home/runner/work/waterflex-scheduler-java/waterflex-scheduler-java/scheduler-service/src/test/java/dev/waterflex/scheduler/ReservedOvertimeTest.java:[54,69] Unsafe null type conversion (type annotations): The value of type 'java.util.List<dev.waterflex.scheduler.BoundedBookingSearch.@NonNull Candidate>' is made accessible using the less-annotated type 'java.util.@Nullable List<dev.waterflex.scheduler.BoundedBookingSearch.Candidate>'
Booking and optimizer integration	Immutable snapshot, reservation and database admission gates	2026-10-06T23:23:33.1255127Z [INFO] /home/runner/work/waterflex-scheduler-java/waterflex-scheduler-java/scheduler-service/src/test/java/dev/waterflex/scheduler/ReservedOvertimeTest.java:[56,32] Unsafe null type conversion (type annotations): The value of type 'java.util.Map<java.time.@NonNull LocalDate,java.util.Map<java.lang.String,dev.waterflex.scheduler.ReservationState.Hold>>' is made accessible using the less-annotated type 'java.util.@Nullable Map<java.time.LocalDate,java.util.Map<java.lang.String,dev.waterflex.scheduler.ReservationState.Hold>>'
Booking and optimizer integration	Immutable snapshot, reservation and database admission gates	2026-10-06T23:23:33.1286958Z [INFO] /home/runner/work/waterflex-scheduler-java/waterflex-scheduler-java/scheduler-service/src/test/java/dev/waterflex/scheduler/ReservedOvertimeTest.java:[69,50] Unsafe null type conversion (type annotations): The value of type 'java.util.Map<java.lang.String,dev.waterflex.scheduler.optimizer.DayPlan.@NonNull RoadLeg>' is made accessible using the less-annotated type 'java.util.@Nullable Map<java.lang.String,dev.waterflex.scheduler.optimizer.DayPlan.RoadLeg>'
Booking and optimizer integration	Immutable snapshot, reservation and database admission gates	2026-10-06T23:23:33.1316897Z [INFO] /home/runner/work/waterflex-scheduler-java/waterflex-scheduler-java/scheduler-service/src/test/java/dev/waterflex/scheduler/ReservedOvertimeTest.java:[72,46] Unsafe null type conversion (type annotations): The value of type 'java.util.Map<java.lang.String,dev.waterflex.scheduler.BookingSnapshot.@NonNull Technician>' is made accessible using the less-annotated type 'java.util.@Nullable Map<java.lang.String,dev.waterflex.scheduler.BookingSnapshot.Technician>'
Booking and optimizer integration	Immutable snapshot, reservation and database admission gates	2026-10-06T23:23:33.1325220Z [INFO] /home/runner/work/waterflex-scheduler-java/waterflex-scheduler-java/scheduler-service/src/test/java/dev/waterflex/scheduler/ReservedOvertimeTest.java:[72,90] Unsafe null type conversion (type annotations): The value of type 'java.util.Map<java.lang.String,dev.waterflex.scheduler.BookingSnapshot.@NonNull Visit>' is made accessible using the less-annotated type 'java.util.@Nullable Map<java.lang.String,dev.waterflex.scheduler.BookingSnapshot.Visit>'
Booking and optimizer integration	Immutable snapshot, reservation and database admission gates	2026-10-06T23:23:33.1356945Z [INFO] /home/runner/work/waterflex-scheduler-java/waterflex-scheduler-java/scheduler-service/src/test/java/dev/waterflex/scheduler/ReservedOvertimeTest.java:[78,64] Unsafe null type conversion (type annotations): The value of type 'java.util.Map<java.time.@NonNull LocalDate,dev.waterflex.scheduler.BookingSnapshot.@NonNull Day>' is made accessible using the less-annotated type 'java.util.@Nullable Map<java.time.LocalDate,dev.waterflex.scheduler.BookingSnapshot.Day>'
Booking and optimizer integration	Immutable snapshot, reservation and database admission gates	2026-10-06T23:23:33.1369180Z [INFO] /home/runner/work/waterflex-scheduler-java/waterflex-scheduler-java/scheduler-service/src/test/java/dev/waterflex/scheduler/ReservedOvertimeTest.java:[78,99] Unsafe null type conversion (type annotations): The value of type 'java.util.Map<java.time.@NonNull LocalDate,java.util.Map<java.lang.String,dev.waterflex.scheduler.ReservationState.Hold>>' is made accessible using the less-annotated type 'java.util.@Nullable Map<java.time.LocalDate,java.util.Map<java.lang.String,dev.waterflex.scheduler.ReservationState.Hold>>'
Booking and optimizer integration	Immutable snapshot, reservation and database admission gates	2026-10-06T23:23:33.1386621Z [INFO] /home/runner/work/waterflex-scheduler-java/waterflex-scheduler-java/scheduler-service/src/test/java/dev/waterflex/scheduler/ReservedOvertimeTest.java:[78,112] Unsafe null type conversion (type annotations): The value of type 'java.util.Map<java.lang.String,dev.waterflex.scheduler.ReservationState.@NonNull Hold>' is made accessible using the less-annotated type 'java.util.Map<java.lang.String,dev.waterflex.scheduler.ReservationState.Hold>'
Booking and optimizer integration	Immutable snapshot, reservation and database admission gates	2026-10-06T23:23:33.1416386Z [INFO] /home/runner/work/waterflex-scheduler-java/waterflex-scheduler-java/scheduler-service/src/test/java/dev/waterflex/scheduler/RoadPrewarmingTest.java:[36,27] Unsafe null type conversion (type annotations): The value of type 'java.util.@NonNull List<dev.waterflex.scheduler.RoadClient.@NonNull Pair>' is made accessible using the less-annotated type 'java.util.@NonNull List<dev.waterflex.scheduler.RoadClient.Pair>'
Booking and optimizer integration	Immutable snapshot, reservation and database admission gates	2026-10-06T23:23:33.1423735Z [INFO] /home/runner/work/waterflex-scheduler-java/waterflex-scheduler-java/scheduler-service/src/test/java/dev/waterflex/scheduler/RoadPrewarmingTest.java:[37,48] Unsafe null type conversion (type annotations): The value of type 'java.util.@NonNull List<dev.waterflex.scheduler.RoadClient.@NonNull Pair>' is made accessible using the less-annotated type 'java.util.@NonNull List<dev.waterflex.scheduler.RoadClient.Pair>'
Booking and optimizer integration	Immutable snapshot, reservation and database admission gates	2026-10-06T23:23:33.1446504Z [INFO] /home/runner/work/waterflex-scheduler-java/waterflex-scheduler-java/scheduler-service/src/test/java/dev/waterflex/scheduler/RoadPrewarmingTest.java:[38,27] Unsafe null type conversion (type annotations): The value of type 'java.util.@NonNull List<dev.waterflex.scheduler.RoadClient.@NonNull Pair>' is made accessible using the less-annotated type 'java.util.@NonNull List<dev.waterflex.scheduler.RoadClient.Pair>'
Booking and optimizer integration	Immutable snapshot, reservation and database admission gates	2026-10-06T23:23:33.1476325Z [INFO] /home/runner/work/waterflex-scheduler-java/waterflex-scheduler-java/scheduler-service/src/test/java/dev/waterflex/scheduler/RoadPrewarmingTest.java:[41,48] Unsafe null type conversion (type annotations): The value of type 'java.util.@NonNull List<dev.waterflex.scheduler.RoadClient.@NonNull Pair>' is made accessible using the less-annotated type 'java.util.@NonNull List<dev.waterflex.scheduler.RoadClient.Pair>'
Booking and optimizer integration	Immutable snapshot, reservation and database admission gates	2026-10-06T23:23:33.1506190Z [INFO] /home/runner/work/waterflex-scheduler-java/waterflex-scheduler-java/scheduler-service/src/test/java/dev/waterflex/scheduler/RoadPrewarmingTest.java:[43,47] Unsafe null type conversion (type annotations): The value of type 'java.util.@NonNull List<dev.waterflex.scheduler.RoadClient.@NonNull Pair>' is made accessible using the less-annotated type 'java.util.@NonNull List<dev.waterflex.scheduler.RoadClient.Pair>'
Booking and optimizer integration	Immutable snapshot, reservation and database admission gates	2026-10-06T23:23:33.1513815Z [INFO] /home/runner/work/waterflex-scheduler-java/waterflex-scheduler-java/scheduler-service/src/test/java/dev/waterflex/scheduler/optimizer/DailyConstructionTest.java:[64,36] Unsafe null type conversion (type annotations): The value of type 'java.util.Map<java.lang.String,dev.waterflex.scheduler.optimizer.DayPlan.@NonNull RoadLeg>' is made accessible using the less-annotated type 'java.util.@Nullable Map<java.lang.String,dev.waterflex.scheduler.optimizer.DayPlan.RoadLeg>'
Booking and optimizer integration	Immutable snapshot, reservation and database admission gates	2026-10-06T23:23:33.1536787Z [INFO] /home/runner/work/waterflex-scheduler-java/waterflex-scheduler-java/scheduler-service/src/test/java/dev/waterflex/scheduler/optimizer/DailyConstructionTest.java:[104,68] Unsafe null type conversion (type annotations): The value of type 'java.util.List<dev.waterflex.scheduler.optimizer.TechRoute.@NonNull Unavailable>' is made accessible using the less-annotated type 'java.util.@Nullable List<dev.waterflex.scheduler.optimizer.TechRoute.Unavailable>'
Booking and optimizer integration	Immutable snapshot, reservation and database admission gates	2026-10-06T23:23:33.1558117Z [INFO] /home/runner/work/waterflex-scheduler-java/waterflex-scheduler-java/scheduler-service/src/test/java/dev/waterflex/scheduler/optimizer/DailyConstructionTest.java:[107,40] Unsafe null type conversion (type annotations): The value of type 'java.util.Map<java.lang.String,dev.waterflex.scheduler.optimizer.DayPlan.@NonNull RoadLeg>' is made accessible using the less-annotated type 'java.util.@Nullable Map<java.lang.String,dev.waterflex.scheduler.optimizer.DayPlan.RoadLeg>'
Booking and optimizer integration	Immutable snapshot, reservation and database admission gates	2026-10-06T23:23:33.1566312Z [INFO] /home/runner/work/waterflex-scheduler-java/waterflex-scheduler-java/scheduler-service/src/test/java/dev/waterflex/scheduler/optimizer/DailyConstructionTest.java:[144,32] Unsafe null type conversion (type annotations): The value of type 'java.util.List<dev.waterflex.scheduler.optimizer.@NonNull PlanVisit>' is made accessible using the less-annotated type 'java.util.@Nullable List<dev.waterflex.scheduler.optimizer.PlanVisit>'
Booking and optimizer integration	Immutable snapshot, reservation and database admission gates	2026-10-06T23:23:33.1586343Z [INFO] /home/runner/work/waterflex-scheduler-java/waterflex-scheduler-java/scheduler-service/src/test/java/dev/waterflex/scheduler/optimizer/TimefoldAuditEvidenceTest.java:[49,50] Unsafe null type conversion (type annotations): The value of type 'java.util.List<dev.waterflex.scheduler.optimizer.@NonNull TechRoute>' is made accessible using the less-annotated type 'java.util.@Nullable List<dev.waterflex.scheduler.optimizer.TechRoute>'
Booking and optimizer integration	Immutable snapshot, reservation and database admission gates	2026-10-06T23:23:33.1616390Z [INFO] /home/runner/work/waterflex-scheduler-java/waterflex-scheduler-java/scheduler-service/src/test/java/dev/waterflex/scheduler/optimizer/TimefoldAuditEvidenceTest.java:[49,84] Unsafe null type conversion (type annotations): The value of type 'java.util.List<dev.waterflex.scheduler.optimizer.@NonNull PlanVisit>' is made accessible using the less-annotated type 'java.util.@Nullable List<dev.waterflex.scheduler.optimizer.PlanVisit>'
Booking and optimizer integration	Immutable snapshot, reservation and database admission gates	2026-10-06T23:23:33.1624020Z [INFO] /home/runner/work/waterflex-scheduler-java/waterflex-scheduler-java/scheduler-service/src/test/java/dev/waterflex/scheduler/optimizer/TimefoldAuditEvidenceTest.java:[71,36] Unsafe null type conversion (type annotations): The value of type 'java.util.Map<java.lang.String,dev.waterflex.scheduler.optimizer.DayPlan.@NonNull RoadLeg>' is made accessible using the less-annotated type 'java.util.@Nullable Map<java.lang.String,dev.waterflex.scheduler.optimizer.DayPlan.RoadLeg>'
Booking and optimizer integration	Immutable snapshot, reservation and database admission gates	2026-10-06T23:23:33.1642950Z [INFO] 
Booking and optimizer integration	Immutable snapshot, reservation and database admission gates	2026-10-06T23:23:33.1663415Z [INFO] --- surefire:3.5.6:test (default-test) @ scheduler-service ---
Booking and optimizer integration	Immutable snapshot, reservation and database admission gates	2026-10-06T23:23:33.2830150Z [INFO] Using auto detected provider org.apache.maven.surefire.junitplatform.JUnitPlatformProvider
Booking and optimizer integration	Immutable snapshot, reservation and database admission gates	2026-10-06T23:23:33.3357075Z [INFO] 
Booking and optimizer integration	Immutable snapshot, reservation and database admission gates	2026-10-06T23:23:33.3365947Z [INFO] -------------------------------------------------------
Booking and optimizer integration	Immutable snapshot, reservation and database admission gates	2026-10-06T23:23:33.3373108Z [INFO]  T E S T S
Booking and optimizer integration	Immutable snapshot, reservation and database admission gates	2026-10-06T23:23:33.3374071Z [INFO] -------------------------------------------------------
Booking and optimizer integration	Immutable snapshot, reservation and database admission gates	2026-10-06T23:23:34.6903898Z [INFO] Running dev.waterflex.scheduler.TimeOffStateDatabaseIT
Booking and optimizer integration	Immutable snapshot, reservation and database admission gates	2026-10-06T23:23:34.9202728Z Mockito is currently self-attaching to enable the inline-mock-maker. This will no longer work in future releases of the JDK. Please add Mockito as an agent to your build as described in Mockito's documentation: https://javadoc.io/doc/org.mockito/mockito-core/latest/org.mockito/org/mockito/Mockito.html#0.3
Booking and optimizer integration	Immutable snapshot, reservation and database admission gates	2026-10-06T23:23:35.2724380Z OpenJDK 64-Bit Server VM warning: Sharing is only supported for boot loader classes because bootstrap classpath has been appended
Booking and optimizer integration	Immutable snapshot, reservation and database admission gates	2026-10-06T23:23:35.3214337Z WARNING: A Java agent has been loaded dynamically (/home/runner/.m2/repository/net/bytebuddy/byte-buddy-agent/1.18.11/byte-buddy-agent-1.18.11.jar)
Booking and optimizer integration	Immutable snapshot, reservation and database admission gates	2026-10-06T23:23:35.3233523Z WARNING: If a serviceability tool is in use, please run with -XX:+EnableDynamicAgentLoading to hide this warning
Booking and optimizer integration	Immutable snapshot, reservation and database admission gates	2026-10-06T23:23:35.3253551Z WARNING: If a serviceability tool is not in use, please run with -Djdk.instrument.traceUsage for more information
Booking and optimizer integration	Immutable snapshot, reservation and database admission gates	2026-10-06T23:23:35.3255168Z WARNING: Dynamic loading of agents will be disallowed by default in a future release
Booking and optimizer integration	Immutable snapshot, reservation and database admission gates	2026-10-06T23:23:37.0338221Z [INFO] Tests run: 1, Failures: 0, Errors: 0, Skipped: 0, Time elapsed: 2.299 s -- in dev.waterflex.scheduler.TimeOffStateDatabaseIT
Booking and optimizer integration	Immutable snapshot, reservation and database admission gates	2026-10-06T23:23:37.0340245Z [INFO] Running dev.waterflex.scheduler.optimizer.DailyAttemptDatabaseIT
Booking and optimizer integration	Immutable snapshot, reservation and database admission gates	2026-10-06T23:23:39.7583806Z 23:23:39.711 [daily-1df7343f-5add-436d-8120-358e50380111] INFO dev.waterflex.scheduler.optimizer.DailyOperation -- Daily operation Receipt[requestId=1df7343f-5add-436d-8120-358e50380111, outcome=FAILED, elapsedMs=283, queueMs=0, searchMs=0, cancellationElapsedMs=null, cleanupOvershootMs=null, phaseCleanupOvershootMs=0, searchOvershootMs=0, lateResult=false]
Booking and optimizer integration	Immutable snapshot, reservation and database admission gates	2026-10-06T23:23:39.8184726Z 23:23:39.775 [daily-b654dc5d-04ca-430e-9f08-f711a8aa9eea] INFO dev.waterflex.scheduler.optimizer.DailyOperation -- Daily operation Receipt[requestId=b654dc5d-04ca-430e-9f08-f711a8aa9eea, outcome=FAILED, elapsedMs=17, queueMs=null, searchMs=0, cancellationElapsedMs=null, cleanupOvershootMs=null, phaseCleanupOvershootMs=0, searchOvershootMs=0, lateResult=false]
Booking and optimizer integration	Immutable snapshot, reservation and database admission gates	2026-10-06T23:23:40.4607639Z 23:23:40.376 [daily-f15e0009-6a79-4ab9-94c9-75e5e4d9e8ff] INFO dev.waterflex.scheduler.optimizer.DailyOperation -- Daily operation Receipt[requestId=f15e0009-6a79-4ab9-94c9-75e5e4d9e8ff, outcome=FAILED, elapsedMs=18, queueMs=null, searchMs=0, cancellationElapsedMs=null, cleanupOvershootMs=null, phaseCleanupOvershootMs=0, searchOvershootMs=0, lateResult=false]
Booking and optimizer integration	Immutable snapshot, reservation and database admission gates	2026-10-06T23:23:40.4625272Z 23:23:40.390 [daily-ef339b61-7bad-4f63-9969-425780603156] INFO dev.waterflex.scheduler.optimizer.DailyOperation -- Daily operation Receipt[requestId=ef339b61-7bad-4f63-9969-425780603156, outcome=FAILED, elapsedMs=195, queueMs=0, searchMs=0, cancellationElapsedMs=null, cleanupOvershootMs=null, phaseCleanupOvershootMs=0, searchOvershootMs=0, lateResult=false]
Booking and optimizer integration	Immutable snapshot, reservation and database admission gates	2026-10-06T23:23:40.4685728Z 23:23:40.432 [daily-68444555-8d31-43b7-b94c-8ddc9f932bc2] INFO dev.waterflex.scheduler.optimizer.DailyOperation -- Daily operation Receipt[requestId=68444555-8d31-43b7-b94c-8ddc9f932bc2, outcome=FAILED, elapsedMs=18, queueMs=null, searchMs=0, cancellationElapsedMs=null, cleanupOvershootMs=null, phaseCleanupOvershootMs=0, searchOvershootMs=0, lateResult=false]
Booking and optimizer integration	Immutable snapshot, reservation and database admission gates	2026-10-06T23:23:41.0624415Z 23:23:41.006 [daily-cancellation] INFO ai.timefold.solver.core.impl.solver.DefaultSolver -- Terminating solver early.
Booking and optimizer integration	Immutable snapshot, reservation and database admission gates	2026-10-06T23:23:41.1625340Z 23:23:41.086 [daily-c96ea8f6-345f-47d4-8c14-70894b5f7039] INFO ai.timefold.solver.core.impl.solver.DefaultSolver -- Solving started: time spent (8), best score ([0/0/0/0/0]hard/[0/-4033]soft), environment mode (NO_ASSERT), move thread count (NONE), random (seed 17).
Booking and optimizer integration	Immutable snapshot, reservation and database admission gates	2026-10-06T23:23:41.1663803Z 23:23:41.087 [daily-cancellation] INFO ai.timefold.solver.core.impl.solver.DefaultSolver -- Terminating solver early.
Booking and optimizer integration	Immutable snapshot, reservation and database admission gates	2026-10-06T23:23:41.1674867Z 23:23:41.088 [daily-c96ea8f6-345f-47d4-8c14-70894b5f7039] INFO ai.timefold.solver.core.impl.solver.DefaultSolver -- Problem scale: genuine entity count (2), genuine variable count (2), approximate value count (1), approximate problem scale (3).
Booking and optimizer integration	Immutable snapshot, reservation and database admission gates	2026-10-06T23:23:41.1695020Z 23:23:41.090 [daily-c96ea8f6-345f-47d4-8c14-70894b5f7039] INFO ai.timefold.solver.core.impl.solver.DefaultSolver -- Solving ended: time spent (11), best score ([0/0/0/0/0]hard/[0/-4033]soft), move evaluation speed (0/sec), phase total (1), environment mode (NO_ASSERT), move thread count (NONE).
Booking and optimizer integration	Immutable snapshot, reservation and database admission gates	2026-10-06T23:23:41.1699812Z 23:23:41.117 [daily-c96ea8f6-345f-47d4-8c14-70894b5f7039] INFO ai.timefold.solver.core.impl.solver.DefaultSolver -- Solving started: time spent (3), best score ([0/0/0/0/0]hard/[-0.003511659807956104252400548696844992/-4033]soft), environment mode (NO_ASSERT), move thread count (NONE), random (seed 17).
Booking and optimizer integration	Immutable snapshot, reservation and database admission gates	2026-10-06T23:23:41.1734702Z 23:23:41.118 [daily-c96ea8f6-345f-47d4-8c14-70894b5f7039] INFO ai.timefold.solver.core.impl.solver.DefaultSolver -- Problem scale: genuine entity count (2), genuine variable count (2), approximate value count (1), approximate problem scale (3).
Booking and optimizer integration	Immutable snapshot, reservation and database admission gates	2026-10-06T23:23:41.2611828Z 23:23:41.212 [daily-cancellation] INFO ai.timefold.solver.core.impl.solver.DefaultSolver -- Terminating solver early.
Booking and optimizer integration	Immutable snapshot, reservation and database admission gates	2026-10-06T23:23:41.2616689Z 23:23:41.215 [daily-c96ea8f6-345f-47d4-8c14-70894b5f7039] INFO ai.timefold.solver.core.impl.localsearch.DefaultLocalSearchPhase -- Local Search phase (0) ended: time spent (101), best score ([0/0/0/0/0]hard/[-0.001659807956104252400548696844993141/-2208]soft), move evaluation speed (1113/sec), step total (1).
Booking and optimizer integration	Immutable snapshot, reservation and database admission gates	2026-10-06T23:23:41.2620449Z 23:23:41.216 [daily-c96ea8f6-345f-47d4-8c14-70894b5f7039] INFO ai.timefold.solver.core.impl.solver.DefaultSolver -- Solving ended: time spent (102), best score ([0/0/0/0/0]hard/[-0.001659807956104252400548696844993141/-2208]soft), move evaluation speed (1058/sec), phase total (1), environment mode (NO_ASSERT), move thread count (NONE).
Booking and optimizer integration	Immutable snapshot, reservation and database admission gates	2026-10-06T23:23:41.5306963Z 23:23:41.474 [daily-c96ea8f6-345f-47d4-8c14-70894b5f7039] INFO dev.waterflex.scheduler.optimizer.DailyOperation -- Daily operation Receipt[requestId=c96ea8f6-345f-47d4-8c14-70894b5f7039, outcome=COMPLETED, elapsedMs=696, queueMs=0, searchMs=307, cancellationElapsedMs=null, cleanupOvershootMs=null, phaseCleanupOvershootMs=107, searchOvershootMs=0, lateResult=false]
Booking and optimizer integration	Immutable snapshot, reservation and database admission gates	2026-10-06T23:23:41.9685563Z 23:23:41.906 [daily-298226f8-cd5d-4d88-836f-9bbd6bb7e377] INFO ai.timefold.solver.core.impl.solver.DefaultSolver -- Solving started: time spent (3), best score ([0/0/0/0/0]hard/[0/-4033]soft), environment mode (NO_ASSERT), move thread count (NONE), random (seed 17).
Booking and optimizer integration	Immutable snapshot, reservation and database admission gates	2026-10-06T23:23:41.9704878Z 23:23:41.906 [daily-298226f8-cd5d-4d88-836f-9bbd6bb7e377] INFO ai.timefold.solver.core.impl.solver.DefaultSolver -- Problem scale: genuine entity count (2), genuine variable count (2), approximate value count (1), approximate problem scale (3).
Booking and optimizer integration	Immutable snapshot, reservation and database admission gates	2026-10-06T23:23:42.0656046Z 23:23:42.002 [daily-cancellation] INFO ai.timefold.solver.core.impl.solver.DefaultSolver -- Terminating solver early.
Booking and optimizer integration	Immutable snapshot, reservation and database admission gates	2026-10-06T23:23:42.0675160Z 23:23:42.003 [daily-298226f8-cd5d-4d88-836f-9bbd6bb7e377] INFO ai.timefold.solver.core.impl.localsearch.DefaultLocalSearchPhase -- Local Search phase (0) ended: time spent (100), best score ([0/0/0/0/0]hard/[0/-2208]soft), move evaluation speed (2206/sec), step total (1).
Booking and optimizer integration	Immutable snapshot, reservation and database admission gates	2026-10-06T23:23:42.0715123Z 23:23:42.003 [daily-298226f8-cd5d-4d88-836f-9bbd6bb7e377] INFO ai.timefold.solver.core.impl.solver.DefaultSolver -- Solving ended: time spent (100), best score ([0/0/0/0/0]hard/[0/-2208]soft), move evaluation speed (2140/sec), phase total (1), environment mode (NO_ASSERT), move thread count (NONE).
Booking and optimizer integration	Immutable snapshot, reservation and database admission gates	2026-10-06T23:23:42.0755272Z 23:23:42.016 [daily-298226f8-cd5d-4d88-836f-9bbd6bb7e377] INFO ai.timefold.solver.core.impl.solver.DefaultSolver -- Solving started: time spent (2), best score ([0/0/0/0/0]hard/[-0.001659807956104252400548696844993141/-2208]soft), environment mode (NO_ASSERT), move thread count (NONE), random (seed 17).
Booking and optimizer integration	Immutable snapshot, reservation and database admission gates	2026-10-06T23:23:42.1165526Z 23:23:42.016 [daily-298226f8-cd5d-4d88-836f-9bbd6bb7e377] INFO ai.timefold.solver.core.impl.solver.DefaultSolver -- Problem scale: genuine entity count (2), genuine variable count (2), approximate value count (1), approximate problem scale (3).
Booking and optimizer integration	Immutable snapshot, reservation and database admission gates	2026-10-06T23:23:42.1706044Z 23:23:42.114 [daily-298226f8-cd5d-4d88-836f-9bbd6bb7e377] INFO ai.timefold.solver.core.impl.localsearch.DefaultLocalSearchPhase -- Local Search phase (0) ended: time spent (100), best score ([0/0/0/0/0]hard/[-0.001659807956104252400548696844993141/-2208]soft), move evaluation speed (3402/sec), step total (1).
Booking and optimizer integration	Immutable snapshot, reservation and database admission gates	2026-10-06T23:23:42.1713721Z 23:23:42.114 [daily-298226f8-cd5d-4d88-836f-9bbd6bb7e377] INFO ai.timefold.solver.core.impl.solver.DefaultSolver -- Solving ended: time spent (100), best score ([0/0/0/0/0]hard/[-0.001659807956104252400548696844993141/-2208]soft), move evaluation speed (3300/sec), phase total (1), environment mode (NO_ASSERT), move thread count (NONE).
Booking and optimizer integration	Immutable snapshot, reservation and database admission gates	2026-10-06T23:23:42.1723781Z 23:23:42.162 [daily-298226f8-cd5d-4d88-836f-9bbd6bb7e377] INFO dev.waterflex.scheduler.optimizer.DailyOperation -- Daily operation Receipt[requestId=298226f8-cd5d-4d88-836f-9bbd6bb7e377, outcome=FAILED, elapsedMs=385, queueMs=0, searchMs=213, cancellationElapsedMs=null, cleanupOvershootMs=null, phaseCleanupOvershootMs=13, searchOvershootMs=0, lateResult=false]
Booking and optimizer integration	Immutable snapshot, reservation and database admission gates	2026-10-06T23:23:42.7817723Z 23:23:42.721 [daily-14a7eb8c-03be-41b4-abb7-a5611dbe09f3] INFO dev.waterflex.scheduler.optimizer.DailyOperation -- Daily operation Receipt[requestId=14a7eb8c-03be-41b4-abb7-a5611dbe09f3, outcome=COMPLETED, elapsedMs=160, queueMs=0, searchMs=0, cancellationElapsedMs=null, cleanupOvershootMs=null, phaseCleanupOvershootMs=0, searchOvershootMs=0, lateResult=false]
Booking and optimizer integration	Immutable snapshot, reservation and database admission gates	2026-10-06T23:23:42.7840591Z 23:23:42.762 [daily-c37e8966-d1d2-4e6e-88e6-3c2e567866ca] INFO dev.waterflex.scheduler.optimizer.DailyOperation -- Daily operation Receipt[requestId=c37e8966-d1d2-4e6e-88e6-3c2e567866ca, outcome=COMPLETED, elapsedMs=26, queueMs=null, searchMs=0, cancellationElapsedMs=null, cleanupOvershootMs=null, phaseCleanupOvershootMs=0, searchOvershootMs=0, lateResult=false]
Booking and optimizer integration	Immutable snapshot, reservation and database admission gates	2026-10-06T23:23:42.8061120Z 23:23:42.777 [daily-113831a5-6f48-46ec-9fdc-09b3b7f43538] INFO dev.waterflex.scheduler.optimizer.DailyOperation -- Daily operation Receipt[requestId=113831a5-6f48-46ec-9fdc-09b3b7f43538, outcome=FAILED, elapsedMs=16, queueMs=null, searchMs=0, cancellationElapsedMs=null, cleanupOvershootMs=null, phaseCleanupOvershootMs=0, searchOvershootMs=0, lateResult=false]
Booking and optimizer integration	Immutable snapshot, reservation and database admission gates	2026-10-06T23:23:43.3775372Z 23:23:43.286 [daily-0ccb59ca-7c8f-481f-855b-410a9777daec] INFO ai.timefold.solver.core.impl.solver.DefaultSolver -- Solving started: time spent (2), best score ([0/0/0/0/0]hard/[0/-4033]soft), environment mode (NO_ASSERT), move thread count (NONE), random (seed 17).
Booking and optimizer integration	Immutable snapshot, reservation and database admission gates	2026-10-06T23:23:43.3779545Z 23:23:43.286 [daily-0ccb59ca-7c8f-481f-855b-410a9777daec] INFO ai.timefold.solver.core.impl.solver.DefaultSolver -- Problem scale: genuine entity count (2), genuine variable count (2), approximate value count (1), approximate problem scale (3).
Booking and optimizer integration	Immutable snapshot, reservation and database admission gates	2026-10-06T23:23:43.4741035Z 23:23:43.384 [daily-0ccb59ca-7c8f-481f-855b-410a9777daec] INFO ai.timefold.solver.core.impl.localsearch.DefaultLocalSearchPhase -- Local Search phase (0) ended: time spent (100), best score ([0/0/0/0/0]hard/[0/-2208]soft), move evaluation speed (8091/sec), step total (1).
Booking and optimizer integration	Immutable snapshot, reservation and database admission gates	2026-10-06T23:23:43.4765211Z 23:23:43.384 [daily-0ccb59ca-7c8f-481f-855b-410a9777daec] INFO ai.timefold.solver.core.impl.solver.DefaultSolver -- Solving ended: time spent (100), best score ([0/0/0/0/0]hard/[0/-2208]soft), move evaluation speed (7930/sec), phase total (1), environment mode (NO_ASSERT), move thread count (NONE).
Booking and optimizer integration	Immutable snapshot, reservation and database admission gates	2026-10-06T23:23:43.4785172Z 23:23:43.400 [daily-0ccb59ca-7c8f-481f-855b-410a9777daec] INFO ai.timefold.solver.core.impl.solver.DefaultSolver -- Solving started: time spent (4), best score ([0/0/0/0/0]hard/[-0.001659807956104252400548696844993141/-2208]soft), environment mode (NO_ASSERT), move thread count (NONE), random (seed 17).
Booking and optimizer integration	Immutable snapshot, reservation and database admission gates	2026-10-06T23:23:43.4804695Z 23:23:43.400 [daily-0ccb59ca-7c8f-481f-855b-410a9777daec] INFO ai.timefold.solver.core.impl.solver.DefaultSolver -- Problem scale: genuine entity count (2), genuine variable count (2), approximate value count (1), approximate problem scale (3).
Booking and optimizer integration	Immutable snapshot, reservation and database admission gates	2026-10-06T23:23:43.5781094Z 23:23:43.496 [daily-0ccb59ca-7c8f-481f-855b-410a9777daec] INFO ai.timefold.solver.core.impl.localsearch.DefaultLocalSearchPhase -- Local Search phase (0) ended: time spent (100), best score ([0/0/0/0/0]hard/[-0.001659807956104252400548696844993141/-2208]soft), move evaluation speed (6729/sec), step total (1).
Booking and optimizer integration	Immutable snapshot, reservation and database admission gates	2026-10-06T23:23:43.5787146Z 23:23:43.497 [daily-0ccb59ca-7c8f-481f-855b-410a9777daec] INFO ai.timefold.solver.core.impl.solver.DefaultSolver -- Solving ended: time spent (101), best score ([0/0/0/0/0]hard/[-0.001659807956104252400548696844993141/-2208]soft), move evaluation speed (6396/sec), phase total (1), environment mode (NO_ASSERT), move thread count (NONE).
Booking and optimizer integration	Immutable snapshot, reservation and database admission gates	2026-10-06T23:23:43.6909399Z 23:23:43.587 [daily-0ccb59ca-7c8f-481f-855b-410a9777daec] INFO dev.waterflex.scheduler.optimizer.DailyOperation -- Daily operation Receipt[requestId=0ccb59ca-7c8f-481f-855b-410a9777daec, outcome=FAILED, elapsedMs=447, queueMs=0, searchMs=213, cancellationElapsedMs=null, cleanupOvershootMs=null, phaseCleanupOvershootMs=13, searchOvershootMs=0, lateResult=false]
Booking and optimizer integration	Immutable snapshot, reservation and database admission gates	2026-10-06T23:23:44.0963527Z 23:23:44.038 [daily-5fbf653b-3592-4f3b-a8ba-b197053e4118] INFO ai.timefold.solver.core.impl.solver.DefaultSolver -- Solving started: time spent (3), best score ([0/0/0/0/0]hard/[0/-4033]soft), environment mode (NO_ASSERT), move thread count (NONE), random (seed 17).
Booking and optimizer integration	Immutable snapshot, reservation and database admission gates	2026-10-06T23:23:44.0993723Z 23:23:44.038 [daily-5fbf653b-3592-4f3b-a8ba-b197053e4118] INFO ai.timefold.solver.core.impl.solver.DefaultSolver -- Problem scale: genuine entity count (2), genuine variable count (2), approximate value count (1), approximate problem scale (3).
Booking and optimizer integration	Immutable snapshot, reservation and database admission gates	2026-10-06T23:23:44.1945043Z 23:23:44.129 [daily-cancellation] INFO ai.timefold.solver.core.impl.solver.DefaultSolver -- Terminating solver early.
Booking and optimizer integration	Immutable snapshot, reservation and database admission gates	2026-10-06T23:23:44.1970241Z 23:23:44.129 [daily-5fbf653b-3592-4f3b-a8ba-b197053e4118] INFO ai.timefold.solver.core.impl.localsearch.DefaultLocalSearchPhase -- Local Search phase (0) ended: time spent (94), best score ([0/0/0/0/0]hard/[0/-2208]soft), move evaluation speed (18131/sec), step total (2).
Booking and optimizer integration	Immutable snapshot, reservation and database admission gates	2026-10-06T23:23:44.2173323Z 23:23:44.130 [daily-5fbf653b-3592-4f3b-a8ba-b197053e4118] INFO ai.timefold.solver.core.impl.solver.DefaultSolver -- Solving ended: time spent (95), best score ([0/0/0/0/0]hard/[0/-2208]soft), move evaluation speed (17368/sec), phase total (1), environment mode (NO_ASSERT), move thread count (NONE).
Booking and optimizer integration	Immutable snapshot, reservation and database admission gates	2026-10-06T23:23:44.2215183Z 23:23:44.137 [daily-5fbf653b-3592-4f3b-a8ba-b197053e4118] INFO ai.timefold.solver.core.impl.solver.DefaultSolver -- Solving started: time spent (2), best score ([0/0/0/0/0]hard/[-0.001659807956104252400548696844993141/-2208]soft), environment mode (NO_ASSERT), move thread count (NONE), random (seed 17).
Booking and optimizer integration	Immutable snapshot, reservation and database admission gates	2026-10-06T23:23:44.2300273Z 23:23:44.137 [daily-5fbf653b-3592-4f3b-a8ba-b197053e4118] INFO ai.timefold.solver.core.impl.solver.DefaultSolver -- Problem scale: genuine entity count (2), genuine variable count (2), approximate value count (1), approximate problem scale (3).
Booking and optimizer integration	Immutable snapshot, reservation and database admission gates	2026-10-06T23:23:44.2763745Z 23:23:44.235 [daily-5fbf653b-3592-4f3b-a8ba-b197053e4118] INFO ai.timefold.solver.core.impl.localsearch.DefaultLocalSearchPhase -- Local Search phase (0) ended: time spent (100), best score ([0/0/0/0/0]hard/[-0.001659807956104252400548696844993141/-2208]soft), move evaluation speed (14397/sec), step total (2).
Booking and optimizer integration	Immutable snapshot, reservation and database admission gates	2026-10-06T23:23:44.2770792Z 23:23:44.235 [daily-5fbf653b-3592-4f3b-a8ba-b197053e4118] INFO ai.timefold.solver.core.impl.solver.DefaultSolver -- Solving ended: time spent (100), best score ([0/0/0/0/0]hard/[-0.001659807956104252400548696844993141/-2208]soft), move evaluation speed (14110/sec), phase total (1), environment mode (NO_ASSERT), move thread count (NONE).
Booking and optimizer integration	Immutable snapshot, reservation and database admission gates	2026-10-06T23:23:44.3767899Z 23:23:44.317 [daily-5fbf653b-3592-4f3b-a8ba-b197053e4118] INFO dev.waterflex.scheduler.optimizer.DailyOperation -- Daily operation Receipt[requestId=5fbf653b-3592-4f3b-a8ba-b197053e4118, outcome=FAILED, elapsedMs=395, queueMs=0, searchMs=206, cancellationElapsedMs=null, cleanupOvershootMs=null, phaseCleanupOvershootMs=6, searchOvershootMs=0, lateResult=false]
Booking and optimizer integration	Immutable snapshot, reservation and database admission gates	2026-10-06T23:23:44.8048903Z 23:23:44.773 [daily-899c3821-d424-452d-8846-32a1a8053ead] INFO ai.timefold.solver.core.impl.solver.DefaultSolver -- Solving started: time spent (3), best score ([0/0/0/0/0]hard/[0/-4033]soft), environment mode (NO_ASSERT), move thread count (NONE), random (seed 17).
Booking and optimizer integration	Immutable snapshot, reservation and database admission gates	2026-10-06T23:23:44.8236652Z 23:23:44.774 [daily-899c3821-d424-452d-8846-32a1a8053ead] INFO ai.timefold.solver.core.impl.solver.DefaultSolver -- Problem scale: genuine entity count (2), genuine variable count (2), approximate value count (1), approximate problem scale (3).
Booking and optimizer integration	Immutable snapshot, reservation and database admission gates	2026-10-06T23:23:44.8985691Z 23:23:44.870 [daily-899c3821-d424-452d-8846-32a1a8053ead] INFO ai.timefold.solver.core.impl.localsearch.DefaultLocalSearchPhase -- Local Search phase (0) ended: time spent (100), best score ([0/0/0/0/0]hard/[0/-2208]soft), move evaluation speed (22312/sec), step total (2).
Booking and optimizer integration	Immutable snapshot, reservation and database admission gates	2026-10-06T23:23:44.9156722Z 23:23:44.870 [daily-899c3821-d424-452d-8846-32a1a8053ead] INFO ai.timefold.solver.core.impl.solver.DefaultSolver -- Solving ended: time spent (100), best score ([0/0/0/0/0]hard/[0/-2208]soft), move evaluation speed (21420/sec), phase total (1), environment mode (NO_ASSERT), move thread count (NONE).
Booking and optimizer integration	Immutable snapshot, reservation and database admission gates	2026-10-06T23:23:44.9915910Z 23:23:44.878 [daily-899c3821-d424-452d-8846-32a1a8053ead] INFO ai.timefold.solver.core.impl.solver.DefaultSolver -- Solving started: time spent (2), best score ([0/0/0/0/0]hard/[-0.001659807956104252400548696844993141/-2208]soft), environment mode (NO_ASSERT), move thread count (NONE), random (seed 17).
Booking and optimizer integration	Immutable snapshot, reservation and database admission gates	2026-10-06T23:23:44.9961687Z 23:23:44.878 [daily-899c3821-d424-452d-8846-32a1a8053ead] INFO ai.timefold.solver.core.impl.solver.DefaultSolver -- Problem scale: genuine entity count (2), genuine variable count (2), approximate value count (1), approximate problem scale (3).
Booking and optimizer integration	Immutable snapshot, reservation and database admission gates	2026-10-06T23:23:44.9965388Z 23:23:44.974 [daily-cancellation] INFO ai.timefold.solver.core.impl.solver.DefaultSolver -- Terminating solver early.
Booking and optimizer integration	Immutable snapshot, reservation and database admission gates	2026-10-06T23:23:44.9969728Z 23:23:44.975 [daily-899c3821-d424-452d-8846-32a1a8053ead] INFO ai.timefold.solver.core.impl.localsearch.DefaultLocalSearchPhase -- Local Search phase (0) ended: time spent (99), best score ([0/0/0/0/0]hard/[-0.001659807956104252400548696844993141/-2208]soft), move evaluation speed (18195/sec), step total (2).
Booking and optimizer integration	Immutable snapshot, reservation and database admission gates	2026-10-06T23:23:44.9978275Z 23:23:44.975 [daily-899c3821-d424-452d-8846-32a1a8053ead] INFO ai.timefold.solver.core.impl.solver.DefaultSolver -- Solving ended: time spent (99), best score ([0/0/0/0/0]hard/[-0.001659807956104252400548696844993141/-2208]soft), move evaluation speed (17828/sec), phase total (1), environment mode (NO_ASSERT), move thread count (NONE).
Booking and optimizer integration	Immutable snapshot, reservation and database admission gates	2026-10-06T23:23:45.0975959Z 23:23:45.045 [daily-899c3821-d424-452d-8846-32a1a8053ead] INFO dev.waterflex.scheduler.optimizer.DailyOperation -- Daily operation Receipt[requestId=899c3821-d424-452d-8846-32a1a8053ead, outcome=FAILED, elapsedMs=400, queueMs=0, searchMs=209, cancellationElapsedMs=null, cleanupOvershootMs=null, phaseCleanupOvershootMs=9, searchOvershootMs=0, lateResult=false]
Booking and optimizer integration	Immutable snapshot, reservation and database admission gates	2026-10-06T23:23:45.6015682Z 23:23:45.539 [daily-a77f4874-7f6c-4c59-b0d0-039c521bfc2c] INFO ai.timefold.solver.core.impl.solver.DefaultSolver -- Solving started: time spent (3), best score ([0/0/0/0/0]hard/[0/-4033]soft), environment mode (NO_ASSERT), move thread count (NONE), random (seed 17).
Booking and optimizer integration	Immutable snapshot, reservation and database admission gates	2026-10-06T23:23:45.6019567Z 23:23:45.540 [daily-a77f4874-7f6c-4c59-b0d0-039c521bfc2c] INFO ai.timefold.solver.core.impl.solver.DefaultSolver -- Problem scale: genuine entity count (2), genuine variable count (2), approximate value count (1), approximate problem scale (3).
Booking and optimizer integration	Immutable snapshot, reservation and database admission gates	2026-10-06T23:23:45.6845694Z 23:23:45.631 [daily-cancellation] INFO ai.timefold.solver.core.impl.solver.DefaultSolver -- Terminating solver early.
Booking and optimizer integration	Immutable snapshot, reservation and database admission gates	2026-10-06T23:23:45.6865110Z 23:23:45.631 [daily-a77f4874-7f6c-4c59-b0d0-039c521bfc2c] INFO ai.timefold.solver.core.impl.localsearch.DefaultLocalSearchPhase -- Local Search phase (0) ended: time spent (95), best score ([0/0/0/0/0]hard/[0/-2208]soft), move evaluation speed (27219/sec), step total (2).
Booking and optimizer integration	Immutable snapshot, reservation and database admission gates	2026-10-06T23:23:45.6869499Z 23:23:45.631 [daily-a77f4874-7f6c-4c59-b0d0-039c521bfc2c] INFO ai.timefold.solver.core.impl.solver.DefaultSolver -- Solving ended: time spent (95), best score ([0/0/0/0/0]hard/[0/-2208]soft), move evaluation speed (26073/sec), phase total (1), environment mode (NO_ASSERT), move thread count (NONE).
Booking and optimizer integration	Immutable snapshot, reservation and database admission gates	2026-10-06T23:23:45.6885149Z 23:23:45.637 [daily-a77f4874-7f6c-4c59-b0d0-039c521bfc2c] INFO ai.timefold.solver.core.impl.solver.DefaultSolver -- Solving started: time spent (1), best score ([0/0/0/0/0]hard/[-0.001659807956104252400548696844993141/-2208]soft), environment mode (NO_ASSERT), move thread count (NONE), random (seed 17).
Booking and optimizer integration	Immutable snapshot, reservation and database admission gates	2026-10-06T23:23:45.6889323Z 23:23:45.638 [daily-a77f4874-7f6c-4c59-b0d0-039c521bfc2c] INFO ai.timefold.solver.core.impl.solver.DefaultSolver -- Problem scale: genuine entity count (2), genuine variable count (2), approximate value count (1), approximate problem scale (3).
Booking and optimizer integration	Immutable snapshot, reservation and database admission gates	2026-10-06T23:23:45.7846350Z 23:23:45.736 [daily-a77f4874-7f6c-4c59-b0d0-039c521bfc2c] INFO ai.timefold.solver.core.impl.localsearch.DefaultLocalSearchPhase -- Local Search phase (0) ended: time spent (100), best score ([0/0/0/0/0]hard/[-0.001659807956104252400548696844993141/-2208]soft), move evaluation speed (22459/sec), step total (2).
Booking and optimizer integration	Immutable snapshot, reservation and database admission gates	2026-10-06T23:23:45.7855783Z 23:23:45.736 [daily-a77f4874-7f6c-4c59-b0d0-039c521bfc2c] INFO ai.timefold.solver.core.impl.solver.DefaultSolver -- Solving ended: time spent (100), best score ([0/0/0/0/0]hard/[-0.001659807956104252400548696844993141/-2208]soft), move evaluation speed (22010/sec), phase total (1), environment mode (NO_ASSERT), move thread count (NONE).
Booking and optimizer integration	Immutable snapshot, reservation and database admission gates	2026-10-06T23:23:45.8847358Z 23:23:45.817 [daily-a77f4874-7f6c-4c59-b0d0-039c521bfc2c] INFO dev.waterflex.scheduler.optimizer.DailyOperation -- Daily operation Receipt[requestId=a77f4874-7f6c-4c59-b0d0-039c521bfc2c, outcome=FAILED, elapsedMs=434, queueMs=0, searchMs=204, cancellationElapsedMs=null, cleanupOvershootMs=null, phaseCleanupOvershootMs=4, searchOvershootMs=0, lateResult=false]
Booking and optimizer integration	Immutable snapshot, reservation and database admission gates	2026-10-06T23:23:46.2855549Z 23:23:46.258 [daily-7a8ee3d9-6180-4afb-9ba1-72d7be15ac55] INFO ai.timefold.solver.core.impl.solver.DefaultSolver -- Solving started: time spent (1), best score ([0/0/0/0/0]hard/[0/-4033]soft), environment mode (NO_ASSERT), move thread count (NONE), random (seed 17).
Booking and optimizer integration	Immutable snapshot, reservation and database admission gates	2026-10-06T23:23:46.2859398Z 23:23:46.259 [daily-7a8ee3d9-6180-4afb-9ba1-72d7be15ac55] INFO ai.timefold.solver.core.impl.solver.DefaultSolver -- Problem scale: genuine entity count (2), genuine variable count (2), approximate value count (1), approximate problem scale (3).
Booking and optimizer integration	Immutable snapshot, reservation and database admission gates	2026-10-06T23:23:46.3854627Z 23:23:46.356 [daily-cancellation] INFO ai.timefold.solver.core.impl.solver.DefaultSolver -- Terminating solver early.
Booking and optimizer integration	Immutable snapshot, reservation and database admission gates	2026-10-06T23:23:46.3857734Z 23:23:46.359 [daily-7a8ee3d9-6180-4afb-9ba1-72d7be15ac55] INFO ai.timefold.solver.core.impl.localsearch.DefaultLocalSearchPhase -- Local Search phase (0) ended: time spent (102), best score ([0/0/0/0/0]hard/[0/-2208]soft), move evaluation speed (32940/sec), step total (2).
Booking and optimizer integration	Immutable snapshot, reservation and database admission gates	2026-10-06T23:23:46.3861817Z 23:23:46.359 [daily-7a8ee3d9-6180-4afb-9ba1-72d7be15ac55] INFO ai.timefold.solver.core.impl.solver.DefaultSolver -- Solving ended: time spent (102), best score ([0/0/0/0/0]hard/[0/-2208]soft), move evaluation speed (32294/sec), phase total (1), environment mode (NO_ASSERT), move thread count (NONE).
Booking and optimizer integration	Immutable snapshot, reservation and database admission gates	2026-10-06T23:23:46.3866424Z 23:23:46.365 [daily-7a8ee3d9-6180-4afb-9ba1-72d7be15ac55] INFO ai.timefold.solver.core.impl.solver.DefaultSolver -- Solving started: time spent (1), best score ([0/0/0/0/0]hard/[-0.001659807956104252400548696844993141/-2208]soft), environment mode (NO_ASSERT), move thread count (NONE), random (seed 17).
Booking and optimizer integration	Immutable snapshot, reservation and database admission gates	2026-10-06T23:23:46.3871082Z 23:23:46.366 [daily-7a8ee3d9-6180-4afb-9ba1-72d7be15ac55] INFO ai.timefold.solver.core.impl.solver.DefaultSolver -- Problem scale: genuine entity count (2), genuine variable count (2), approximate value count (1), approximate problem scale (3).
Booking and optimizer integration	Immutable snapshot, reservation and database admission gates	2026-10-06T23:23:46.4919318Z 23:23:46.464 [daily-7a8ee3d9-6180-4afb-9ba1-72d7be15ac55] INFO ai.timefold.solver.core.impl.localsearch.DefaultLocalSearchPhase -- Local Search phase (0) ended: time spent (100), best score ([0/0/0/0/0]hard/[-0.001659807956104252400548696844993141/-2208]soft), move evaluation speed (26397/sec), step total (2).
Booking and optimizer integration	Immutable snapshot, reservation and database admission gates	2026-10-06T23:23:46.4929782Z 23:23:46.464 [daily-7a8ee3d9-6180-4afb-9ba1-72d7be15ac55] INFO ai.timefold.solver.core.impl.solver.DefaultSolver -- Solving ended: time spent (100), best score ([0/0/0/0/0]hard/[-0.001659807956104252400548696844993141/-2208]soft), move evaluation speed (25870/sec), phase total (1), environment mode (NO_ASSERT), move thread count (NONE).
Booking and optimizer integration	Immutable snapshot, reservation and database admission gates	2026-10-06T23:23:46.5901402Z 23:23:46.510 [daily-7a8ee3d9-6180-4afb-9ba1-72d7be15ac55] INFO dev.waterflex.scheduler.optimizer.DailyOperation -- Daily operation Receipt[requestId=7a8ee3d9-6180-4afb-9ba1-72d7be15ac55, outcome=FAILED, elapsedMs=359, queueMs=0, searchMs=211, cancellationElapsedMs=null, cleanupOvershootMs=null, phaseCleanupOvershootMs=11, searchOvershootMs=0, lateResult=false]
Booking and optimizer integration	Immutable snapshot, reservation and database admission gates	2026-10-06T23:23:47.1926196Z 23:23:47.108 [daily-192d4632-99cb-40b2-9cae-30ce54f8401e] INFO ai.timefold.solver.core.impl.solver.DefaultSolver -- Solving started: time spent (1), best score ([0/0/0/0/0]hard/[0/-4033]soft), environment mode (NO_ASSERT), move thread count (NONE), random (seed 17).
Booking and optimizer integration	Immutable snapshot, reservation and database admission gates	2026-10-06T23:23:47.1955389Z 23:23:47.108 [daily-192d4632-99cb-40b2-9cae-30ce54f8401e] INFO ai.timefold.solver.core.impl.solver.DefaultSolver -- Problem scale: genuine entity count (2), genuine variable count (2), approximate value count (1), approximate problem scale (3).
Booking and optimizer integration	Immutable snapshot, reservation and database admission gates	2026-10-06T23:23:47.2914198Z 23:23:47.197 [daily-cancellation] INFO ai.timefold.solver.core.impl.solver.DefaultSolver -- Terminating solver early.
Booking and optimizer integration	Immutable snapshot, reservation and database admission gates	2026-10-06T23:23:47.2955059Z 23:23:47.197 [daily-192d4632-99cb-40b2-9cae-30ce54f8401e] INFO ai.timefold.solver.core.impl.localsearch.DefaultLocalSearchPhase -- Local Search phase (0) ended: time spent (90), best score ([0/0/0/0/0]hard/[0/-2208]soft), move evaluation speed (43022/sec), step total (2).
Booking and optimizer integration	Immutable snapshot, reservation and database admission gates	2026-10-06T23:23:47.2975160Z 23:23:47.197 [daily-192d4632-99cb-40b2-9cae-30ce54f8401e] INFO ai.timefold.solver.core.impl.solver.DefaultSolver -- Solving ended: time spent (90), best score ([0/0/0/0/0]hard/[0/-2208]soft), move evaluation speed (42544/sec), phase total (1), environment mode (NO_ASSERT), move thread count (NONE).
Booking and optimizer integration	Immutable snapshot, reservation and database admission gates	2026-10-06T23:23:47.2979815Z 23:23:47.203 [daily-192d4632-99cb-40b2-9cae-30ce54f8401e] INFO ai.timefold.solver.core.impl.solver.DefaultSolver -- Solving started: time spent (1), best score ([0/0/0/0/0]hard/[-0.001659807956104252400548696844993141/-2208]soft), environment mode (NO_ASSERT), move thread count (NONE), random (seed 17).
Booking and optimizer integration	Immutable snapshot, reservation and database admission gates	2026-10-06T23:23:47.3004641Z 23:23:47.203 [daily-192d4632-99cb-40b2-9cae-30ce54f8401e] INFO ai.timefold.solver.core.impl.solver.DefaultSolver -- Problem scale: genuine entity count (2), genuine variable count (2), approximate value count (1), approximate problem scale (3).
Booking and optimizer integration	Immutable snapshot, reservation and database admission gates	2026-10-06T23:23:47.3944288Z 23:23:47.300 [daily-cancellation] INFO ai.timefold.solver.core.impl.solver.DefaultSolver -- Terminating solver early.
Booking and optimizer integration	Immutable snapshot, reservation and database admission gates	2026-10-06T23:23:47.3948322Z 23:23:47.300 [daily-192d4632-99cb-40b2-9cae-30ce54f8401e] INFO ai.timefold.solver.core.impl.localsearch.DefaultLocalSearchPhase -- Local Search phase (0) ended: time spent (98), best score ([0/0/0/0/0]hard/[-0.001659807956104252400548696844993141/-2208]soft), move evaluation speed (31041/sec), step total (2).
Booking and optimizer integration	Immutable snapshot, reservation and database admission gates	2026-10-06T23:23:47.3975749Z 23:23:47.300 [daily-192d4632-99cb-40b2-9cae-30ce54f8401e] INFO ai.timefold.solver.core.impl.solver.DefaultSolver -- Solving ended: time spent (98), best score ([0/0/0/0/0]hard/[-0.001659807956104252400548696844993141/-2208]soft), move evaluation speed (30408/sec), phase total (1), environment mode (NO_ASSERT), move thread count (NONE).
Booking and optimizer integration	Immutable snapshot, reservation and database admission gates	2026-10-06T23:23:47.3997504Z 23:23:47.376 [daily-192d4632-99cb-40b2-9cae-30ce54f8401e] INFO dev.waterflex.scheduler.optimizer.DailyOperation -- Daily operation Receipt[requestId=192d4632-99cb-40b2-9cae-30ce54f8401e, outcome=COMPLETED, elapsedMs=374, queueMs=0, searchMs=202, cancellationElapsedMs=null, cleanupOvershootMs=null, phaseCleanupOvershootMs=2, searchOvershootMs=0, lateResult=false]
Booking and optimizer integration	Immutable snapshot, reservation and database admission gates	2026-10-06T23:23:47.7926832Z 23:23:47.727 [daily-4956cf6f-ef15-49ab-a434-04b14206c801] INFO dev.waterflex.scheduler.optimizer.DailyOperation -- Daily operation Receipt[requestId=4956cf6f-ef15-49ab-a434-04b14206c801, outcome=COMPLETED, elapsedMs=169, queueMs=0, searchMs=0, cancellationElapsedMs=null, cleanupOvershootMs=null, phaseCleanupOvershootMs=0, searchOvershootMs=0, lateResult=false]
Booking and optimizer integration	Immutable snapshot, reservation and database admission gates	2026-10-06T23:23:47.7955912Z 23:23:47.757 [daily-bf7ec80d-dc48-4f08-8ac8-afd4ebc5bbc9] INFO dev.waterflex.scheduler.optimizer.DailyOperation -- Daily operation Receipt[requestId=bf7ec80d-dc48-4f08-8ac8-afd4ebc5bbc9, outcome=COMPLETED, elapsedMs=19, queueMs=null, searchMs=0, cancellationElapsedMs=null, cleanupOvershootMs=null, phaseCleanupOvershootMs=0, searchOvershootMs=0, lateResult=false]
Booking and optimizer integration	Immutable snapshot, reservation and database admission gates	2026-10-06T23:23:47.7961825Z 23:23:47.775 [daily-055833b4-1258-4a83-a811-f8528be08b3a] INFO dev.waterflex.scheduler.optimizer.DailyOperation -- Daily operation Receipt[requestId=055833b4-1258-4a83-a811-f8528be08b3a, outcome=FAILED, elapsedMs=16, queueMs=null, searchMs=0, cancellationElapsedMs=null, cleanupOvershootMs=null, phaseCleanupOvershootMs=0, searchOvershootMs=0, lateResult=false]
Booking and optimizer integration	Immutable snapshot, reservation and database admission gates	2026-10-06T23:23:47.8286996Z 23:23:47.812 [daily-6382afff-750b-43c5-a742-9015df53d9ee] INFO dev.waterflex.scheduler.optimizer.DailyOperation -- Daily operation Receipt[requestId=6382afff-750b-43c5-a742-9015df53d9ee, outcome=FAILED, elapsedMs=14, queueMs=null, searchMs=0, cancellationElapsedMs=null, cleanupOvershootMs=null, phaseCleanupOvershootMs=0, searchOvershootMs=0, lateResult=false]
Booking and optimizer integration	Immutable snapshot, reservation and database admission gates	2026-10-06T23:23:47.8534768Z [INFO] Tests run: 9, Failures: 0, Errors: 0, Skipped: 0, Time elapsed: 10.85 s -- in dev.waterflex.scheduler.optimizer.DailyAttemptDatabaseIT
Booking and optimizer integration	Immutable snapshot, reservation and database admission gates	2026-10-06T23:23:47.8593545Z [INFO] Running dev.waterflex.scheduler.SearchDatabaseAdmissionIT
Booking and optimizer integration	Immutable snapshot, reservation and database admission gates	2026-10-06T23:23:47.9940423Z 23:23:47.862 [main] INFO com.zaxxer.hikari.HikariDataSource -- HikariPool-1 - Starting...
Booking and optimizer integration	Immutable snapshot, reservation and database admission gates	2026-10-06T23:23:47.9954638Z 23:23:47.894 [main] INFO com.zaxxer.hikari.pool.HikariPool -- HikariPool-1 - Added connection org.postgresql.jdbc.PgConnection@6aad919c
Booking and optimizer integration	Immutable snapshot, reservation and database admission gates	2026-10-06T23:23:47.9956624Z 23:23:47.895 [main] INFO com.zaxxer.hikari.HikariDataSource -- HikariPool-1 - Start completed.
Booking and optimizer integration	Immutable snapshot, reservation and database admission gates	2026-10-06T23:23:48.1904227Z 23:23:48.179 [main] INFO com.zaxxer.hikari.HikariDataSource -- HikariPool-1 - Shutdown initiated...
Booking and optimizer integration	Immutable snapshot, reservation and database admission gates	2026-10-06T23:23:48.1973766Z 23:23:48.186 [main] INFO com.zaxxer.hikari.HikariDataSource -- HikariPool-1 - Shutdown completed.
Booking and optimizer integration	Immutable snapshot, reservation and database admission gates	2026-10-06T23:23:48.2043781Z [INFO] Tests run: 1, Failures: 0, Errors: 0, Skipped: 0, Time elapsed: 0.357 s -- in dev.waterflex.scheduler.SearchDatabaseAdmissionIT
Booking and optimizer integration	Immutable snapshot, reservation and database admission gates	2026-10-06T23:23:48.2092475Z [INFO] Running dev.waterflex.scheduler.MonetaryMigrationDatabaseIT
Booking and optimizer integration	Immutable snapshot, reservation and database admission gates	2026-10-06T23:23:48.6174573Z [INFO] Tests run: 3, Failures: 0, Errors: 0, Skipped: 0, Time elapsed: 0.408 s -- in dev.waterflex.scheduler.MonetaryMigrationDatabaseIT
Booking and optimizer integration	Immutable snapshot, reservation and database admission gates	2026-10-06T23:23:48.9413559Z [INFO] 
Booking and optimizer integration	Immutable snapshot, reservation and database admission gates	2026-10-06T23:23:48.9425841Z [INFO] Results:
Booking and optimizer integration	Immutable snapshot, reservation and database admission gates	2026-10-06T23:23:48.9434379Z [INFO] 
Booking and optimizer integration	Immutable snapshot, reservation and database admission gates	2026-10-06T23:23:48.9435368Z [INFO] Tests run: 14, Failures: 0, Errors: 0, Skipped: 0
Booking and optimizer integration	Immutable snapshot, reservation and database admission gates	2026-10-06T23:23:48.9436285Z [INFO] 
Booking and optimizer integration	Immutable snapshot, reservation and database admission gates	2026-10-06T23:23:48.9492047Z [INFO] 
Booking and optimizer integration	Immutable snapshot, reservation and database admission gates	2026-10-06T23:23:48.9513326Z [INFO] --- jar:3.5.1:jar (default-jar) @ scheduler-service ---
Booking and optimizer integration	Immutable snapshot, reservation and database admission gates	2026-10-06T23:23:49.2632827Z [INFO] Building jar: /home/runner/work/waterflex-scheduler-java/waterflex-scheduler-java/scheduler-service/target/scheduler-service-0.1.0-SNAPSHOT.jar
Booking and optimizer integration	Immutable snapshot, reservation and database admission gates	2026-10-06T23:23:49.4403445Z [INFO] 
Booking and optimizer integration	Immutable snapshot, reservation and database admission gates	2026-10-06T23:23:49.4423736Z [INFO] --- spring-boot:4.1.1:repackage (repackage) @ scheduler-service ---
Booking and optimizer integration	Immutable snapshot, reservation and database admission gates	2026-10-06T23:23:50.0095343Z [INFO] Replacing main artifact /home/runner/work/waterflex-scheduler-java/waterflex-scheduler-java/scheduler-service/target/scheduler-service-0.1.0-SNAPSHOT.jar with repackaged archive, adding nested dependencies in BOOT-INF/.
Booking and optimizer integration	Immutable snapshot, reservation and database admission gates	2026-10-06T23:23:50.0099052Z [INFO] The original artifact has been renamed to /home/runner/work/waterflex-scheduler-java/waterflex-scheduler-java/scheduler-service/target/scheduler-service-0.1.0-SNAPSHOT.jar.original
Booking and optimizer integration	Immutable snapshot, reservation and database admission gates	2026-10-06T23:23:50.0143213Z [INFO] ------------------------------------------------------------------------
Booking and optimizer integration	Immutable snapshot, reservation and database admission gates	2026-10-06T23:23:50.0162967Z [INFO] BUILD SUCCESS
Booking and optimizer integration	Immutable snapshot, reservation and database admission gates	2026-10-06T23:23:50.0172645Z [INFO] ------------------------------------------------------------------------
Booking and optimizer integration	Immutable snapshot, reservation and database admission gates	2026-10-06T23:23:50.0173670Z [INFO] Total time:  27.468 s
Booking and optimizer integration	Immutable snapshot, reservation and database admission gates	2026-10-06T23:23:50.0174534Z [INFO] Finished at: 2026-10-06T23:23:50Z
Booking and optimizer integration	Immutable snapshot, reservation and database admission gates	2026-10-06T23:23:50.0175568Z [INFO] ------------------------------------------------------------------------
Booking and optimizer integration	Start fixture routing and scheduler	﻿2026-10-06T23:23:50.0404532Z ##[group]Run node infra/fixture-routing.mjs > "$RUNNER_TEMP/fixture-routing.log" 2>&1 &
Booking and optimizer integration	Start fixture routing and scheduler	2026-10-06T23:23:50.0405304Z ^[[36;1mnode infra/fixture-routing.mjs > "$RUNNER_TEMP/fixture-routing.log" 2>&1 &^[[0m
Booking and optimizer integration	Start fixture routing and scheduler	2026-10-06T23:23:50.0406060Z ^[[36;1mjava -jar scheduler-service/target/scheduler-service-0.1.0-SNAPSHOT.jar > "$RUNNER_TEMP/scheduler.log" 2>&1 &^[[0m
Booking and optimizer integration	Start fixture routing and scheduler	2026-10-06T23:23:50.0406664Z ^[[36;1mfor _attempt in {1..60}; do^[[0m
Booking and optimizer integration	Start fixture routing and scheduler	2026-10-06T23:23:50.0407137Z ^[[36;1m  if curl --fail --silent http://127.0.0.1:18001/health > /dev/null &&^[[0m
Booking and optimizer integration	Start fixture routing and scheduler	2026-10-06T23:23:50.0407698Z ^[[36;1m     curl --fail --silent http://127.0.0.1:18000/health > /dev/null; then^[[0m
Booking and optimizer integration	Start fixture routing and scheduler	2026-10-06T23:23:50.0408295Z ^[[36;1m    exit 0^[[0m
Booking and optimizer integration	Start fixture routing and scheduler	2026-10-06T23:23:50.0408531Z ^[[36;1m  fi^[[0m
Booking and optimizer integration	Start fixture routing and scheduler	2026-10-06T23:23:50.0408750Z ^[[36;1m  sleep 2^[[0m
Booking and optimizer integration	Start fixture routing and scheduler	2026-10-06T23:23:50.0408982Z ^[[36;1mdone^[[0m
Booking and optimizer integration	Start fixture routing and scheduler	2026-10-06T23:23:50.0409239Z ^[[36;1mecho "Services did not become healthy" >&2^[[0m
Booking and optimizer integration	Start fixture routing and scheduler	2026-10-06T23:23:50.0409563Z ^[[36;1mexit 1^[[0m
Booking and optimizer integration	Start fixture routing and scheduler	2026-10-06T23:23:50.0470422Z shell: /usr/bin/bash -e {0}
Booking and optimizer integration	Start fixture routing and scheduler	2026-10-06T23:23:50.0470748Z env:
Booking and optimizer integration	Start fixture routing and scheduler	2026-10-06T23:23:50.0471254Z   DATABASE_URL: ***127.0.0.1:5432/waterflex_test
Booking and optimizer integration	Start fixture routing and scheduler	2026-10-06T23:23:50.0471724Z   JDBC_DATABASE_URL: jdbc:postgresql://127.0.0.1:5432/waterflex_test
Booking and optimizer integration	Start fixture routing and scheduler	2026-10-06T23:23:50.0472145Z   DATABASE_USER: waterflex
Booking and optimizer integration	Start fixture routing and scheduler	2026-10-06T23:23:50.0472766Z   DATABASE_PASSWORD: waterflex
Booking and optimizer integration	Start fixture routing and scheduler	2026-10-06T23:23:50.0473070Z   ROUTING_URL: http://127.0.0.1:18001
Booking and optimizer integration	Start fixture routing and scheduler	2026-10-06T23:23:50.0473388Z   SCHEDULER_TEST_URL: http://127.0.0.1:18000
Booking and optimizer integration	Start fixture routing and scheduler	2026-10-06T23:23:50.0473713Z   ENGINE_URL: http://127.0.0.1:18000
Booking and optimizer integration	Start fixture routing and scheduler	2026-10-06T23:23:50.0473992Z   SERVER_PORT: 18000
Booking and optimizer integration	Start fixture routing and scheduler	2026-10-06T23:23:50.0474250Z   TIME_OFF_POLL_DELAY_MS: 1000
Booking and optimizer integration	Start fixture routing and scheduler	2026-10-06T23:23:50.0474629Z   JAVA_HOME: /opt/hostedtoolcache/Java_Temurin-Hotspot_jdk/25.0.4-1/x64
Booking and optimizer integration	Start fixture routing and scheduler	2026-10-06T23:23:50.0475163Z   JAVA_HOME_25_X64: /opt/hostedtoolcache/Java_Temurin-Hotspot_jdk/25.0.4-1/x64
Booking and optimizer integration	Start fixture routing and scheduler	2026-10-06T23:23:50.0475587Z   MAVEN_ARGS: -ntp
Booking and optimizer integration	Start fixture routing and scheduler	2026-10-06T23:23:50.0475827Z ##[endgroup]
Booking and optimizer integration	Durable search and snapshot database contracts	﻿2026-10-06T23:24:00.3458496Z ##[group]Run node web/node_modules/prisma/build/index.js migrate deploy --schema web/prisma/schema.prisma
Booking and optimizer integration	Durable search and snapshot database contracts	2026-10-06T23:24:00.3459931Z ^[[36;1mnode web/node_modules/prisma/build/index.js migrate deploy --schema web/prisma/schema.prisma^[[0m
Booking and optimizer integration	Durable search and snapshot database contracts	2026-10-06T23:24:00.3461177Z ^[[36;1mnode web/node_modules/tsx/dist/cli.mjs web/scripts/smoke-policy-migration.ts^[[0m
Booking and optimizer integration	Durable search and snapshot database contracts	2026-10-06T23:24:00.3482973Z ^[[36;1m./mvnw -pl scheduler-service '-Dtest=DurableBookingSearchIT' test --batch-mode --no-transfer-progress^[[0m
Booking and optimizer integration	Durable search and snapshot database contracts	2026-10-06T23:24:00.3616660Z shell: /usr/bin/bash -e {0}
Booking and optimizer integration	Durable search and snapshot database contracts	2026-10-06T23:24:00.3617162Z env:
Booking and optimizer integration	Durable search and snapshot database contracts	2026-10-06T23:24:00.3618095Z   DATABASE_URL: ***127.0.0.1:5432/waterflex_test?schema=durable_contracts
Booking and optimizer integration	Durable search and snapshot database contracts	2026-10-06T23:24:00.3619186Z   JDBC_DATABASE_URL: jdbc:postgresql://127.0.0.1:5432/waterflex_test?currentSchema=durable_contracts
Booking and optimizer integration	Durable search and snapshot database contracts	2026-10-06T23:24:00.3620118Z   DATABASE_USER: waterflex
Booking and optimizer integration	Durable search and snapshot database contracts	2026-10-06T23:24:00.3620588Z   DATABASE_PASSWORD: waterflex
Booking and optimizer integration	Durable search and snapshot database contracts	2026-10-06T23:24:00.3621082Z   ROUTING_URL: http://127.0.0.1:18001
Booking and optimizer integration	Durable search and snapshot database contracts	2026-10-06T23:24:00.3621669Z   SCHEDULER_TEST_URL: http://127.0.0.1:18000
Booking and optimizer integration	Durable search and snapshot database contracts	2026-10-06T23:24:00.3622441Z   ENGINE_URL: http://127.0.0.1:18000
Booking and optimizer integration	Durable search and snapshot database contracts	2026-10-06T23:24:00.3622933Z   SERVER_PORT: 18000
Booking and optimizer integration	Durable search and snapshot database contracts	2026-10-06T23:24:00.3623360Z   TIME_OFF_POLL_DELAY_MS: 1000
Booking and optimizer integration	Durable search and snapshot database contracts	2026-10-06T23:24:00.3624001Z   JAVA_HOME: /opt/hostedtoolcache/Java_Temurin-Hotspot_jdk/25.0.4-1/x64
Booking and optimizer integration	Durable search and snapshot database contracts	2026-10-06T23:24:00.3624899Z   JAVA_HOME_25_X64: /opt/hostedtoolcache/Java_Temurin-Hotspot_jdk/25.0.4-1/x64
Booking and optimizer integration	Durable search and snapshot database contracts	2026-10-06T23:24:00.3625622Z   MAVEN_ARGS: -ntp
Booking and optimizer integration	Durable search and snapshot database contracts	2026-10-06T23:24:00.3626024Z ##[endgroup]
Booking and optimizer integration	Durable search and snapshot database contracts	2026-10-06T23:24:00.8993132Z Prisma schema loaded from web/prisma/schema.prisma
Booking and optimizer integration	Durable search and snapshot database contracts	2026-10-06T23:24:00.9060198Z Datasource "db": PostgreSQL database "waterflex_test", schema "durable_contracts" at "127.0.0.1:5432"
Booking and optimizer integration	Durable search and snapshot database contracts	2026-10-06T23:24:00.9901810Z 
Booking and optimizer integration	Durable search and snapshot database contracts	2026-10-06T23:24:00.9908004Z 37 migrations found in prisma/migrations
Booking and optimizer integration	Durable search and snapshot database contracts	2026-10-06T23:24:00.9908821Z 
Booking and optimizer integration	Durable search and snapshot database contracts	2026-10-06T23:24:01.0319201Z Applying migration `20260904180051_init`
Booking and optimizer integration	Durable search and snapshot database contracts	2026-10-06T23:24:01.0756968Z Applying migration `20260904182402_slot_hold_job_fk`
Booking and optimizer integration	Durable search and snapshot database contracts	2026-10-06T23:24:01.0799327Z Applying migration `20260907190000_booking_retry_and_hold_location`
Booking and optimizer integration	Durable search and snapshot database contracts	2026-10-06T23:24:01.0831830Z Applying migration `20260907220000_omaha_service_area`
Booking and optimizer integration	Durable search and snapshot database contracts	2026-10-06T23:24:01.0866345Z Applying migration `20260908170000_optimizer_overtime`
Booking and optimizer integration	Durable search and snapshot database contracts	2026-10-06T23:24:01.0896716Z Applying migration `20260908171000_optimizer_weights`
Booking and optimizer integration	Durable search and snapshot database contracts	2026-10-06T23:24:01.0928445Z Applying migration `20260909120000_progressive_booking_optimization`
Booking and optimizer integration	Durable search and snapshot database contracts	2026-10-06T23:24:01.1062024Z Applying migration `20260916120000_java_scheduler_foundation`
Booking and optimizer integration	Durable search and snapshot database contracts	2026-10-06T23:24:01.1216911Z Applying migration `20260917120000_booking_reservations_time_off`
Booking and optimizer integration	Durable search and snapshot database contracts	2026-10-06T23:24:01.1365542Z Applying migration `20260918120000_road_cache_retention`
Booking and optimizer integration	Durable search and snapshot database contracts	2026-10-06T23:24:01.1398141Z Applying migration `20260918130000_optimization_route_snapshot`
Booking and optimizer integration	Durable search and snapshot database contracts	2026-10-06T23:24:01.1425886Z Applying migration `20260921190000_booking_test_runs`
Booking and optimizer integration	Durable search and snapshot database contracts	2026-10-06T23:24:01.1527724Z Applying migration `20260921213000_booking_test_purge`
Booking and optimizer integration	Durable search and snapshot database contracts	2026-10-06T23:24:01.1555034Z Applying migration `20260921214000_omaha_state_code`
Booking and optimizer integration	Durable search and snapshot database contracts	2026-10-06T23:24:01.1581937Z Applying migration `20260921220000_resumable_booking_test_generation`
Booking and optimizer integration	Durable search and snapshot database contracts	2026-10-06T23:24:01.1630141Z Applying migration `20260922120000_time_off_category`
Booking and optimizer integration	Durable search and snapshot database contracts	2026-10-06T23:24:01.1658596Z Applying migration `20260922230000_technician_profiles_availability`
Booking and optimizer integration	Durable search and snapshot database contracts	2026-10-06T23:24:01.1745950Z Applying migration `20260923010000_dealership_route_endpoints`
Booking and optimizer integration	Durable search and snapshot database contracts	2026-10-06T23:24:01.1862867Z Applying migration `20260923120000_multi_depot_dealerships`
Booking and optimizer integration	Durable search and snapshot database contracts	2026-10-06T23:24:01.1996605Z Applying migration `20260923130000_depot_pin_provenance`
Booking and optimizer integration	Durable search and snapshot database contracts	2026-10-06T23:24:01.2027040Z Applying migration `20260923190000_technician_home_pin_provenance`
Booking and optimizer integration	Durable search and snapshot database contracts	2026-10-06T23:24:01.2053740Z Applying migration `20260924010000_scheduling_policy`
Booking and optimizer integration	Durable search and snapshot database contracts	2026-10-06T23:24:01.2088779Z Applying migration `20260924020000_offer_overtime_authorization`
Booking and optimizer integration	Durable search and snapshot database contracts	2026-10-06T23:24:01.2120732Z Applying migration `20260924030000_repair_overtime_approval`
Booking and optimizer integration	Durable search and snapshot database contracts	2026-10-06T23:24:01.2148185Z Applying migration `20260924040000_reservation_arrangements`
Booking and optimizer integration	Durable search and snapshot database contracts	2026-10-06T23:24:01.2239839Z Applying migration `20260924050000_reservation_obligations`
Booking and optimizer integration	Durable search and snapshot database contracts	2026-10-06T23:24:01.2275838Z Applying migration `20260924060000_booking_search_diagnostics`
Booking and optimizer integration	Durable search and snapshot database contracts	2026-10-06T23:24:01.2301527Z Applying migration `20260924070000_current_route_timing`
Booking and optimizer integration	Durable search and snapshot database contracts	2026-10-06T23:24:01.2332807Z Applying migration `20260924080000_booking_search_cancellation`
Booking and optimizer integration	Durable search and snapshot database contracts	2026-10-06T23:24:01.2391705Z Applying migration `20260929180000_booking_location_confirmation`
Booking and optimizer integration	Durable search and snapshot database contracts	2026-10-06T23:24:01.2418902Z Applying migration `20260929220000_durable_booking_search`
Booking and optimizer integration	Durable search and snapshot database contracts	2026-10-06T23:24:01.2489052Z Applying migration `20260929223000_booking_search_incumbent`
Booking and optimizer integration	Durable search and snapshot database contracts	2026-10-06T23:24:01.2528221Z Applying migration `20260929230000_retire_incompatible_promises`
Booking and optimizer integration	Durable search and snapshot database contracts	2026-10-06T23:24:01.2552686Z Applying migration `20260929233000_retire_legacy_standalone_offers`
Booking and optimizer integration	Durable search and snapshot database contracts	2026-10-06T23:24:01.2584612Z Applying migration `20261006194000_exact_monetary_contract`
Booking and optimizer integration	Durable search and snapshot database contracts	2026-10-06T23:24:01.2805610Z Applying migration `20261006212000_daily_score_contract`
Booking and optimizer integration	Durable search and snapshot database contracts	2026-10-06T23:24:01.2835208Z Applying migration `20261006230000_durable_daily_attempts`
Booking and optimizer integration	Durable search and snapshot database contracts	2026-10-06T23:24:01.2903129Z 
Booking and optimizer integration	Durable search and snapshot database contracts	2026-10-06T23:24:01.2923716Z The following migration(s) have been applied:
Booking and optimizer integration	Durable search and snapshot database contracts	2026-10-06T23:24:01.2924598Z 
Booking and optimizer integration	Durable search and snapshot database contracts	2026-10-06T23:24:01.2924899Z migrations/
Booking and optimizer integration	Durable search and snapshot database contracts	2026-10-06T23:24:01.2925796Z   └─ 20260904180051_init/
Booking and optimizer integration	Durable search and snapshot database contracts	2026-10-06T23:24:01.2926472Z     └─ migration.sql
Booking and optimizer integration	Durable search and snapshot database contracts	2026-10-06T23:24:01.2927378Z   └─ 20260904182402_slot_hold_job_fk/
Booking and optimizer integration	Durable search and snapshot database contracts	2026-10-06T23:24:01.2928175Z     └─ migration.sql
Booking and optimizer integration	Durable search and snapshot database contracts	2026-10-06T23:24:01.2929121Z   └─ 20260907190000_booking_retry_and_hold_location/
Booking and optimizer integration	Durable search and snapshot database contracts	2026-10-06T23:24:01.2929981Z     └─ migration.sql
Booking and optimizer integration	Durable search and snapshot database contracts	2026-10-06T23:24:01.2930844Z   └─ 20260907220000_omaha_service_area/
Booking and optimizer integration	Durable search and snapshot database contracts	2026-10-06T23:24:01.2931668Z     └─ migration.sql
Booking and optimizer integration	Durable search and snapshot database contracts	2026-10-06T23:24:01.2932988Z   └─ 20260908170000_optimizer_overtime/
Booking and optimizer integration	Durable search and snapshot database contracts	2026-10-06T23:24:01.2933791Z     └─ migration.sql
Booking and optimizer integration	Durable search and snapshot database contracts	2026-10-06T23:24:01.2934452Z   └─ 20260908171000_optimizer_weights/
Booking and optimizer integration	Durable search and snapshot database contracts	2026-10-06T23:24:01.2935108Z     └─ migration.sql
Booking and optimizer integration	Durable search and snapshot database contracts	2026-10-06T23:24:01.2935823Z   └─ 20260909120000_progressive_booking_optimization/
Booking and optimizer integration	Durable search and snapshot database contracts	2026-10-06T23:24:01.2936659Z     └─ migration.sql
Booking and optimizer integration	Durable search and snapshot database contracts	2026-10-06T23:24:01.2937380Z   └─ 20260916120000_java_scheduler_foundation/
Booking and optimizer integration	Durable search and snapshot database contracts	2026-10-06T23:24:01.2938075Z     └─ migration.sql
Booking and optimizer integration	Durable search and snapshot database contracts	2026-10-06T23:24:01.2938896Z   └─ 20260917120000_booking_reservations_time_off/
Booking and optimizer integration	Durable search and snapshot database contracts	2026-10-06T23:24:01.2939708Z     └─ migration.sql
Booking and optimizer integration	Durable search and snapshot database contracts	2026-10-06T23:24:01.2940371Z   └─ 20260918120000_road_cache_retention/
Booking and optimizer integration	Durable search and snapshot database contracts	2026-10-06T23:24:01.2941089Z     └─ migration.sql
Booking and optimizer integration	Durable search and snapshot database contracts	2026-10-06T23:24:01.2941862Z   └─ 20260918130000_optimization_route_snapshot/
Booking and optimizer integration	Durable search and snapshot database contracts	2026-10-06T23:24:01.2942855Z     └─ migration.sql
Booking and optimizer integration	Durable search and snapshot database contracts	2026-10-06T23:24:01.2944082Z   └─ 20260921190000_booking_test_runs/
Booking and optimizer integration	Durable search and snapshot database contracts	2026-10-06T23:24:01.2945350Z     └─ migration.sql
Booking and optimizer integration	Durable search and snapshot database contracts	2026-10-06T23:24:01.2946162Z   └─ 20260921213000_booking_test_purge/
Booking and optimizer integration	Durable search and snapshot database contracts	2026-10-06T23:24:01.2946974Z     └─ migration.sql
Booking and optimizer integration	Durable search and snapshot database contracts	2026-10-06T23:24:01.2947796Z   └─ 20260921214000_omaha_state_code/
Booking and optimizer integration	Durable search and snapshot database contracts	2026-10-06T23:24:01.2948809Z     └─ migration.sql
Booking and optimizer integration	Durable search and snapshot database contracts	2026-10-06T23:24:01.2950334Z   └─ 20260921220000_resumable_booking_test_generation/
Booking and optimizer integration	Durable search and snapshot database contracts	2026-10-06T23:24:01.2951382Z     └─ migration.sql
Booking and optimizer integration	Durable search and snapshot database contracts	2026-10-06T23:24:01.2952898Z   └─ 20260922120000_time_off_category/
Booking and optimizer integration	Durable search and snapshot database contracts	2026-10-06T23:24:01.2953731Z     └─ migration.sql
Booking and optimizer integration	Durable search and snapshot database contracts	2026-10-06T23:24:01.2954802Z   └─ 20260922230000_technician_profiles_availability/
Booking and optimizer integration	Durable search and snapshot database contracts	2026-10-06T23:24:01.2956537Z     └─ migration.sql
Booking and optimizer integration	Durable search and snapshot database contracts	2026-10-06T23:24:01.2957591Z   └─ 20260923010000_dealership_route_endpoints/
Booking and optimizer integration	Durable search and snapshot database contracts	2026-10-06T23:24:01.2958377Z     └─ migration.sql
Booking and optimizer integration	Durable search and snapshot database contracts	2026-10-06T23:24:01.2959093Z   └─ 20260923120000_multi_depot_dealerships/
Booking and optimizer integration	Durable search and snapshot database contracts	2026-10-06T23:24:01.2959790Z     └─ migration.sql
Booking and optimizer integration	Durable search and snapshot database contracts	2026-10-06T23:24:01.2960474Z   └─ 20260923130000_depot_pin_provenance/
Booking and optimizer integration	Durable search and snapshot database contracts	2026-10-06T23:24:01.2961180Z     └─ migration.sql
Booking and optimizer integration	Durable search and snapshot database contracts	2026-10-06T23:24:01.2961954Z   └─ 20260923190000_technician_home_pin_provenance/
Booking and optimizer integration	Durable search and snapshot database contracts	2026-10-06T23:24:01.2963483Z     └─ migration.sql
Booking and optimizer integration	Durable search and snapshot database contracts	2026-10-06T23:24:01.2964202Z   └─ 20260924010000_scheduling_policy/
Booking and optimizer integration	Durable search and snapshot database contracts	2026-10-06T23:24:01.2964868Z     └─ migration.sql
Booking and optimizer integration	Durable search and snapshot database contracts	2026-10-06T23:24:01.2965609Z   └─ 20260924020000_offer_overtime_authorization/
Booking and optimizer integration	Durable search and snapshot database contracts	2026-10-06T23:24:01.2966335Z     └─ migration.sql
Booking and optimizer integration	Durable search and snapshot database contracts	2026-10-06T23:24:01.2967388Z   └─ 20260924030000_repair_overtime_approval/
Booking and optimizer integration	Durable search and snapshot database contracts	2026-10-06T23:24:01.2968156Z     └─ migration.sql
Booking and optimizer integration	Durable search and snapshot database contracts	2026-10-06T23:24:01.2968904Z   └─ 20260924040000_reservation_arrangements/
Booking and optimizer integration	Durable search and snapshot database contracts	2026-10-06T23:24:01.2969655Z     └─ migration.sql
Booking and optimizer integration	Durable search and snapshot database contracts	2026-10-06T23:24:01.2970381Z   └─ 20260924050000_reservation_obligations/
Booking and optimizer integration	Durable search and snapshot database contracts	2026-10-06T23:24:01.2971115Z     └─ migration.sql
Booking and optimizer integration	Durable search and snapshot database contracts	2026-10-06T23:24:01.2971873Z   └─ 20260924060000_booking_search_diagnostics/
Booking and optimizer integration	Durable search and snapshot database contracts	2026-10-06T23:24:01.2973064Z     └─ migration.sql
Booking and optimizer integration	Durable search and snapshot database contracts	2026-10-06T23:24:01.2973833Z   └─ 20260924070000_current_route_timing/
Booking and optimizer integration	Durable search and snapshot database contracts	2026-10-06T23:24:01.2974564Z     └─ migration.sql
Booking and optimizer integration	Durable search and snapshot database contracts	2026-10-06T23:24:01.2975285Z   └─ 20260924080000_booking_search_cancellation/
Booking and optimizer integration	Durable search and snapshot database contracts	2026-10-06T23:24:01.2975964Z     └─ migration.sql
Booking and optimizer integration	Durable search and snapshot database contracts	2026-10-06T23:24:01.2976655Z   └─ 20260929180000_booking_location_confirmation/
Booking and optimizer integration	Durable search and snapshot database contracts	2026-10-06T23:24:01.2977355Z     └─ migration.sql
Booking and optimizer integration	Durable search and snapshot database contracts	2026-10-06T23:24:01.2977966Z   └─ 20260929220000_durable_booking_search/
Booking and optimizer integration	Durable search and snapshot database contracts	2026-10-06T23:24:01.2978688Z     └─ migration.sql
Booking and optimizer integration	Durable search and snapshot database contracts	2026-10-06T23:24:01.2979385Z   └─ 20260929223000_booking_search_incumbent/
Booking and optimizer integration	Durable search and snapshot database contracts	2026-10-06T23:24:01.2980011Z     └─ migration.sql
Booking and optimizer integration	Durable search and snapshot database contracts	2026-10-06T23:24:01.2980704Z   └─ 20260929230000_retire_incompatible_promises/
Booking and optimizer integration	Durable search and snapshot database contracts	2026-10-06T23:24:01.2983514Z     └─ migration.sql
Booking and optimizer integration	Durable search and snapshot database contracts	2026-10-06T23:24:01.2984411Z   └─ 20260929233000_retire_legacy_standalone_offers/
Booking and optimizer integration	Durable search and snapshot database contracts	2026-10-06T23:24:01.2985231Z     └─ migration.sql
Booking and optimizer integration	Durable search and snapshot database contracts	2026-10-06T23:24:01.2985957Z   └─ 20261006194000_exact_monetary_contract/
Booking and optimizer integration	Durable search and snapshot database contracts	2026-10-06T23:24:01.2986711Z     └─ migration.sql
Booking and optimizer integration	Durable search and snapshot database contracts	2026-10-06T23:24:01.2987414Z   └─ 20261006212000_daily_score_contract/
Booking and optimizer integration	Durable search and snapshot database contracts	2026-10-06T23:24:01.2988135Z     └─ migration.sql
Booking and optimizer integration	Durable search and snapshot database contracts	2026-10-06T23:24:01.2989167Z   └─ 20261006230000_durable_daily_attempts/
Booking and optimizer integration	Durable search and snapshot database contracts	2026-10-06T23:24:01.2989920Z     └─ migration.sql
Booking and optimizer integration	Durable search and snapshot database contracts	2026-10-06T23:24:01.2990447Z       
Booking and optimizer integration	Durable search and snapshot database contracts	2026-10-06T23:24:01.2991118Z All migrations have been successfully applied.
Booking and optimizer integration	Durable search and snapshot database contracts	2026-10-06T23:24:01.7569051Z Policy migration retires incompatible sets and standalone holds, preserving confirmed promises and compatible holds
Booking and optimizer integration	Durable search and snapshot database contracts	2026-10-06T23:24:01.9693841Z WARNING: A restricted method in java.lang.System has been called
Booking and optimizer integration	Durable search and snapshot database contracts	2026-10-06T23:24:01.9714569Z WARNING: java.lang.System::load has been called by org.fusesource.jansi.internal.JansiLoader in an unnamed module (file:/home/runner/.m2/wrapper/dists/apache-maven-3.9.16-bin/4200fbc6/apache-maven-3.9.16/lib/jansi-2.4.3.jar)
Booking and optimizer integration	Durable search and snapshot database contracts	2026-10-06T23:24:01.9753712Z WARNING: Use --enable-native-access=ALL-UNNAMED to avoid a warning for callers in this module
Booking and optimizer integration	Durable search and snapshot database contracts	2026-10-06T23:24:01.9793575Z WARNING: Restricted methods will be blocked in a future release unless native access is enabled
Booking and optimizer integration	Durable search and snapshot database contracts	2026-10-06T23:24:01.9832739Z 
Booking and optimizer integration	Durable search and snapshot database contracts	2026-10-06T23:24:03.4013460Z [INFO] Scanning for projects...
Booking and optimizer integration	Durable search and snapshot database contracts	2026-10-06T23:24:03.8544011Z [INFO] 
Booking and optimizer integration	Durable search and snapshot database contracts	2026-10-06T23:24:03.8679423Z [INFO] ------------------< dev.waterflex:scheduler-service >-------------------
Booking and optimizer integration	Durable search and snapshot database contracts	2026-10-06T23:24:03.8680855Z [INFO] Building scheduler-service 0.1.0-SNAPSHOT
Booking and optimizer integration	Durable search and snapshot database contracts	2026-10-06T23:24:03.8682132Z [INFO]   from pom.xml
Booking and optimizer integration	Durable search and snapshot database contracts	2026-10-06T23:24:03.8683627Z [INFO] --------------------------------[ jar ]---------------------------------
Booking and optimizer integration	Durable search and snapshot database contracts	2026-10-06T23:24:04.5344158Z [INFO] 
Booking and optimizer integration	Durable search and snapshot database contracts	2026-10-06T23:24:04.5363312Z [INFO] --- resources:3.5.0:resources (default-resources) @ scheduler-service ---
Booking and optimizer integration	Durable search and snapshot database contracts	2026-10-06T23:24:04.6243663Z [INFO] Copying 2 resources from src/main/resources to target/classes
Booking and optimizer integration	Durable search and snapshot database contracts	2026-10-06T23:24:04.6537991Z [INFO] Copying 1 resource from src/main/resources to target/classes
Booking and optimizer integration	Durable search and snapshot database contracts	2026-10-06T23:24:04.6539433Z [INFO] 
Booking and optimizer integration	Durable search and snapshot database contracts	2026-10-06T23:24:04.6540998Z [INFO] --- compiler:3.15.0:compile (default-compile) @ scheduler-service ---
Booking and optimizer integration	Durable search and snapshot database contracts	2026-10-06T23:24:04.8759881Z [INFO] Nothing to compile - all classes are up to date.
Booking and optimizer integration	Durable search and snapshot database contracts	2026-10-06T23:24:04.8790801Z [INFO] 
Booking and optimizer integration	Durable search and snapshot database contracts	2026-10-06T23:24:04.9000555Z [INFO] --- resources:3.5.0:testResources (default-testResources) @ scheduler-service ---
Booking and optimizer integration	Durable search and snapshot database contracts	2026-10-06T23:24:04.9025628Z [INFO] Copying 1 resource from src/test/resources to target/test-classes
Booking and optimizer integration	Durable search and snapshot database contracts	2026-10-06T23:24:04.9042932Z [INFO] 
Booking and optimizer integration	Durable search and snapshot database contracts	2026-10-06T23:24:04.9044134Z [INFO] --- compiler:3.15.0:testCompile (default-testCompile) @ scheduler-service ---
Booking and optimizer integration	Durable search and snapshot database contracts	2026-10-06T23:24:04.9083348Z [INFO] Nothing to compile - all classes are up to date.
Booking and optimizer integration	Durable search and snapshot database contracts	2026-10-06T23:24:04.9111473Z [INFO] 
Booking and optimizer integration	Durable search and snapshot database contracts	2026-10-06T23:24:04.9133273Z [INFO] --- surefire:3.5.6:test (default-test) @ scheduler-service ---
Booking and optimizer integration	Durable search and snapshot database contracts	2026-10-06T23:24:05.1223887Z [INFO] Using auto detected provider org.apache.maven.surefire.junitplatform.JUnitPlatformProvider
Booking and optimizer integration	Durable search and snapshot database contracts	2026-10-06T23:24:05.1726278Z [INFO] 
Booking and optimizer integration	Durable search and snapshot database contracts	2026-10-06T23:24:05.1737792Z [INFO] -------------------------------------------------------
Booking and optimizer integration	Durable search and snapshot database contracts	2026-10-06T23:24:05.1740890Z [INFO]  T E S T S
Booking and optimizer integration	Durable search and snapshot database contracts	2026-10-06T23:24:05.1741831Z [INFO] -------------------------------------------------------
Booking and optimizer integration	Durable search and snapshot database contracts	2026-10-06T23:24:06.1336373Z [INFO] Running dev.waterflex.scheduler.DurableBookingSearchIT
Booking and optimizer integration	Durable search and snapshot database contracts	2026-10-06T23:24:06.3978572Z Mockito is currently self-attaching to enable the inline-mock-maker. This will no longer work in future releases of the JDK. Please add Mockito as an agent to your build as described in Mockito's documentation: https://javadoc.io/doc/org.mockito/mockito-core/latest/org.mockito/org/mockito/Mockito.html#0.3
Booking and optimizer integration	Durable search and snapshot database contracts	2026-10-06T23:24:06.5882893Z OpenJDK 64-Bit Server VM warning: Sharing is only supported for boot loader classes because bootstrap classpath has been appended
Booking and optimizer integration	Durable search and snapshot database contracts	2026-10-06T23:24:06.5940117Z WARNING: A Java agent has been loaded dynamically (/home/runner/.m2/repository/net/bytebuddy/byte-buddy-agent/1.18.11/byte-buddy-agent-1.18.11.jar)
Booking and optimizer integration	Durable search and snapshot database contracts	2026-10-06T23:24:06.5963779Z WARNING: If a serviceability tool is in use, please run with -XX:+EnableDynamicAgentLoading to hide this warning
Booking and optimizer integration	Durable search and snapshot database contracts	2026-10-06T23:24:06.6000896Z WARNING: If a serviceability tool is not in use, please run with -Djdk.instrument.traceUsage for more information
Booking and optimizer integration	Durable search and snapshot database contracts	2026-10-06T23:24:06.6020667Z WARNING: Dynamic loading of agents will be disallowed by default in a future release
Booking and optimizer integration	Durable search and snapshot database contracts	2026-10-06T23:24:09.1271659Z [INFO] Tests run: 1, Failures: 0, Errors: 0, Skipped: 0, Time elapsed: 2.899 s -- in dev.waterflex.scheduler.DurableBookingSearchIT
Booking and optimizer integration	Durable search and snapshot database contracts	2026-10-06T23:24:09.4528380Z [INFO] 
Booking and optimizer integration	Durable search and snapshot database contracts	2026-10-06T23:24:09.4529196Z [INFO] Results:
Booking and optimizer integration	Durable search and snapshot database contracts	2026-10-06T23:24:09.4529818Z [INFO] 
Booking and optimizer integration	Durable search and snapshot database contracts	2026-10-06T23:24:09.4533692Z [INFO] Tests run: 1, Failures: 0, Errors: 0, Skipped: 0
Booking and optimizer integration	Durable search and snapshot database contracts	2026-10-06T23:24:09.4534500Z [INFO] 
Booking and optimizer integration	Durable search and snapshot database contracts	2026-10-06T23:24:09.4566569Z [INFO] ------------------------------------------------------------------------
Booking and optimizer integration	Durable search and snapshot database contracts	2026-10-06T23:24:09.4573289Z [INFO] BUILD SUCCESS
Booking and optimizer integration	Durable search and snapshot database contracts	2026-10-06T23:24:09.4574420Z [INFO] ------------------------------------------------------------------------
Booking and optimizer integration	Durable search and snapshot database contracts	2026-10-06T23:24:09.4593049Z [INFO] Total time:  6.111 s
Booking and optimizer integration	Durable search and snapshot database contracts	2026-10-06T23:24:09.4636123Z [INFO] Finished at: 2026-10-06T23:24:09Z
Booking and optimizer integration	Durable search and snapshot database contracts	2026-10-06T23:24:09.4669241Z [INFO] ------------------------------------------------------------------------
Booking and optimizer integration	Frozen service calendar database contracts	﻿2026-10-06T23:24:09.4819411Z ##[group]Run node web/node_modules/prisma/build/index.js migrate deploy --schema web/prisma/schema.prisma
Booking and optimizer integration	Frozen service calendar database contracts	2026-10-06T23:24:09.4820266Z ^[[36;1mnode web/node_modules/prisma/build/index.js migrate deploy --schema web/prisma/schema.prisma^[[0m
Booking and optimizer integration	Frozen service calendar database contracts	2026-10-06T23:24:09.4821212Z ^[[36;1m./mvnw -pl scheduler-service '-Dtest=BookingSnapshotDatabaseIT,MonetaryMigrationDatabaseIT' test --batch-mode --no-transfer-progress^[[0m
Booking and optimizer integration	Frozen service calendar database contracts	2026-10-06T23:24:09.4882929Z shell: /usr/bin/bash -e {0}
Booking and optimizer integration	Frozen service calendar database contracts	2026-10-06T23:24:09.4883232Z env:
Booking and optimizer integration	Frozen service calendar database contracts	2026-10-06T23:24:09.4883846Z   DATABASE_URL: ***127.0.0.1:5432/waterflex_test?schema=benchmark_calendar_it
Booking and optimizer integration	Frozen service calendar database contracts	2026-10-06T23:24:09.4884503Z   JDBC_DATABASE_URL: jdbc:postgresql://127.0.0.1:5432/waterflex_test?currentSchema=benchmark_calendar_it
Booking and optimizer integration	Frozen service calendar database contracts	2026-10-06T23:24:09.4885069Z   DATABASE_USER: waterflex
Booking and optimizer integration	Frozen service calendar database contracts	2026-10-06T23:24:09.4885357Z   DATABASE_PASSWORD: waterflex
Booking and optimizer integration	Frozen service calendar database contracts	2026-10-06T23:24:09.4885667Z   ROUTING_URL: http://127.0.0.1:18001
Booking and optimizer integration	Frozen service calendar database contracts	2026-10-06T23:24:09.4885996Z   SCHEDULER_TEST_URL: http://127.0.0.1:18000
Booking and optimizer integration	Frozen service calendar database contracts	2026-10-06T23:24:09.4886358Z   ENGINE_URL: http://127.0.0.1:18000
Booking and optimizer integration	Frozen service calendar database contracts	2026-10-06T23:24:09.4886651Z   SERVER_PORT: 18000
Booking and optimizer integration	Frozen service calendar database contracts	2026-10-06T23:24:09.4886898Z   TIME_OFF_POLL_DELAY_MS: 1000
Booking and optimizer integration	Frozen service calendar database contracts	2026-10-06T23:24:09.4887294Z   JAVA_HOME: /opt/hostedtoolcache/Java_Temurin-Hotspot_jdk/25.0.4-1/x64
Booking and optimizer integration	Frozen service calendar database contracts	2026-10-06T23:24:09.4887828Z   JAVA_HOME_25_X64: /opt/hostedtoolcache/Java_Temurin-Hotspot_jdk/25.0.4-1/x64
Booking and optimizer integration	Frozen service calendar database contracts	2026-10-06T23:24:09.4888246Z   MAVEN_ARGS: -ntp
Booking and optimizer integration	Frozen service calendar database contracts	2026-10-06T23:24:09.4888487Z ##[endgroup]
Booking and optimizer integration	Frozen service calendar database contracts	2026-10-06T23:24:09.9685453Z Prisma schema loaded from web/prisma/schema.prisma
Booking and optimizer integration	Frozen service calendar database contracts	2026-10-06T23:24:09.9753294Z Datasource "db": PostgreSQL database "waterflex_test", schema "benchmark_calendar_it" at "127.0.0.1:5432"
Booking and optimizer integration	Frozen service calendar database contracts	2026-10-06T23:24:10.0592841Z 
Booking and optimizer integration	Frozen service calendar database contracts	2026-10-06T23:24:10.0613227Z 37 migrations found in prisma/migrations
Booking and optimizer integration	Frozen service calendar database contracts	2026-10-06T23:24:10.0632700Z 
Booking and optimizer integration	Frozen service calendar database contracts	2026-10-06T23:24:10.1009055Z Applying migration `20260904180051_init`
Booking and optimizer integration	Frozen service calendar database contracts	2026-10-06T23:24:10.1415284Z Applying migration `20260904182402_slot_hold_job_fk`
Booking and optimizer integration	Frozen service calendar database contracts	2026-10-06T23:24:10.1459034Z Applying migration `20260907190000_booking_retry_and_hold_location`
Booking and optimizer integration	Frozen service calendar database contracts	2026-10-06T23:24:10.1497105Z Applying migration `20260907220000_omaha_service_area`
Booking and optimizer integration	Frozen service calendar database contracts	2026-10-06T23:24:10.1528886Z Applying migration `20260908170000_optimizer_overtime`
Booking and optimizer integration	Frozen service calendar database contracts	2026-10-06T23:24:10.1558908Z Applying migration `20260908171000_optimizer_weights`
Booking and optimizer integration	Frozen service calendar database contracts	2026-10-06T23:24:10.1588792Z Applying migration `20260909120000_progressive_booking_optimization`
Booking and optimizer integration	Frozen service calendar database contracts	2026-10-06T23:24:10.1716317Z Applying migration `20260916120000_java_scheduler_foundation`
Booking and optimizer integration	Frozen service calendar database contracts	2026-10-06T23:24:10.1864854Z Applying migration `20260917120000_booking_reservations_time_off`
Booking and optimizer integration	Frozen service calendar database contracts	2026-10-06T23:24:10.2103231Z Applying migration `20260918120000_road_cache_retention`
Booking and optimizer integration	Frozen service calendar database contracts	2026-10-06T23:24:10.2135121Z Applying migration `20260918130000_optimization_route_snapshot`
Booking and optimizer integration	Frozen service calendar database contracts	2026-10-06T23:24:10.2166858Z Applying migration `20260921190000_booking_test_runs`
Booking and optimizer integration	Frozen service calendar database contracts	2026-10-06T23:24:10.2270453Z Applying migration `20260921213000_booking_test_purge`
Booking and optimizer integration	Frozen service calendar database contracts	2026-10-06T23:24:10.2298083Z Applying migration `20260921214000_omaha_state_code`
Booking and optimizer integration	Frozen service calendar database contracts	2026-10-06T23:24:10.2325532Z Applying migration `20260921220000_resumable_booking_test_generation`
Booking and optimizer integration	Frozen service calendar database contracts	2026-10-06T23:24:10.2378306Z Applying migration `20260922120000_time_off_category`
Booking and optimizer integration	Frozen service calendar database contracts	2026-10-06T23:24:10.2405277Z Applying migration `20260922230000_technician_profiles_availability`
Booking and optimizer integration	Frozen service calendar database contracts	2026-10-06T23:24:10.2502590Z Applying migration `20260923010000_dealership_route_endpoints`
Booking and optimizer integration	Frozen service calendar database contracts	2026-10-06T23:24:10.2597171Z Applying migration `20260923120000_multi_depot_dealerships`
Booking and optimizer integration	Frozen service calendar database contracts	2026-10-06T23:24:10.2723578Z Applying migration `20260923130000_depot_pin_provenance`
Booking and optimizer integration	Frozen service calendar database contracts	2026-10-06T23:24:10.2754056Z Applying migration `20260923190000_technician_home_pin_provenance`
Booking and optimizer integration	Frozen service calendar database contracts	2026-10-06T23:24:10.2782049Z Applying migration `20260924010000_scheduling_policy`
Booking and optimizer integration	Frozen service calendar database contracts	2026-10-06T23:24:10.2815415Z Applying migration `20260924020000_offer_overtime_authorization`
Booking and optimizer integration	Frozen service calendar database contracts	2026-10-06T23:24:10.2844400Z Applying migration `20260924030000_repair_overtime_approval`
Booking and optimizer integration	Frozen service calendar database contracts	2026-10-06T23:24:10.2873185Z Applying migration `20260924040000_reservation_arrangements`
Booking and optimizer integration	Frozen service calendar database contracts	2026-10-06T23:24:10.2967024Z Applying migration `20260924050000_reservation_obligations`
Booking and optimizer integration	Frozen service calendar database contracts	2026-10-06T23:24:10.3002495Z Applying migration `20260924060000_booking_search_diagnostics`
Booking and optimizer integration	Frozen service calendar database contracts	2026-10-06T23:24:10.3027457Z Applying migration `20260924070000_current_route_timing`
Booking and optimizer integration	Frozen service calendar database contracts	2026-10-06T23:24:10.3053746Z Applying migration `20260924080000_booking_search_cancellation`
Booking and optimizer integration	Frozen service calendar database contracts	2026-10-06T23:24:10.3115704Z Applying migration `20260929180000_booking_location_confirmation`
Booking and optimizer integration	Frozen service calendar database contracts	2026-10-06T23:24:10.3143005Z Applying migration `20260929220000_durable_booking_search`
Booking and optimizer integration	Frozen service calendar database contracts	2026-10-06T23:24:10.3192687Z Applying migration `20260929223000_booking_search_incumbent`
Booking and optimizer integration	Frozen service calendar database contracts	2026-10-06T23:24:10.3220008Z Applying migration `20260929230000_retire_incompatible_promises`
Booking and optimizer integration	Frozen service calendar database contracts	2026-10-06T23:24:10.3247743Z Applying migration `20260929233000_retire_legacy_standalone_offers`
Booking and optimizer integration	Frozen service calendar database contracts	2026-10-06T23:24:10.3274349Z Applying migration `20261006194000_exact_monetary_contract`
Booking and optimizer integration	Frozen service calendar database contracts	2026-10-06T23:24:10.3452878Z Applying migration `20261006212000_daily_score_contract`
Booking and optimizer integration	Frozen service calendar database contracts	2026-10-06T23:24:10.3479131Z Applying migration `20261006230000_durable_daily_attempts`
Booking and optimizer integration	Frozen service calendar database contracts	2026-10-06T23:24:10.3539937Z 
Booking and optimizer integration	Frozen service calendar database contracts	2026-10-06T23:24:10.3550916Z The following migration(s) have been applied:
Booking and optimizer integration	Frozen service calendar database contracts	2026-10-06T23:24:10.3551750Z 
Booking and optimizer integration	Frozen service calendar database contracts	2026-10-06T23:24:10.3552193Z migrations/
Booking and optimizer integration	Frozen service calendar database contracts	2026-10-06T23:24:10.3553609Z   └─ 20260904180051_init/
Booking and optimizer integration	Frozen service calendar database contracts	2026-10-06T23:24:10.3554503Z     └─ migration.sql
Booking and optimizer integration	Frozen service calendar database contracts	2026-10-06T23:24:10.3555441Z   └─ 20260904182402_slot_hold_job_fk/
Booking and optimizer integration	Frozen service calendar database contracts	2026-10-06T23:24:10.3556315Z     └─ migration.sql
Booking and optimizer integration	Frozen service calendar database contracts	2026-10-06T23:24:10.3557199Z   └─ 20260907190000_booking_retry_and_hold_location/
Booking and optimizer integration	Frozen service calendar database contracts	2026-10-06T23:24:10.3558268Z     └─ migration.sql
Booking and optimizer integration	Frozen service calendar database contracts	2026-10-06T23:24:10.3559217Z   └─ 20260907220000_omaha_service_area/
Booking and optimizer integration	Frozen service calendar database contracts	2026-10-06T23:24:10.3560101Z     └─ migration.sql
Booking and optimizer integration	Frozen service calendar database contracts	2026-10-06T23:24:10.3560976Z   └─ 20260908170000_optimizer_overtime/
Booking and optimizer integration	Frozen service calendar database contracts	2026-10-06T23:24:10.3561895Z     └─ migration.sql
Booking and optimizer integration	Frozen service calendar database contracts	2026-10-06T23:24:10.3562975Z   └─ 20260908171000_optimizer_weights/
Booking and optimizer integration	Frozen service calendar database contracts	2026-10-06T23:24:10.3563830Z     └─ migration.sql
Booking and optimizer integration	Frozen service calendar database contracts	2026-10-06T23:24:10.3565067Z   └─ 20260909120000_progressive_booking_optimization/
Booking and optimizer integration	Frozen service calendar database contracts	2026-10-06T23:24:10.3566278Z     └─ migration.sql
Booking and optimizer integration	Frozen service calendar database contracts	2026-10-06T23:24:10.3567268Z   └─ 20260916120000_java_scheduler_foundation/
Booking and optimizer integration	Frozen service calendar database contracts	2026-10-06T23:24:10.3568234Z     └─ migration.sql
Booking and optimizer integration	Frozen service calendar database contracts	2026-10-06T23:24:10.3569198Z   └─ 20260917120000_booking_reservations_time_off/
Booking and optimizer integration	Frozen service calendar database contracts	2026-10-06T23:24:10.3570165Z     └─ migration.sql
Booking and optimizer integration	Frozen service calendar database contracts	2026-10-06T23:24:10.3571057Z   └─ 20260918120000_road_cache_retention/
Booking and optimizer integration	Frozen service calendar database contracts	2026-10-06T23:24:10.3571963Z     └─ migration.sql
Booking and optimizer integration	Frozen service calendar database contracts	2026-10-06T23:24:10.3573455Z   └─ 20260918130000_optimization_route_snapshot/
Booking and optimizer integration	Frozen service calendar database contracts	2026-10-06T23:24:10.3574420Z     └─ migration.sql
Booking and optimizer integration	Frozen service calendar database contracts	2026-10-06T23:24:10.3575158Z   └─ 20260921190000_booking_test_runs/
Booking and optimizer integration	Frozen service calendar database contracts	2026-10-06T23:24:10.3575873Z     └─ migration.sql
Booking and optimizer integration	Frozen service calendar database contracts	2026-10-06T23:24:10.3576557Z   └─ 20260921213000_booking_test_purge/
Booking and optimizer integration	Frozen service calendar database contracts	2026-10-06T23:24:10.3577289Z     └─ migration.sql
Booking and optimizer integration	Frozen service calendar database contracts	2026-10-06T23:24:10.3578038Z   └─ 20260921214000_omaha_state_code/
Booking and optimizer integration	Frozen service calendar database contracts	2026-10-06T23:24:10.3578748Z     └─ migration.sql
Booking and optimizer integration	Frozen service calendar database contracts	2026-10-06T23:24:10.3579566Z   └─ 20260921220000_resumable_booking_test_generation/
Booking and optimizer integration	Frozen service calendar database contracts	2026-10-06T23:24:10.3580447Z     └─ migration.sql
Booking and optimizer integration	Frozen service calendar database contracts	2026-10-06T23:24:10.3581260Z   └─ 20260922120000_time_off_category/
Booking and optimizer integration	Frozen service calendar database contracts	2026-10-06T23:24:10.3582816Z     └─ migration.sql
Booking and optimizer integration	Frozen service calendar database contracts	2026-10-06T23:24:10.3583780Z   └─ 20260922230000_technician_profiles_availability/
Booking and optimizer integration	Frozen service calendar database contracts	2026-10-06T23:24:10.3585127Z     └─ migration.sql
Booking and optimizer integration	Frozen service calendar database contracts	2026-10-06T23:24:10.3586047Z   └─ 20260923010000_dealership_route_endpoints/
Booking and optimizer integration	Frozen service calendar database contracts	2026-10-06T23:24:10.3586990Z     └─ migration.sql
Booking and optimizer integration	Frozen service calendar database contracts	2026-10-06T23:24:10.3587924Z   └─ 20260923120000_multi_depot_dealerships/
Booking and optimizer integration	Frozen service calendar database contracts	2026-10-06T23:24:10.3588855Z     └─ migration.sql
Booking and optimizer integration	Frozen service calendar database contracts	2026-10-06T23:24:10.3590003Z   └─ 20260923130000_depot_pin_provenance/
Booking and optimizer integration	Frozen service calendar database contracts	2026-10-06T23:24:10.3590799Z     └─ migration.sql
Booking and optimizer integration	Frozen service calendar database contracts	2026-10-06T23:24:10.3591700Z   └─ 20260923190000_technician_home_pin_provenance/
Booking and optimizer integration	Frozen service calendar database contracts	2026-10-06T23:24:10.3608861Z     └─ migration.sql
Booking and optimizer integration	Frozen service calendar database contracts	2026-10-06T23:24:10.3609538Z   └─ 20260924010000_scheduling_policy/
Booking and optimizer integration	Frozen service calendar database contracts	2026-10-06T23:24:10.3610125Z     └─ migration.sql
Booking and optimizer integration	Frozen service calendar database contracts	2026-10-06T23:24:10.3610741Z   └─ 20260924020000_offer_overtime_authorization/
Booking and optimizer integration	Frozen service calendar database contracts	2026-10-06T23:24:10.3611374Z     └─ migration.sql
Booking and optimizer integration	Frozen service calendar database contracts	2026-10-06T23:24:10.3611974Z   └─ 20260924030000_repair_overtime_approval/
Booking and optimizer integration	Frozen service calendar database contracts	2026-10-06T23:24:10.3613225Z     └─ migration.sql
Booking and optimizer integration	Frozen service calendar database contracts	2026-10-06T23:24:10.3614880Z   └─ 20260924040000_reservation_arrangements/
Booking and optimizer integration	Frozen service calendar database contracts	2026-10-06T23:24:10.3615592Z     └─ migration.sql
Booking and optimizer integration	Frozen service calendar database contracts	2026-10-06T23:24:10.3616195Z   └─ 20260924050000_reservation_obligations/
Booking and optimizer integration	Frozen service calendar database contracts	2026-10-06T23:24:10.3616796Z     └─ migration.sql
Booking and optimizer integration	Frozen service calendar database contracts	2026-10-06T23:24:10.3617383Z   └─ 20260924060000_booking_search_diagnostics/
Booking and optimizer integration	Frozen service calendar database contracts	2026-10-06T23:24:10.3617999Z     └─ migration.sql
Booking and optimizer integration	Frozen service calendar database contracts	2026-10-06T23:24:10.3618551Z   └─ 20260924070000_current_route_timing/
Booking and optimizer integration	Frozen service calendar database contracts	2026-10-06T23:24:10.3619109Z     └─ migration.sql
Booking and optimizer integration	Frozen service calendar database contracts	2026-10-06T23:24:10.3619721Z   └─ 20260924080000_booking_search_cancellation/
Booking and optimizer integration	Frozen service calendar database contracts	2026-10-06T23:24:10.3620360Z     └─ migration.sql
Booking and optimizer integration	Frozen service calendar database contracts	2026-10-06T23:24:10.3621025Z   └─ 20260929180000_booking_location_confirmation/
Booking and optimizer integration	Frozen service calendar database contracts	2026-10-06T23:24:10.3621775Z     └─ migration.sql
Booking and optimizer integration	Frozen service calendar database contracts	2026-10-06T23:24:10.3622707Z   └─ 20260929220000_durable_booking_search/
Booking and optimizer integration	Frozen service calendar database contracts	2026-10-06T23:24:10.3623354Z     └─ migration.sql
Booking and optimizer integration	Frozen service calendar database contracts	2026-10-06T23:24:10.3623971Z   └─ 20260929223000_booking_search_incumbent/
Booking and optimizer integration	Frozen service calendar database contracts	2026-10-06T23:24:10.3624638Z     └─ migration.sql
Booking and optimizer integration	Frozen service calendar database contracts	2026-10-06T23:24:10.3625282Z   └─ 20260929230000_retire_incompatible_promises/
Booking and optimizer integration	Frozen service calendar database contracts	2026-10-06T23:24:10.3625935Z     └─ migration.sql
Booking and optimizer integration	Frozen service calendar database contracts	2026-10-06T23:24:10.3626585Z   └─ 20260929233000_retire_legacy_standalone_offers/
Booking and optimizer integration	Frozen service calendar database contracts	2026-10-06T23:24:10.3628804Z     └─ migration.sql
Booking and optimizer integration	Frozen service calendar database contracts	2026-10-06T23:24:10.3629470Z   └─ 20261006194000_exact_monetary_contract/
Booking and optimizer integration	Frozen service calendar database contracts	2026-10-06T23:24:10.3630087Z     └─ migration.sql
Booking and optimizer integration	Frozen service calendar database contracts	2026-10-06T23:24:10.3630671Z   └─ 20261006212000_daily_score_contract/
Booking and optimizer integration	Frozen service calendar database contracts	2026-10-06T23:24:10.3631264Z     └─ migration.sql
Booking and optimizer integration	Frozen service calendar database contracts	2026-10-06T23:24:10.3631855Z   └─ 20261006230000_durable_daily_attempts/
Booking and optimizer integration	Frozen service calendar database contracts	2026-10-06T23:24:10.3632746Z     └─ migration.sql
Booking and optimizer integration	Frozen service calendar database contracts	2026-10-06T23:24:10.3633166Z       
Booking and optimizer integration	Frozen service calendar database contracts	2026-10-06T23:24:10.3633738Z All migrations have been successfully applied.
Booking and optimizer integration	Frozen service calendar database contracts	2026-10-06T23:24:10.5739102Z WARNING: A restricted method in java.lang.System has been called
Booking and optimizer integration	Frozen service calendar database contracts	2026-10-06T23:24:10.5785070Z WARNING: java.lang.System::load has been called by org.fusesource.jansi.internal.JansiLoader in an unnamed module (file:/home/runner/.m2/wrapper/dists/apache-maven-3.9.16-bin/4200fbc6/apache-maven-3.9.16/lib/jansi-2.4.3.jar)
Booking and optimizer integration	Frozen service calendar database contracts	2026-10-06T23:24:10.5816652Z WARNING: Use --enable-native-access=ALL-UNNAMED to avoid a warning for callers in this module
Booking and optimizer integration	Frozen service calendar database contracts	2026-10-06T23:24:10.5843736Z WARNING: Restricted methods will be blocked in a future release unless native access is enabled
Booking and optimizer integration	Frozen service calendar database contracts	2026-10-06T23:24:10.5856268Z 
Booking and optimizer integration	Frozen service calendar database contracts	2026-10-06T23:24:11.9687219Z [INFO] Scanning for projects...
Booking and optimizer integration	Frozen service calendar database contracts	2026-10-06T23:24:12.4226956Z [INFO] 
Booking and optimizer integration	Frozen service calendar database contracts	2026-10-06T23:24:12.4244019Z [INFO] ------------------< dev.waterflex:scheduler-service >-------------------
Booking and optimizer integration	Frozen service calendar database contracts	2026-10-06T23:24:12.4245166Z [INFO] Building scheduler-service 0.1.0-SNAPSHOT
Booking and optimizer integration	Frozen service calendar database contracts	2026-10-06T23:24:12.4246147Z [INFO]   from pom.xml
Booking and optimizer integration	Frozen service calendar database contracts	2026-10-06T23:24:12.4247126Z [INFO] --------------------------------[ jar ]---------------------------------
Booking and optimizer integration	Frozen service calendar database contracts	2026-10-06T23:24:13.0793611Z [INFO] 
Booking and optimizer integration	Frozen service calendar database contracts	2026-10-06T23:24:13.0833654Z [INFO] --- resources:3.5.0:resources (default-resources) @ scheduler-service ---
Booking and optimizer integration	Frozen service calendar database contracts	2026-10-06T23:24:13.2180241Z [INFO] Copying 2 resources from src/main/resources to target/classes
Booking and optimizer integration	Frozen service calendar database contracts	2026-10-06T23:24:13.2323645Z [INFO] Copying 1 resource from src/main/resources to target/classes
Booking and optimizer integration	Frozen service calendar database contracts	2026-10-06T23:24:13.2352975Z [INFO] 
Booking and optimizer integration	Frozen service calendar database contracts	2026-10-06T23:24:13.2393401Z [INFO] --- compiler:3.15.0:compile (default-compile) @ scheduler-service ---
Booking and optimizer integration	Frozen service calendar database contracts	2026-10-06T23:24:13.3804766Z [INFO] Nothing to compile - all classes are up to date.
Booking and optimizer integration	Frozen service calendar database contracts	2026-10-06T23:24:13.3842905Z [INFO] 
Booking and optimizer integration	Frozen service calendar database contracts	2026-10-06T23:24:13.3844258Z [INFO] --- resources:3.5.0:testResources (default-testResources) @ scheduler-service ---
Booking and optimizer integration	Frozen service calendar database contracts	2026-10-06T23:24:13.3903402Z [INFO] Copying 1 resource from src/test/resources to target/test-classes
Booking and optimizer integration	Frozen service calendar database contracts	2026-10-06T23:24:13.3904511Z [INFO] 
Booking and optimizer integration	Frozen service calendar database contracts	2026-10-06T23:24:13.3923475Z [INFO] --- compiler:3.15.0:testCompile (default-testCompile) @ scheduler-service ---
Booking and optimizer integration	Frozen service calendar database contracts	2026-10-06T23:24:13.4398354Z [INFO] Nothing to compile - all classes are up to date.
Booking and optimizer integration	Frozen service calendar database contracts	2026-10-06T23:24:13.4403103Z [INFO] 
Booking and optimizer integration	Frozen service calendar database contracts	2026-10-06T23:24:13.4423359Z [INFO] --- surefire:3.5.6:test (default-test) @ scheduler-service ---
Booking and optimizer integration	Frozen service calendar database contracts	2026-10-06T23:24:13.7034166Z [INFO] Using auto detected provider org.apache.maven.surefire.junitplatform.JUnitPlatformProvider
Booking and optimizer integration	Frozen service calendar database contracts	2026-10-06T23:24:13.7633513Z [INFO] 
Booking and optimizer integration	Frozen service calendar database contracts	2026-10-06T23:24:13.7634746Z [INFO] -------------------------------------------------------
Booking and optimizer integration	Frozen service calendar database contracts	2026-10-06T23:24:13.7652968Z [INFO]  T E S T S
Booking and optimizer integration	Frozen service calendar database contracts	2026-10-06T23:24:13.7665960Z [INFO] -------------------------------------------------------
Booking and optimizer integration	Frozen service calendar database contracts	2026-10-06T23:24:14.7241010Z [INFO] Running dev.waterflex.scheduler.BookingSnapshotDatabaseIT
Booking and optimizer integration	Frozen service calendar database contracts	2026-10-06T23:24:20.5244481Z [INFO] Tests run: 2, Failures: 0, Errors: 0, Skipped: 0, Time elapsed: 5.659 s -- in dev.waterflex.scheduler.BookingSnapshotDatabaseIT
Booking and optimizer integration	Frozen service calendar database contracts	2026-10-06T23:24:20.5328137Z [INFO] Running dev.waterflex.scheduler.MonetaryMigrationDatabaseIT
Booking and optimizer integration	Frozen service calendar database contracts	2026-10-06T23:24:20.9314229Z [INFO] Tests run: 3, Failures: 0, Errors: 0, Skipped: 0, Time elapsed: 0.543 s -- in dev.waterflex.scheduler.MonetaryMigrationDatabaseIT
Booking and optimizer integration	Frozen service calendar database contracts	2026-10-06T23:24:21.2506882Z [INFO] 
Booking and optimizer integration	Frozen service calendar database contracts	2026-10-06T23:24:21.2510318Z [INFO] Results:
Booking and optimizer integration	Frozen service calendar database contracts	2026-10-06T23:24:21.2510894Z [INFO] 
Booking and optimizer integration	Frozen service calendar database contracts	2026-10-06T23:24:21.2516901Z [INFO] Tests run: 5, Failures: 0, Errors: 0, Skipped: 0
Booking and optimizer integration	Frozen service calendar database contracts	2026-10-06T23:24:21.2517795Z [INFO] 
Booking and optimizer integration	Frozen service calendar database contracts	2026-10-06T23:24:21.2552142Z [INFO] ------------------------------------------------------------------------
Booking and optimizer integration	Frozen service calendar database contracts	2026-10-06T23:24:21.2553570Z [INFO] BUILD SUCCESS
Booking and optimizer integration	Frozen service calendar database contracts	2026-10-06T23:24:21.2554914Z [INFO] ------------------------------------------------------------------------
Booking and optimizer integration	Frozen service calendar database contracts	2026-10-06T23:24:21.2560611Z [INFO] Total time:  9.316 s
Booking and optimizer integration	Frozen service calendar database contracts	2026-10-06T23:24:21.2564724Z [INFO] Finished at: 2026-10-06T23:24:21Z
Booking and optimizer integration	Frozen service calendar database contracts	2026-10-06T23:24:21.2565571Z [INFO] ------------------------------------------------------------------------
Booking and optimizer integration	Booking smoke	﻿2026-10-06T23:24:21.2807575Z ##[group]Run node ../infra/run-check.mjs test:booking:integration npm run test:booking:integration
Booking and optimizer integration	Booking smoke	2026-10-06T23:24:21.2808349Z ^[[36;1mnode ../infra/run-check.mjs test:booking:integration npm run test:booking:integration^[[0m
Booking and optimizer integration	Booking smoke	2026-10-06T23:24:21.2883522Z shell: /usr/bin/bash -e {0}
Booking and optimizer integration	Booking smoke	2026-10-06T23:24:21.2883834Z env:
Booking and optimizer integration	Booking smoke	2026-10-06T23:24:21.2884349Z   DATABASE_URL: ***127.0.0.1:5432/waterflex_test
Booking and optimizer integration	Booking smoke	2026-10-06T23:24:21.2884837Z   JDBC_DATABASE_URL: jdbc:postgresql://127.0.0.1:5432/waterflex_test
Booking and optimizer integration	Booking smoke	2026-10-06T23:24:21.2885276Z   DATABASE_USER: waterflex
Booking and optimizer integration	Booking smoke	2026-10-06T23:24:21.2885564Z   DATABASE_PASSWORD: waterflex
Booking and optimizer integration	Booking smoke	2026-10-06T23:24:21.2885856Z   ROUTING_URL: http://127.0.0.1:18001
Booking and optimizer integration	Booking smoke	2026-10-06T23:24:21.2886192Z   SCHEDULER_TEST_URL: http://127.0.0.1:18000
Booking and optimizer integration	Booking smoke	2026-10-06T23:24:21.2886758Z   ENGINE_URL: http://127.0.0.1:18000
Booking and optimizer integration	Booking smoke	2026-10-06T23:24:21.2887053Z   SERVER_PORT: 18000
Booking and optimizer integration	Booking smoke	2026-10-06T23:24:21.2887300Z   TIME_OFF_POLL_DELAY_MS: 1000
Booking and optimizer integration	Booking smoke	2026-10-06T23:24:21.2887690Z   JAVA_HOME: /opt/hostedtoolcache/Java_Temurin-Hotspot_jdk/25.0.4-1/x64
Booking and optimizer integration	Booking smoke	2026-10-06T23:24:21.2888253Z   JAVA_HOME_25_X64: /opt/hostedtoolcache/Java_Temurin-Hotspot_jdk/25.0.4-1/x64
Booking and optimizer integration	Booking smoke	2026-10-06T23:24:21.2888672Z   MAVEN_ARGS: -ntp
Booking and optimizer integration	Booking smoke	2026-10-06T23:24:21.2888903Z ##[endgroup]
Booking and optimizer integration	Booking smoke	2026-10-06T23:24:21.4213117Z 
Booking and optimizer integration	Booking smoke	2026-10-06T23:24:21.4214231Z > waterflex-web@0.1.0 test:booking:integration
Booking and optimizer integration	Booking smoke	2026-10-06T23:24:21.4217136Z > tsx scripts/smoke-java-booking.ts
Booking and optimizer integration	Booking smoke	2026-10-06T23:24:21.4217882Z 
Booking and optimizer integration	Booking smoke	2026-10-06T23:24:25.6379587Z Java booking lifecycle, scarcity, and offer limit 1 passed (legacyReservationFlag=false)
Booking and optimizer integration	Booking smoke	2026-10-06T23:24:25.6944073Z test:booking:integration: passed in 4.4s
Booking and optimizer integration	Booking location contracts with reservations and isolated data	﻿2026-10-06T23:24:25.7041843Z ##[group]Run npx prisma migrate deploy
Booking and optimizer integration	Booking location contracts with reservations and isolated data	2026-10-06T23:24:25.7042575Z ^[[36;1mnpx prisma migrate deploy^[[0m
Booking and optimizer integration	Booking location contracts with reservations and isolated data	2026-10-06T23:24:25.7043301Z ^[[36;1mjava -jar ../scheduler-service/target/scheduler-service-0.1.0-SNAPSHOT.jar > "$RUNNER_TEMP/location-scheduler.log" 2>&1 &^[[0m
Booking and optimizer integration	Booking location contracts with reservations and isolated data	2026-10-06T23:24:25.7043944Z ^[[36;1mlocation_pid=$!^[[0m
Booking and optimizer integration	Booking location contracts with reservations and isolated data	2026-10-06T23:24:25.7044229Z ^[[36;1mtrap 'kill "$location_pid"' EXIT^[[0m
Booking and optimizer integration	Booking location contracts with reservations and isolated data	2026-10-06T23:24:25.7044548Z ^[[36;1mfor _attempt in {1..60}; do^[[0m
Booking and optimizer integration	Booking location contracts with reservations and isolated data	2026-10-06T23:24:25.7045014Z ^[[36;1m  if curl --fail --silent http://127.0.0.1:18002/health > /dev/null; then break; fi^[[0m
Booking and optimizer integration	Booking location contracts with reservations and isolated data	2026-10-06T23:24:25.7045472Z ^[[36;1m  sleep 2^[[0m
Booking and optimizer integration	Booking location contracts with reservations and isolated data	2026-10-06T23:24:25.7045709Z ^[[36;1mdone^[[0m
Booking and optimizer integration	Booking location contracts with reservations and isolated data	2026-10-06T23:24:25.7046196Z ^[[36;1mnode ../infra/run-check.mjs test:booking-location:integration npx tsx scripts/smoke-booking-location.ts^[[0m
Booking and optimizer integration	Booking location contracts with reservations and isolated data	2026-10-06T23:24:25.7108781Z shell: /usr/bin/bash -e {0}
Booking and optimizer integration	Booking location contracts with reservations and isolated data	2026-10-06T23:24:25.7109078Z env:
Booking and optimizer integration	Booking location contracts with reservations and isolated data	2026-10-06T23:24:25.7109673Z   DATABASE_URL: ***127.0.0.1:5432/waterflex_test?schema=booking_location_it
Booking and optimizer integration	Booking location contracts with reservations and isolated data	2026-10-06T23:24:25.7110346Z   JDBC_DATABASE_URL: jdbc:postgresql://127.0.0.1:5432/waterflex_test?currentSchema=booking_location_it
Booking and optimizer integration	Booking location contracts with reservations and isolated data	2026-10-06T23:24:25.7110869Z   DATABASE_USER: waterflex
Booking and optimizer integration	Booking location contracts with reservations and isolated data	2026-10-06T23:24:25.7111145Z   DATABASE_PASSWORD: waterflex
Booking and optimizer integration	Booking location contracts with reservations and isolated data	2026-10-06T23:24:25.7111444Z   ROUTING_URL: http://127.0.0.1:18001
Booking and optimizer integration	Booking location contracts with reservations and isolated data	2026-10-06T23:24:25.7111782Z   SCHEDULER_TEST_URL: http://127.0.0.1:18000
Booking and optimizer integration	Booking location contracts with reservations and isolated data	2026-10-06T23:24:25.7112112Z   ENGINE_URL: http://127.0.0.1:18002
Booking and optimizer integration	Booking location contracts with reservations and isolated data	2026-10-06T23:24:25.7112732Z   SERVER_PORT: 18002
Booking and optimizer integration	Booking location contracts with reservations and isolated data	2026-10-06T23:24:25.7112985Z   TIME_OFF_POLL_DELAY_MS: 1000
Booking and optimizer integration	Booking location contracts with reservations and isolated data	2026-10-06T23:24:25.7113379Z   JAVA_HOME: /opt/hostedtoolcache/Java_Temurin-Hotspot_jdk/25.0.4-1/x64
Booking and optimizer integration	Booking location contracts with reservations and isolated data	2026-10-06T23:24:25.7113915Z   JAVA_HOME_25_X64: /opt/hostedtoolcache/Java_Temurin-Hotspot_jdk/25.0.4-1/x64
Booking and optimizer integration	Booking location contracts with reservations and isolated data	2026-10-06T23:24:25.7114336Z   MAVEN_ARGS: -ntp
Booking and optimizer integration	Booking location contracts with reservations and isolated data	2026-10-06T23:24:25.7114582Z   BOOKING_RESERVATIONS_ENABLED: true
Booking and optimizer integration	Booking location contracts with reservations and isolated data	2026-10-06T23:24:25.7114876Z   BOOKING_OFFER_LIMIT: 1
Booking and optimizer integration	Booking location contracts with reservations and isolated data	2026-10-06T23:24:25.7115133Z   BOOKING_SEARCH_BOUNDED: true
Booking and optimizer integration	Booking location contracts with reservations and isolated data	2026-10-06T23:24:25.7115417Z   SCHEDULER_SEARCH_CAPACITY: 2
Booking and optimizer integration	Booking location contracts with reservations and isolated data	2026-10-06T23:24:25.7115686Z   ROUTING_PREWARM_ENABLED: true
Booking and optimizer integration	Booking location contracts with reservations and isolated data	2026-10-06T23:24:25.7115965Z ##[endgroup]
Booking and optimizer integration	Booking location contracts with reservations and isolated data	2026-10-06T23:24:26.4597174Z Prisma schema loaded from prisma/schema.prisma
Booking and optimizer integration	Booking location contracts with reservations and isolated data	2026-10-06T23:24:26.4667754Z Datasource "db": PostgreSQL database "waterflex_test", schema "booking_location_it" at "127.0.0.1:5432"
Booking and optimizer integration	Booking location contracts with reservations and isolated data	2026-10-06T23:24:26.5633163Z 
Booking and optimizer integration	Booking location contracts with reservations and isolated data	2026-10-06T23:24:26.5633985Z 37 migrations found in prisma/migrations
Booking and optimizer integration	Booking location contracts with reservations and isolated data	2026-10-06T23:24:26.5634576Z 
Booking and optimizer integration	Booking location contracts with reservations and isolated data	2026-10-06T23:24:26.6039076Z Applying migration `20260904180051_init`
Booking and optimizer integration	Booking location contracts with reservations and isolated data	2026-10-06T23:24:26.6495321Z Applying migration `20260904182402_slot_hold_job_fk`
Booking and optimizer integration	Booking location contracts with reservations and isolated data	2026-10-06T23:24:26.6533296Z Applying migration `20260907190000_booking_retry_and_hold_location`
Booking and optimizer integration	Booking location contracts with reservations and isolated data	2026-10-06T23:24:26.6565958Z Applying migration `20260907220000_omaha_service_area`
Booking and optimizer integration	Booking location contracts with reservations and isolated data	2026-10-06T23:24:26.6599062Z Applying migration `20260908170000_optimizer_overtime`
Booking and optimizer integration	Booking location contracts with reservations and isolated data	2026-10-06T23:24:26.6630076Z Applying migration `20260908171000_optimizer_weights`
Booking and optimizer integration	Booking location contracts with reservations and isolated data	2026-10-06T23:24:26.6662163Z Applying migration `20260909120000_progressive_booking_optimization`
Booking and optimizer integration	Booking location contracts with reservations and isolated data	2026-10-06T23:24:26.6799374Z Applying migration `20260916120000_java_scheduler_foundation`
Booking and optimizer integration	Booking location contracts with reservations and isolated data	2026-10-06T23:24:26.7003700Z Applying migration `20260917120000_booking_reservations_time_off`
Booking and optimizer integration	Booking location contracts with reservations and isolated data	2026-10-06T23:24:26.7187938Z Applying migration `20260918120000_road_cache_retention`
Booking and optimizer integration	Booking location contracts with reservations and isolated data	2026-10-06T23:24:26.7243219Z Applying migration `20260918130000_optimization_route_snapshot`
Booking and optimizer integration	Booking location contracts with reservations and isolated data	2026-10-06T23:24:26.7282811Z Applying migration `20260921190000_booking_test_runs`
Booking and optimizer integration	Booking location contracts with reservations and isolated data	2026-10-06T23:24:26.7418501Z Applying migration `20260921213000_booking_test_purge`
Booking and optimizer integration	Booking location contracts with reservations and isolated data	2026-10-06T23:24:26.7446182Z Applying migration `20260921214000_omaha_state_code`
Booking and optimizer integration	Booking location contracts with reservations and isolated data	2026-10-06T23:24:26.7471794Z Applying migration `20260921220000_resumable_booking_test_generation`
Booking and optimizer integration	Booking location contracts with reservations and isolated data	2026-10-06T23:24:26.7518694Z Applying migration `20260922120000_time_off_category`
Booking and optimizer integration	Booking location contracts with reservations and isolated data	2026-10-06T23:24:26.7549939Z Applying migration `20260922230000_technician_profiles_availability`
Booking and optimizer integration	Booking location contracts with reservations and isolated data	2026-10-06T23:24:26.7635479Z Applying migration `20260923010000_dealership_route_endpoints`
Booking and optimizer integration	Booking location contracts with reservations and isolated data	2026-10-06T23:24:26.7727172Z Applying migration `20260923120000_multi_depot_dealerships`
Booking and optimizer integration	Booking location contracts with reservations and isolated data	2026-10-06T23:24:26.7855134Z Applying migration `20260923130000_depot_pin_provenance`
Booking and optimizer integration	Booking location contracts with reservations and isolated data	2026-10-06T23:24:26.7886862Z Applying migration `20260923190000_technician_home_pin_provenance`
Booking and optimizer integration	Booking location contracts with reservations and isolated data	2026-10-06T23:24:26.7921611Z Applying migration `20260924010000_scheduling_policy`
Booking and optimizer integration	Booking location contracts with reservations and isolated data	2026-10-06T23:24:26.7945916Z Applying migration `20260924020000_offer_overtime_authorization`
Booking and optimizer integration	Booking location contracts with reservations and isolated data	2026-10-06T23:24:26.7974339Z Applying migration `20260924030000_repair_overtime_approval`
Booking and optimizer integration	Booking location contracts with reservations and isolated data	2026-10-06T23:24:26.8004681Z Applying migration `20260924040000_reservation_arrangements`
Booking and optimizer integration	Booking location contracts with reservations and isolated data	2026-10-06T23:24:26.8113768Z Applying migration `20260924050000_reservation_obligations`
Booking and optimizer integration	Booking location contracts with reservations and isolated data	2026-10-06T23:24:26.8156924Z Applying migration `20260924060000_booking_search_diagnostics`
Booking and optimizer integration	Booking location contracts with reservations and isolated data	2026-10-06T23:24:26.8182714Z Applying migration `20260924070000_current_route_timing`
Booking and optimizer integration	Booking location contracts with reservations and isolated data	2026-10-06T23:24:26.8208896Z Applying migration `20260924080000_booking_search_cancellation`
Booking and optimizer integration	Booking location contracts with reservations and isolated data	2026-10-06T23:24:26.8271164Z Applying migration `20260929180000_booking_location_confirmation`
Booking and optimizer integration	Booking location contracts with reservations and isolated data	2026-10-06T23:24:26.8301602Z Applying migration `20260929220000_durable_booking_search`
Booking and optimizer integration	Booking location contracts with reservations and isolated data	2026-10-06T23:24:26.8347936Z Applying migration `20260929223000_booking_search_incumbent`
Booking and optimizer integration	Booking location contracts with reservations and isolated data	2026-10-06T23:24:26.8373472Z Applying migration `20260929230000_retire_incompatible_promises`
Booking and optimizer integration	Booking location contracts with reservations and isolated data	2026-10-06T23:24:26.8401930Z Applying migration `20260929233000_retire_legacy_standalone_offers`
Booking and optimizer integration	Booking location contracts with reservations and isolated data	2026-10-06T23:24:26.8427981Z Applying migration `20261006194000_exact_monetary_contract`
Booking and optimizer integration	Booking location contracts with reservations and isolated data	2026-10-06T23:24:26.8609783Z Applying migration `20261006212000_daily_score_contract`
Booking and optimizer integration	Booking location contracts with reservations and isolated data	2026-10-06T23:24:26.8634188Z Applying migration `20261006230000_durable_daily_attempts`
Booking and optimizer integration	Booking location contracts with reservations and isolated data	2026-10-06T23:24:26.8705296Z 
Booking and optimizer integration	Booking location contracts with reservations and isolated data	2026-10-06T23:24:26.8723165Z The following migration(s) have been applied:
Booking and optimizer integration	Booking location contracts with reservations and isolated data	2026-10-06T23:24:26.8738870Z 
Booking and optimizer integration	Booking location contracts with reservations and isolated data	2026-10-06T23:24:26.8739681Z migrations/
Booking and optimizer integration	Booking location contracts with reservations and isolated data	2026-10-06T23:24:26.8740985Z   └─ 20260904180051_init/
Booking and optimizer integration	Booking location contracts with reservations and isolated data	2026-10-06T23:24:26.8742093Z     └─ migration.sql
Booking and optimizer integration	Booking location contracts with reservations and isolated data	2026-10-06T23:24:26.8743381Z   └─ 20260904182402_slot_hold_job_fk/
Booking and optimizer integration	Booking location contracts with reservations and isolated data	2026-10-06T23:24:26.8744447Z     └─ migration.sql
Booking and optimizer integration	Booking location contracts with reservations and isolated data	2026-10-06T23:24:26.8745414Z   └─ 20260907190000_booking_retry_and_hold_location/
Booking and optimizer integration	Booking location contracts with reservations and isolated data	2026-10-06T23:24:26.8746560Z     └─ migration.sql
Booking and optimizer integration	Booking location contracts with reservations and isolated data	2026-10-06T23:24:26.8747435Z   └─ 20260907220000_omaha_service_area/
Booking and optimizer integration	Booking location contracts with reservations and isolated data	2026-10-06T23:24:26.8748276Z     └─ migration.sql
Booking and optimizer integration	Booking location contracts with reservations and isolated data	2026-10-06T23:24:26.8749121Z   └─ 20260908170000_optimizer_overtime/
Booking and optimizer integration	Booking location contracts with reservations and isolated data	2026-10-06T23:24:26.8750226Z     └─ migration.sql
Booking and optimizer integration	Booking location contracts with reservations and isolated data	2026-10-06T23:24:26.8751092Z   └─ 20260908171000_optimizer_weights/
Booking and optimizer integration	Booking location contracts with reservations and isolated data	2026-10-06T23:24:26.8752008Z     └─ migration.sql
Booking and optimizer integration	Booking location contracts with reservations and isolated data	2026-10-06T23:24:26.8753660Z   └─ 20260909120000_progressive_booking_optimization/
Booking and optimizer integration	Booking location contracts with reservations and isolated data	2026-10-06T23:24:26.8754824Z     └─ migration.sql
Booking and optimizer integration	Booking location contracts with reservations and isolated data	2026-10-06T23:24:26.8755709Z   └─ 20260916120000_java_scheduler_foundation/
Booking and optimizer integration	Booking location contracts with reservations and isolated data	2026-10-06T23:24:26.8756608Z     └─ migration.sql
Booking and optimizer integration	Booking location contracts with reservations and isolated data	2026-10-06T23:24:26.8757510Z   └─ 20260917120000_booking_reservations_time_off/
Booking and optimizer integration	Booking location contracts with reservations and isolated data	2026-10-06T23:24:26.8758402Z     └─ migration.sql
Booking and optimizer integration	Booking location contracts with reservations and isolated data	2026-10-06T23:24:26.8759149Z   └─ 20260918120000_road_cache_retention/
Booking and optimizer integration	Booking location contracts with reservations and isolated data	2026-10-06T23:24:26.8759910Z     └─ migration.sql
Booking and optimizer integration	Booking location contracts with reservations and isolated data	2026-10-06T23:24:26.8760692Z   └─ 20260918130000_optimization_route_snapshot/
Booking and optimizer integration	Booking location contracts with reservations and isolated data	2026-10-06T23:24:26.8761481Z     └─ migration.sql
Booking and optimizer integration	Booking location contracts with reservations and isolated data	2026-10-06T23:24:26.8762219Z   └─ 20260921190000_booking_test_runs/
Booking and optimizer integration	Booking location contracts with reservations and isolated data	2026-10-06T23:24:26.8763269Z     └─ migration.sql
Booking and optimizer integration	Booking location contracts with reservations and isolated data	2026-10-06T23:24:26.8764010Z   └─ 20260921213000_booking_test_purge/
Booking and optimizer integration	Booking location contracts with reservations and isolated data	2026-10-06T23:24:26.8764765Z     └─ migration.sql
Booking and optimizer integration	Booking location contracts with reservations and isolated data	2026-10-06T23:24:26.8765486Z   └─ 20260921214000_omaha_state_code/
Booking and optimizer integration	Booking location contracts with reservations and isolated data	2026-10-06T23:24:26.8766208Z     └─ migration.sql
Booking and optimizer integration	Booking location contracts with reservations and isolated data	2026-10-06T23:24:26.8767024Z   └─ 20260921220000_resumable_booking_test_generation/
Booking and optimizer integration	Booking location contracts with reservations and isolated data	2026-10-06T23:24:26.8767822Z     └─ migration.sql
Booking and optimizer integration	Booking location contracts with reservations and isolated data	2026-10-06T23:24:26.8768572Z   └─ 20260922120000_time_off_category/
Booking and optimizer integration	Booking location contracts with reservations and isolated data	2026-10-06T23:24:26.8769357Z     └─ migration.sql
Booking and optimizer integration	Booking location contracts with reservations and isolated data	2026-10-06T23:24:26.8770587Z   └─ 20260922230000_technician_profiles_availability/
Booking and optimizer integration	Booking location contracts with reservations and isolated data	2026-10-06T23:24:26.8771448Z     └─ migration.sql
Booking and optimizer integration	Booking location contracts with reservations and isolated data	2026-10-06T23:24:26.8772588Z   └─ 20260923010000_dealership_route_endpoints/
Booking and optimizer integration	Booking location contracts with reservations and isolated data	2026-10-06T23:24:26.8773795Z     └─ migration.sql
Booking and optimizer integration	Booking location contracts with reservations and isolated data	2026-10-06T23:24:26.8774609Z   └─ 20260923120000_multi_depot_dealerships/
Booking and optimizer integration	Booking location contracts with reservations and isolated data	2026-10-06T23:24:26.8775419Z     └─ migration.sql
Booking and optimizer integration	Booking location contracts with reservations and isolated data	2026-10-06T23:24:26.8802989Z   └─ 20260923130000_depot_pin_provenance/
Booking and optimizer integration	Booking location contracts with reservations and isolated data	2026-10-06T23:24:26.8814665Z     └─ migration.sql
Booking and optimizer integration	Booking location contracts with reservations and isolated data	2026-10-06T23:24:26.8815682Z   └─ 20260923190000_technician_home_pin_provenance/
Booking and optimizer integration	Booking location contracts with reservations and isolated data	2026-10-06T23:24:26.8816617Z     └─ migration.sql
Booking and optimizer integration	Booking location contracts with reservations and isolated data	2026-10-06T23:24:26.8817397Z   └─ 20260924010000_scheduling_policy/
Booking and optimizer integration	Booking location contracts with reservations and isolated data	2026-10-06T23:24:26.8818113Z     └─ migration.sql
Booking and optimizer integration	Booking location contracts with reservations and isolated data	2026-10-06T23:24:26.8818966Z   └─ 20260924020000_offer_overtime_authorization/
Booking and optimizer integration	Booking location contracts with reservations and isolated data	2026-10-06T23:24:26.8819882Z     └─ migration.sql
Booking and optimizer integration	Booking location contracts with reservations and isolated data	2026-10-06T23:24:26.8820816Z   └─ 20260924030000_repair_overtime_approval/
Booking and optimizer integration	Booking location contracts with reservations and isolated data	2026-10-06T23:24:26.8821754Z     └─ migration.sql
Booking and optimizer integration	Booking location contracts with reservations and isolated data	2026-10-06T23:24:26.8822964Z   └─ 20260924040000_reservation_arrangements/
Booking and optimizer integration	Booking location contracts with reservations and isolated data	2026-10-06T23:24:26.8823879Z     └─ migration.sql
Booking and optimizer integration	Booking location contracts with reservations and isolated data	2026-10-06T23:24:26.8824772Z   └─ 20260924050000_reservation_obligations/
Booking and optimizer integration	Booking location contracts with reservations and isolated data	2026-10-06T23:24:26.8825660Z     └─ migration.sql
Booking and optimizer integration	Booking location contracts with reservations and isolated data	2026-10-06T23:24:26.8826489Z   └─ 20260924060000_booking_search_diagnostics/
Booking and optimizer integration	Booking location contracts with reservations and isolated data	2026-10-06T23:24:26.8827410Z     └─ migration.sql
Booking and optimizer integration	Booking location contracts with reservations and isolated data	2026-10-06T23:24:26.8828260Z   └─ 20260924070000_current_route_timing/
Booking and optimizer integration	Booking location contracts with reservations and isolated data	2026-10-06T23:24:26.8829100Z     └─ migration.sql
Booking and optimizer integration	Booking location contracts with reservations and isolated data	2026-10-06T23:24:26.8829917Z   └─ 20260924080000_booking_search_cancellation/
Booking and optimizer integration	Booking location contracts with reservations and isolated data	2026-10-06T23:24:26.8830746Z     └─ migration.sql
Booking and optimizer integration	Booking location contracts with reservations and isolated data	2026-10-06T23:24:26.8831618Z   └─ 20260929180000_booking_location_confirmation/
Booking and optimizer integration	Booking location contracts with reservations and isolated data	2026-10-06T23:24:26.8832798Z     └─ migration.sql
Booking and optimizer integration	Booking location contracts with reservations and isolated data	2026-10-06T23:24:26.8833707Z   └─ 20260929220000_durable_booking_search/
Booking and optimizer integration	Booking location contracts with reservations and isolated data	2026-10-06T23:24:26.8834605Z     └─ migration.sql
Booking and optimizer integration	Booking location contracts with reservations and isolated data	2026-10-06T23:24:26.8835535Z   └─ 20260929223000_booking_search_incumbent/
Booking and optimizer integration	Booking location contracts with reservations and isolated data	2026-10-06T23:24:26.8836775Z     └─ migration.sql
Booking and optimizer integration	Booking location contracts with reservations and isolated data	2026-10-06T23:24:26.8837746Z   └─ 20260929230000_retire_incompatible_promises/
Booking and optimizer integration	Booking location contracts with reservations and isolated data	2026-10-06T23:24:26.8838734Z     └─ migration.sql
Booking and optimizer integration	Booking location contracts with reservations and isolated data	2026-10-06T23:24:26.8839908Z   └─ 20260929233000_retire_legacy_standalone_offers/
Booking and optimizer integration	Booking location contracts with reservations and isolated data	2026-10-06T23:24:26.8840836Z     └─ migration.sql
Booking and optimizer integration	Booking location contracts with reservations and isolated data	2026-10-06T23:24:26.8841731Z   └─ 20261006194000_exact_monetary_contract/
Booking and optimizer integration	Booking location contracts with reservations and isolated data	2026-10-06T23:24:26.8842901Z     └─ migration.sql
Booking and optimizer integration	Booking location contracts with reservations and isolated data	2026-10-06T23:24:26.8843749Z   └─ 20261006212000_daily_score_contract/
Booking and optimizer integration	Booking location contracts with reservations and isolated data	2026-10-06T23:24:26.8844648Z     └─ migration.sql
Booking and optimizer integration	Booking location contracts with reservations and isolated data	2026-10-06T23:24:26.8845467Z   └─ 20261006230000_durable_daily_attempts/
Booking and optimizer integration	Booking location contracts with reservations and isolated data	2026-10-06T23:24:26.8846252Z     └─ migration.sql
Booking and optimizer integration	Booking location contracts with reservations and isolated data	2026-10-06T23:24:26.8846810Z       
Booking and optimizer integration	Booking location contracts with reservations and isolated data	2026-10-06T23:24:26.8847537Z All migrations have been successfully applied.
Booking and optimizer integration	Booking location contracts with reservations and isolated data	2026-10-06T23:24:37.7334098Z North 169th Street: manual location reached search, feasible offer, confirmed
Booking and optimizer integration	Booking location contracts with reservations and isolated data	2026-10-06T23:24:38.1451927Z Reflection Circle: manual location reached search, feasible offer, released
Booking and optimizer integration	Booking location contracts with reservations and isolated data	2026-10-06T23:24:38.4715343Z Appaloosa Drive: manual location reached search, feasible offer, released
Booking and optimizer integration	Booking location contracts with reservations and isolated data	2026-10-06T23:24:38.8013260Z Valley Street: manual location reached search, feasible offer, released
Booking and optimizer integration	Booking location contracts with reservations and isolated data	2026-10-06T23:24:39.1336364Z Grandview Avenue: manual location reached search, feasible offer, released
Booking and optimizer integration	Booking location contracts with reservations and isolated data	2026-10-06T23:24:39.4573931Z Cascio Drive: manual location reached search, feasible offer, released
Booking and optimizer integration	Booking location contracts with reservations and isolated data	2026-10-06T23:24:39.4667457Z Read-only lookup, typed failures, provenance, retry conflicts, concurrent retries, follow-up and booking passed
Booking and optimizer integration	Booking location contracts with reservations and isolated data	2026-10-06T23:24:39.5223817Z test:booking-location:integration: passed in 4.3s
Booking and optimizer integration	Configurable offer limits across both booking paths	﻿2026-10-06T23:24:39.5411504Z ##[group]Run node infra/run-check.mjs offer-limits node infra/test-booking-offer-limits.mjs
Booking and optimizer integration	Configurable offer limits across both booking paths	2026-10-06T23:24:39.5433220Z ^[[36;1mnode infra/run-check.mjs offer-limits node infra/test-booking-offer-limits.mjs^[[0m
Booking and optimizer integration	Configurable offer limits across both booking paths	2026-10-06T23:24:39.5796070Z shell: /usr/bin/bash -e {0}
Booking and optimizer integration	Configurable offer limits across both booking paths	2026-10-06T23:24:39.5796577Z env:
Booking and optimizer integration	Configurable offer limits across both booking paths	2026-10-06T23:24:39.5797446Z   DATABASE_URL: ***127.0.0.1:5432/waterflex_test
Booking and optimizer integration	Configurable offer limits across both booking paths	2026-10-06T23:24:39.5798198Z   JDBC_DATABASE_URL: jdbc:postgresql://127.0.0.1:5432/waterflex_test
Booking and optimizer integration	Configurable offer limits across both booking paths	2026-10-06T23:24:39.5799252Z   DATABASE_USER: waterflex
Booking and optimizer integration	Configurable offer limits across both booking paths	2026-10-06T23:24:39.5799725Z   DATABASE_PASSWORD: waterflex
Booking and optimizer integration	Configurable offer limits across both booking paths	2026-10-06T23:24:39.5800244Z   ROUTING_URL: http://127.0.0.1:18001
Booking and optimizer integration	Configurable offer limits across both booking paths	2026-10-06T23:24:39.5800782Z   SCHEDULER_TEST_URL: http://127.0.0.1:18000
Booking and optimizer integration	Configurable offer limits across both booking paths	2026-10-06T23:24:39.5802037Z   ENGINE_URL: http://127.0.0.1:18000
Booking and optimizer integration	Configurable offer limits across both booking paths	2026-10-06T23:24:39.5802944Z   SERVER_PORT: 18000
Booking and optimizer integration	Configurable offer limits across both booking paths	2026-10-06T23:24:39.5803414Z   TIME_OFF_POLL_DELAY_MS: 1000
Booking and optimizer integration	Configurable offer limits across both booking paths	2026-10-06T23:24:39.5804125Z   JAVA_HOME: /opt/hostedtoolcache/Java_Temurin-Hotspot_jdk/25.0.4-1/x64
Booking and optimizer integration	Configurable offer limits across both booking paths	2026-10-06T23:24:39.5805177Z   JAVA_HOME_25_X64: /opt/hostedtoolcache/Java_Temurin-Hotspot_jdk/25.0.4-1/x64
Booking and optimizer integration	Configurable offer limits across both booking paths	2026-10-06T23:24:39.5805963Z   MAVEN_ARGS: -ntp
Booking and optimizer integration	Configurable offer limits across both booking paths	2026-10-06T23:24:39.5806359Z ##[endgroup]
Booking and optimizer integration	Configurable offer limits across both booking paths	2026-10-06T23:24:51.7653749Z Java booking lifecycle, scarcity, and offer limit 1 passed (legacyReservationFlag=false)
Booking and optimizer integration	Configurable offer limits across both booking paths	2026-10-06T23:25:03.7746343Z Java booking lifecycle, scarcity, and offer limit 1 passed (legacyReservationFlag=false)
Booking and optimizer integration	Configurable offer limits across both booking paths	2026-10-06T23:25:15.0896471Z Java booking lifecycle, scarcity, and offer limit 1 passed (legacyReservationFlag=false)
Booking and optimizer integration	Configurable offer limits across both booking paths	2026-10-06T23:25:27.9007232Z Java booking lifecycle, scarcity, and offer limit 1 passed (legacyReservationFlag=true)
Booking and optimizer integration	Configurable offer limits across both booking paths	2026-10-06T23:25:39.9284032Z Java booking lifecycle, scarcity, and offer limit 1 passed (legacyReservationFlag=true)
Booking and optimizer integration	Configurable offer limits across both booking paths	2026-10-06T23:25:52.3787677Z Java booking lifecycle, scarcity, and offer limit 1 passed (legacyReservationFlag=true)
Booking and optimizer integration	Configurable offer limits across both booking paths	2026-10-06T23:25:53.1609094Z All six offer-limit/path combinations passed. Scheduler logs: /home/runner/work/_temp/booking-offer-limits-mfg7i9
Booking and optimizer integration	Configurable offer limits across both booking paths	2026-10-06T23:25:53.1688552Z offer-limits: passed in 73.5s
Booking and optimizer integration	Pending reservation dependency guards	﻿2026-10-06T23:25:53.1787064Z ##[group]Run node ../infra/run-check.mjs test:reservation:integration npm run test:reservation:integration
Booking and optimizer integration	Pending reservation dependency guards	2026-10-06T23:25:53.1788438Z ^[[36;1mnode ../infra/run-check.mjs test:reservation:integration npm run test:reservation:integration^[[0m
Booking and optimizer integration	Pending reservation dependency guards	2026-10-06T23:25:53.1879586Z shell: /usr/bin/bash -e {0}
Booking and optimizer integration	Pending reservation dependency guards	2026-10-06T23:25:53.1880080Z env:
Booking and optimizer integration	Pending reservation dependency guards	2026-10-06T23:25:53.1880877Z   DATABASE_URL: ***127.0.0.1:5432/waterflex_test
Booking and optimizer integration	Pending reservation dependency guards	2026-10-06T23:25:53.1881697Z   JDBC_DATABASE_URL: jdbc:postgresql://127.0.0.1:5432/waterflex_test
Booking and optimizer integration	Pending reservation dependency guards	2026-10-06T23:25:53.1882711Z   DATABASE_USER: waterflex
Booking and optimizer integration	Pending reservation dependency guards	2026-10-06T23:25:53.1883228Z   DATABASE_PASSWORD: waterflex
Booking and optimizer integration	Pending reservation dependency guards	2026-10-06T23:25:53.1883753Z   ROUTING_URL: http://127.0.0.1:18001
Booking and optimizer integration	Pending reservation dependency guards	2026-10-06T23:25:53.1884356Z   SCHEDULER_TEST_URL: http://127.0.0.1:18000
Booking and optimizer integration	Pending reservation dependency guards	2026-10-06T23:25:53.1884958Z   ENGINE_URL: http://127.0.0.1:18000
Booking and optimizer integration	Pending reservation dependency guards	2026-10-06T23:25:53.1885498Z   SERVER_PORT: 18000
Booking and optimizer integration	Pending reservation dependency guards	2026-10-06T23:25:53.1885951Z   TIME_OFF_POLL_DELAY_MS: 1000
Booking and optimizer integration	Pending reservation dependency guards	2026-10-06T23:25:53.1886663Z   JAVA_HOME: /opt/hostedtoolcache/Java_Temurin-Hotspot_jdk/25.0.4-1/x64
Booking and optimizer integration	Pending reservation dependency guards	2026-10-06T23:25:53.1887671Z   JAVA_HOME_25_X64: /opt/hostedtoolcache/Java_Temurin-Hotspot_jdk/25.0.4-1/x64
Booking and optimizer integration	Pending reservation dependency guards	2026-10-06T23:25:53.1888443Z   MAVEN_ARGS: -ntp
Booking and optimizer integration	Pending reservation dependency guards	2026-10-06T23:25:53.1888870Z ##[endgroup]
Booking and optimizer integration	Pending reservation dependency guards	2026-10-06T23:25:53.3283071Z 
Booking and optimizer integration	Pending reservation dependency guards	2026-10-06T23:25:53.3283968Z > waterflex-web@0.1.0 test:reservation:integration
Booking and optimizer integration	Pending reservation dependency guards	2026-10-06T23:25:53.3287367Z > tsx scripts/smoke-reservation-guards.ts
Booking and optimizer integration	Pending reservation dependency guards	2026-10-06T23:25:53.3288228Z 
Booking and optimizer integration	Pending reservation dependency guards	2026-10-06T23:25:54.0379157Z Pending reservation reassignment guards and released-hold cleanup passed
Booking and optimizer integration	Pending reservation dependency guards	2026-10-06T23:25:54.0948972Z test:reservation:integration: passed in 0.9s
Booking and optimizer integration	Optimizer smoke	﻿2026-10-06T23:25:54.1040496Z ##[group]Run node ../infra/run-check.mjs test:optimizer:integration npm run test:optimizer:integration
Booking and optimizer integration	Optimizer smoke	2026-10-06T23:25:54.1041298Z ^[[36;1mnode ../infra/run-check.mjs test:optimizer:integration npm run test:optimizer:integration^[[0m
Booking and optimizer integration	Optimizer smoke	2026-10-06T23:25:54.1102928Z shell: /usr/bin/bash -e {0}
Booking and optimizer integration	Optimizer smoke	2026-10-06T23:25:54.1103212Z env:
Booking and optimizer integration	Optimizer smoke	2026-10-06T23:25:54.1103735Z   DATABASE_URL: ***127.0.0.1:5432/waterflex_test
Booking and optimizer integration	Optimizer smoke	2026-10-06T23:25:54.1104201Z   JDBC_DATABASE_URL: jdbc:postgresql://127.0.0.1:5432/waterflex_test
Booking and optimizer integration	Optimizer smoke	2026-10-06T23:25:54.1104614Z   DATABASE_USER: waterflex
Booking and optimizer integration	Optimizer smoke	2026-10-06T23:25:54.1104891Z   DATABASE_PASSWORD: waterflex
Booking and optimizer integration	Optimizer smoke	2026-10-06T23:25:54.1105177Z   ROUTING_URL: http://127.0.0.1:18001
Booking and optimizer integration	Optimizer smoke	2026-10-06T23:25:54.1105499Z   SCHEDULER_TEST_URL: http://127.0.0.1:18000
Booking and optimizer integration	Optimizer smoke	2026-10-06T23:25:54.1106031Z   ENGINE_URL: http://127.0.0.1:18000
Booking and optimizer integration	Optimizer smoke	2026-10-06T23:25:54.1106330Z   SERVER_PORT: 18000
Booking and optimizer integration	Optimizer smoke	2026-10-06T23:25:54.1106583Z   TIME_OFF_POLL_DELAY_MS: 1000
Booking and optimizer integration	Optimizer smoke	2026-10-06T23:25:54.1106976Z   JAVA_HOME: /opt/hostedtoolcache/Java_Temurin-Hotspot_jdk/25.0.4-1/x64
Booking and optimizer integration	Optimizer smoke	2026-10-06T23:25:54.1107548Z   JAVA_HOME_25_X64: /opt/hostedtoolcache/Java_Temurin-Hotspot_jdk/25.0.4-1/x64
Booking and optimizer integration	Optimizer smoke	2026-10-06T23:25:54.1107966Z   MAVEN_ARGS: -ntp
Booking and optimizer integration	Optimizer smoke	2026-10-06T23:25:54.1108200Z ##[endgroup]
Booking and optimizer integration	Optimizer smoke	2026-10-06T23:25:54.2567613Z 
Booking and optimizer integration	Optimizer smoke	2026-10-06T23:25:54.2568696Z > waterflex-web@0.1.0 test:optimizer:integration
Booking and optimizer integration	Optimizer smoke	2026-10-06T23:25:54.2570042Z > tsx scripts/smoke-optimizer.ts
Booking and optimizer integration	Optimizer smoke	2026-10-06T23:25:54.2570764Z 
Booking and optimizer integration	Optimizer smoke	2026-10-06T23:26:10.5403465Z Timefold preview, current/before/proposed GeoJSON road routes, guarded apply, and promised windows passed
Booking and optimizer integration	Optimizer smoke	2026-10-06T23:26:10.5899122Z test:optimizer:integration: passed in 16.4s
Booking and optimizer integration	Multi-depot dealership smoke	﻿2026-10-06T23:26:10.5982874Z ##[group]Run node ../infra/run-check.mjs test:multi-depot:integration npm run test:multi-depot:integration
Booking and optimizer integration	Multi-depot dealership smoke	2026-10-06T23:26:10.5984353Z ^[[36;1mnode ../infra/run-check.mjs test:multi-depot:integration npm run test:multi-depot:integration^[[0m
Booking and optimizer integration	Multi-depot dealership smoke	2026-10-06T23:26:10.6076246Z shell: /usr/bin/bash -e {0}
Booking and optimizer integration	Multi-depot dealership smoke	2026-10-06T23:26:10.6076713Z env:
Booking and optimizer integration	Multi-depot dealership smoke	2026-10-06T23:26:10.6077471Z   DATABASE_URL: ***127.0.0.1:5432/waterflex_test
Booking and optimizer integration	Multi-depot dealership smoke	2026-10-06T23:26:10.6078244Z   JDBC_DATABASE_URL: jdbc:postgresql://127.0.0.1:5432/waterflex_test
Booking and optimizer integration	Multi-depot dealership smoke	2026-10-06T23:26:10.6078985Z   DATABASE_USER: waterflex
Booking and optimizer integration	Multi-depot dealership smoke	2026-10-06T23:26:10.6079463Z   DATABASE_PASSWORD: waterflex
Booking and optimizer integration	Multi-depot dealership smoke	2026-10-06T23:26:10.6079994Z   ROUTING_URL: http://127.0.0.1:18001
Booking and optimizer integration	Multi-depot dealership smoke	2026-10-06T23:26:10.6080572Z   SCHEDULER_TEST_URL: http://127.0.0.1:18000
Booking and optimizer integration	Multi-depot dealership smoke	2026-10-06T23:26:10.6081142Z   ENGINE_URL: http://127.0.0.1:18000
Booking and optimizer integration	Multi-depot dealership smoke	2026-10-06T23:26:10.6081646Z   SERVER_PORT: 18000
Booking and optimizer integration	Multi-depot dealership smoke	2026-10-06T23:26:10.6082080Z   TIME_OFF_POLL_DELAY_MS: 1000
Booking and optimizer integration	Multi-depot dealership smoke	2026-10-06T23:26:10.6083124Z   JAVA_HOME: /opt/hostedtoolcache/Java_Temurin-Hotspot_jdk/25.0.4-1/x64
Booking and optimizer integration	Multi-depot dealership smoke	2026-10-06T23:26:10.6084100Z   JAVA_HOME_25_X64: /opt/hostedtoolcache/Java_Temurin-Hotspot_jdk/25.0.4-1/x64
Booking and optimizer integration	Multi-depot dealership smoke	2026-10-06T23:26:10.6084845Z   MAVEN_ARGS: -ntp
Booking and optimizer integration	Multi-depot dealership smoke	2026-10-06T23:26:10.6085243Z ##[endgroup]
Booking and optimizer integration	Multi-depot dealership smoke	2026-10-06T23:26:10.7526618Z 
Booking and optimizer integration	Multi-depot dealership smoke	2026-10-06T23:26:10.7527780Z > waterflex-web@0.1.0 test:multi-depot:integration
Booking and optimizer integration	Multi-depot dealership smoke	2026-10-06T23:26:10.7529185Z > tsx scripts/smoke-multi-depot.ts
Booking and optimizer integration	Multi-depot dealership smoke	2026-10-06T23:26:10.7529910Z 
Booking and optimizer integration	Multi-depot dealership smoke	2026-10-06T23:26:26.0114233Z Lincoln and Omaha depots, booked routes, active holds, dated moves, horizon, endpoint history, and stale previews passed
Booking and optimizer integration	Multi-depot dealership smoke	2026-10-06T23:26:26.0704464Z test:multi-depot:integration: passed in 15.4s
Booking and optimizer integration	Depot pin setup smoke	﻿2026-10-06T23:26:26.0793497Z ##[group]Run node ../infra/run-check.mjs test:depot-setup:integration npm run test:depot-setup:integration
Booking and optimizer integration	Depot pin setup smoke	2026-10-06T23:26:26.0794342Z ^[[36;1mnode ../infra/run-check.mjs test:depot-setup:integration npm run test:depot-setup:integration^[[0m
Booking and optimizer integration	Depot pin setup smoke	2026-10-06T23:26:26.0858642Z shell: /usr/bin/bash -e {0}
Booking and optimizer integration	Depot pin setup smoke	2026-10-06T23:26:26.0858943Z env:
Booking and optimizer integration	Depot pin setup smoke	2026-10-06T23:26:26.0859413Z   DATABASE_URL: ***127.0.0.1:5432/waterflex_test
Booking and optimizer integration	Depot pin setup smoke	2026-10-06T23:26:26.0859900Z   JDBC_DATABASE_URL: jdbc:postgresql://127.0.0.1:5432/waterflex_test
Booking and optimizer integration	Depot pin setup smoke	2026-10-06T23:26:26.0860334Z   DATABASE_USER: waterflex
Booking and optimizer integration	Depot pin setup smoke	2026-10-06T23:26:26.0860616Z   DATABASE_PASSWORD: waterflex
Booking and optimizer integration	Depot pin setup smoke	2026-10-06T23:26:26.0860905Z   ROUTING_URL: http://127.0.0.1:18001
Booking and optimizer integration	Depot pin setup smoke	2026-10-06T23:26:26.0861240Z   SCHEDULER_TEST_URL: http://127.0.0.1:18000
Booking and optimizer integration	Depot pin setup smoke	2026-10-06T23:26:26.0861562Z   ENGINE_URL: http://127.0.0.1:18000
Booking and optimizer integration	Depot pin setup smoke	2026-10-06T23:26:26.0861851Z   SERVER_PORT: 18000
Booking and optimizer integration	Depot pin setup smoke	2026-10-06T23:26:26.0862094Z   TIME_OFF_POLL_DELAY_MS: 1000
Booking and optimizer integration	Depot pin setup smoke	2026-10-06T23:26:26.0862805Z   JAVA_HOME: /opt/hostedtoolcache/Java_Temurin-Hotspot_jdk/25.0.4-1/x64
Booking and optimizer integration	Depot pin setup smoke	2026-10-06T23:26:26.0863368Z   JAVA_HOME_25_X64: /opt/hostedtoolcache/Java_Temurin-Hotspot_jdk/25.0.4-1/x64
Booking and optimizer integration	Depot pin setup smoke	2026-10-06T23:26:26.0863788Z   MAVEN_ARGS: -ntp
Booking and optimizer integration	Depot pin setup smoke	2026-10-06T23:26:26.0864019Z ##[endgroup]
Booking and optimizer integration	Depot pin setup smoke	2026-10-06T23:26:26.2251617Z 
Booking and optimizer integration	Depot pin setup smoke	2026-10-06T23:26:26.2252992Z > waterflex-web@0.1.0 test:depot-setup:integration
Booking and optimizer integration	Depot pin setup smoke	2026-10-06T23:26:26.2254416Z > tsx scripts/smoke-depot-setup.ts
Booking and optimizer integration	Depot pin setup smoke	2026-10-06T23:26:26.2255136Z 
Booking and optimizer integration	Depot pin setup smoke	2026-10-06T23:26:26.8531447Z Adjusted depot pin, distant pin rejection, and provenance persistence passed
Booking and optimizer integration	Depot pin setup smoke	2026-10-06T23:26:26.8930971Z test:depot-setup:integration: passed in 0.8s
Booking and optimizer integration	Shared address matching smoke	﻿2026-10-06T23:26:26.9028321Z ##[group]Run node ../infra/run-check.mjs test:address-matching:integration npm run test:address-matching:integration
Booking and optimizer integration	Shared address matching smoke	2026-10-06T23:26:26.9029900Z ^[[36;1mnode ../infra/run-check.mjs test:address-matching:integration npm run test:address-matching:integration^[[0m
Booking and optimizer integration	Shared address matching smoke	2026-10-06T23:26:26.9099879Z shell: /usr/bin/bash -e {0}
Booking and optimizer integration	Shared address matching smoke	2026-10-06T23:26:26.9100355Z env:
Booking and optimizer integration	Shared address matching smoke	2026-10-06T23:26:26.9101117Z   DATABASE_URL: ***127.0.0.1:5432/waterflex_test
Booking and optimizer integration	Shared address matching smoke	2026-10-06T23:26:26.9101901Z   JDBC_DATABASE_URL: jdbc:postgresql://127.0.0.1:5432/waterflex_test
Booking and optimizer integration	Shared address matching smoke	2026-10-06T23:26:26.9102998Z   DATABASE_USER: waterflex
Booking and optimizer integration	Shared address matching smoke	2026-10-06T23:26:26.9103515Z   DATABASE_PASSWORD: waterflex
Booking and optimizer integration	Shared address matching smoke	2026-10-06T23:26:26.9104055Z   ROUTING_URL: http://127.0.0.1:18001
Booking and optimizer integration	Shared address matching smoke	2026-10-06T23:26:26.9104647Z   SCHEDULER_TEST_URL: http://127.0.0.1:18000
Booking and optimizer integration	Shared address matching smoke	2026-10-06T23:26:26.9105238Z   ENGINE_URL: http://127.0.0.1:18000
Booking and optimizer integration	Shared address matching smoke	2026-10-06T23:26:26.9105771Z   SERVER_PORT: 18000
Booking and optimizer integration	Shared address matching smoke	2026-10-06T23:26:26.9106197Z   TIME_OFF_POLL_DELAY_MS: 1000
Booking and optimizer integration	Shared address matching smoke	2026-10-06T23:26:26.9106896Z   JAVA_HOME: /opt/hostedtoolcache/Java_Temurin-Hotspot_jdk/25.0.4-1/x64
Booking and optimizer integration	Shared address matching smoke	2026-10-06T23:26:26.9107910Z   JAVA_HOME_25_X64: /opt/hostedtoolcache/Java_Temurin-Hotspot_jdk/25.0.4-1/x64
Booking and optimizer integration	Shared address matching smoke	2026-10-06T23:26:26.9108671Z   MAVEN_ARGS: -ntp
Booking and optimizer integration	Shared address matching smoke	2026-10-06T23:26:26.9109084Z ##[endgroup]
Booking and optimizer integration	Shared address matching smoke	2026-10-06T23:26:27.0514886Z 
Booking and optimizer integration	Shared address matching smoke	2026-10-06T23:26:27.0516055Z > waterflex-web@0.1.0 test:address-matching:integration
Booking and optimizer integration	Shared address matching smoke	2026-10-06T23:26:27.0517223Z > tsx scripts/smoke-address-matching.ts
Booking and optimizer integration	Shared address matching smoke	2026-10-06T23:26:27.0517947Z 
Booking and optimizer integration	Shared address matching smoke	2026-10-06T23:26:28.0444162Z Shared preview, booking, technician, depot creation/edit, strict ZIP, manual follow-up, and unavailable save guards passed
Booking and optimizer integration	Shared address matching smoke	2026-10-06T23:26:28.1210349Z test:address-matching:integration: passed in 1.2s
Booking and optimizer integration	Technician home pin smoke	﻿2026-10-06T23:26:28.1295751Z ##[group]Run node ../infra/run-check.mjs test:technician-home:integration npm run test:technician-home:integration
Booking and optimizer integration	Technician home pin smoke	2026-10-06T23:26:28.1296625Z ^[[36;1mnode ../infra/run-check.mjs test:technician-home:integration npm run test:technician-home:integration^[[0m
Booking and optimizer integration	Technician home pin smoke	2026-10-06T23:26:28.1358538Z shell: /usr/bin/bash -e {0}
Booking and optimizer integration	Technician home pin smoke	2026-10-06T23:26:28.1358834Z env:
Booking and optimizer integration	Technician home pin smoke	2026-10-06T23:26:28.1359292Z   DATABASE_URL: ***127.0.0.1:5432/waterflex_test
Booking and optimizer integration	Technician home pin smoke	2026-10-06T23:26:28.1359738Z   JDBC_DATABASE_URL: jdbc:postgresql://127.0.0.1:5432/waterflex_test
Booking and optimizer integration	Technician home pin smoke	2026-10-06T23:26:28.1360168Z   DATABASE_USER: waterflex
Booking and optimizer integration	Technician home pin smoke	2026-10-06T23:26:28.1360454Z   DATABASE_PASSWORD: waterflex
Booking and optimizer integration	Technician home pin smoke	2026-10-06T23:26:28.1360746Z   ROUTING_URL: http://127.0.0.1:18001
Booking and optimizer integration	Technician home pin smoke	2026-10-06T23:26:28.1361073Z   SCHEDULER_TEST_URL: http://127.0.0.1:18000
Booking and optimizer integration	Technician home pin smoke	2026-10-06T23:26:28.1361394Z   ENGINE_URL: http://127.0.0.1:18000
Booking and optimizer integration	Technician home pin smoke	2026-10-06T23:26:28.1361681Z   SERVER_PORT: 18000
Booking and optimizer integration	Technician home pin smoke	2026-10-06T23:26:28.1361928Z   TIME_OFF_POLL_DELAY_MS: 1000
Booking and optimizer integration	Technician home pin smoke	2026-10-06T23:26:28.1362475Z   JAVA_HOME: /opt/hostedtoolcache/Java_Temurin-Hotspot_jdk/25.0.4-1/x64
Booking and optimizer integration	Technician home pin smoke	2026-10-06T23:26:28.1363042Z   JAVA_HOME_25_X64: /opt/hostedtoolcache/Java_Temurin-Hotspot_jdk/25.0.4-1/x64
Booking and optimizer integration	Technician home pin smoke	2026-10-06T23:26:28.1363473Z   MAVEN_ARGS: -ntp
Booking and optimizer integration	Technician home pin smoke	2026-10-06T23:26:28.1363710Z ##[endgroup]
Booking and optimizer integration	Technician home pin smoke	2026-10-06T23:26:28.2725156Z 
Booking and optimizer integration	Technician home pin smoke	2026-10-06T23:26:28.2726313Z > waterflex-web@0.1.0 test:technician-home:integration
Booking and optimizer integration	Technician home pin smoke	2026-10-06T23:26:28.2727529Z > tsx scripts/smoke-technician-home.ts
Booking and optimizer integration	Technician home pin smoke	2026-10-06T23:26:28.2728186Z 
Booking and optimizer integration	Technician home pin smoke	2026-10-06T23:26:29.0242651Z Street pin bounds, confirmation, exact house creation, and manually adjusted house pin limits passed
Booking and optimizer integration	Technician home pin smoke	2026-10-06T23:26:29.0736615Z Technician profile address edits, rejected pins, phone validation, and missing depot checks passed
Booking and optimizer integration	Technician home pin smoke	2026-10-06T23:26:29.1204764Z test:technician-home:integration: passed in 0.9s
Booking and optimizer integration	Time-off repair smoke	﻿2026-10-06T23:26:29.1311697Z ##[group]Run for repetition in 1 2 3; do
Booking and optimizer integration	Time-off repair smoke	2026-10-06T23:26:29.1312898Z ^[[36;1mfor repetition in 1 2 3; do^[[0m
Booking and optimizer integration	Time-off repair smoke	2026-10-06T23:26:29.1313575Z ^[[36;1m  echo "Time-off smoke repetition $repetition"^[[0m
Booking and optimizer integration	Time-off repair smoke	2026-10-06T23:26:29.1314484Z ^[[36;1m  node ../infra/run-check.mjs time-off-$repetition npm run test:time-off:integration^[[0m
Booking and optimizer integration	Time-off repair smoke	2026-10-06T23:26:29.1315352Z ^[[36;1mdone^[[0m
Booking and optimizer integration	Time-off repair smoke	2026-10-06T23:26:29.1385798Z shell: /usr/bin/bash -e {0}
Booking and optimizer integration	Time-off repair smoke	2026-10-06T23:26:29.1386100Z env:
Booking and optimizer integration	Time-off repair smoke	2026-10-06T23:26:29.1386581Z   DATABASE_URL: ***127.0.0.1:5432/waterflex_test
Booking and optimizer integration	Time-off repair smoke	2026-10-06T23:26:29.1387051Z   JDBC_DATABASE_URL: jdbc:postgresql://127.0.0.1:5432/waterflex_test
Booking and optimizer integration	Time-off repair smoke	2026-10-06T23:26:29.1387485Z   DATABASE_USER: waterflex
Booking and optimizer integration	Time-off repair smoke	2026-10-06T23:26:29.1387763Z   DATABASE_PASSWORD: waterflex
Booking and optimizer integration	Time-off repair smoke	2026-10-06T23:26:29.1388060Z   ROUTING_URL: http://127.0.0.1:18001
Booking and optimizer integration	Time-off repair smoke	2026-10-06T23:26:29.1388383Z   SCHEDULER_TEST_URL: http://127.0.0.1:18000
Booking and optimizer integration	Time-off repair smoke	2026-10-06T23:26:29.1388703Z   ENGINE_URL: http://127.0.0.1:18000
Booking and optimizer integration	Time-off repair smoke	2026-10-06T23:26:29.1388980Z   SERVER_PORT: 18000
Booking and optimizer integration	Time-off repair smoke	2026-10-06T23:26:29.1389261Z   TIME_OFF_POLL_DELAY_MS: 1000
Booking and optimizer integration	Time-off repair smoke	2026-10-06T23:26:29.1389660Z   JAVA_HOME: /opt/hostedtoolcache/Java_Temurin-Hotspot_jdk/25.0.4-1/x64
Booking and optimizer integration	Time-off repair smoke	2026-10-06T23:26:29.1390203Z   JAVA_HOME_25_X64: /opt/hostedtoolcache/Java_Temurin-Hotspot_jdk/25.0.4-1/x64
Booking and optimizer integration	Time-off repair smoke	2026-10-06T23:26:29.1390629Z   MAVEN_ARGS: -ntp
Booking and optimizer integration	Time-off repair smoke	2026-10-06T23:26:29.1390865Z ##[endgroup]
Booking and optimizer integration	Time-off repair smoke	2026-10-06T23:26:29.1488426Z Time-off smoke repetition 1
Booking and optimizer integration	Time-off repair smoke	2026-10-06T23:26:29.2745435Z 
Booking and optimizer integration	Time-off repair smoke	2026-10-06T23:26:29.2746528Z > waterflex-web@0.1.0 test:time-off:integration
Booking and optimizer integration	Time-off repair smoke	2026-10-06T23:26:29.2747691Z > tsx scripts/smoke-time-off.ts
Booking and optimizer integration	Time-off repair smoke	2026-10-06T23:26:29.2748318Z 
Booking and optimizer integration	Time-off repair smoke	2026-10-06T23:26:30.1920487Z AssertionError [ERR_ASSERTION]: Expected values to be strictly equal:
Booking and optimizer integration	Time-off repair smoke	2026-10-06T23:26:30.1944254Z + actual - expected
Booking and optimizer integration	Time-off repair smoke	2026-10-06T23:26:30.1955476Z 
Booking and optimizer integration	Time-off repair smoke	2026-10-06T23:26:30.1971394Z + 'PENDING'
Booking and optimizer integration	Time-off repair smoke	2026-10-06T23:26:30.1974331Z - 'APPROVED'
Booking and optimizer integration	Time-off repair smoke	2026-10-06T23:26:30.1974750Z 
Booking and optimizer integration	Time-off repair smoke	2026-10-06T23:26:30.1975687Z     at main (/home/runner/work/waterflex-scheduler-java/waterflex-scheduler-java/web/scripts/smoke-time-off.ts:64:12) {
Booking and optimizer integration	Time-off repair smoke	2026-10-06T23:26:30.1976972Z   generatedMessage: true,
Booking and optimizer integration	Time-off repair smoke	2026-10-06T23:26:30.1977631Z   code: 'ERR_ASSERTION',
Booking and optimizer integration	Time-off repair smoke	2026-10-06T23:26:30.1978249Z   actual: 'PENDING',
Booking and optimizer integration	Time-off repair smoke	2026-10-06T23:26:30.1978877Z   expected: 'APPROVED',
Booking and optimizer integration	Time-off repair smoke	2026-10-06T23:26:30.1979638Z   operator: 'strictEqual',
Booking and optimizer integration	Time-off repair smoke	2026-10-06T23:26:30.1980364Z   diff: 'simple'
Booking and optimizer integration	Time-off repair smoke	2026-10-06T23:26:30.1980930Z }
Booking and optimizer integration	Time-off repair smoke	2026-10-06T23:26:30.2203850Z time-off-1: failed in 1.0s
Booking and optimizer integration	Time-off repair smoke	2026-10-06T23:26:30.2252990Z ##[error]Process completed with exit code 1.
Booking and optimizer integration	Print service logs on failure	﻿2026-10-06T23:26:30.2333681Z ##[group]Run echo 'Fixture routing log:'
Booking and optimizer integration	Print service logs on failure	2026-10-06T23:26:30.2334059Z ^[[36;1mecho 'Fixture routing log:'^[[0m
Booking and optimizer integration	Print service logs on failure	2026-10-06T23:26:30.2334451Z ^[[36;1mcat "$RUNNER_TEMP/fixture-routing.log" 2>/dev/null || true^[[0m
Booking and optimizer integration	Print service logs on failure	2026-10-06T23:26:30.2334848Z ^[[36;1mecho 'Scheduler log:'^[[0m
Booking and optimizer integration	Print service logs on failure	2026-10-06T23:26:30.2335201Z ^[[36;1mcat "$RUNNER_TEMP/scheduler.log" 2>/dev/null || true^[[0m
Booking and optimizer integration	Print service logs on failure	2026-10-06T23:26:30.2335680Z ^[[36;1mcat "$RUNNER_TEMP/reservation-scheduler.log" 2>/dev/null || true^[[0m
Booking and optimizer integration	Print service logs on failure	2026-10-06T23:26:30.2396342Z shell: /usr/bin/bash -e {0}
Booking and optimizer integration	Print service logs on failure	2026-10-06T23:26:30.2396627Z env:
Booking and optimizer integration	Print service logs on failure	2026-10-06T23:26:30.2397106Z   DATABASE_URL: ***127.0.0.1:5432/waterflex_test
Booking and optimizer integration	Print service logs on failure	2026-10-06T23:26:30.2397551Z   JDBC_DATABASE_URL: jdbc:postgresql://127.0.0.1:5432/waterflex_test
Booking and optimizer integration	Print service logs on failure	2026-10-06T23:26:30.2397967Z   DATABASE_USER: waterflex
Booking and optimizer integration	Print service logs on failure	2026-10-06T23:26:30.2398244Z   DATABASE_PASSWORD: waterflex
Booking and optimizer integration	Print service logs on failure	2026-10-06T23:26:30.2398538Z   ROUTING_URL: http://127.0.0.1:18001
Booking and optimizer integration	Print service logs on failure	2026-10-06T23:26:30.2398888Z   SCHEDULER_TEST_URL: http://127.0.0.1:18000
Booking and optimizer integration	Print service logs on failure	2026-10-06T23:26:30.2399207Z   ENGINE_URL: http://127.0.0.1:18000
Booking and optimizer integration	Print service logs on failure	2026-10-06T23:26:30.2399513Z   SERVER_PORT: 18000
Booking and optimizer integration	Print service logs on failure	2026-10-06T23:26:30.2399759Z   TIME_OFF_POLL_DELAY_MS: 1000
Booking and optimizer integration	Print service logs on failure	2026-10-06T23:26:30.2400141Z   JAVA_HOME: /opt/hostedtoolcache/Java_Temurin-Hotspot_jdk/25.0.4-1/x64
Booking and optimizer integration	Print service logs on failure	2026-10-06T23:26:30.2400668Z   JAVA_HOME_25_X64: /opt/hostedtoolcache/Java_Temurin-Hotspot_jdk/25.0.4-1/x64
Booking and optimizer integration	Print service logs on failure	2026-10-06T23:26:30.2401073Z   MAVEN_ARGS: -ntp
Booking and optimizer integration	Print service logs on failure	2026-10-06T23:26:30.2401309Z ##[endgroup]
Booking and optimizer integration	Print service logs on failure	2026-10-06T23:26:30.2479958Z Fixture routing log:
Booking and optimizer integration	Print service logs on failure	2026-10-06T23:26:30.2492183Z Scheduler log:
Booking and optimizer integration	Print service logs on failure	2026-10-06T23:26:30.2502851Z 
Booking and optimizer integration	Print service logs on failure	2026-10-06T23:26:30.2503489Z   .   ____          _            __ _ _
Booking and optimizer integration	Print service logs on failure	2026-10-06T23:26:30.2504186Z  /\\ / ___'_ __ _ _(_)_ __  __ _ \ \ \ \
Booking and optimizer integration	Print service logs on failure	2026-10-06T23:26:30.2504833Z ( ( )\___ | '_ | '_| | '_ \/ _` | \ \ \ \
Booking and optimizer integration	Print service logs on failure	2026-10-06T23:26:30.2505392Z  \\/  ___)| |_)| | | | | || (_| |  ) ) ) )
Booking and optimizer integration	Print service logs on failure	2026-10-06T23:26:30.2505934Z   '  |____| .__|_| |_|_| |_\__, | / / / /
Booking and optimizer integration	Print service logs on failure	2026-10-06T23:26:30.2506743Z  =========|_|==============|___/=/_/_/_/
Booking and optimizer integration	Print service logs on failure	2026-10-06T23:26:30.2507091Z 
Booking and optimizer integration	Print service logs on failure	2026-10-06T23:26:30.2507384Z  :: Spring Boot ::                (v4.1.1)
Booking and optimizer integration	Print service logs on failure	2026-10-06T23:26:30.2507735Z 
Booking and optimizer integration	Print service logs on failure	2026-10-06T23:26:30.2510596Z 2026-10-06T23:23:51.646Z  INFO 3679 --- [           main] d.w.scheduler.SchedulerApplication       : Starting SchedulerApplication v0.1.0-SNAPSHOT using Java 25.0.4.1 with PID 3679 (/home/runner/work/waterflex-scheduler-java/waterflex-scheduler-java/scheduler-service/target/scheduler-service-0.1.0-SNAPSHOT.jar started by runner in /home/runner/work/waterflex-scheduler-java/waterflex-scheduler-java)
Booking and optimizer integration	Print service logs on failure	2026-10-06T23:26:30.2513764Z 2026-10-06T23:23:51.653Z  INFO 3679 --- [           main] d.w.scheduler.SchedulerApplication       : No active profile set, falling back to 1 default profile: "default"
Booking and optimizer integration	Print service logs on failure	2026-10-06T23:26:30.2516004Z 2026-10-06T23:23:55.787Z  INFO 3679 --- [           main] o.s.boot.tomcat.TomcatWebServer          : Tomcat initialized with port 18000 (http)
Booking and optimizer integration	Print service logs on failure	2026-10-06T23:26:30.2517792Z 2026-10-06T23:23:55.806Z  INFO 3679 --- [           main] o.apache.catalina.core.StandardService   : Starting service [Tomcat]
Booking and optimizer integration	Print service logs on failure	2026-10-06T23:26:30.2519657Z 2026-10-06T23:23:55.807Z  INFO 3679 --- [           main] o.apache.catalina.core.StandardEngine    : Starting Servlet engine: [Apache Tomcat/11.0.24]
Booking and optimizer integration	Print service logs on failure	2026-10-06T23:26:30.2521914Z 2026-10-06T23:23:55.835Z  INFO 3679 --- [           main] b.w.c.s.WebApplicationContextInitializer : Root WebApplicationContext: initialization completed in 4065 ms
Booking and optimizer integration	Print service logs on failure	2026-10-06T23:26:30.2524641Z 2026-10-06T23:23:56.781Z  INFO 3679 --- [           main] d.waterflex.scheduler.BookingOfferLimit  : Booking offer limit: 1
Booking and optimizer integration	Print service logs on failure	2026-10-06T23:26:30.2526430Z 2026-10-06T23:23:57.219Z  INFO 3679 --- [-booking-search] com.zaxxer.hikari.HikariDataSource       : HikariPool-1 - Starting...
Booking and optimizer integration	Print service logs on failure	2026-10-06T23:26:30.2528403Z 2026-10-06T23:23:57.246Z  INFO 3679 --- [-booking-search] com.zaxxer.hikari.HikariDataSource       : HikariPool-1 - Start completed.
Booking and optimizer integration	Print service logs on failure	2026-10-06T23:26:30.2530460Z 2026-10-06T23:23:57.501Z  WARN 3679 --- [-booking-search] d.w.scheduler.DurableBookingSearch       : Durable search worker unavailable
Booking and optimizer integration	Print service logs on failure	2026-10-06T23:26:30.2531716Z 
Booking and optimizer integration	Print service logs on failure	2026-10-06T23:26:30.2532943Z org.springframework.jdbc.CannotGetJdbcConnectionException: Failed to obtain JDBC Connection
Booking and optimizer integration	Print service logs on failure	2026-10-06T23:26:30.2534810Z 	at org.springframework.jdbc.datasource.DataSourceUtils.getConnection(DataSourceUtils.java:84) ~[spring-jdbc-7.0.9.jar!/:7.0.9]
Booking and optimizer integration	Print service logs on failure	2026-10-06T23:26:30.2536741Z 	at org.springframework.jdbc.core.JdbcTemplate.execute(JdbcTemplate.java:665) ~[spring-jdbc-7.0.9.jar!/:7.0.9]
Booking and optimizer integration	Print service logs on failure	2026-10-06T23:26:30.2538557Z 	at org.springframework.jdbc.core.JdbcTemplate.query(JdbcTemplate.java:732) ~[spring-jdbc-7.0.9.jar!/:7.0.9]
Booking and optimizer integration	Print service logs on failure	2026-10-06T23:26:30.2540213Z 	at org.springframework.jdbc.core.JdbcTemplate.query(JdbcTemplate.java:757) ~[spring-jdbc-7.0.9.jar!/:7.0.9]
Booking and optimizer integration	Print service logs on failure	2026-10-06T23:26:30.2541812Z 	at org.springframework.jdbc.core.JdbcTemplate.query(JdbcTemplate.java:825) ~[spring-jdbc-7.0.9.jar!/:7.0.9]
Booking and optimizer integration	Print service logs on failure	2026-10-06T23:26:30.2543589Z 	at dev.waterflex.scheduler.DurableBookingSearch.next(DurableBookingSearch.java:97) ~[!/:0.1.0-SNAPSHOT]
Booking and optimizer integration	Print service logs on failure	2026-10-06T23:26:30.2544491Z 	at java.base/java.util.concurrent.Executors$RunnableAdapter.call(Executors.java:545) ~[na:na]
Booking and optimizer integration	Print service logs on failure	2026-10-06T23:26:30.2545237Z 	at java.base/java.util.concurrent.FutureTask.runAndReset(FutureTask.java:369) ~[na:na]
Booking and optimizer integration	Print service logs on failure	2026-10-06T23:26:30.2546185Z 	at java.base/java.util.concurrent.ScheduledThreadPoolExecutor$ScheduledFutureTask.run(ScheduledThreadPoolExecutor.java:310) ~[na:na]
Booking and optimizer integration	Print service logs on failure	2026-10-06T23:26:30.2547179Z 	at java.base/java.util.concurrent.ThreadPoolExecutor.runWorker(ThreadPoolExecutor.java:1090) ~[na:na]
Booking and optimizer integration	Print service logs on failure	2026-10-06T23:26:30.2548024Z 	at java.base/java.util.concurrent.ThreadPoolExecutor$Worker.run(ThreadPoolExecutor.java:614) ~[na:na]
Booking and optimizer integration	Print service logs on failure	2026-10-06T23:26:30.2548678Z 	at java.base/java.lang.Thread.run(Thread.java:1474) ~[na:na]
Booking and optimizer integration	Print service logs on failure	2026-10-06T23:26:30.2549686Z Caused by: java.sql.SQLTransientConnectionException: HikariPool-1 - Connection is not available, request timed out after 250ms (total=0, active=0, idle=0, waiting=0)
Booking and optimizer integration	Print service logs on failure	2026-10-06T23:26:30.2550988Z 	at com.zaxxer.hikari.pool.HikariPool.createTimeoutException(HikariPool.java:714) ~[HikariCP-7.0.2.jar!/:na]
Booking and optimizer integration	Print service logs on failure	2026-10-06T23:26:30.2551873Z 	at com.zaxxer.hikari.pool.HikariPool.getConnection(HikariPool.java:184) ~[HikariCP-7.0.2.jar!/:na]
Booking and optimizer integration	Print service logs on failure	2026-10-06T23:26:30.2553031Z 	at com.zaxxer.hikari.pool.HikariPool.getConnection(HikariPool.java:142) ~[HikariCP-7.0.2.jar!/:na]
Booking and optimizer integration	Print service logs on failure	2026-10-06T23:26:30.2553891Z 	at com.zaxxer.hikari.HikariDataSource.getConnection(HikariDataSource.java:127) ~[HikariCP-7.0.2.jar!/:na]
Booking and optimizer integration	Print service logs on failure	2026-10-06T23:26:30.2554851Z 	at java.base/jdk.internal.reflect.DirectMethodHandleAccessor.invoke(DirectMethodHandleAccessor.java:104) ~[na:na]
Booking and optimizer integration	Print service logs on failure	2026-10-06T23:26:30.2555625Z 	at java.base/java.lang.reflect.Method.invoke(Method.java:565) ~[na:na]
Booking and optimizer integration	Print service logs on failure	2026-10-06T23:26:30.2556400Z 	at dev.waterflex.scheduler.SearchDatabaseTelemetry.invoke(SearchDatabaseTelemetry.java:66) ~[!/:0.1.0-SNAPSHOT]
Booking and optimizer integration	Print service logs on failure	2026-10-06T23:26:30.2557358Z 	at dev.waterflex.scheduler.SearchDatabaseTelemetry.lambda$0(SearchDatabaseTelemetry.java:28) ~[!/:0.1.0-SNAPSHOT]
Booking and optimizer integration	Print service logs on failure	2026-10-06T23:26:30.2558126Z 	at jdk.proxy3/jdk.proxy3.$Proxy87.getConnection(Unknown Source) ~[na:na]
Booking and optimizer integration	Print service logs on failure	2026-10-06T23:26:30.2559000Z 	at org.springframework.jdbc.datasource.DataSourceUtils.fetchConnection(DataSourceUtils.java:160) ~[spring-jdbc-7.0.9.jar!/:7.0.9]
Booking and optimizer integration	Print service logs on failure	2026-10-06T23:26:30.2560123Z 	at org.springframework.jdbc.datasource.DataSourceUtils.doGetConnection(DataSourceUtils.java:118) ~[spring-jdbc-7.0.9.jar!/:7.0.9]
Booking and optimizer integration	Print service logs on failure	2026-10-06T23:26:30.2561212Z 	at org.springframework.jdbc.datasource.DataSourceUtils.getConnection(DataSourceUtils.java:81) ~[spring-jdbc-7.0.9.jar!/:7.0.9]
Booking and optimizer integration	Print service logs on failure	2026-10-06T23:26:30.2561884Z 	... 11 common frames omitted
Booking and optimizer integration	Print service logs on failure	2026-10-06T23:26:30.2562067Z 
Booking and optimizer integration	Print service logs on failure	2026-10-06T23:26:30.2562935Z 2026-10-06T23:23:57.501Z  WARN 3679 --- [-booking-search] d.w.scheduler.DurableBookingSearch       : Durable search worker unavailable
Booking and optimizer integration	Print service logs on failure	2026-10-06T23:26:30.2563469Z 
Booking and optimizer integration	Print service logs on failure	2026-10-06T23:26:30.2563908Z org.springframework.jdbc.CannotGetJdbcConnectionException: Failed to obtain JDBC Connection
Booking and optimizer integration	Print service logs on failure	2026-10-06T23:26:30.2564875Z 	at org.springframework.jdbc.datasource.DataSourceUtils.getConnection(DataSourceUtils.java:84) ~[spring-jdbc-7.0.9.jar!/:7.0.9]
Booking and optimizer integration	Print service logs on failure	2026-10-06T23:26:30.2566090Z 	at org.springframework.jdbc.core.JdbcTemplate.execute(JdbcTemplate.java:665) ~[spring-jdbc-7.0.9.jar!/:7.0.9]
Booking and optimizer integration	Print service logs on failure	2026-10-06T23:26:30.2566980Z 	at org.springframework.jdbc.core.JdbcTemplate.query(JdbcTemplate.java:732) ~[spring-jdbc-7.0.9.jar!/:7.0.9]
Booking and optimizer integration	Print service logs on failure	2026-10-06T23:26:30.2567845Z 	at org.springframework.jdbc.core.JdbcTemplate.query(JdbcTemplate.java:757) ~[spring-jdbc-7.0.9.jar!/:7.0.9]
Booking and optimizer integration	Print service logs on failure	2026-10-06T23:26:30.2568701Z 	at org.springframework.jdbc.core.JdbcTemplate.query(JdbcTemplate.java:825) ~[spring-jdbc-7.0.9.jar!/:7.0.9]
Booking and optimizer integration	Print service logs on failure	2026-10-06T23:26:30.2569560Z 	at dev.waterflex.scheduler.DurableBookingSearch.next(DurableBookingSearch.java:97) ~[!/:0.1.0-SNAPSHOT]
Booking and optimizer integration	Print service logs on failure	2026-10-06T23:26:30.2570381Z 	at java.base/java.util.concurrent.Executors$RunnableAdapter.call(Executors.java:545) ~[na:na]
Booking and optimizer integration	Print service logs on failure	2026-10-06T23:26:30.2571114Z 	at java.base/java.util.concurrent.FutureTask.runAndReset(FutureTask.java:369) ~[na:na]
Booking and optimizer integration	Print service logs on failure	2026-10-06T23:26:30.2572045Z 	at java.base/java.util.concurrent.ScheduledThreadPoolExecutor$ScheduledFutureTask.run(ScheduledThreadPoolExecutor.java:310) ~[na:na]
Booking and optimizer integration	Print service logs on failure	2026-10-06T23:26:30.2573528Z 	at java.base/java.util.concurrent.ThreadPoolExecutor.runWorker(ThreadPoolExecutor.java:1090) ~[na:na]
Booking and optimizer integration	Print service logs on failure	2026-10-06T23:26:30.2574367Z 	at java.base/java.util.concurrent.ThreadPoolExecutor$Worker.run(ThreadPoolExecutor.java:614) ~[na:na]
Booking and optimizer integration	Print service logs on failure	2026-10-06T23:26:30.2575228Z 	at java.base/java.lang.Thread.run(Thread.java:1474) ~[na:na]
Booking and optimizer integration	Print service logs on failure	2026-10-06T23:26:30.2576338Z Caused by: java.sql.SQLTransientConnectionException: HikariPool-1 - Connection is not available, request timed out after 255ms (total=0, active=0, idle=0, waiting=0)
Booking and optimizer integration	Print service logs on failure	2026-10-06T23:26:30.2577441Z 	at com.zaxxer.hikari.pool.HikariPool.createTimeoutException(HikariPool.java:714) ~[HikariCP-7.0.2.jar!/:na]
Booking and optimizer integration	Print service logs on failure	2026-10-06T23:26:30.2578309Z 	at com.zaxxer.hikari.pool.HikariPool.getConnection(HikariPool.java:184) ~[HikariCP-7.0.2.jar!/:na]
Booking and optimizer integration	Print service logs on failure	2026-10-06T23:26:30.2579283Z 	at com.zaxxer.hikari.pool.HikariPool.getConnection(HikariPool.java:142) ~[HikariCP-7.0.2.jar!/:na]
Booking and optimizer integration	Print service logs on failure	2026-10-06T23:26:30.2580123Z 	at com.zaxxer.hikari.HikariDataSource.getConnection(HikariDataSource.java:127) ~[HikariCP-7.0.2.jar!/:na]
Booking and optimizer integration	Print service logs on failure	2026-10-06T23:26:30.2581044Z 	at java.base/jdk.internal.reflect.DirectMethodHandleAccessor.invoke(DirectMethodHandleAccessor.java:104) ~[na:na]
Booking and optimizer integration	Print service logs on failure	2026-10-06T23:26:30.2581816Z 	at java.base/java.lang.reflect.Method.invoke(Method.java:565) ~[na:na]
Booking and optimizer integration	Print service logs on failure	2026-10-06T23:26:30.2582875Z 	at dev.waterflex.scheduler.SearchDatabaseTelemetry.invoke(SearchDatabaseTelemetry.java:66) ~[!/:0.1.0-SNAPSHOT]
Booking and optimizer integration	Print service logs on failure	2026-10-06T23:26:30.2583837Z 	at dev.waterflex.scheduler.SearchDatabaseTelemetry.lambda$0(SearchDatabaseTelemetry.java:28) ~[!/:0.1.0-SNAPSHOT]
Booking and optimizer integration	Print service logs on failure	2026-10-06T23:26:30.2584594Z 	at jdk.proxy3/jdk.proxy3.$Proxy87.getConnection(Unknown Source) ~[na:na]
Booking and optimizer integration	Print service logs on failure	2026-10-06T23:26:30.2585450Z 	at org.springframework.jdbc.datasource.DataSourceUtils.fetchConnection(DataSourceUtils.java:160) ~[spring-jdbc-7.0.9.jar!/:7.0.9]
Booking and optimizer integration	Print service logs on failure	2026-10-06T23:26:30.2586562Z 	at org.springframework.jdbc.datasource.DataSourceUtils.doGetConnection(DataSourceUtils.java:118) ~[spring-jdbc-7.0.9.jar!/:7.0.9]
Booking and optimizer integration	Print service logs on failure	2026-10-06T23:26:30.2587657Z 	at org.springframework.jdbc.datasource.DataSourceUtils.getConnection(DataSourceUtils.java:81) ~[spring-jdbc-7.0.9.jar!/:7.0.9]
Booking and optimizer integration	Print service logs on failure	2026-10-06T23:26:30.2588322Z 	... 11 common frames omitted
Booking and optimizer integration	Print service logs on failure	2026-10-06T23:26:30.2588505Z 
Booking and optimizer integration	Print service logs on failure	2026-10-06T23:26:30.2589138Z 2026-10-06T23:23:58.603Z  INFO 3679 --- [           main] o.s.boot.tomcat.TomcatWebServer          : Tomcat started on port 18000 (http) with context path '/'
Booking and optimizer integration	Print service logs on failure	2026-10-06T23:26:30.2590411Z 2026-10-06T23:23:58.625Z  INFO 3679 --- [           main] d.w.scheduler.SchedulerApplication       : Started SchedulerApplication in 7.776 seconds (process running for 8.563)
Booking and optimizer integration	Print service logs on failure	2026-10-06T23:26:30.2591653Z 2026-10-06T23:24:00.251Z  INFO 3679 --- [io-18000-exec-1] o.a.c.c.C.[Tomcat].[localhost].[/]       : Initializing Spring DispatcherServlet 'dispatcherServlet'
Booking and optimizer integration	Print service logs on failure	2026-10-06T23:26:30.2593079Z 2026-10-06T23:24:00.251Z  INFO 3679 --- [io-18000-exec-1] o.s.web.servlet.DispatcherServlet        : Initializing Servlet 'dispatcherServlet'
Booking and optimizer integration	Print service logs on failure	2026-10-06T23:26:30.2594325Z 2026-10-06T23:24:00.253Z  INFO 3679 --- [io-18000-exec-1] o.s.web.servlet.DispatcherServlet        : Completed initialization in 2 ms
Booking and optimizer integration	Print service logs on failure	2026-10-06T23:26:30.2595591Z 2026-10-06T23:24:22.598Z  WARN 3679 --- [io-18000-exec-5] dev.waterflex.scheduler.RoadClient       : Discarding malformed cached directed leg for routing identity ci-monaco-omaha-car-v2
Booking and optimizer integration	Print service logs on failure	2026-10-06T23:26:30.2653994Z 2026-10-06T23:24:22.785Z  INFO 3679 --- [io-18000-exec-5] d.w.scheduler.BookingCoordinator         : Booking search diagnostics for job smoke-job-4391ce2c-ab18-4631-8d5e-45e02bb19fff: {"format":1,"completed":true,"stopReason":"COMPLETED","configurationFingerprint":"65f98cc1200d331323f4edcc65662995b5a9c8e1c5cf9f375fe691d68979b1ae","routingIdentity":"ci-monaco-omaha-car-v2","capturedAt":"2026-10-06T23:24:22.317348044Z","snapshotAgeMs":450,"routingPairs":34,"evaluatedRoutes":70,"reusedRoutes":280,"prunedArrangements":0,"optionalRefinementMillis":250,"elapsedMs":479,"measurements":{"databaseExecutions":97,"databaseNanos":76332578,"lockStatementNanos":0,"routingPairs":3,"memoryHits":0,"persistentHits":0,"sharedRoutingPairs":3,"foregroundCpuNanos":193290111},"distinctRegularWindows":60,"confirmedRegularMinutes":0,"regularCapacityMinutes":5400,"overtimeAuthorized":false,"variant":"INSERTION","policyVersion":"zero-overtime-four-hour-v2","reconstructionAttempts":0,"reconstructionEvaluations":0,"limits":{"routes":6,"depth":2,"beam":8,"arrangementsPerWindow":500},"coverage":[{"date":"2026-10-07","windowStart":"2026-10-07T13:00:00Z","windowEnd":"2026-10-07T17:00:00Z","routes":1,"arrangements":1,"moves":0,"candidateEvaluations":1,"completed":true,"stopReason":"INSERTION_COMPLETED"},{"date":"2026-10-07","windowStart":"2026-10-07T14:00:00Z","windowEnd":"2026-10-07T18:00:00Z","routes":1,"arrangements":1,"moves":0,"candidateEvaluations":1,"completed":true,"stopReason":"INSERTION_COMPLETED"},{"date":"2026-10-07","windowStart":"2026-10-07T15:00:00Z","windowEnd":"2026-10-07T19:00:00Z","routes":1,"arrangements":1,"moves":0,"candidateEvaluations":1,"completed":true,"stopReason":"INSERTION_COMPLETED"},{"date":"2026-10-07","windowStart":"2026-10-07T16:00:00Z","windowEnd":"2026-10-07T20:00:00Z","routes":1,"arrangements":1,"moves":0,"candidateEvaluations":1,"completed":true,"stopReason":"INSERTION_COMPLETED"},{"date":"2026-10-07","windowStart":"2026-10-07T17:00:00Z","windowEnd":"2026-10-07T21:00:00Z","routes":1,"arrangements":1,"moves":0,"candidateEvaluations":1,"completed":true,"stopReason":"INSERTION_COMPLETED"},{"date":"2026-10-07","windowStart":"2026-10-07T18:00:00Z","windowEnd":"2026-10-07T22:00:00Z","routes":1,"arrangements":1,"moves":0,"candidateEvaluations":1,"completed":true,"stopReason":"INSERTION_COMPLETED"},{"date":"2026-10-08","windowStart":"2026-10-08T13:00:00Z","windowEnd":"2026-10-08T17:00:00Z","routes":1,"arrangements":1,"moves":0,"candidateEvaluations":1,"completed":true,"stopReason":"INSERTION_COMPLETED"},{"date":"2026-10-08","windowStart":"2026-10-08T14:00:00Z","windowEnd":"2026-10-08T18:00:00Z","routes":1,"arrangements":1,"moves":0,"candidateEvaluations":1,"completed":true,"stopReason":"INSERTION_COMPLETED"},{"date":"2026-10-08","windowStart":"2026-10-08T15:00:00Z","windowEnd":"2026-10-08T19:00:00Z","routes":1,"arrangements":1,"moves":0,"candidateEvaluations":1,"completed":true,"stopReason":"INSERTION_COMPLETED"},{"date":"2026-10-08","windowStart":"2026-10-08T16:00:00Z","windowEnd":"2026-10-08T20:00:00Z","routes":1,"arrangements":1,"moves":0,"candidateEvaluations":1,"completed":true,"stopReason":"INSERTION_COMPLETED"},{"date":"2026-10-08","windowStart":"2026-10-08T17:00:00Z","windowEnd":"2026-10-08T21:00:00Z","routes":1,"arrangements":1,"moves":0,"candidateEvaluations":1,"completed":true,"stopReason":"INSERTION_COMPLETED"},{"date":"2026-10-08","windowStart":"2026-10-08T18:00:00Z","windowEnd":"2026-10-08T22:00:00Z","routes":1,"arrangements":1,"moves":0,"candidateEvaluations":1,"completed":true,"stopReason":"INSERTION_COMPLETED"},{"date":"2026-10-09","windowStart":"2026-10-09T13:00:00Z","windowEnd":"2026-10-09T17:00:00Z","routes":1,"arrangements":1,"moves":0,"candidateEvaluations":1,"completed":true,"stopReason":"INSERTION_COMPLETED"},{"date":"2026-10-09","windowStart":"2026-10-09T14:00:00Z","windowEnd":"2026-10-09T18:00:00Z","routes":1,"arrangements":1,"moves":0,"candidateEvaluations":1,"completed":true,"stopReason":"INSERTION_COMPLETED"},{"date":"2026-10-09","windowStart":"2026-10-09T15:00:00Z","windowEnd":"2026-10-09T19:00:00Z","routes":1,"arrangements":1,"moves":0,"candidateEvaluations":1,"completed":true,"stopReason":"INSERTION_COMPLETED"},{"date":"2026-10-09","windowStart":"2026-10-09T16:00:00Z","windowEnd":"2026-10-09T20:00:00Z","routes":1,"arrangements":1,"moves":0,"candidateEvaluations":1,"completed":true,"stopReason":"INSERTION_COMPLETED"},{"date":"2026-10-09","windowStart":"2026-10-09T17:00:00Z","windowEnd":"2026-10-09T21:00:00Z","routes":1,"arrangements":1,"moves":0,"candidateEvaluations":1,"completed":true,"stopReason":"INSERTION_COMPLETED"},{"date":"2026-10-09","windowStart":"2026-10-09T18:00:00Z","windowEnd":"2026-10-09T22:00:00Z","routes":1,"arrangements":1,"moves":0,"candidateEvaluations":1,"completed":true,"stopReason":"INSERTION_COMPLETED"},{"date":"2026-10-12","windowStart":"2026-10-12T13:00:00Z","windowEnd":"2026-10-12T17:00:00Z","routes":1,"arrangements":1,"moves":0,"candidateEvaluations":1,"completed":true,"stopReason":"INSERTION_COMPLETED"},{"date":"2026-10-12","windowStart":"2026-10-12T14:00:00Z","windowEnd":"2026-10-12T18:00:00Z","routes":1,"arrangements":1,"moves":0,"candidateEvaluations":1,"completed":true,"stopReason":"INSERTION_COMPLETED"},{"date":"2026-10-12","windowStart":"2026-10-12T15:00:00Z","windowEnd":"2026-10-12T19:00:00Z","routes":1,"arrangements":1,"moves":0,"candidateEvaluations":1,"completed":true,"stopReason":"INSERTION_COMPLETED"},{"date":"2026-10-12","windowStart":"2026-10-12T16:00:00Z","windowEnd":"2026-10-12T20:00:00Z","routes":1,"arrangements":1,"moves":0,"candidateEvaluations":1,"completed":true,"stopReason":"INSERTION_COMPLETED"},{"date":"2026-10-12","windowStart":"2026-10-12T17:00:00Z","windowEnd":"2026-10-12T21:00:00Z","routes":1,"arrangements":1,"moves":0,"candidateEvaluations":1,"completed":true,"stopReason":"INSERTION_COMPLETED"},{"date":"2026-10-12","windowStart":"2026-10-12T18:00:00Z","windowEnd":"2026-10-12T22:00:00Z","routes":1,"arrangements":1,"moves":0,"candidateEvaluations":1,"completed":true,"stopReason":"INSERTION_COMPLETED"},{"date":"2026-10-13","windowStart":"2026-10-13T13:00:00Z","windowEnd":"2026-10-13T17:00:00Z","routes":1,"arrangements":1,"moves":0,"candidateEvaluations":1,"completed":true,"stopReason":"INSERTION_COMPLETED"},{"date":"2026-10-13","windowStart":"2026-10-13T14:00:00Z","windowEnd":"2026-10-13T18:00:00Z","routes":1,"arrangements":1,"moves":0,"candidateEvaluations":1,"completed":true,"stopReason":"INSERTION_COMPLETED"},{"date":"2026-10-13","windowStart":"2026-10-13T15:00:00Z","windowEnd":"2026-10-13T19:00:00Z","routes":1,"arrangements":1,"moves":0,"candidateEvaluations":1,"completed":true,"stopReason":"INSERTION_COMPLETED"},{"date":"2026-10-13","windowStart":"2026-10-13T16:00:00Z","windowEnd":"2026-10-13T20:00:00Z","routes":1,"arrangements":1,"moves":0,"candidateEvaluations":1,"completed":true,"stopReason":"INSERTION_COMPLETED"},{"date":"2026-10-13","windowStart":"2026-10-13T17:00:00Z","windowEnd":"2026-10-13T21:00:00Z","routes":1,"arrangements":1,"moves":0,"candidateEvaluations":1,"completed":true,"stopReason":"INSERTION_COMPLETED"},{"date":"2026-10-13","windowStart":"2026-10-13T18:00:00Z","windowEnd":"2026-10-13T22:00:00Z","routes":1,"arrangements":1,"moves":0,"candidateEvaluations":1,"completed":true,"stopReason":"INSERTION_COMPLETED"},{"date":"2026-10-14","windowStart":"2026-10-14T13:00:00Z","windowEnd":"2026-10-14T17:00:00Z","routes":1,"arrangements":1,"moves":0,"candidateEvaluations":1,"completed":true,"stopReason":"INSERTION_COMPLETED"},{"date":"2026-10-14","windowStart":"2026-10-14T14:00:00Z","windowEnd":"2026-10-14T18:00:00Z","routes":1,"arrangements":1,"moves":0,"candidateEvaluations":1,"completed":true,"stopReason":"INSERTION_COMPLETED"},{"date":"2026-10-14","windowStart":"2026-10-14T15:00:00Z","windowEnd":"2026-10-14T19:00:00Z","routes":1,"arrangements":1,"moves":0,"candidateEvaluations":1,"completed":true,"stopReason":"INSERTION_COMPLETED"},{"date":"2026-10-14","windowStart":"2026-10-14T16:00:00Z","windowEnd":"2026-10-14T20:00:00Z","routes":1,"arrangements":1,"moves":0,"candidateEvaluations":1,"completed":true,"stopReason":"INSERTION_COMPLETED"},{"date":"2026-10-14","windowStart":"2026-10-14T17:00:00Z","windowEnd":"2026-10-14T21:00:00Z","routes":1,"arrangements":1,"moves":0,"candidateEvaluations":1,"completed":true,"stopReason":"INSERTION_COMPLETED"},{"date":"2026-10-14","windowStart":"2026-10-14T18:00:00Z","windowEnd":"2026-10-14T22:00:00Z","routes":1,"arrangements":1,"moves":0,"candidateEvaluations":1,"completed":true,"stopReason":"INSERTION_COMPLETED"},{"date":"2026-10-15","windowStart":"2026-10-15T13:00:00Z","windowEnd":"2026-10-15T17:00:00Z","routes":1,"arrangements":1,"moves":0,"candidateEvaluations":1,"completed":true,"stopReason":"INSERTION_COMPLETED"},{"date":"2026-10-15","windowStart":"2026-10-15T14:00:00Z","windowEnd":"2026-10-15T18:00:00Z","routes":1,"arrangements":1,"moves":0,"candidateEvaluations":1,"completed":true,"stopReason":"INSERTION_COMPLETED"},{"date":"2026-10-15","windowStart":"2026-10-15T15:00:00Z","windowEnd":"2026-10-15T19:00:00Z","routes":1,"arrangements":1,"moves":0,"candidateEvaluations":1,"completed":true,"stopReason":"INSERTION_COMPLETED"},{"date":"2026-10-15","windowStart":"2026-10-15T16:00:00Z","windowEnd":"2026-10-15T20:00:00Z","routes":1,"arrangements":1,"moves":0,"candidateEvaluations":1,"completed":true,"stopReason":"INSERTION_COMPLETED"},{"date":"2026-10-15","windowStart":"2026-10-15T17:00:00Z","windowEnd":"2026-10-15T21:00:00Z","routes":1,"arrangements":1,"moves":0,"candidateEvaluations":1,"completed":true,"stopReason":"INSERTION_COMPLETED"},{"date":"2026-10-15","windowStart":"2026-10-15T18:00:00Z","windowEnd":"2026-10-15T22:00:00Z","routes":1,"arrangements":1,"moves":0,"candidateEvaluations":1,"completed":true,"stopReason":"INSERTION_COMPLETED"},{"date":"2026-10-16","windowStart":"2026-10-16T13:00:00Z","windowEnd":"2026-10-16T17:00:00Z","routes":1,"arrangements":1,"moves":0,"candidateEvaluations":1,"completed":true,"stopReason":"INSERTION_COMPLETED"},{"date":"2026-10-16","windowStart":"2026-10-16T14:00:00Z","windowEnd":"2026-10-16T18:00:00Z","routes":1,"arrangements":1,"moves":0,"candidateEvaluations":1,"completed":true,"stopReason":"INSERTION_COMPLETED"},{"date":"2026-10-16","windowStart":"2026-10-16T15:00:00Z","windowEnd":"2026-10-16T19:00:00Z","routes":1,"arrangements":1,"moves":0,"candidateEvaluations":1,"completed":true,"stopReason":"INSERTION_COMPLETED"},{"date":"2026-10-16","windowStart":"2026-10-16T16:00:00Z","windowEnd":"2026-10-16T20:00:00Z","routes":1,"arrangements":1,"moves":0,"candidateEvaluations":1,"completed":true,"stopReason":"INSERTION_COMPLETED"},{"date":"2026-10-16","windowStart":"2026-10-16T17:00:00Z","windowEnd":"2026-10-16T21:00:00Z","routes":1,"arrangements":1,"moves":0,"candidateEvaluations":1,"completed":true,"stopReason":"INSERTION_COMPLETED"},{"date":"2026-10-16","windowStart":"2026-10-16T18:00:00Z","windowEnd":"2026-10-16T22:00:00Z","routes":1,"arrangements":1,"moves":0,"candidateEvaluations":1,"completed":true,"stopReason":"INSERTION_COMPLETED"},{"date":"2026-10-19","windowStart":"2026-10-19T13:00:00Z","windowEnd":"2026-10-19T17:00:00Z","routes":1,"arrangements":1,"moves":0,"candidateEvaluations":1,"completed":true,"stopReason":"INSERTION_COMPLETED"},{"date":"2026-10-19","windowStart":"2026-10-19T14:00:00Z","windowEnd":"2026-10-19T18:00:00Z","routes":1,"arrangements":1,"moves":0,"candidateEvaluations":1,"completed":true,"stopReason":"INSERTION_COMPLETED"},{"date":"2026-10-19","windowStart":"2026-10-19T15:00:00Z","windowEnd":"2026-10-19T19:00:00Z","routes":1,"arrangements":1,"moves":0,"candidateEvaluations":1,"completed":true,"stopReason":"INSERTION_COMPLETED"},{"date":"2026-10-19","windowStart":"2026-10-19T16:00:00Z","windowEnd":"2026-10-19T20:00:00Z","routes":1,"arrangements":1,"moves":0,"candidateEvaluations":1,"completed":true,"stopReason":"INSERTION_COMPLETED"},{"date":"2026-10-19","windowStart":"2026-10-19T17:00:00Z","windowEnd":"2026-10-19T21:00:00Z","routes":1,"arrangements":1,"moves":0,"candidateEvaluations":1,"completed":true,"stopReason":"INSERTION_COMPLETED"},{"date":"2026-10-19","windowStart":"2026-10-19T18:00:00Z","windowEnd":"2026-10-19T22:00:00Z","routes":1,"arrangements":1,"moves":0,"candidateEvaluations":1,"completed":true,"stopReason":"INSERTION_COMPLETED"},{"date":"2026-10-20","windowStart":"2026-10-20T13:00:00Z","windowEnd":"2026-10-20T17:00:00Z","routes":1,"arrangements":1,"moves":0,"candidateEvaluations":1,"completed":true,"stopReason":"INSERTION_COMPLETED"},{"date":"2026-10-20","windowStart":"2026-10-20T14:00:00Z","windowEnd":"2026-10-20T18:00:00Z","routes":1,"arrangements":1,"moves":0,"candidateEvaluations":1,"completed":true,"stopReason":"INSERTION_COMPLETED"},{"date":"2026-10-20","windowStart":"2026-10-20T15:00:00Z","windowEnd":"2026-10-20T19:00:00Z","routes":1,"arrangements":1,"moves":0,"candidateEvaluations":1,"completed":true,"stopReason":"INSERTION_COMPLETED"},{"date":"2026-10-20","windowStart":"2026-10-20T16:00:00Z","windowEnd":"2026-10-20T20:00:00Z","routes":1,"arrangements":1,"moves":0,"candidateEvaluations":1,"completed":true,"stopReason":"INSERTION_COMPLETED"},{"date":"2026-10-20","windowStart":"2026-10-20T17:00:00Z","windowEnd":"2026-10-20T21:00:00Z","routes":1,"arrangements":1,"moves":0,"candidateEvaluations":1,"completed":true,"stopReason":"INSERTION_COMPLETED"},{"date":"2026-10-20","windowStart":"2026-10-20T18:00:00Z","windowEnd":"2026-10-20T22:00:00Z","routes":1,"arrangements":1,"moves":0,"candidateEvaluations":1,"completed":true,"stopReason":"INSERTION_COMPLETED"}],"offerSources":{"3831e67a-2037-4fd6-a2a9-f2bfde778024":"INSERTION"}}
Booking and optimizer integration	Print service logs on failure	2026-10-06T23:26:30.2755305Z 2026-10-06T23:24:23.163Z  INFO 3679 --- [io-18000-exec-1] d.w.scheduler.BookingCoordinator         : Booking search diagnostics for job smoke-job-4391ce2c-ab18-4631-8d5e-45e02bb19fff: {"format":1,"completed":true,"stopReason":"COMPLETED","configurationFingerprint":"65f98cc1200d331323f4edcc65662995b5a9c8e1c5cf9f375fe691d68979b1ae","routingIdentity":"ci-monaco-omaha-car-v2","capturedAt":"2026-10-06T23:24:23.073223015Z","snapshotAgeMs":88,"routingPairs":34,"evaluatedRoutes":70,"reusedRoutes":280,"prunedArrangements":0,"optionalRefinementMillis":250,"elapsedMs":93,"measurements":{"databaseExecutions":95,"databaseNanos":37366685,"lockStatementNanos":0,"routingPairs":3,"memoryHits":3,"persistentHits":0,"sharedRoutingPairs":0,"foregroundCpuNanos":57065581},"distinctRegularWindows":60,"confirmedRegularMinutes":0,"regularCapacityMinutes":5400,"overtimeAuthorized":false,"variant":"INSERTION","policyVersion":"zero-overtime-four-hour-v2","reconstructionAttempts":0,"reconstructionEvaluations":0,"limits":{"routes":6,"depth":2,"beam":8,"arrangementsPerWindow":500},"coverage":[{"date":"2026-10-07","windowStart":"2026-10-07T13:00:00Z","windowEnd":"2026-10-07T17:00:00Z","routes":1,"arrangements":1,"moves":0,"candidateEvaluations":1,"completed":true,"stopReason":"INSERTION_COMPLETED"},{"date":"2026-10-07","windowStart":"2026-10-07T14:00:00Z","windowEnd":"2026-10-07T18:00:00Z","routes":1,"arrangements":1,"moves":0,"candidateEvaluations":1,"completed":true,"stopReason":"INSERTION_COMPLETED"},{"date":"2026-10-07","windowStart":"2026-10-07T15:00:00Z","windowEnd":"2026-10-07T19:00:00Z","routes":1,"arrangements":1,"moves":0,"candidateEvaluations":1,"completed":true,"stopReason":"INSERTION_COMPLETED"},{"date":"2026-10-07","windowStart":"2026-10-07T16:00:00Z","windowEnd":"2026-10-07T20:00:00Z","routes":1,"arrangements":1,"moves":0,"candidateEvaluations":1,"completed":true,"stopReason":"INSERTION_COMPLETED"},{"date":"2026-10-07","windowStart":"2026-10-07T17:00:00Z","windowEnd":"2026-10-07T21:00:00Z","routes":1,"arrangements":1,"moves":0,"candidateEvaluations":1,"completed":true,"stopReason":"INSERTION_COMPLETED"},{"date":"2026-10-07","windowStart":"2026-10-07T18:00:00Z","windowEnd":"2026-10-07T22:00:00Z","routes":1,"arrangements":1,"moves":0,"candidateEvaluations":1,"completed":true,"stopReason":"INSERTION_COMPLETED"},{"date":"2026-10-08","windowStart":"2026-10-08T13:00:00Z","windowEnd":"2026-10-08T17:00:00Z","routes":1,"arrangements":1,"moves":0,"candidateEvaluations":1,"completed":true,"stopReason":"INSERTION_COMPLETED"},{"date":"2026-10-08","windowStart":"2026-10-08T14:00:00Z","windowEnd":"2026-10-08T18:00:00Z","routes":1,"arrangements":1,"moves":0,"candidateEvaluations":1,"completed":true,"stopReason":"INSERTION_COMPLETED"},{"date":"2026-10-08","windowStart":"2026-10-08T15:00:00Z","windowEnd":"2026-10-08T19:00:00Z","routes":1,"arrangements":1,"moves":0,"candidateEvaluations":1,"completed":true,"stopReason":"INSERTION_COMPLETED"},{"date":"2026-10-08","windowStart":"2026-10-08T16:00:00Z","windowEnd":"2026-10-08T20:00:00Z","routes":1,"arrangements":1,"moves":0,"candidateEvaluations":1,"completed":true,"stopReason":"INSERTION_COMPLETED"},{"date":"2026-10-08","windowStart":"2026-10-08T17:00:00Z","windowEnd":"2026-10-08T21:00:00Z","routes":1,"arrangements":1,"moves":0,"candidateEvaluations":1,"completed":true,"stopReason":"INSERTION_COMPLETED"},{"date":"2026-10-08","windowStart":"2026-10-08T18:00:00Z","windowEnd":"2026-10-08T22:00:00Z","routes":1,"arrangements":1,"moves":0,"candidateEvaluations":1,"completed":true,"stopReason":"INSERTION_COMPLETED"},{"date":"2026-10-09","windowStart":"2026-10-09T13:00:00Z","windowEnd":"2026-10-09T17:00:00Z","routes":1,"arrangements":1,"moves":0,"candidateEvaluations":1,"completed":true,"stopReason":"INSERTION_COMPLETED"},{"date":"2026-10-09","windowStart":"2026-10-09T14:00:00Z","windowEnd":"2026-10-09T18:00:00Z","routes":1,"arrangements":1,"moves":0,"candidateEvaluations":1,"completed":true,"stopReason":"INSERTION_COMPLETED"},{"date":"2026-10-09","windowStart":"2026-10-09T15:00:00Z","windowEnd":"2026-10-09T19:00:00Z","routes":1,"arrangements":1,"moves":0,"candidateEvaluations":1,"completed":true,"stopReason":"INSERTION_COMPLETED"},{"date":"2026-10-09","windowStart":"2026-10-09T16:00:00Z","windowEnd":"2026-10-09T20:00:00Z","routes":1,"arrangements":1,"moves":0,"candidateEvaluations":1,"completed":true,"stopReason":"INSERTION_COMPLETED"},{"date":"2026-10-09","windowStart":"2026-10-09T17:00:00Z","windowEnd":"2026-10-09T21:00:00Z","routes":1,"arrangements":1,"moves":0,"candidateEvaluations":1,"completed":true,"stopReason":"INSERTION_COMPLETED"},{"date":"2026-10-09","windowStart":"2026-10-09T18:00:00Z","windowEnd":"2026-10-09T22:00:00Z","routes":1,"arrangements":1,"moves":0,"candidateEvaluations":1,"completed":true,"stopReason":"INSERTION_COMPLETED"},{"date":"2026-10-12","windowStart":"2026-10-12T13:00:00Z","windowEnd":"2026-10-12T17:00:00Z","routes":1,"arrangements":1,"moves":0,"candidateEvaluations":1,"completed":true,"stopReason":"INSERTION_COMPLETED"},{"date":"2026-10-12","windowStart":"2026-10-12T14:00:00Z","windowEnd":"2026-10-12T18:00:00Z","routes":1,"arrangements":1,"moves":0,"candidateEvaluations":1,"completed":true,"stopReason":"INSERTION_COMPLETED"},{"date":"2026-10-12","windowStart":"2026-10-12T15:00:00Z","windowEnd":"2026-10-12T19:00:00Z","routes":1,"arrangements":1,"moves":0,"candidateEvaluations":1,"completed":true,"stopReason":"INSERTION_COMPLETED"},{"date":"2026-10-12","windowStart":"2026-10-12T16:00:00Z","windowEnd":"2026-10-12T20:00:00Z","routes":1,"arrangements":1,"moves":0,"candidateEvaluations":1,"completed":true,"stopReason":"INSERTION_COMPLETED"},{"date":"2026-10-12","windowStart":"2026-10-12T17:00:00Z","windowEnd":"2026-10-12T21:00:00Z","routes":1,"arrangements":1,"moves":0,"candidateEvaluations":1,"completed":true,"stopReason":"INSERTION_COMPLETED"},{"date":"2026-10-12","windowStart":"2026-10-12T18:00:00Z","windowEnd":"2026-10-12T22:00:00Z","routes":1,"arrangements":1,"moves":0,"candidateEvaluations":1,"completed":true,"stopReason":"INSERTION_COMPLETED"},{"date":"2026-10-13","windowStart":"2026-10-13T13:00:00Z","windowEnd":"2026-10-13T17:00:00Z","routes":1,"arrangements":1,"moves":0,"candidateEvaluations":1,"completed":true,"stopReason":"INSERTION_COMPLETED"},{"date":"2026-10-13","windowStart":"2026-10-13T14:00:00Z","windowEnd":"2026-10-13T18:00:00Z","routes":1,"arrangements":1,"moves":0,"candidateEvaluations":1,"completed":true,"stopReason":"INSERTION_COMPLETED"},{"date":"2026-10-13","windowStart":"2026-10-13T15:00:00Z","windowEnd":"2026-10-13T19:00:00Z","routes":1,"arrangements":1,"moves":0,"candidateEvaluations":1,"completed":true,"stopReason":"INSERTION_COMPLETED"},{"date":"2026-10-13","windowStart":"2026-10-13T16:00:00Z","windowEnd":"2026-10-13T20:00:00Z","routes":1,"arrangements":1,"moves":0,"candidateEvaluations":1,"completed":true,"stopReason":"INSERTION_COMPLETED"},{"date":"2026-10-13","windowStart":"2026-10-13T17:00:00Z","windowEnd":"2026-10-13T21:00:00Z","routes":1,"arrangements":1,"moves":0,"candidateEvaluations":1,"completed":true,"stopReason":"INSERTION_COMPLETED"},{"date":"2026-10-13","windowStart":"2026-10-13T18:00:00Z","windowEnd":"2026-10-13T22:00:00Z","routes":1,"arrangements":1,"moves":0,"candidateEvaluations":1,"completed":true,"stopReason":"INSERTION_COMPLETED"},{"date":"2026-10-14","windowStart":"2026-10-14T13:00:00Z","windowEnd":"2026-10-14T17:00:00Z","routes":1,"arrangements":1,"moves":0,"candidateEvaluations":1,"completed":true,"stopReason":"INSERTION_COMPLETED"},{"date":"2026-10-14","windowStart":"2026-10-14T14:00:00Z","windowEnd":"2026-10-14T18:00:00Z","routes":1,"arrangements":1,"moves":0,"candidateEvaluations":1,"completed":true,"stopReason":"INSERTION_COMPLETED"},{"date":"2026-10-14","windowStart":"2026-10-14T15:00:00Z","windowEnd":"2026-10-14T19:00:00Z","routes":1,"arrangements":1,"moves":0,"candidateEvaluations":1,"completed":true,"stopReason":"INSERTION_COMPLETED"},{"date":"2026-10-14","windowStart":"2026-10-14T16:00:00Z","windowEnd":"2026-10-14T20:00:00Z","routes":1,"arrangements":1,"moves":0,"candidateEvaluations":1,"completed":true,"stopReason":"INSERTION_COMPLETED"},{"date":"2026-10-14","windowStart":"2026-10-14T17:00:00Z","windowEnd":"2026-10-14T21:00:00Z","routes":1,"arrangements":1,"moves":0,"candidateEvaluations":1,"completed":true,"stopReason":"INSERTION_COMPLETED"},{"date":"2026-10-14","windowStart":"2026-10-14T18:00:00Z","windowEnd":"2026-10-14T22:00:00Z","routes":1,"arrangements":1,"moves":0,"candidateEvaluations":1,"completed":true,"stopReason":"INSERTION_COMPLETED"},{"date":"2026-10-15","windowStart":"2026-10-15T13:00:00Z","windowEnd":"2026-10-15T17:00:00Z","routes":1,"arrangements":1,"moves":0,"candidateEvaluations":1,"completed":true,"stopReason":"INSERTION_COMPLETED"},{"date":"2026-10-15","windowStart":"2026-10-15T14:00:00Z","windowEnd":"2026-10-15T18:00:00Z","routes":1,"arrangements":1,"moves":0,"candidateEvaluations":1,"completed":true,"stopReason":"INSERTION_COMPLETED"},{"date":"2026-10-15","windowStart":"2026-10-15T15:00:00Z","windowEnd":"2026-10-15T19:00:00Z","routes":1,"arrangements":1,"moves":0,"candidateEvaluations":1,"completed":true,"stopReason":"INSERTION_COMPLETED"},{"date":"2026-10-15","windowStart":"2026-10-15T16:00:00Z","windowEnd":"2026-10-15T20:00:00Z","routes":1,"arrangements":1,"moves":0,"candidateEvaluations":1,"completed":true,"stopReason":"INSERTION_COMPLETED"},{"date":"2026-10-15","windowStart":"2026-10-15T17:00:00Z","windowEnd":"2026-10-15T21:00:00Z","routes":1,"arrangements":1,"moves":0,"candidateEvaluations":1,"completed":true,"stopReason":"INSERTION_COMPLETED"},{"date":"2026-10-15","windowStart":"2026-10-15T18:00:00Z","windowEnd":"2026-10-15T22:00:00Z","routes":1,"arrangements":1,"moves":0,"candidateEvaluations":1,"completed":true,"stopReason":"INSERTION_COMPLETED"},{"date":"2026-10-16","windowStart":"2026-10-16T13:00:00Z","windowEnd":"2026-10-16T17:00:00Z","routes":1,"arrangements":1,"moves":0,"candidateEvaluations":1,"completed":true,"stopReason":"INSERTION_COMPLETED"},{"date":"2026-10-16","windowStart":"2026-10-16T14:00:00Z","windowEnd":"2026-10-16T18:00:00Z","routes":1,"arrangements":1,"moves":0,"candidateEvaluations":1,"completed":true,"stopReason":"INSERTION_COMPLETED"},{"date":"2026-10-16","windowStart":"2026-10-16T15:00:00Z","windowEnd":"2026-10-16T19:00:00Z","routes":1,"arrangements":1,"moves":0,"candidateEvaluations":1,"completed":true,"stopReason":"INSERTION_COMPLETED"},{"date":"2026-10-16","windowStart":"2026-10-16T16:00:00Z","windowEnd":"2026-10-16T20:00:00Z","routes":1,"arrangements":1,"moves":0,"candidateEvaluations":1,"completed":true,"stopReason":"INSERTION_COMPLETED"},{"date":"2026-10-16","windowStart":"2026-10-16T17:00:00Z","windowEnd":"2026-10-16T21:00:00Z","routes":1,"arrangements":1,"moves":0,"candidateEvaluations":1,"completed":true,"stopReason":"INSERTION_COMPLETED"},{"date":"2026-10-16","windowStart":"2026-10-16T18:00:00Z","windowEnd":"2026-10-16T22:00:00Z","routes":1,"arrangements":1,"moves":0,"candidateEvaluations":1,"completed":true,"stopReason":"INSERTION_COMPLETED"},{"date":"2026-10-19","windowStart":"2026-10-19T13:00:00Z","windowEnd":"2026-10-19T17:00:00Z","routes":1,"arrangements":1,"moves":0,"candidateEvaluations":1,"completed":true,"stopReason":"INSERTION_COMPLETED"},{"date":"2026-10-19","windowStart":"2026-10-19T14:00:00Z","windowEnd":"2026-10-19T18:00:00Z","routes":1,"arrangements":1,"moves":0,"candidateEvaluations":1,"completed":true,"stopReason":"INSERTION_COMPLETED"},{"date":"2026-10-19","windowStart":"2026-10-19T15:00:00Z","windowEnd":"2026-10-19T19:00:00Z","routes":1,"arrangements":1,"moves":0,"candidateEvaluations":1,"completed":true,"stopReason":"INSERTION_COMPLETED"},{"date":"2026-10-19","windowStart":"2026-10-19T16:00:00Z","windowEnd":"2026-10-19T20:00:00Z","routes":1,"arrangements":1,"moves":0,"candidateEvaluations":1,"completed":true,"stopReason":"INSERTION_COMPLETED"},{"date":"2026-10-19","windowStart":"2026-10-19T17:00:00Z","windowEnd":"2026-10-19T21:00:00Z","routes":1,"arrangements":1,"moves":0,"candidateEvaluations":1,"completed":true,"stopReason":"INSERTION_COMPLETED"},{"date":"2026-10-19","windowStart":"2026-10-19T18:00:00Z","windowEnd":"2026-10-19T22:00:00Z","routes":1,"arrangements":1,"moves":0,"candidateEvaluations":1,"completed":true,"stopReason":"INSERTION_COMPLETED"},{"date":"2026-10-20","windowStart":"2026-10-20T13:00:00Z","windowEnd":"2026-10-20T17:00:00Z","routes":1,"arrangements":1,"moves":0,"candidateEvaluations":1,"completed":true,"stopReason":"INSERTION_COMPLETED"},{"date":"2026-10-20","windowStart":"2026-10-20T14:00:00Z","windowEnd":"2026-10-20T18:00:00Z","routes":1,"arrangements":1,"moves":0,"candidateEvaluations":1,"completed":true,"stopReason":"INSERTION_COMPLETED"},{"date":"2026-10-20","windowStart":"2026-10-20T15:00:00Z","windowEnd":"2026-10-20T19:00:00Z","routes":1,"arrangements":1,"moves":0,"candidateEvaluations":1,"completed":true,"stopReason":"INSERTION_COMPLETED"},{"date":"2026-10-20","windowStart":"2026-10-20T16:00:00Z","windowEnd":"2026-10-20T20:00:00Z","routes":1,"arrangements":1,"moves":0,"candidateEvaluations":1,"completed":true,"stopReason":"INSERTION_COMPLETED"},{"date":"2026-10-20","windowStart":"2026-10-20T17:00:00Z","windowEnd":"2026-10-20T21:00:00Z","routes":1,"arrangements":1,"moves":0,"candidateEvaluations":1,"completed":true,"stopReason":"INSERTION_COMPLETED"},{"date":"2026-10-20","windowStart":"2026-10-20T18:00:00Z","windowEnd":"2026-10-20T22:00:00Z","routes":1,"arrangements":1,"moves":0,"candidateEvaluations":1,"completed":true,"stopReason":"INSERTION_COMPLETED"}],"offerSources":{"46a70ad2-309b-4642-9493-e67a747ab753":"INSERTION"}}
Booking and optimizer integration	Print service logs on failure	2026-10-06T23:26:30.2856731Z 2026-10-06T23:24:23.571Z  INFO 3679 --- [io-18000-exec-6] d.w.scheduler.BookingCoordinator         : Booking search diagnostics for job cmuxb2ngb000c38d3m753gc21: {"format":1,"completed":true,"stopReason":"COMPLETED","configurationFingerprint":"65f98cc1200d331323f4edcc65662995b5a9c8e1c5cf9f375fe691d68979b1ae","routingIdentity":"ci-monaco-omaha-car-v2","capturedAt":"2026-10-06T23:24:23.491038966Z","snapshotAgeMs":78,"routingPairs":34,"evaluatedRoutes":70,"reusedRoutes":280,"prunedArrangements":0,"optionalRefinementMillis":250,"elapsedMs":83,"measurements":{"databaseExecutions":95,"databaseNanos":27301654,"lockStatementNanos":0,"routingPairs":3,"memoryHits":3,"persistentHits":0,"sharedRoutingPairs":0,"foregroundCpuNanos":47694146},"distinctRegularWindows":60,"confirmedRegularMinutes":0,"regularCapacityMinutes":5400,"overtimeAuthorized":false,"variant":"INSERTION","policyVersion":"zero-overtime-four-hour-v2","reconstructionAttempts":0,"reconstructionEvaluations":0,"limits":{"routes":6,"depth":2,"beam":8,"arrangementsPerWindow":500},"coverage":[{"date":"2026-10-07","windowStart":"2026-10-07T13:00:00Z","windowEnd":"2026-10-07T17:00:00Z","routes":1,"arrangements":1,"moves":0,"candidateEvaluations":1,"completed":true,"stopReason":"INSERTION_COMPLETED"},{"date":"2026-10-07","windowStart":"2026-10-07T14:00:00Z","windowEnd":"2026-10-07T18:00:00Z","routes":1,"arrangements":1,"moves":0,"candidateEvaluations":1,"completed":true,"stopReason":"INSERTION_COMPLETED"},{"date":"2026-10-07","windowStart":"2026-10-07T15:00:00Z","windowEnd":"2026-10-07T19:00:00Z","routes":1,"arrangements":1,"moves":0,"candidateEvaluations":1,"completed":true,"stopReason":"INSERTION_COMPLETED"},{"date":"2026-10-07","windowStart":"2026-10-07T16:00:00Z","windowEnd":"2026-10-07T20:00:00Z","routes":1,"arrangements":1,"moves":0,"candidateEvaluations":1,"completed":true,"stopReason":"INSERTION_COMPLETED"},{"date":"2026-10-07","windowStart":"2026-10-07T17:00:00Z","windowEnd":"2026-10-07T21:00:00Z","routes":1,"arrangements":1,"moves":0,"candidateEvaluations":1,"completed":true,"stopReason":"INSERTION_COMPLETED"},{"date":"2026-10-07","windowStart":"2026-10-07T18:00:00Z","windowEnd":"2026-10-07T22:00:00Z","routes":1,"arrangements":1,"moves":0,"candidateEvaluations":1,"completed":true,"stopReason":"INSERTION_COMPLETED"},{"date":"2026-10-08","windowStart":"2026-10-08T13:00:00Z","windowEnd":"2026-10-08T17:00:00Z","routes":1,"arrangements":1,"moves":0,"candidateEvaluations":1,"completed":true,"stopReason":"INSERTION_COMPLETED"},{"date":"2026-10-08","windowStart":"2026-10-08T14:00:00Z","windowEnd":"2026-10-08T18:00:00Z","routes":1,"arrangements":1,"moves":0,"candidateEvaluations":1,"completed":true,"stopReason":"INSERTION_COMPLETED"},{"date":"2026-10-08","windowStart":"2026-10-08T15:00:00Z","windowEnd":"2026-10-08T19:00:00Z","routes":1,"arrangements":1,"moves":0,"candidateEvaluations":1,"completed":true,"stopReason":"INSERTION_COMPLETED"},{"date":"2026-10-08","windowStart":"2026-10-08T16:00:00Z","windowEnd":"2026-10-08T20:00:00Z","routes":1,"arrangements":1,"moves":0,"candidateEvaluations":1,"completed":true,"stopReason":"INSERTION_COMPLETED"},{"date":"2026-10-08","windowStart":"2026-10-08T17:00:00Z","windowEnd":"2026-10-08T21:00:00Z","routes":1,"arrangements":1,"moves":0,"candidateEvaluations":1,"completed":true,"stopReason":"INSERTION_COMPLETED"},{"date":"2026-10-08","windowStart":"2026-10-08T18:00:00Z","windowEnd":"2026-10-08T22:00:00Z","routes":1,"arrangements":1,"moves":0,"candidateEvaluations":1,"completed":true,"stopReason":"INSERTION_COMPLETED"},{"date":"2026-10-09","windowStart":"2026-10-09T13:00:00Z","windowEnd":"2026-10-09T17:00:00Z","routes":1,"arrangements":1,"moves":0,"candidateEvaluations":1,"completed":true,"stopReason":"INSERTION_COMPLETED"},{"date":"2026-10-09","windowStart":"2026-10-09T14:00:00Z","windowEnd":"2026-10-09T18:00:00Z","routes":1,"arrangements":1,"moves":0,"candidateEvaluations":1,"completed":true,"stopReason":"INSERTION_COMPLETED"},{"date":"2026-10-09","windowStart":"2026-10-09T15:00:00Z","windowEnd":"2026-10-09T19:00:00Z","routes":1,"arrangements":1,"moves":0,"candidateEvaluations":1,"completed":true,"stopReason":"INSERTION_COMPLETED"},{"date":"2026-10-09","windowStart":"2026-10-09T16:00:00Z","windowEnd":"2026-10-09T20:00:00Z","routes":1,"arrangements":1,"moves":0,"candidateEvaluations":1,"completed":true,"stopReason":"INSERTION_COMPLETED"},{"date":"2026-10-09","windowStart":"2026-10-09T17:00:00Z","windowEnd":"2026-10-09T21:00:00Z","routes":1,"arrangements":1,"moves":0,"candidateEvaluations":1,"completed":true,"stopReason":"INSERTION_COMPLETED"},{"date":"2026-10-09","windowStart":"2026-10-09T18:00:00Z","windowEnd":"2026-10-09T22:00:00Z","routes":1,"arrangements":1,"moves":0,"candidateEvaluations":1,"completed":true,"stopReason":"INSERTION_COMPLETED"},{"date":"2026-10-12","windowStart":"2026-10-12T13:00:00Z","windowEnd":"2026-10-12T17:00:00Z","routes":1,"arrangements":1,"moves":0,"candidateEvaluations":1,"completed":true,"stopReason":"INSERTION_COMPLETED"},{"date":"2026-10-12","windowStart":"2026-10-12T14:00:00Z","windowEnd":"2026-10-12T18:00:00Z","routes":1,"arrangements":1,"moves":0,"candidateEvaluations":1,"completed":true,"stopReason":"INSERTION_COMPLETED"},{"date":"2026-10-12","windowStart":"2026-10-12T15:00:00Z","windowEnd":"2026-10-12T19:00:00Z","routes":1,"arrangements":1,"moves":0,"candidateEvaluations":1,"completed":true,"stopReason":"INSERTION_COMPLETED"},{"date":"2026-10-12","windowStart":"2026-10-12T16:00:00Z","windowEnd":"2026-10-12T20:00:00Z","routes":1,"arrangements":1,"moves":0,"candidateEvaluations":1,"completed":true,"stopReason":"INSERTION_COMPLETED"},{"date":"2026-10-12","windowStart":"2026-10-12T17:00:00Z","windowEnd":"2026-10-12T21:00:00Z","routes":1,"arrangements":1,"moves":0,"candidateEvaluations":1,"completed":true,"stopReason":"INSERTION_COMPLETED"},{"date":"2026-10-12","windowStart":"2026-10-12T18:00:00Z","windowEnd":"2026-10-12T22:00:00Z","routes":1,"arrangements":1,"moves":0,"candidateEvaluations":1,"completed":true,"stopReason":"INSERTION_COMPLETED"},{"date":"2026-10-13","windowStart":"2026-10-13T13:00:00Z","windowEnd":"2026-10-13T17:00:00Z","routes":1,"arrangements":1,"moves":0,"candidateEvaluations":1,"completed":true,"stopReason":"INSERTION_COMPLETED"},{"date":"2026-10-13","windowStart":"2026-10-13T14:00:00Z","windowEnd":"2026-10-13T18:00:00Z","routes":1,"arrangements":1,"moves":0,"candidateEvaluations":1,"completed":true,"stopReason":"INSERTION_COMPLETED"},{"date":"2026-10-13","windowStart":"2026-10-13T15:00:00Z","windowEnd":"2026-10-13T19:00:00Z","routes":1,"arrangements":1,"moves":0,"candidateEvaluations":1,"completed":true,"stopReason":"INSERTION_COMPLETED"},{"date":"2026-10-13","windowStart":"2026-10-13T16:00:00Z","windowEnd":"2026-10-13T20:00:00Z","routes":1,"arrangements":1,"moves":0,"candidateEvaluations":1,"completed":true,"stopReason":"INSERTION_COMPLETED"},{"date":"2026-10-13","windowStart":"2026-10-13T17:00:00Z","windowEnd":"2026-10-13T21:00:00Z","routes":1,"arrangements":1,"moves":0,"candidateEvaluations":1,"completed":true,"stopReason":"INSERTION_COMPLETED"},{"date":"2026-10-13","windowStart":"2026-10-13T18:00:00Z","windowEnd":"2026-10-13T22:00:00Z","routes":1,"arrangements":1,"moves":0,"candidateEvaluations":1,"completed":true,"stopReason":"INSERTION_COMPLETED"},{"date":"2026-10-14","windowStart":"2026-10-14T13:00:00Z","windowEnd":"2026-10-14T17:00:00Z","routes":1,"arrangements":1,"moves":0,"candidateEvaluations":1,"completed":true,"stopReason":"INSERTION_COMPLETED"},{"date":"2026-10-14","windowStart":"2026-10-14T14:00:00Z","windowEnd":"2026-10-14T18:00:00Z","routes":1,"arrangements":1,"moves":0,"candidateEvaluations":1,"completed":true,"stopReason":"INSERTION_COMPLETED"},{"date":"2026-10-14","windowStart":"2026-10-14T15:00:00Z","windowEnd":"2026-10-14T19:00:00Z","routes":1,"arrangements":1,"moves":0,"candidateEvaluations":1,"completed":true,"stopReason":"INSERTION_COMPLETED"},{"date":"2026-10-14","windowStart":"2026-10-14T16:00:00Z","windowEnd":"2026-10-14T20:00:00Z","routes":1,"arrangements":1,"moves":0,"candidateEvaluations":1,"completed":true,"stopReason":"INSERTION_COMPLETED"},{"date":"2026-10-14","windowStart":"2026-10-14T17:00:00Z","windowEnd":"2026-10-14T21:00:00Z","routes":1,"arrangements":1,"moves":0,"candidateEvaluations":1,"completed":true,"stopReason":"INSERTION_COMPLETED"},{"date":"2026-10-14","windowStart":"2026-10-14T18:00:00Z","windowEnd":"2026-10-14T22:00:00Z","routes":1,"arrangements":1,"moves":0,"candidateEvaluations":1,"completed":true,"stopReason":"INSERTION_COMPLETED"},{"date":"2026-10-15","windowStart":"2026-10-15T13:00:00Z","windowEnd":"2026-10-15T17:00:00Z","routes":1,"arrangements":1,"moves":0,"candidateEvaluations":1,"completed":true,"stopReason":"INSERTION_COMPLETED"},{"date":"2026-10-15","windowStart":"2026-10-15T14:00:00Z","windowEnd":"2026-10-15T18:00:00Z","routes":1,"arrangements":1,"moves":0,"candidateEvaluations":1,"completed":true,"stopReason":"INSERTION_COMPLETED"},{"date":"2026-10-15","windowStart":"2026-10-15T15:00:00Z","windowEnd":"2026-10-15T19:00:00Z","routes":1,"arrangements":1,"moves":0,"candidateEvaluations":1,"completed":true,"stopReason":"INSERTION_COMPLETED"},{"date":"2026-10-15","windowStart":"2026-10-15T16:00:00Z","windowEnd":"2026-10-15T20:00:00Z","routes":1,"arrangements":1,"moves":0,"candidateEvaluations":1,"completed":true,"stopReason":"INSERTION_COMPLETED"},{"date":"2026-10-15","windowStart":"2026-10-15T17:00:00Z","windowEnd":"2026-10-15T21:00:00Z","routes":1,"arrangements":1,"moves":0,"candidateEvaluations":1,"completed":true,"stopReason":"INSERTION_COMPLETED"},{"date":"2026-10-15","windowStart":"2026-10-15T18:00:00Z","windowEnd":"2026-10-15T22:00:00Z","routes":1,"arrangements":1,"moves":0,"candidateEvaluations":1,"completed":true,"stopReason":"INSERTION_COMPLETED"},{"date":"2026-10-16","windowStart":"2026-10-16T13:00:00Z","windowEnd":"2026-10-16T17:00:00Z","routes":1,"arrangements":1,"moves":0,"candidateEvaluations":1,"completed":true,"stopReason":"INSERTION_COMPLETED"},{"date":"2026-10-16","windowStart":"2026-10-16T14:00:00Z","windowEnd":"2026-10-16T18:00:00Z","routes":1,"arrangements":1,"moves":0,"candidateEvaluations":1,"completed":true,"stopReason":"INSERTION_COMPLETED"},{"date":"2026-10-16","windowStart":"2026-10-16T15:00:00Z","windowEnd":"2026-10-16T19:00:00Z","routes":1,"arrangements":1,"moves":0,"candidateEvaluations":1,"completed":true,"stopReason":"INSERTION_COMPLETED"},{"date":"2026-10-16","windowStart":"2026-10-16T16:00:00Z","windowEnd":"2026-10-16T20:00:00Z","routes":1,"arrangements":1,"moves":0,"candidateEvaluations":1,"completed":true,"stopReason":"INSERTION_COMPLETED"},{"date":"2026-10-16","windowStart":"2026-10-16T17:00:00Z","windowEnd":"2026-10-16T21:00:00Z","routes":1,"arrangements":1,"moves":0,"candidateEvaluations":1,"completed":true,"stopReason":"INSERTION_COMPLETED"},{"date":"2026-10-16","windowStart":"2026-10-16T18:00:00Z","windowEnd":"2026-10-16T22:00:00Z","routes":1,"arrangements":1,"moves":0,"candidateEvaluations":1,"completed":true,"stopReason":"INSERTION_COMPLETED"},{"date":"2026-10-19","windowStart":"2026-10-19T13:00:00Z","windowEnd":"2026-10-19T17:00:00Z","routes":1,"arrangements":1,"moves":0,"candidateEvaluations":1,"completed":true,"stopReason":"INSERTION_COMPLETED"},{"date":"2026-10-19","windowStart":"2026-10-19T14:00:00Z","windowEnd":"2026-10-19T18:00:00Z","routes":1,"arrangements":1,"moves":0,"candidateEvaluations":1,"completed":true,"stopReason":"INSERTION_COMPLETED"},{"date":"2026-10-19","windowStart":"2026-10-19T15:00:00Z","windowEnd":"2026-10-19T19:00:00Z","routes":1,"arrangements":1,"moves":0,"candidateEvaluations":1,"completed":true,"stopReason":"INSERTION_COMPLETED"},{"date":"2026-10-19","windowStart":"2026-10-19T16:00:00Z","windowEnd":"2026-10-19T20:00:00Z","routes":1,"arrangements":1,"moves":0,"candidateEvaluations":1,"completed":true,"stopReason":"INSERTION_COMPLETED"},{"date":"2026-10-19","windowStart":"2026-10-19T17:00:00Z","windowEnd":"2026-10-19T21:00:00Z","routes":1,"arrangements":1,"moves":0,"candidateEvaluations":1,"completed":true,"stopReason":"INSERTION_COMPLETED"},{"date":"2026-10-19","windowStart":"2026-10-19T18:00:00Z","windowEnd":"2026-10-19T22:00:00Z","routes":1,"arrangements":1,"moves":0,"candidateEvaluations":1,"completed":true,"stopReason":"INSERTION_COMPLETED"},{"date":"2026-10-20","windowStart":"2026-10-20T13:00:00Z","windowEnd":"2026-10-20T17:00:00Z","routes":1,"arrangements":1,"moves":0,"candidateEvaluations":1,"completed":true,"stopReason":"INSERTION_COMPLETED"},{"date":"2026-10-20","windowStart":"2026-10-20T14:00:00Z","windowEnd":"2026-10-20T18:00:00Z","routes":1,"arrangements":1,"moves":0,"candidateEvaluations":1,"completed":true,"stopReason":"INSERTION_COMPLETED"},{"date":"2026-10-20","windowStart":"2026-10-20T15:00:00Z","windowEnd":"2026-10-20T19:00:00Z","routes":1,"arrangements":1,"moves":0,"candidateEvaluations":1,"completed":true,"stopReason":"INSERTION_COMPLETED"},{"date":"2026-10-20","windowStart":"2026-10-20T16:00:00Z","windowEnd":"2026-10-20T20:00:00Z","routes":1,"arrangements":1,"moves":0,"candidateEvaluations":1,"completed":true,"stopReason":"INSERTION_COMPLETED"},{"date":"2026-10-20","windowStart":"2026-10-20T17:00:00Z","windowEnd":"2026-10-20T21:00:00Z","routes":1,"arrangements":1,"moves":0,"candidateEvaluations":1,"completed":true,"stopReason":"INSERTION_COMPLETED"},{"date":"2026-10-20","windowStart":"2026-10-20T18:00:00Z","windowEnd":"2026-10-20T22:00:00Z","routes":1,"arrangements":1,"moves":0,"candidateEvaluations":1,"completed":true,"stopReason":"INSERTION_COMPLETED"}],"offerSources":{"2eec3be5-0caf-4066-a52a-3668957df4b3":"INSERTION"}}
Booking and optimizer integration	Print service logs on failure	2026-10-06T23:26:30.2957631Z 2026-10-06T23:24:23.754Z  INFO 3679 --- [io-18000-exec-7] d.w.scheduler.BookingCoordinator         : Booking search diagnostics for job cmuxb2ngb000c38d3m753gc21: {"format":1,"completed":true,"stopReason":"COMPLETED","configurationFingerprint":"65f98cc1200d331323f4edcc65662995b5a9c8e1c5cf9f375fe691d68979b1ae","routingIdentity":"ci-monaco-omaha-car-v2","capturedAt":"2026-10-06T23:24:23.679917704Z","snapshotAgeMs":70,"routingPairs":34,"evaluatedRoutes":70,"reusedRoutes":280,"prunedArrangements":0,"optionalRefinementMillis":250,"elapsedMs":104,"measurements":{"databaseExecutions":137,"databaseNanos":42880453,"lockStatementNanos":1672068,"routingPairs":5,"memoryHits":5,"persistentHits":0,"sharedRoutingPairs":0,"foregroundCpuNanos":55211856},"distinctRegularWindows":60,"confirmedRegularMinutes":0,"regularCapacityMinutes":5400,"overtimeAuthorized":false,"variant":"INSERTION","policyVersion":"zero-overtime-four-hour-v2","reconstructionAttempts":0,"reconstructionEvaluations":0,"limits":{"routes":6,"depth":2,"beam":8,"arrangementsPerWindow":500},"coverage":[{"date":"2026-10-07","windowStart":"2026-10-07T13:00:00Z","windowEnd":"2026-10-07T17:00:00Z","routes":1,"arrangements":1,"moves":0,"candidateEvaluations":1,"completed":true,"stopReason":"INSERTION_COMPLETED"},{"date":"2026-10-07","windowStart":"2026-10-07T14:00:00Z","windowEnd":"2026-10-07T18:00:00Z","routes":1,"arrangements":1,"moves":0,"candidateEvaluations":1,"completed":true,"stopReason":"INSERTION_COMPLETED"},{"date":"2026-10-07","windowStart":"2026-10-07T15:00:00Z","windowEnd":"2026-10-07T19:00:00Z","routes":1,"arrangements":1,"moves":0,"candidateEvaluations":1,"completed":true,"stopReason":"INSERTION_COMPLETED"},{"date":"2026-10-07","windowStart":"2026-10-07T16:00:00Z","windowEnd":"2026-10-07T20:00:00Z","routes":1,"arrangements":1,"moves":0,"candidateEvaluations":1,"completed":true,"stopReason":"INSERTION_COMPLETED"},{"date":"2026-10-07","windowStart":"2026-10-07T17:00:00Z","windowEnd":"2026-10-07T21:00:00Z","routes":1,"arrangements":1,"moves":0,"candidateEvaluations":1,"completed":true,"stopReason":"INSERTION_COMPLETED"},{"date":"2026-10-07","windowStart":"2026-10-07T18:00:00Z","windowEnd":"2026-10-07T22:00:00Z","routes":1,"arrangements":1,"moves":0,"candidateEvaluations":1,"completed":true,"stopReason":"INSERTION_COMPLETED"},{"date":"2026-10-08","windowStart":"2026-10-08T13:00:00Z","windowEnd":"2026-10-08T17:00:00Z","routes":1,"arrangements":1,"moves":0,"candidateEvaluations":1,"completed":true,"stopReason":"INSERTION_COMPLETED"},{"date":"2026-10-08","windowStart":"2026-10-08T14:00:00Z","windowEnd":"2026-10-08T18:00:00Z","routes":1,"arrangements":1,"moves":0,"candidateEvaluations":1,"completed":true,"stopReason":"INSERTION_COMPLETED"},{"date":"2026-10-08","windowStart":"2026-10-08T15:00:00Z","windowEnd":"2026-10-08T19:00:00Z","routes":1,"arrangements":1,"moves":0,"candidateEvaluations":1,"completed":true,"stopReason":"INSERTION_COMPLETED"},{"date":"2026-10-08","windowStart":"2026-10-08T16:00:00Z","windowEnd":"2026-10-08T20:00:00Z","routes":1,"arrangements":1,"moves":0,"candidateEvaluations":1,"completed":true,"stopReason":"INSERTION_COMPLETED"},{"date":"2026-10-08","windowStart":"2026-10-08T17:00:00Z","windowEnd":"2026-10-08T21:00:00Z","routes":1,"arrangements":1,"moves":0,"candidateEvaluations":1,"completed":true,"stopReason":"INSERTION_COMPLETED"},{"date":"2026-10-08","windowStart":"2026-10-08T18:00:00Z","windowEnd":"2026-10-08T22:00:00Z","routes":1,"arrangements":1,"moves":0,"candidateEvaluations":1,"completed":true,"stopReason":"INSERTION_COMPLETED"},{"date":"2026-10-09","windowStart":"2026-10-09T13:00:00Z","windowEnd":"2026-10-09T17:00:00Z","routes":1,"arrangements":1,"moves":0,"candidateEvaluations":1,"completed":true,"stopReason":"INSERTION_COMPLETED"},{"date":"2026-10-09","windowStart":"2026-10-09T14:00:00Z","windowEnd":"2026-10-09T18:00:00Z","routes":1,"arrangements":1,"moves":0,"candidateEvaluations":1,"completed":true,"stopReason":"INSERTION_COMPLETED"},{"date":"2026-10-09","windowStart":"2026-10-09T15:00:00Z","windowEnd":"2026-10-09T19:00:00Z","routes":1,"arrangements":1,"moves":0,"candidateEvaluations":1,"completed":true,"stopReason":"INSERTION_COMPLETED"},{"date":"2026-10-09","windowStart":"2026-10-09T16:00:00Z","windowEnd":"2026-10-09T20:00:00Z","routes":1,"arrangements":1,"moves":0,"candidateEvaluations":1,"completed":true,"stopReason":"INSERTION_COMPLETED"},{"date":"2026-10-09","windowStart":"2026-10-09T17:00:00Z","windowEnd":"2026-10-09T21:00:00Z","routes":1,"arrangements":1,"moves":0,"candidateEvaluations":1,"completed":true,"stopReason":"INSERTION_COMPLETED"},{"date":"2026-10-09","windowStart":"2026-10-09T18:00:00Z","windowEnd":"2026-10-09T22:00:00Z","routes":1,"arrangements":1,"moves":0,"candidateEvaluations":1,"completed":true,"stopReason":"INSERTION_COMPLETED"},{"date":"2026-10-12","windowStart":"2026-10-12T13:00:00Z","windowEnd":"2026-10-12T17:00:00Z","routes":1,"arrangements":1,"moves":0,"candidateEvaluations":1,"completed":true,"stopReason":"INSERTION_COMPLETED"},{"date":"2026-10-12","windowStart":"2026-10-12T14:00:00Z","windowEnd":"2026-10-12T18:00:00Z","routes":1,"arrangements":1,"moves":0,"candidateEvaluations":1,"completed":true,"stopReason":"INSERTION_COMPLETED"},{"date":"2026-10-12","windowStart":"2026-10-12T15:00:00Z","windowEnd":"2026-10-12T19:00:00Z","routes":1,"arrangements":1,"moves":0,"candidateEvaluations":1,"completed":true,"stopReason":"INSERTION_COMPLETED"},{"date":"2026-10-12","windowStart":"2026-10-12T16:00:00Z","windowEnd":"2026-10-12T20:00:00Z","routes":1,"arrangements":1,"moves":0,"candidateEvaluations":1,"completed":true,"stopReason":"INSERTION_COMPLETED"},{"date":"2026-10-12","windowStart":"2026-10-12T17:00:00Z","windowEnd":"2026-10-12T21:00:00Z","routes":1,"arrangements":1,"moves":0,"candidateEvaluations":1,"completed":true,"stopReason":"INSERTION_COMPLETED"},{"date":"2026-10-12","windowStart":"2026-10-12T18:00:00Z","windowEnd":"2026-10-12T22:00:00Z","routes":1,"arrangements":1,"moves":0,"candidateEvaluations":1,"completed":true,"stopReason":"INSERTION_COMPLETED"},{"date":"2026-10-13","windowStart":"2026-10-13T13:00:00Z","windowEnd":"2026-10-13T17:00:00Z","routes":1,"arrangements":1,"moves":0,"candidateEvaluations":1,"completed":true,"stopReason":"INSERTION_COMPLETED"},{"date":"2026-10-13","windowStart":"2026-10-13T14:00:00Z","windowEnd":"2026-10-13T18:00:00Z","routes":1,"arrangements":1,"moves":0,"candidateEvaluations":1,"completed":true,"stopReason":"INSERTION_COMPLETED"},{"date":"2026-10-13","windowStart":"2026-10-13T15:00:00Z","windowEnd":"2026-10-13T19:00:00Z","routes":1,"arrangements":1,"moves":0,"candidateEvaluations":1,"completed":true,"stopReason":"INSERTION_COMPLETED"},{"date":"2026-10-13","windowStart":"2026-10-13T16:00:00Z","windowEnd":"2026-10-13T20:00:00Z","routes":1,"arrangements":1,"moves":0,"candidateEvaluations":1,"completed":true,"stopReason":"INSERTION_COMPLETED"},{"date":"2026-10-13","windowStart":"2026-10-13T17:00:00Z","windowEnd":"2026-10-13T21:00:00Z","routes":1,"arrangements":1,"moves":0,"candidateEvaluations":1,"completed":true,"stopReason":"INSERTION_COMPLETED"},{"date":"2026-10-13","windowStart":"2026-10-13T18:00:00Z","windowEnd":"2026-10-13T22:00:00Z","routes":1,"arrangements":1,"moves":0,"candidateEvaluations":1,"completed":true,"stopReason":"INSERTION_COMPLETED"},{"date":"2026-10-14","windowStart":"2026-10-14T13:00:00Z","windowEnd":"2026-10-14T17:00:00Z","routes":1,"arrangements":1,"moves":0,"candidateEvaluations":1,"completed":true,"stopReason":"INSERTION_COMPLETED"},{"date":"2026-10-14","windowStart":"2026-10-14T14:00:00Z","windowEnd":"2026-10-14T18:00:00Z","routes":1,"arrangements":1,"moves":0,"candidateEvaluations":1,"completed":true,"stopReason":"INSERTION_COMPLETED"},{"date":"2026-10-14","windowStart":"2026-10-14T15:00:00Z","windowEnd":"2026-10-14T19:00:00Z","routes":1,"arrangements":1,"moves":0,"candidateEvaluations":1,"completed":true,"stopReason":"INSERTION_COMPLETED"},{"date":"2026-10-14","windowStart":"2026-10-14T16:00:00Z","windowEnd":"2026-10-14T20:00:00Z","routes":1,"arrangements":1,"moves":0,"candidateEvaluations":1,"completed":true,"stopReason":"INSERTION_COMPLETED"},{"date":"2026-10-14","windowStart":"2026-10-14T17:00:00Z","windowEnd":"2026-10-14T21:00:00Z","routes":1,"arrangements":1,"moves":0,"candidateEvaluations":1,"completed":true,"stopReason":"INSERTION_COMPLETED"},{"date":"2026-10-14","windowStart":"2026-10-14T18:00:00Z","windowEnd":"2026-10-14T22:00:00Z","routes":1,"arrangements":1,"moves":0,"candidateEvaluations":1,"completed":true,"stopReason":"INSERTION_COMPLETED"},{"date":"2026-10-15","windowStart":"2026-10-15T13:00:00Z","windowEnd":"2026-10-15T17:00:00Z","routes":1,"arrangements":1,"moves":0,"candidateEvaluations":1,"completed":true,"stopReason":"INSERTION_COMPLETED"},{"date":"2026-10-15","windowStart":"2026-10-15T14:00:00Z","windowEnd":"2026-10-15T18:00:00Z","routes":1,"arrangements":1,"moves":0,"candidateEvaluations":1,"completed":true,"stopReason":"INSERTION_COMPLETED"},{"date":"2026-10-15","windowStart":"2026-10-15T15:00:00Z","windowEnd":"2026-10-15T19:00:00Z","routes":1,"arrangements":1,"moves":0,"candidateEvaluations":1,"completed":true,"stopReason":"INSERTION_COMPLETED"},{"date":"2026-10-15","windowStart":"2026-10-15T16:00:00Z","windowEnd":"2026-10-15T20:00:00Z","routes":1,"arrangements":1,"moves":0,"candidateEvaluations":1,"completed":true,"stopReason":"INSERTION_COMPLETED"},{"date":"2026-10-15","windowStart":"2026-10-15T17:00:00Z","windowEnd":"2026-10-15T21:00:00Z","routes":1,"arrangements":1,"moves":0,"candidateEvaluations":1,"completed":true,"stopReason":"INSERTION_COMPLETED"},{"date":"2026-10-15","windowStart":"2026-10-15T18:00:00Z","windowEnd":"2026-10-15T22:00:00Z","routes":1,"arrangements":1,"moves":0,"candidateEvaluations":1,"completed":true,"stopReason":"INSERTION_COMPLETED"},{"date":"2026-10-16","windowStart":"2026-10-16T13:00:00Z","windowEnd":"2026-10-16T17:00:00Z","routes":1,"arrangements":1,"moves":0,"candidateEvaluations":1,"completed":true,"stopReason":"INSERTION_COMPLETED"},{"date":"2026-10-16","windowStart":"2026-10-16T14:00:00Z","windowEnd":"2026-10-16T18:00:00Z","routes":1,"arrangements":1,"moves":0,"candidateEvaluations":1,"completed":true,"stopReason":"INSERTION_COMPLETED"},{"date":"2026-10-16","windowStart":"2026-10-16T15:00:00Z","windowEnd":"2026-10-16T19:00:00Z","routes":1,"arrangements":1,"moves":0,"candidateEvaluations":1,"completed":true,"stopReason":"INSERTION_COMPLETED"},{"date":"2026-10-16","windowStart":"2026-10-16T16:00:00Z","windowEnd":"2026-10-16T20:00:00Z","routes":1,"arrangements":1,"moves":0,"candidateEvaluations":1,"completed":true,"stopReason":"INSERTION_COMPLETED"},{"date":"2026-10-16","windowStart":"2026-10-16T17:00:00Z","windowEnd":"2026-10-16T21:00:00Z","routes":1,"arrangements":1,"moves":0,"candidateEvaluations":1,"completed":true,"stopReason":"INSERTION_COMPLETED"},{"date":"2026-10-16","windowStart":"2026-10-16T18:00:00Z","windowEnd":"2026-10-16T22:00:00Z","routes":1,"arrangements":1,"moves":0,"candidateEvaluations":1,"completed":true,"stopReason":"INSERTION_COMPLETED"},{"date":"2026-10-19","windowStart":"2026-10-19T13:00:00Z","windowEnd":"2026-10-19T17:00:00Z","routes":1,"arrangements":1,"moves":0,"candidateEvaluations":1,"completed":true,"stopReason":"INSERTION_COMPLETED"},{"date":"2026-10-19","windowStart":"2026-10-19T14:00:00Z","windowEnd":"2026-10-19T18:00:00Z","routes":1,"arrangements":1,"moves":0,"candidateEvaluations":1,"completed":true,"stopReason":"INSERTION_COMPLETED"},{"date":"2026-10-19","windowStart":"2026-10-19T15:00:00Z","windowEnd":"2026-10-19T19:00:00Z","routes":1,"arrangements":1,"moves":0,"candidateEvaluations":1,"completed":true,"stopReason":"INSERTION_COMPLETED"},{"date":"2026-10-19","windowStart":"2026-10-19T16:00:00Z","windowEnd":"2026-10-19T20:00:00Z","routes":1,"arrangements":1,"moves":0,"candidateEvaluations":1,"completed":true,"stopReason":"INSERTION_COMPLETED"},{"date":"2026-10-19","windowStart":"2026-10-19T17:00:00Z","windowEnd":"2026-10-19T21:00:00Z","routes":1,"arrangements":1,"moves":0,"candidateEvaluations":1,"completed":true,"stopReason":"INSERTION_COMPLETED"},{"date":"2026-10-19","windowStart":"2026-10-19T18:00:00Z","windowEnd":"2026-10-19T22:00:00Z","routes":1,"arrangements":1,"moves":0,"candidateEvaluations":1,"completed":true,"stopReason":"INSERTION_COMPLETED"},{"date":"2026-10-20","windowStart":"2026-10-20T13:00:00Z","windowEnd":"2026-10-20T17:00:00Z","routes":1,"arrangements":1,"moves":0,"candidateEvaluations":1,"completed":true,"stopReason":"INSERTION_COMPLETED"},{"date":"2026-10-20","windowStart":"2026-10-20T14:00:00Z","windowEnd":"2026-10-20T18:00:00Z","routes":1,"arrangements":1,"moves":0,"candidateEvaluations":1,"completed":true,"stopReason":"INSERTION_COMPLETED"},{"date":"2026-10-20","windowStart":"2026-10-20T15:00:00Z","windowEnd":"2026-10-20T19:00:00Z","routes":1,"arrangements":1,"moves":0,"candidateEvaluations":1,"completed":true,"stopReason":"INSERTION_COMPLETED"},{"date":"2026-10-20","windowStart":"2026-10-20T16:00:00Z","windowEnd":"2026-10-20T20:00:00Z","routes":1,"arrangements":1,"moves":0,"candidateEvaluations":1,"completed":true,"stopReason":"INSERTION_COMPLETED"},{"date":"2026-10-20","windowStart":"2026-10-20T17:00:00Z","windowEnd":"2026-10-20T21:00:00Z","routes":1,"arrangements":1,"moves":0,"candidateEvaluations":1,"completed":true,"stopReason":"INSERTION_COMPLETED"},{"date":"2026-10-20","windowStart":"2026-10-20T18:00:00Z","windowEnd":"2026-10-20T22:00:00Z","routes":1,"arrangements":1,"moves":0,"candidateEvaluations":1,"completed":true,"stopReason":"INSERTION_COMPLETED"}],"offerSources":{"c31dee48-5bf8-4549-bda6-da7317cc2999":"INSERTION"}}
Booking and optimizer integration	Print service logs on failure	2026-10-06T23:26:30.3058147Z 2026-10-06T23:24:24.144Z  INFO 3679 --- [-booking-search] d.w.scheduler.BookingCoordinator         : Booking search diagnostics for job cmuxb2ngb000c38d3m753gc21: {"format":1,"completed":true,"stopReason":"COMPLETED","configurationFingerprint":"65f98cc1200d331323f4edcc65662995b5a9c8e1c5cf9f375fe691d68979b1ae","routingIdentity":"ci-monaco-omaha-car-v2","capturedAt":"2026-10-06T23:24:24.056160907Z","snapshotAgeMs":87,"routingPairs":34,"evaluatedRoutes":70,"reusedRoutes":280,"prunedArrangements":0,"optionalRefinementMillis":0,"elapsedMs":96,"measurements":{"databaseExecutions":96,"databaseNanos":57366332,"lockStatementNanos":0,"routingPairs":3,"memoryHits":3,"persistentHits":0,"sharedRoutingPairs":0,"foregroundCpuNanos":42631532},"distinctRegularWindows":60,"confirmedRegularMinutes":0,"regularCapacityMinutes":5400,"overtimeAuthorized":false,"variant":"INSERTION","policyVersion":"zero-overtime-four-hour-v2","reconstructionAttempts":0,"reconstructionEvaluations":0,"limits":{"routes":6,"depth":2,"beam":8,"arrangementsPerWindow":500},"coverage":[{"date":"2026-10-07","windowStart":"2026-10-07T13:00:00Z","windowEnd":"2026-10-07T17:00:00Z","routes":1,"arrangements":1,"moves":0,"candidateEvaluations":1,"completed":true,"stopReason":"INSERTION_COMPLETED"},{"date":"2026-10-07","windowStart":"2026-10-07T14:00:00Z","windowEnd":"2026-10-07T18:00:00Z","routes":1,"arrangements":1,"moves":0,"candidateEvaluations":1,"completed":true,"stopReason":"INSERTION_COMPLETED"},{"date":"2026-10-07","windowStart":"2026-10-07T15:00:00Z","windowEnd":"2026-10-07T19:00:00Z","routes":1,"arrangements":1,"moves":0,"candidateEvaluations":1,"completed":true,"stopReason":"INSERTION_COMPLETED"},{"date":"2026-10-07","windowStart":"2026-10-07T16:00:00Z","windowEnd":"2026-10-07T20:00:00Z","routes":1,"arrangements":1,"moves":0,"candidateEvaluations":1,"completed":true,"stopReason":"INSERTION_COMPLETED"},{"date":"2026-10-07","windowStart":"2026-10-07T17:00:00Z","windowEnd":"2026-10-07T21:00:00Z","routes":1,"arrangements":1,"moves":0,"candidateEvaluations":1,"completed":true,"stopReason":"INSERTION_COMPLETED"},{"date":"2026-10-07","windowStart":"2026-10-07T18:00:00Z","windowEnd":"2026-10-07T22:00:00Z","routes":1,"arrangements":1,"moves":0,"candidateEvaluations":1,"completed":true,"stopReason":"INSERTION_COMPLETED"},{"date":"2026-10-08","windowStart":"2026-10-08T13:00:00Z","windowEnd":"2026-10-08T17:00:00Z","routes":1,"arrangements":1,"moves":0,"candidateEvaluations":1,"completed":true,"stopReason":"INSERTION_COMPLETED"},{"date":"2026-10-08","windowStart":"2026-10-08T14:00:00Z","windowEnd":"2026-10-08T18:00:00Z","routes":1,"arrangements":1,"moves":0,"candidateEvaluations":1,"completed":true,"stopReason":"INSERTION_COMPLETED"},{"date":"2026-10-08","windowStart":"2026-10-08T15:00:00Z","windowEnd":"2026-10-08T19:00:00Z","routes":1,"arrangements":1,"moves":0,"candidateEvaluations":1,"completed":true,"stopReason":"INSERTION_COMPLETED"},{"date":"2026-10-08","windowStart":"2026-10-08T16:00:00Z","windowEnd":"2026-10-08T20:00:00Z","routes":1,"arrangements":1,"moves":0,"candidateEvaluations":1,"completed":true,"stopReason":"INSERTION_COMPLETED"},{"date":"2026-10-08","windowStart":"2026-10-08T17:00:00Z","windowEnd":"2026-10-08T21:00:00Z","routes":1,"arrangements":1,"moves":0,"candidateEvaluations":1,"completed":true,"stopReason":"INSERTION_COMPLETED"},{"date":"2026-10-08","windowStart":"2026-10-08T18:00:00Z","windowEnd":"2026-10-08T22:00:00Z","routes":1,"arrangements":1,"moves":0,"candidateEvaluations":1,"completed":true,"stopReason":"INSERTION_COMPLETED"},{"date":"2026-10-09","windowStart":"2026-10-09T13:00:00Z","windowEnd":"2026-10-09T17:00:00Z","routes":1,"arrangements":1,"moves":0,"candidateEvaluations":1,"completed":true,"stopReason":"INSERTION_COMPLETED"},{"date":"2026-10-09","windowStart":"2026-10-09T14:00:00Z","windowEnd":"2026-10-09T18:00:00Z","routes":1,"arrangements":1,"moves":0,"candidateEvaluations":1,"completed":true,"stopReason":"INSERTION_COMPLETED"},{"date":"2026-10-09","windowStart":"2026-10-09T15:00:00Z","windowEnd":"2026-10-09T19:00:00Z","routes":1,"arrangements":1,"moves":0,"candidateEvaluations":1,"completed":true,"stopReason":"INSERTION_COMPLETED"},{"date":"2026-10-09","windowStart":"2026-10-09T16:00:00Z","windowEnd":"2026-10-09T20:00:00Z","routes":1,"arrangements":1,"moves":0,"candidateEvaluations":1,"completed":true,"stopReason":"INSERTION_COMPLETED"},{"date":"2026-10-09","windowStart":"2026-10-09T17:00:00Z","windowEnd":"2026-10-09T21:00:00Z","routes":1,"arrangements":1,"moves":0,"candidateEvaluations":1,"completed":true,"stopReason":"INSERTION_COMPLETED"},{"date":"2026-10-09","windowStart":"2026-10-09T18:00:00Z","windowEnd":"2026-10-09T22:00:00Z","routes":1,"arrangements":1,"moves":0,"candidateEvaluations":1,"completed":true,"stopReason":"INSERTION_COMPLETED"},{"date":"2026-10-12","windowStart":"2026-10-12T13:00:00Z","windowEnd":"2026-10-12T17:00:00Z","routes":1,"arrangements":1,"moves":0,"candidateEvaluations":1,"completed":true,"stopReason":"INSERTION_COMPLETED"},{"date":"2026-10-12","windowStart":"2026-10-12T14:00:00Z","windowEnd":"2026-10-12T18:00:00Z","routes":1,"arrangements":1,"moves":0,"candidateEvaluations":1,"completed":true,"stopReason":"INSERTION_COMPLETED"},{"date":"2026-10-12","windowStart":"2026-10-12T15:00:00Z","windowEnd":"2026-10-12T19:00:00Z","routes":1,"arrangements":1,"moves":0,"candidateEvaluations":1,"completed":true,"stopReason":"INSERTION_COMPLETED"},{"date":"2026-10-12","windowStart":"2026-10-12T16:00:00Z","windowEnd":"2026-10-12T20:00:00Z","routes":1,"arrangements":1,"moves":0,"candidateEvaluations":1,"completed":true,"stopReason":"INSERTION_COMPLETED"},{"date":"2026-10-12","windowStart":"2026-10-12T17:00:00Z","windowEnd":"2026-10-12T21:00:00Z","routes":1,"arrangements":1,"moves":0,"candidateEvaluations":1,"completed":true,"stopReason":"INSERTION_COMPLETED"},{"date":"2026-10-12","windowStart":"2026-10-12T18:00:00Z","windowEnd":"2026-10-12T22:00:00Z","routes":1,"arrangements":1,"moves":0,"candidateEvaluations":1,"completed":true,"stopReason":"INSERTION_COMPLETED"},{"date":"2026-10-13","windowStart":"2026-10-13T13:00:00Z","windowEnd":"2026-10-13T17:00:00Z","routes":1,"arrangements":1,"moves":0,"candidateEvaluations":1,"completed":true,"stopReason":"INSERTION_COMPLETED"},{"date":"2026-10-13","windowStart":"2026-10-13T14:00:00Z","windowEnd":"2026-10-13T18:00:00Z","routes":1,"arrangements":1,"moves":0,"candidateEvaluations":1,"completed":true,"stopReason":"INSERTION_COMPLETED"},{"date":"2026-10-13","windowStart":"2026-10-13T15:00:00Z","windowEnd":"2026-10-13T19:00:00Z","routes":1,"arrangements":1,"moves":0,"candidateEvaluations":1,"completed":true,"stopReason":"INSERTION_COMPLETED"},{"date":"2026-10-13","windowStart":"2026-10-13T16:00:00Z","windowEnd":"2026-10-13T20:00:00Z","routes":1,"arrangements":1,"moves":0,"candidateEvaluations":1,"completed":true,"stopReason":"INSERTION_COMPLETED"},{"date":"2026-10-13","windowStart":"2026-10-13T17:00:00Z","windowEnd":"2026-10-13T21:00:00Z","routes":1,"arrangements":1,"moves":0,"candidateEvaluations":1,"completed":true,"stopReason":"INSERTION_COMPLETED"},{"date":"2026-10-13","windowStart":"2026-10-13T18:00:00Z","windowEnd":"2026-10-13T22:00:00Z","routes":1,"arrangements":1,"moves":0,"candidateEvaluations":1,"completed":true,"stopReason":"INSERTION_COMPLETED"},{"date":"2026-10-14","windowStart":"2026-10-14T13:00:00Z","windowEnd":"2026-10-14T17:00:00Z","routes":1,"arrangements":1,"moves":0,"candidateEvaluations":1,"completed":true,"stopReason":"INSERTION_COMPLETED"},{"date":"2026-10-14","windowStart":"2026-10-14T14:00:00Z","windowEnd":"2026-10-14T18:00:00Z","routes":1,"arrangements":1,"moves":0,"candidateEvaluations":1,"completed":true,"stopReason":"INSERTION_COMPLETED"},{"date":"2026-10-14","windowStart":"2026-10-14T15:00:00Z","windowEnd":"2026-10-14T19:00:00Z","routes":1,"arrangements":1,"moves":0,"candidateEvaluations":1,"completed":true,"stopReason":"INSERTION_COMPLETED"},{"date":"2026-10-14","windowStart":"2026-10-14T16:00:00Z","windowEnd":"2026-10-14T20:00:00Z","routes":1,"arrangements":1,"moves":0,"candidateEvaluations":1,"completed":true,"stopReason":"INSERTION_COMPLETED"},{"date":"2026-10-14","windowStart":"2026-10-14T17:00:00Z","windowEnd":"2026-10-14T21:00:00Z","routes":1,"arrangements":1,"moves":0,"candidateEvaluations":1,"completed":true,"stopReason":"INSERTION_COMPLETED"},{"date":"2026-10-14","windowStart":"2026-10-14T18:00:00Z","windowEnd":"2026-10-14T22:00:00Z","routes":1,"arrangements":1,"moves":0,"candidateEvaluations":1,"completed":true,"stopReason":"INSERTION_COMPLETED"},{"date":"2026-10-15","windowStart":"2026-10-15T13:00:00Z","windowEnd":"2026-10-15T17:00:00Z","routes":1,"arrangements":1,"moves":0,"candidateEvaluations":1,"completed":true,"stopReason":"INSERTION_COMPLETED"},{"date":"2026-10-15","windowStart":"2026-10-15T14:00:00Z","windowEnd":"2026-10-15T18:00:00Z","routes":1,"arrangements":1,"moves":0,"candidateEvaluations":1,"completed":true,"stopReason":"INSERTION_COMPLETED"},{"date":"2026-10-15","windowStart":"2026-10-15T15:00:00Z","windowEnd":"2026-10-15T19:00:00Z","routes":1,"arrangements":1,"moves":0,"candidateEvaluations":1,"completed":true,"stopReason":"INSERTION_COMPLETED"},{"date":"2026-10-15","windowStart":"2026-10-15T16:00:00Z","windowEnd":"2026-10-15T20:00:00Z","routes":1,"arrangements":1,"moves":0,"candidateEvaluations":1,"completed":true,"stopReason":"INSERTION_COMPLETED"},{"date":"2026-10-15","windowStart":"2026-10-15T17:00:00Z","windowEnd":"2026-10-15T21:00:00Z","routes":1,"arrangements":1,"moves":0,"candidateEvaluations":1,"completed":true,"stopReason":"INSERTION_COMPLETED"},{"date":"2026-10-15","windowStart":"2026-10-15T18:00:00Z","windowEnd":"2026-10-15T22:00:00Z","routes":1,"arrangements":1,"moves":0,"candidateEvaluations":1,"completed":true,"stopReason":"INSERTION_COMPLETED"},{"date":"2026-10-16","windowStart":"2026-10-16T13:00:00Z","windowEnd":"2026-10-16T17:00:00Z","routes":1,"arrangements":1,"moves":0,"candidateEvaluations":1,"completed":true,"stopReason":"INSERTION_COMPLETED"},{"date":"2026-10-16","windowStart":"2026-10-16T14:00:00Z","windowEnd":"2026-10-16T18:00:00Z","routes":1,"arrangements":1,"moves":0,"candidateEvaluations":1,"completed":true,"stopReason":"INSERTION_COMPLETED"},{"date":"2026-10-16","windowStart":"2026-10-16T15:00:00Z","windowEnd":"2026-10-16T19:00:00Z","routes":1,"arrangements":1,"moves":0,"candidateEvaluations":1,"completed":true,"stopReason":"INSERTION_COMPLETED"},{"date":"2026-10-16","windowStart":"2026-10-16T16:00:00Z","windowEnd":"2026-10-16T20:00:00Z","routes":1,"arrangements":1,"moves":0,"candidateEvaluations":1,"completed":true,"stopReason":"INSERTION_COMPLETED"},{"date":"2026-10-16","windowStart":"2026-10-16T17:00:00Z","windowEnd":"2026-10-16T21:00:00Z","routes":1,"arrangements":1,"moves":0,"candidateEvaluations":1,"completed":true,"stopReason":"INSERTION_COMPLETED"},{"date":"2026-10-16","windowStart":"2026-10-16T18:00:00Z","windowEnd":"2026-10-16T22:00:00Z","routes":1,"arrangements":1,"moves":0,"candidateEvaluations":1,"completed":true,"stopReason":"INSERTION_COMPLETED"},{"date":"2026-10-19","windowStart":"2026-10-19T13:00:00Z","windowEnd":"2026-10-19T17:00:00Z","routes":1,"arrangements":1,"moves":0,"candidateEvaluations":1,"completed":true,"stopReason":"INSERTION_COMPLETED"},{"date":"2026-10-19","windowStart":"2026-10-19T14:00:00Z","windowEnd":"2026-10-19T18:00:00Z","routes":1,"arrangements":1,"moves":0,"candidateEvaluations":1,"completed":true,"stopReason":"INSERTION_COMPLETED"},{"date":"2026-10-19","windowStart":"2026-10-19T15:00:00Z","windowEnd":"2026-10-19T19:00:00Z","routes":1,"arrangements":1,"moves":0,"candidateEvaluations":1,"completed":true,"stopReason":"INSERTION_COMPLETED"},{"date":"2026-10-19","windowStart":"2026-10-19T16:00:00Z","windowEnd":"2026-10-19T20:00:00Z","routes":1,"arrangements":1,"moves":0,"candidateEvaluations":1,"completed":true,"stopReason":"INSERTION_COMPLETED"},{"date":"2026-10-19","windowStart":"2026-10-19T17:00:00Z","windowEnd":"2026-10-19T21:00:00Z","routes":1,"arrangements":1,"moves":0,"candidateEvaluations":1,"completed":true,"stopReason":"INSERTION_COMPLETED"},{"date":"2026-10-19","windowStart":"2026-10-19T18:00:00Z","windowEnd":"2026-10-19T22:00:00Z","routes":1,"arrangements":1,"moves":0,"candidateEvaluations":1,"completed":true,"stopReason":"INSERTION_COMPLETED"},{"date":"2026-10-20","windowStart":"2026-10-20T13:00:00Z","windowEnd":"2026-10-20T17:00:00Z","routes":1,"arrangements":1,"moves":0,"candidateEvaluations":1,"completed":true,"stopReason":"INSERTION_COMPLETED"},{"date":"2026-10-20","windowStart":"2026-10-20T14:00:00Z","windowEnd":"2026-10-20T18:00:00Z","routes":1,"arrangements":1,"moves":0,"candidateEvaluations":1,"completed":true,"stopReason":"INSERTION_COMPLETED"},{"date":"2026-10-20","windowStart":"2026-10-20T15:00:00Z","windowEnd":"2026-10-20T19:00:00Z","routes":1,"arrangements":1,"moves":0,"candidateEvaluations":1,"completed":true,"stopReason":"INSERTION_COMPLETED"},{"date":"2026-10-20","windowStart":"2026-10-20T16:00:00Z","windowEnd":"2026-10-20T20:00:00Z","routes":1,"arrangements":1,"moves":0,"candidateEvaluations":1,"completed":true,"stopReason":"INSERTION_COMPLETED"},{"date":"2026-10-20","windowStart":"2026-10-20T17:00:00Z","windowEnd":"2026-10-20T21:00:00Z","routes":1,"arrangements":1,"moves":0,"candidateEvaluations":1,"completed":true,"stopReason":"INSERTION_COMPLETED"},{"date":"2026-10-20","windowStart":"2026-10-20T18:00:00Z","windowEnd":"2026-10-20T22:00:00Z","routes":1,"arrangements":1,"moves":0,"candidateEvaluations":1,"completed":true,"stopReason":"INSERTION_COMPLETED"}],"offerSources":{"98d70600-943e-4022-aae8-cb3d50a6daf2":"INSERTION"}}
Booking and optimizer integration	Print service logs on failure	2026-10-06T23:26:30.3107363Z 2026-10-06T23:24:25.206Z  INFO 3679 --- [io-18000-exec-5] d.w.scheduler.BookingCoordinator         : Booking search diagnostics for job cmuxb2ngb000c38d3m753gc21: {"format":1,"completed":true,"stopReason":"COMPLETED","configurationFingerprint":"6f9829782d1d88d1fd3fbca828b5cc7a6074a7202ecbf85613eb5ce6d99e8520","routingIdentity":"ci-monaco-omaha-car-v2","capturedAt":"2026-10-06T23:24:25.170212276Z","snapshotAgeMs":35,"routingPairs":16,"evaluatedRoutes":2,"reusedRoutes":8,"prunedArrangements":0,"optionalRefinementMillis":250,"elapsedMs":39,"measurements":{"databaseExecutions":95,"databaseNanos":23786686,"lockStatementNanos":0,"routingPairs":3,"memoryHits":3,"persistentHits":0,"sharedRoutingPairs":0,"foregroundCpuNanos":19961486},"distinctRegularWindows":1,"confirmedRegularMinutes":0,"regularCapacityMinutes":240,"overtimeAuthorized":false,"variant":"INSERTION","policyVersion":"zero-overtime-four-hour-v2","reconstructionAttempts":0,"reconstructionEvaluations":0,"limits":{"routes":6,"depth":2,"beam":8,"arrangementsPerWindow":500},"coverage":[{"date":"2026-10-07","windowStart":"2026-10-07T13:00:00Z","windowEnd":"2026-10-07T17:00:00Z","routes":1,"arrangements":1,"moves":0,"candidateEvaluations":1,"completed":true,"stopReason":"INSERTION_COMPLETED"}],"offerSources":{"d1dc1ed4-c051-4848-956d-1054c0e2ea54":"INSERTION"}}
Booking and optimizer integration	Print service logs on failure	2026-10-06T23:26:30.3117158Z 2026-10-06T23:24:25.408Z  INFO 3679 --- [io-18000-exec-6] d.w.scheduler.BookingCoordinator         : Booking search diagnostics for job cmuxb2ngb000c38d3m753gc21: {"format":1,"completed":true,"stopReason":"COMPLETED","configurationFingerprint":"df4f93985d4fe84c9aafe005d0bbbbe84a744a41feca2d3abff2fa44aa0b52d8","routingIdentity":"ci-monaco-omaha-car-v2","capturedAt":"2026-10-06T23:24:25.322892006Z","snapshotAgeMs":85,"routingPairs":19,"evaluatedRoutes":0,"reusedRoutes":0,"prunedArrangements":0,"optionalRefinementMillis":250,"elapsedMs":90,"measurements":{"databaseExecutions":213,"databaseNanos":61707019,"lockStatementNanos":0,"routingPairs":2,"memoryHits":2,"persistentHits":0,"sharedRoutingPairs":0,"foregroundCpuNanos":39308402},"distinctRegularWindows":0,"confirmedRegularMinutes":0,"regularCapacityMinutes":0,"overtimeAuthorized":false,"variant":"INSERTION","policyVersion":"zero-overtime-four-hour-v2","reconstructionAttempts":0,"reconstructionEvaluations":0,"limits":{"routes":6,"depth":2,"beam":8,"arrangementsPerWindow":500},"coverage":[],"offerSources":{}}
Booking and optimizer integration	Print service logs on failure	2026-10-06T23:26:30.3127099Z 2026-10-06T23:24:25.532Z  INFO 3679 --- [io-18000-exec-8] d.w.scheduler.BookingCoordinator         : Booking search diagnostics for job cmuxb2ngb000c38d3m753gc21: {"format":1,"completed":true,"stopReason":"COMPLETED","configurationFingerprint":"e2baa6924a1e47335f49c6e371c4490f73b6d8a464284af3c6bec4d3035c3499","routingIdentity":"ci-monaco-omaha-car-v2","capturedAt":"2026-10-06T23:24:25.446383451Z","snapshotAgeMs":85,"routingPairs":23,"evaluatedRoutes":3,"reusedRoutes":11,"prunedArrangements":0,"optionalRefinementMillis":250,"elapsedMs":91,"measurements":{"databaseExecutions":213,"databaseNanos":62375993,"lockStatementNanos":0,"routingPairs":4,"memoryHits":4,"persistentHits":0,"sharedRoutingPairs":0,"foregroundCpuNanos":38281019},"distinctRegularWindows":1,"confirmedRegularMinutes":0,"regularCapacityMinutes":480,"overtimeAuthorized":false,"variant":"INSERTION","policyVersion":"zero-overtime-four-hour-v2","reconstructionAttempts":0,"reconstructionEvaluations":0,"limits":{"routes":6,"depth":2,"beam":8,"arrangementsPerWindow":500},"coverage":[{"date":"2026-10-21","windowStart":"2026-10-21T13:00:00Z","windowEnd":"2026-10-21T17:00:00Z","routes":1,"arrangements":1,"moves":0,"candidateEvaluations":1,"completed":true,"stopReason":"INSERTION_COMPLETED"}],"offerSources":{"f1e8c2b3-587e-4b74-ae8d-d2f4f4c2dc68":"INSERTION"}}
Booking and optimizer integration	Print service logs on failure	2026-10-06T23:26:30.3188895Z 2026-10-06T23:25:02.810Z  INFO 3679 --- [-booking-search] d.w.scheduler.BookingCoordinator         : Booking search diagnostics for job cmuxb3hg0000e8n1ybt4si8zj: {"format":1,"completed":true,"stopReason":"COMPLETED","configurationFingerprint":"c658cf610f68ca9aaff86d5ea40f7ff4fba49f14909f6eab53be013e01edae02","routingIdentity":"ci-monaco-omaha-car-v2","capturedAt":"2026-10-06T23:25:02.732067930Z","snapshotAgeMs":78,"routingPairs":34,"evaluatedRoutes":70,"reusedRoutes":280,"prunedArrangements":0,"optionalRefinementMillis":0,"elapsedMs":83,"measurements":{"databaseExecutions":96,"databaseNanos":51144632,"lockStatementNanos":0,"routingPairs":3,"memoryHits":3,"persistentHits":0,"sharedRoutingPairs":0,"foregroundCpuNanos":35448088},"distinctRegularWindows":60,"confirmedRegularMinutes":0,"regularCapacityMinutes":5400,"overtimeAuthorized":false,"variant":"INSERTION","policyVersion":"zero-overtime-four-hour-v2","reconstructionAttempts":0,"reconstructionEvaluations":0,"limits":{"routes":6,"depth":2,"beam":8,"arrangementsPerWindow":500},"coverage":[{"date":"2026-10-07","windowStart":"2026-10-07T13:00:00Z","windowEnd":"2026-10-07T17:00:00Z","routes":1,"arrangements":1,"moves":0,"candidateEvaluations":1,"completed":true,"stopReason":"INSERTION_COMPLETED"},{"date":"2026-10-07","windowStart":"2026-10-07T14:00:00Z","windowEnd":"2026-10-07T18:00:00Z","routes":1,"arrangements":1,"moves":0,"candidateEvaluations":1,"completed":true,"stopReason":"INSERTION_COMPLETED"},{"date":"2026-10-07","windowStart":"2026-10-07T15:00:00Z","windowEnd":"2026-10-07T19:00:00Z","routes":1,"arrangements":1,"moves":0,"candidateEvaluations":1,"completed":true,"stopReason":"INSERTION_COMPLETED"},{"date":"2026-10-07","windowStart":"2026-10-07T16:00:00Z","windowEnd":"2026-10-07T20:00:00Z","routes":1,"arrangements":1,"moves":0,"candidateEvaluations":1,"completed":true,"stopReason":"INSERTION_COMPLETED"},{"date":"2026-10-07","windowStart":"2026-10-07T17:00:00Z","windowEnd":"2026-10-07T21:00:00Z","routes":1,"arrangements":1,"moves":0,"candidateEvaluations":1,"completed":true,"stopReason":"INSERTION_COMPLETED"},{"date":"2026-10-07","windowStart":"2026-10-07T18:00:00Z","windowEnd":"2026-10-07T22:00:00Z","routes":1,"arrangements":1,"moves":0,"candidateEvaluations":1,"completed":true,"stopReason":"INSERTION_COMPLETED"},{"date":"2026-10-08","windowStart":"2026-10-08T13:00:00Z","windowEnd":"2026-10-08T17:00:00Z","routes":1,"arrangements":1,"moves":0,"candidateEvaluations":1,"completed":true,"stopReason":"INSERTION_COMPLETED"},{"date":"2026-10-08","windowStart":"2026-10-08T14:00:00Z","windowEnd":"2026-10-08T18:00:00Z","routes":1,"arrangements":1,"moves":0,"candidateEvaluations":1,"completed":true,"stopReason":"INSERTION_COMPLETED"},{"date":"2026-10-08","windowStart":"2026-10-08T15:00:00Z","windowEnd":"2026-10-08T19:00:00Z","routes":1,"arrangements":1,"moves":0,"candidateEvaluations":1,"completed":true,"stopReason":"INSERTION_COMPLETED"},{"date":"2026-10-08","windowStart":"2026-10-08T16:00:00Z","windowEnd":"2026-10-08T20:00:00Z","routes":1,"arrangements":1,"moves":0,"candidateEvaluations":1,"completed":true,"stopReason":"INSERTION_COMPLETED"},{"date":"2026-10-08","windowStart":"2026-10-08T17:00:00Z","windowEnd":"2026-10-08T21:00:00Z","routes":1,"arrangements":1,"moves":0,"candidateEvaluations":1,"completed":true,"stopReason":"INSERTION_COMPLETED"},{"date":"2026-10-08","windowStart":"2026-10-08T18:00:00Z","windowEnd":"2026-10-08T22:00:00Z","routes":1,"arrangements":1,"moves":0,"candidateEvaluations":1,"completed":true,"stopReason":"INSERTION_COMPLETED"},{"date":"2026-10-09","windowStart":"2026-10-09T13:00:00Z","windowEnd":"2026-10-09T17:00:00Z","routes":1,"arrangements":1,"moves":0,"candidateEvaluations":1,"completed":true,"stopReason":"INSERTION_COMPLETED"},{"date":"2026-10-09","windowStart":"2026-10-09T14:00:00Z","windowEnd":"2026-10-09T18:00:00Z","routes":1,"arrangements":1,"moves":0,"candidateEvaluations":1,"completed":true,"stopReason":"INSERTION_COMPLETED"},{"date":"2026-10-09","windowStart":"2026-10-09T15:00:00Z","windowEnd":"2026-10-09T19:00:00Z","routes":1,"arrangements":1,"moves":0,"candidateEvaluations":1,"completed":true,"stopReason":"INSERTION_COMPLETED"},{"date":"2026-10-09","windowStart":"2026-10-09T16:00:00Z","windowEnd":"2026-10-09T20:00:00Z","routes":1,"arrangements":1,"moves":0,"candidateEvaluations":1,"completed":true,"stopReason":"INSERTION_COMPLETED"},{"date":"2026-10-09","windowStart":"2026-10-09T17:00:00Z","windowEnd":"2026-10-09T21:00:00Z","routes":1,"arrangements":1,"moves":0,"candidateEvaluations":1,"completed":true,"stopReason":"INSERTION_COMPLETED"},{"date":"2026-10-09","windowStart":"2026-10-09T18:00:00Z","windowEnd":"2026-10-09T22:00:00Z","routes":1,"arrangements":1,"moves":0,"candidateEvaluations":1,"completed":true,"stopReason":"INSERTION_COMPLETED"},{"date":"2026-10-12","windowStart":"2026-10-12T13:00:00Z","windowEnd":"2026-10-12T17:00:00Z","routes":1,"arrangements":1,"moves":0,"candidateEvaluations":1,"completed":true,"stopReason":"INSERTION_COMPLETED"},{"date":"2026-10-12","windowStart":"2026-10-12T14:00:00Z","windowEnd":"2026-10-12T18:00:00Z","routes":1,"arrangements":1,"moves":0,"candidateEvaluations":1,"completed":true,"stopReason":"INSERTION_COMPLETED"},{"date":"2026-10-12","windowStart":"2026-10-12T15:00:00Z","windowEnd":"2026-10-12T19:00:00Z","routes":1,"arrangements":1,"moves":0,"candidateEvaluations":1,"completed":true,"stopReason":"INSERTION_COMPLETED"},{"date":"2026-10-12","windowStart":"2026-10-12T16:00:00Z","windowEnd":"2026-10-12T20:00:00Z","routes":1,"arrangements":1,"moves":0,"candidateEvaluations":1,"completed":true,"stopReason":"INSERTION_COMPLETED"},{"date":"2026-10-12","windowStart":"2026-10-12T17:00:00Z","windowEnd":"2026-10-12T21:00:00Z","routes":1,"arrangements":1,"moves":0,"candidateEvaluations":1,"completed":true,"stopReason":"INSERTION_COMPLETED"},{"date":"2026-10-12","windowStart":"2026-10-12T18:00:00Z","windowEnd":"2026-10-12T22:00:00Z","routes":1,"arrangements":1,"moves":0,"candidateEvaluations":1,"completed":true,"stopReason":"INSERTION_COMPLETED"},{"date":"2026-10-13","windowStart":"2026-10-13T13:00:00Z","windowEnd":"2026-10-13T17:00:00Z","routes":1,"arrangements":1,"moves":0,"candidateEvaluations":1,"completed":true,"stopReason":"INSERTION_COMPLETED"},{"date":"2026-10-13","windowStart":"2026-10-13T14:00:00Z","windowEnd":"2026-10-13T18:00:00Z","routes":1,"arrangements":1,"moves":0,"candidateEvaluations":1,"completed":true,"stopReason":"INSERTION_COMPLETED"},{"date":"2026-10-13","windowStart":"2026-10-13T15:00:00Z","windowEnd":"2026-10-13T19:00:00Z","routes":1,"arrangements":1,"moves":0,"candidateEvaluations":1,"completed":true,"stopReason":"INSERTION_COMPLETED"},{"date":"2026-10-13","windowStart":"2026-10-13T16:00:00Z","windowEnd":"2026-10-13T20:00:00Z","routes":1,"arrangements":1,"moves":0,"candidateEvaluations":1,"completed":true,"stopReason":"INSERTION_COMPLETED"},{"date":"2026-10-13","windowStart":"2026-10-13T17:00:00Z","windowEnd":"2026-10-13T21:00:00Z","routes":1,"arrangements":1,"moves":0,"candidateEvaluations":1,"completed":true,"stopReason":"INSERTION_COMPLETED"},{"date":"2026-10-13","windowStart":"2026-10-13T18:00:00Z","windowEnd":"2026-10-13T22:00:00Z","routes":1,"arrangements":1,"moves":0,"candidateEvaluations":1,"completed":true,"stopReason":"INSERTION_COMPLETED"},{"date":"2026-10-14","windowStart":"2026-10-14T13:00:00Z","windowEnd":"2026-10-14T17:00:00Z","routes":1,"arrangements":1,"moves":0,"candidateEvaluations":1,"completed":true,"stopReason":"INSERTION_COMPLETED"},{"date":"2026-10-14","windowStart":"2026-10-14T14:00:00Z","windowEnd":"2026-10-14T18:00:00Z","routes":1,"arrangements":1,"moves":0,"candidateEvaluations":1,"completed":true,"stopReason":"INSERTION_COMPLETED"},{"date":"2026-10-14","windowStart":"2026-10-14T15:00:00Z","windowEnd":"2026-10-14T19:00:00Z","routes":1,"arrangements":1,"moves":0,"candidateEvaluations":1,"completed":true,"stopReason":"INSERTION_COMPLETED"},{"date":"2026-10-14","windowStart":"2026-10-14T16:00:00Z","windowEnd":"2026-10-14T20:00:00Z","routes":1,"arrangements":1,"moves":0,"candidateEvaluations":1,"completed":true,"stopReason":"INSERTION_COMPLETED"},{"date":"2026-10-14","windowStart":"2026-10-14T17:00:00Z","windowEnd":"2026-10-14T21:00:00Z","routes":1,"arrangements":1,"moves":0,"candidateEvaluations":1,"completed":true,"stopReason":"INSERTION_COMPLETED"},{"date":"2026-10-14","windowStart":"2026-10-14T18:00:00Z","windowEnd":"2026-10-14T22:00:00Z","routes":1,"arrangements":1,"moves":0,"candidateEvaluations":1,"completed":true,"stopReason":"INSERTION_COMPLETED"},{"date":"2026-10-15","windowStart":"2026-10-15T13:00:00Z","windowEnd":"2026-10-15T17:00:00Z","routes":1,"arrangements":1,"moves":0,"candidateEvaluations":1,"completed":true,"stopReason":"INSERTION_COMPLETED"},{"date":"2026-10-15","windowStart":"2026-10-15T14:00:00Z","windowEnd":"2026-10-15T18:00:00Z","routes":1,"arrangements":1,"moves":0,"candidateEvaluations":1,"completed":true,"stopReason":"INSERTION_COMPLETED"},{"date":"2026-10-15","windowStart":"2026-10-15T15:00:00Z","windowEnd":"2026-10-15T19:00:00Z","routes":1,"arrangements":1,"moves":0,"candidateEvaluations":1,"completed":true,"stopReason":"INSERTION_COMPLETED"},{"date":"2026-10-15","windowStart":"2026-10-15T16:00:00Z","windowEnd":"2026-10-15T20:00:00Z","routes":1,"arrangements":1,"moves":0,"candidateEvaluations":1,"completed":true,"stopReason":"INSERTION_COMPLETED"},{"date":"2026-10-15","windowStart":"2026-10-15T17:00:00Z","windowEnd":"2026-10-15T21:00:00Z","routes":1,"arrangements":1,"moves":0,"candidateEvaluations":1,"completed":true,"stopReason":"INSERTION_COMPLETED"},{"date":"2026-10-15","windowStart":"2026-10-15T18:00:00Z","windowEnd":"2026-10-15T22:00:00Z","routes":1,"arrangements":1,"moves":0,"candidateEvaluations":1,"completed":true,"stopReason":"INSERTION_COMPLETED"},{"date":"2026-10-16","windowStart":"2026-10-16T13:00:00Z","windowEnd":"2026-10-16T17:00:00Z","routes":1,"arrangements":1,"moves":0,"candidateEvaluations":1,"completed":true,"stopReason":"INSERTION_COMPLETED"},{"date":"2026-10-16","windowStart":"2026-10-16T14:00:00Z","windowEnd":"2026-10-16T18:00:00Z","routes":1,"arrangements":1,"moves":0,"candidateEvaluations":1,"completed":true,"stopReason":"INSERTION_COMPLETED"},{"date":"2026-10-16","windowStart":"2026-10-16T15:00:00Z","windowEnd":"2026-10-16T19:00:00Z","routes":1,"arrangements":1,"moves":0,"candidateEvaluations":1,"completed":true,"stopReason":"INSERTION_COMPLETED"},{"date":"2026-10-16","windowStart":"2026-10-16T16:00:00Z","windowEnd":"2026-10-16T20:00:00Z","routes":1,"arrangements":1,"moves":0,"candidateEvaluations":1,"completed":true,"stopReason":"INSERTION_COMPLETED"},{"date":"2026-10-16","windowStart":"2026-10-16T17:00:00Z","windowEnd":"2026-10-16T21:00:00Z","routes":1,"arrangements":1,"moves":0,"candidateEvaluations":1,"completed":true,"stopReason":"INSERTION_COMPLETED"},{"date":"2026-10-16","windowStart":"2026-10-16T18:00:00Z","windowEnd":"2026-10-16T22:00:00Z","routes":1,"arrangements":1,"moves":0,"candidateEvaluations":1,"completed":true,"stopReason":"INSERTION_COMPLETED"},{"date":"2026-10-19","windowStart":"2026-10-19T13:00:00Z","windowEnd":"2026-10-19T17:00:00Z","routes":1,"arrangements":1,"moves":0,"candidateEvaluations":1,"completed":true,"stopReason":"INSERTION_COMPLETED"},{"date":"2026-10-19","windowStart":"2026-10-19T14:00:00Z","windowEnd":"2026-10-19T18:00:00Z","routes":1,"arrangements":1,"moves":0,"candidateEvaluations":1,"completed":true,"stopReason":"INSERTION_COMPLETED"},{"date":"2026-10-19","windowStart":"2026-10-19T15:00:00Z","windowEnd":"2026-10-19T19:00:00Z","routes":1,"arrangements":1,"moves":0,"candidateEvaluations":1,"completed":true,"stopReason":"INSERTION_COMPLETED"},{"date":"2026-10-19","windowStart":"2026-10-19T16:00:00Z","windowEnd":"2026-10-19T20:00:00Z","routes":1,"arrangements":1,"moves":0,"candidateEvaluations":1,"completed":true,"stopReason":"INSERTION_COMPLETED"},{"date":"2026-10-19","windowStart":"2026-10-19T17:00:00Z","windowEnd":"2026-10-19T21:00:00Z","routes":1,"arrangements":1,"moves":0,"candidateEvaluations":1,"completed":true,"stopReason":"INSERTION_COMPLETED"},{"date":"2026-10-19","windowStart":"2026-10-19T18:00:00Z","windowEnd":"2026-10-19T22:00:00Z","routes":1,"arrangements":1,"moves":0,"candidateEvaluations":1,"completed":true,"stopReason":"INSERTION_COMPLETED"},{"date":"2026-10-20","windowStart":"2026-10-20T13:00:00Z","windowEnd":"2026-10-20T17:00:00Z","routes":1,"arrangements":1,"moves":0,"candidateEvaluations":1,"completed":true,"stopReason":"INSERTION_COMPLETED"},{"date":"2026-10-20","windowStart":"2026-10-20T14:00:00Z","windowEnd":"2026-10-20T18:00:00Z","routes":1,"arrangements":1,"moves":0,"candidateEvaluations":1,"completed":true,"stopReason":"INSERTION_COMPLETED"},{"date":"2026-10-20","windowStart":"2026-10-20T15:00:00Z","windowEnd":"2026-10-20T19:00:00Z","routes":1,"arrangements":1,"moves":0,"candidateEvaluations":1,"completed":true,"stopReason":"INSERTION_COMPLETED"},{"date":"2026-10-20","windowStart":"2026-10-20T16:00:00Z","windowEnd":"2026-10-20T20:00:00Z","routes":1,"arrangements":1,"moves":0,"candidateEvaluations":1,"completed":true,"stopReason":"INSERTION_COMPLETED"},{"date":"2026-10-20","windowStart":"2026-10-20T17:00:00Z","windowEnd":"2026-10-20T21:00:00Z","routes":1,"arrangements":1,"moves":0,"candidateEvaluations":1,"completed":true,"stopReason":"INSERTION_COMPLETED"},{"date":"2026-10-20","windowStart":"2026-10-20T18:00:00Z","windowEnd":"2026-10-20T22:00:00Z","routes":1,"arrangements":1,"moves":0,"candidateEvaluations":1,"completed":true,"stopReason":"INSERTION_COMPLETED"}],"offerSources":{"f6b6415b-2964-46f7-93b9-282f1b159ee6":"INSERTION"}}
Booking and optimizer integration	Print service logs on failure	2026-10-06T23:26:30.3290131Z 2026-10-06T23:25:26.813Z  INFO 3679 --- [-booking-search] d.w.scheduler.BookingCoordinator         : Booking search diagnostics for job cmuxb3zwq000e7z3zahe3pwzl: {"format":1,"completed":true,"stopReason":"COMPLETED","configurationFingerprint":"61995e705989a0d4d63e9f85864bce38d121a6ff4b6f371601a5a0bd5fd63c96","routingIdentity":"ci-monaco-omaha-car-v2","capturedAt":"2026-10-06T23:25:26.747870632Z","snapshotAgeMs":63,"routingPairs":34,"evaluatedRoutes":70,"reusedRoutes":280,"prunedArrangements":0,"optionalRefinementMillis":0,"elapsedMs":68,"measurements":{"databaseExecutions":96,"databaseNanos":30804277,"lockStatementNanos":0,"routingPairs":3,"memoryHits":3,"persistentHits":0,"sharedRoutingPairs":0,"foregroundCpuNanos":34259445},"distinctRegularWindows":60,"confirmedRegularMinutes":0,"regularCapacityMinutes":5400,"overtimeAuthorized":false,"variant":"INSERTION","policyVersion":"zero-overtime-four-hour-v2","reconstructionAttempts":0,"reconstructionEvaluations":0,"limits":{"routes":6,"depth":2,"beam":8,"arrangementsPerWindow":500},"coverage":[{"date":"2026-10-07","windowStart":"2026-10-07T13:00:00Z","windowEnd":"2026-10-07T17:00:00Z","routes":1,"arrangements":1,"moves":0,"candidateEvaluations":1,"completed":true,"stopReason":"INSERTION_COMPLETED"},{"date":"2026-10-07","windowStart":"2026-10-07T14:00:00Z","windowEnd":"2026-10-07T18:00:00Z","routes":1,"arrangements":1,"moves":0,"candidateEvaluations":1,"completed":true,"stopReason":"INSERTION_COMPLETED"},{"date":"2026-10-07","windowStart":"2026-10-07T15:00:00Z","windowEnd":"2026-10-07T19:00:00Z","routes":1,"arrangements":1,"moves":0,"candidateEvaluations":1,"completed":true,"stopReason":"INSERTION_COMPLETED"},{"date":"2026-10-07","windowStart":"2026-10-07T16:00:00Z","windowEnd":"2026-10-07T20:00:00Z","routes":1,"arrangements":1,"moves":0,"candidateEvaluations":1,"completed":true,"stopReason":"INSERTION_COMPLETED"},{"date":"2026-10-07","windowStart":"2026-10-07T17:00:00Z","windowEnd":"2026-10-07T21:00:00Z","routes":1,"arrangements":1,"moves":0,"candidateEvaluations":1,"completed":true,"stopReason":"INSERTION_COMPLETED"},{"date":"2026-10-07","windowStart":"2026-10-07T18:00:00Z","windowEnd":"2026-10-07T22:00:00Z","routes":1,"arrangements":1,"moves":0,"candidateEvaluations":1,"completed":true,"stopReason":"INSERTION_COMPLETED"},{"date":"2026-10-08","windowStart":"2026-10-08T13:00:00Z","windowEnd":"2026-10-08T17:00:00Z","routes":1,"arrangements":1,"moves":0,"candidateEvaluations":1,"completed":true,"stopReason":"INSERTION_COMPLETED"},{"date":"2026-10-08","windowStart":"2026-10-08T14:00:00Z","windowEnd":"2026-10-08T18:00:00Z","routes":1,"arrangements":1,"moves":0,"candidateEvaluations":1,"completed":true,"stopReason":"INSERTION_COMPLETED"},{"date":"2026-10-08","windowStart":"2026-10-08T15:00:00Z","windowEnd":"2026-10-08T19:00:00Z","routes":1,"arrangements":1,"moves":0,"candidateEvaluations":1,"completed":true,"stopReason":"INSERTION_COMPLETED"},{"date":"2026-10-08","windowStart":"2026-10-08T16:00:00Z","windowEnd":"2026-10-08T20:00:00Z","routes":1,"arrangements":1,"moves":0,"candidateEvaluations":1,"completed":true,"stopReason":"INSERTION_COMPLETED"},{"date":"2026-10-08","windowStart":"2026-10-08T17:00:00Z","windowEnd":"2026-10-08T21:00:00Z","routes":1,"arrangements":1,"moves":0,"candidateEvaluations":1,"completed":true,"stopReason":"INSERTION_COMPLETED"},{"date":"2026-10-08","windowStart":"2026-10-08T18:00:00Z","windowEnd":"2026-10-08T22:00:00Z","routes":1,"arrangements":1,"moves":0,"candidateEvaluations":1,"completed":true,"stopReason":"INSERTION_COMPLETED"},{"date":"2026-10-09","windowStart":"2026-10-09T13:00:00Z","windowEnd":"2026-10-09T17:00:00Z","routes":1,"arrangements":1,"moves":0,"candidateEvaluations":1,"completed":true,"stopReason":"INSERTION_COMPLETED"},{"date":"2026-10-09","windowStart":"2026-10-09T14:00:00Z","windowEnd":"2026-10-09T18:00:00Z","routes":1,"arrangements":1,"moves":0,"candidateEvaluations":1,"completed":true,"stopReason":"INSERTION_COMPLETED"},{"date":"2026-10-09","windowStart":"2026-10-09T15:00:00Z","windowEnd":"2026-10-09T19:00:00Z","routes":1,"arrangements":1,"moves":0,"candidateEvaluations":1,"completed":true,"stopReason":"INSERTION_COMPLETED"},{"date":"2026-10-09","windowStart":"2026-10-09T16:00:00Z","windowEnd":"2026-10-09T20:00:00Z","routes":1,"arrangements":1,"moves":0,"candidateEvaluations":1,"completed":true,"stopReason":"INSERTION_COMPLETED"},{"date":"2026-10-09","windowStart":"2026-10-09T17:00:00Z","windowEnd":"2026-10-09T21:00:00Z","routes":1,"arrangements":1,"moves":0,"candidateEvaluations":1,"completed":true,"stopReason":"INSERTION_COMPLETED"},{"date":"2026-10-09","windowStart":"2026-10-09T18:00:00Z","windowEnd":"2026-10-09T22:00:00Z","routes":1,"arrangements":1,"moves":0,"candidateEvaluations":1,"completed":true,"stopReason":"INSERTION_COMPLETED"},{"date":"2026-10-12","windowStart":"2026-10-12T13:00:00Z","windowEnd":"2026-10-12T17:00:00Z","routes":1,"arrangements":1,"moves":0,"candidateEvaluations":1,"completed":true,"stopReason":"INSERTION_COMPLETED"},{"date":"2026-10-12","windowStart":"2026-10-12T14:00:00Z","windowEnd":"2026-10-12T18:00:00Z","routes":1,"arrangements":1,"moves":0,"candidateEvaluations":1,"completed":true,"stopReason":"INSERTION_COMPLETED"},{"date":"2026-10-12","windowStart":"2026-10-12T15:00:00Z","windowEnd":"2026-10-12T19:00:00Z","routes":1,"arrangements":1,"moves":0,"candidateEvaluations":1,"completed":true,"stopReason":"INSERTION_COMPLETED"},{"date":"2026-10-12","windowStart":"2026-10-12T16:00:00Z","windowEnd":"2026-10-12T20:00:00Z","routes":1,"arrangements":1,"moves":0,"candidateEvaluations":1,"completed":true,"stopReason":"INSERTION_COMPLETED"},{"date":"2026-10-12","windowStart":"2026-10-12T17:00:00Z","windowEnd":"2026-10-12T21:00:00Z","routes":1,"arrangements":1,"moves":0,"candidateEvaluations":1,"completed":true,"stopReason":"INSERTION_COMPLETED"},{"date":"2026-10-12","windowStart":"2026-10-12T18:00:00Z","windowEnd":"2026-10-12T22:00:00Z","routes":1,"arrangements":1,"moves":0,"candidateEvaluations":1,"completed":true,"stopReason":"INSERTION_COMPLETED"},{"date":"2026-10-13","windowStart":"2026-10-13T13:00:00Z","windowEnd":"2026-10-13T17:00:00Z","routes":1,"arrangements":1,"moves":0,"candidateEvaluations":1,"completed":true,"stopReason":"INSERTION_COMPLETED"},{"date":"2026-10-13","windowStart":"2026-10-13T14:00:00Z","windowEnd":"2026-10-13T18:00:00Z","routes":1,"arrangements":1,"moves":0,"candidateEvaluations":1,"completed":true,"stopReason":"INSERTION_COMPLETED"},{"date":"2026-10-13","windowStart":"2026-10-13T15:00:00Z","windowEnd":"2026-10-13T19:00:00Z","routes":1,"arrangements":1,"moves":0,"candidateEvaluations":1,"completed":true,"stopReason":"INSERTION_COMPLETED"},{"date":"2026-10-13","windowStart":"2026-10-13T16:00:00Z","windowEnd":"2026-10-13T20:00:00Z","routes":1,"arrangements":1,"moves":0,"candidateEvaluations":1,"completed":true,"stopReason":"INSERTION_COMPLETED"},{"date":"2026-10-13","windowStart":"2026-10-13T17:00:00Z","windowEnd":"2026-10-13T21:00:00Z","routes":1,"arrangements":1,"moves":0,"candidateEvaluations":1,"completed":true,"stopReason":"INSERTION_COMPLETED"},{"date":"2026-10-13","windowStart":"2026-10-13T18:00:00Z","windowEnd":"2026-10-13T22:00:00Z","routes":1,"arrangements":1,"moves":0,"candidateEvaluations":1,"completed":true,"stopReason":"INSERTION_COMPLETED"},{"date":"2026-10-14","windowStart":"2026-10-14T13:00:00Z","windowEnd":"2026-10-14T17:00:00Z","routes":1,"arrangements":1,"moves":0,"candidateEvaluations":1,"completed":true,"stopReason":"INSERTION_COMPLETED"},{"date":"2026-10-14","windowStart":"2026-10-14T14:00:00Z","windowEnd":"2026-10-14T18:00:00Z","routes":1,"arrangements":1,"moves":0,"candidateEvaluations":1,"completed":true,"stopReason":"INSERTION_COMPLETED"},{"date":"2026-10-14","windowStart":"2026-10-14T15:00:00Z","windowEnd":"2026-10-14T19:00:00Z","routes":1,"arrangements":1,"moves":0,"candidateEvaluations":1,"completed":true,"stopReason":"INSERTION_COMPLETED"},{"date":"2026-10-14","windowStart":"2026-10-14T16:00:00Z","windowEnd":"2026-10-14T20:00:00Z","routes":1,"arrangements":1,"moves":0,"candidateEvaluations":1,"completed":true,"stopReason":"INSERTION_COMPLETED"},{"date":"2026-10-14","windowStart":"2026-10-14T17:00:00Z","windowEnd":"2026-10-14T21:00:00Z","routes":1,"arrangements":1,"moves":0,"candidateEvaluations":1,"completed":true,"stopReason":"INSERTION_COMPLETED"},{"date":"2026-10-14","windowStart":"2026-10-14T18:00:00Z","windowEnd":"2026-10-14T22:00:00Z","routes":1,"arrangements":1,"moves":0,"candidateEvaluations":1,"completed":true,"stopReason":"INSERTION_COMPLETED"},{"date":"2026-10-15","windowStart":"2026-10-15T13:00:00Z","windowEnd":"2026-10-15T17:00:00Z","routes":1,"arrangements":1,"moves":0,"candidateEvaluations":1,"completed":true,"stopReason":"INSERTION_COMPLETED"},{"date":"2026-10-15","windowStart":"2026-10-15T14:00:00Z","windowEnd":"2026-10-15T18:00:00Z","routes":1,"arrangements":1,"moves":0,"candidateEvaluations":1,"completed":true,"stopReason":"INSERTION_COMPLETED"},{"date":"2026-10-15","windowStart":"2026-10-15T15:00:00Z","windowEnd":"2026-10-15T19:00:00Z","routes":1,"arrangements":1,"moves":0,"candidateEvaluations":1,"completed":true,"stopReason":"INSERTION_COMPLETED"},{"date":"2026-10-15","windowStart":"2026-10-15T16:00:00Z","windowEnd":"2026-10-15T20:00:00Z","routes":1,"arrangements":1,"moves":0,"candidateEvaluations":1,"completed":true,"stopReason":"INSERTION_COMPLETED"},{"date":"2026-10-15","windowStart":"2026-10-15T17:00:00Z","windowEnd":"2026-10-15T21:00:00Z","routes":1,"arrangements":1,"moves":0,"candidateEvaluations":1,"completed":true,"stopReason":"INSERTION_COMPLETED"},{"date":"2026-10-15","windowStart":"2026-10-15T18:00:00Z","windowEnd":"2026-10-15T22:00:00Z","routes":1,"arrangements":1,"moves":0,"candidateEvaluations":1,"completed":true,"stopReason":"INSERTION_COMPLETED"},{"date":"2026-10-16","windowStart":"2026-10-16T13:00:00Z","windowEnd":"2026-10-16T17:00:00Z","routes":1,"arrangements":1,"moves":0,"candidateEvaluations":1,"completed":true,"stopReason":"INSERTION_COMPLETED"},{"date":"2026-10-16","windowStart":"2026-10-16T14:00:00Z","windowEnd":"2026-10-16T18:00:00Z","routes":1,"arrangements":1,"moves":0,"candidateEvaluations":1,"completed":true,"stopReason":"INSERTION_COMPLETED"},{"date":"2026-10-16","windowStart":"2026-10-16T15:00:00Z","windowEnd":"2026-10-16T19:00:00Z","routes":1,"arrangements":1,"moves":0,"candidateEvaluations":1,"completed":true,"stopReason":"INSERTION_COMPLETED"},{"date":"2026-10-16","windowStart":"2026-10-16T16:00:00Z","windowEnd":"2026-10-16T20:00:00Z","routes":1,"arrangements":1,"moves":0,"candidateEvaluations":1,"completed":true,"stopReason":"INSERTION_COMPLETED"},{"date":"2026-10-16","windowStart":"2026-10-16T17:00:00Z","windowEnd":"2026-10-16T21:00:00Z","routes":1,"arrangements":1,"moves":0,"candidateEvaluations":1,"completed":true,"stopReason":"INSERTION_COMPLETED"},{"date":"2026-10-16","windowStart":"2026-10-16T18:00:00Z","windowEnd":"2026-10-16T22:00:00Z","routes":1,"arrangements":1,"moves":0,"candidateEvaluations":1,"completed":true,"stopReason":"INSERTION_COMPLETED"},{"date":"2026-10-19","windowStart":"2026-10-19T13:00:00Z","windowEnd":"2026-10-19T17:00:00Z","routes":1,"arrangements":1,"moves":0,"candidateEvaluations":1,"completed":true,"stopReason":"INSERTION_COMPLETED"},{"date":"2026-10-19","windowStart":"2026-10-19T14:00:00Z","windowEnd":"2026-10-19T18:00:00Z","routes":1,"arrangements":1,"moves":0,"candidateEvaluations":1,"completed":true,"stopReason":"INSERTION_COMPLETED"},{"date":"2026-10-19","windowStart":"2026-10-19T15:00:00Z","windowEnd":"2026-10-19T19:00:00Z","routes":1,"arrangements":1,"moves":0,"candidateEvaluations":1,"completed":true,"stopReason":"INSERTION_COMPLETED"},{"date":"2026-10-19","windowStart":"2026-10-19T16:00:00Z","windowEnd":"2026-10-19T20:00:00Z","routes":1,"arrangements":1,"moves":0,"candidateEvaluations":1,"completed":true,"stopReason":"INSERTION_COMPLETED"},{"date":"2026-10-19","windowStart":"2026-10-19T17:00:00Z","windowEnd":"2026-10-19T21:00:00Z","routes":1,"arrangements":1,"moves":0,"candidateEvaluations":1,"completed":true,"stopReason":"INSERTION_COMPLETED"},{"date":"2026-10-19","windowStart":"2026-10-19T18:00:00Z","windowEnd":"2026-10-19T22:00:00Z","routes":1,"arrangements":1,"moves":0,"candidateEvaluations":1,"completed":true,"stopReason":"INSERTION_COMPLETED"},{"date":"2026-10-20","windowStart":"2026-10-20T13:00:00Z","windowEnd":"2026-10-20T17:00:00Z","routes":1,"arrangements":1,"moves":0,"candidateEvaluations":1,"completed":true,"stopReason":"INSERTION_COMPLETED"},{"date":"2026-10-20","windowStart":"2026-10-20T14:00:00Z","windowEnd":"2026-10-20T18:00:00Z","routes":1,"arrangements":1,"moves":0,"candidateEvaluations":1,"completed":true,"stopReason":"INSERTION_COMPLETED"},{"date":"2026-10-20","windowStart":"2026-10-20T15:00:00Z","windowEnd":"2026-10-20T19:00:00Z","routes":1,"arrangements":1,"moves":0,"candidateEvaluations":1,"completed":true,"stopReason":"INSERTION_COMPLETED"},{"date":"2026-10-20","windowStart":"2026-10-20T16:00:00Z","windowEnd":"2026-10-20T20:00:00Z","routes":1,"arrangements":1,"moves":0,"candidateEvaluations":1,"completed":true,"stopReason":"INSERTION_COMPLETED"},{"date":"2026-10-20","windowStart":"2026-10-20T17:00:00Z","windowEnd":"2026-10-20T21:00:00Z","routes":1,"arrangements":1,"moves":0,"candidateEvaluations":1,"completed":true,"stopReason":"INSERTION_COMPLETED"},{"date":"2026-10-20","windowStart":"2026-10-20T18:00:00Z","windowEnd":"2026-10-20T22:00:00Z","routes":1,"arrangements":1,"moves":0,"candidateEvaluations":1,"completed":true,"stopReason":"INSERTION_COMPLETED"}],"offerSources":{"fafef0c3-2b95-4f77-ba24-01f208f74f9c":"INSERTION"}}
Booking and optimizer integration	Print service logs on failure	2026-10-06T23:26:30.3391368Z 2026-10-06T23:25:39.178Z  INFO 3679 --- [-booking-search] d.w.scheduler.BookingCoordinator         : Booking search diagnostics for job cmuxb49e8000e2w3y5vt35ob2: {"format":1,"completed":true,"stopReason":"COMPLETED","configurationFingerprint":"69562af256e65ee7ffe7440c1bcb40f67e8d47a95bc146386b12b5cad608992f","routingIdentity":"ci-monaco-omaha-car-v2","capturedAt":"2026-10-06T23:25:39.122116830Z","snapshotAgeMs":55,"routingPairs":34,"evaluatedRoutes":70,"reusedRoutes":280,"prunedArrangements":0,"optionalRefinementMillis":0,"elapsedMs":59,"measurements":{"databaseExecutions":96,"databaseNanos":30338238,"lockStatementNanos":0,"routingPairs":3,"memoryHits":3,"persistentHits":0,"sharedRoutingPairs":0,"foregroundCpuNanos":31817832},"distinctRegularWindows":60,"confirmedRegularMinutes":0,"regularCapacityMinutes":5400,"overtimeAuthorized":false,"variant":"INSERTION","policyVersion":"zero-overtime-four-hour-v2","reconstructionAttempts":0,"reconstructionEvaluations":0,"limits":{"routes":6,"depth":2,"beam":8,"arrangementsPerWindow":500},"coverage":[{"date":"2026-10-07","windowStart":"2026-10-07T13:00:00Z","windowEnd":"2026-10-07T17:00:00Z","routes":1,"arrangements":1,"moves":0,"candidateEvaluations":1,"completed":true,"stopReason":"INSERTION_COMPLETED"},{"date":"2026-10-07","windowStart":"2026-10-07T14:00:00Z","windowEnd":"2026-10-07T18:00:00Z","routes":1,"arrangements":1,"moves":0,"candidateEvaluations":1,"completed":true,"stopReason":"INSERTION_COMPLETED"},{"date":"2026-10-07","windowStart":"2026-10-07T15:00:00Z","windowEnd":"2026-10-07T19:00:00Z","routes":1,"arrangements":1,"moves":0,"candidateEvaluations":1,"completed":true,"stopReason":"INSERTION_COMPLETED"},{"date":"2026-10-07","windowStart":"2026-10-07T16:00:00Z","windowEnd":"2026-10-07T20:00:00Z","routes":1,"arrangements":1,"moves":0,"candidateEvaluations":1,"completed":true,"stopReason":"INSERTION_COMPLETED"},{"date":"2026-10-07","windowStart":"2026-10-07T17:00:00Z","windowEnd":"2026-10-07T21:00:00Z","routes":1,"arrangements":1,"moves":0,"candidateEvaluations":1,"completed":true,"stopReason":"INSERTION_COMPLETED"},{"date":"2026-10-07","windowStart":"2026-10-07T18:00:00Z","windowEnd":"2026-10-07T22:00:00Z","routes":1,"arrangements":1,"moves":0,"candidateEvaluations":1,"completed":true,"stopReason":"INSERTION_COMPLETED"},{"date":"2026-10-08","windowStart":"2026-10-08T13:00:00Z","windowEnd":"2026-10-08T17:00:00Z","routes":1,"arrangements":1,"moves":0,"candidateEvaluations":1,"completed":true,"stopReason":"INSERTION_COMPLETED"},{"date":"2026-10-08","windowStart":"2026-10-08T14:00:00Z","windowEnd":"2026-10-08T18:00:00Z","routes":1,"arrangements":1,"moves":0,"candidateEvaluations":1,"completed":true,"stopReason":"INSERTION_COMPLETED"},{"date":"2026-10-08","windowStart":"2026-10-08T15:00:00Z","windowEnd":"2026-10-08T19:00:00Z","routes":1,"arrangements":1,"moves":0,"candidateEvaluations":1,"completed":true,"stopReason":"INSERTION_COMPLETED"},{"date":"2026-10-08","windowStart":"2026-10-08T16:00:00Z","windowEnd":"2026-10-08T20:00:00Z","routes":1,"arrangements":1,"moves":0,"candidateEvaluations":1,"completed":true,"stopReason":"INSERTION_COMPLETED"},{"date":"2026-10-08","windowStart":"2026-10-08T17:00:00Z","windowEnd":"2026-10-08T21:00:00Z","routes":1,"arrangements":1,"moves":0,"candidateEvaluations":1,"completed":true,"stopReason":"INSERTION_COMPLETED"},{"date":"2026-10-08","windowStart":"2026-10-08T18:00:00Z","windowEnd":"2026-10-08T22:00:00Z","routes":1,"arrangements":1,"moves":0,"candidateEvaluations":1,"completed":true,"stopReason":"INSERTION_COMPLETED"},{"date":"2026-10-09","windowStart":"2026-10-09T13:00:00Z","windowEnd":"2026-10-09T17:00:00Z","routes":1,"arrangements":1,"moves":0,"candidateEvaluations":1,"completed":true,"stopReason":"INSERTION_COMPLETED"},{"date":"2026-10-09","windowStart":"2026-10-09T14:00:00Z","windowEnd":"2026-10-09T18:00:00Z","routes":1,"arrangements":1,"moves":0,"candidateEvaluations":1,"completed":true,"stopReason":"INSERTION_COMPLETED"},{"date":"2026-10-09","windowStart":"2026-10-09T15:00:00Z","windowEnd":"2026-10-09T19:00:00Z","routes":1,"arrangements":1,"moves":0,"candidateEvaluations":1,"completed":true,"stopReason":"INSERTION_COMPLETED"},{"date":"2026-10-09","windowStart":"2026-10-09T16:00:00Z","windowEnd":"2026-10-09T20:00:00Z","routes":1,"arrangements":1,"moves":0,"candidateEvaluations":1,"completed":true,"stopReason":"INSERTION_COMPLETED"},{"date":"2026-10-09","windowStart":"2026-10-09T17:00:00Z","windowEnd":"2026-10-09T21:00:00Z","routes":1,"arrangements":1,"moves":0,"candidateEvaluations":1,"completed":true,"stopReason":"INSERTION_COMPLETED"},{"date":"2026-10-09","windowStart":"2026-10-09T18:00:00Z","windowEnd":"2026-10-09T22:00:00Z","routes":1,"arrangements":1,"moves":0,"candidateEvaluations":1,"completed":true,"stopReason":"INSERTION_COMPLETED"},{"date":"2026-10-12","windowStart":"2026-10-12T13:00:00Z","windowEnd":"2026-10-12T17:00:00Z","routes":1,"arrangements":1,"moves":0,"candidateEvaluations":1,"completed":true,"stopReason":"INSERTION_COMPLETED"},{"date":"2026-10-12","windowStart":"2026-10-12T14:00:00Z","windowEnd":"2026-10-12T18:00:00Z","routes":1,"arrangements":1,"moves":0,"candidateEvaluations":1,"completed":true,"stopReason":"INSERTION_COMPLETED"},{"date":"2026-10-12","windowStart":"2026-10-12T15:00:00Z","windowEnd":"2026-10-12T19:00:00Z","routes":1,"arrangements":1,"moves":0,"candidateEvaluations":1,"completed":true,"stopReason":"INSERTION_COMPLETED"},{"date":"2026-10-12","windowStart":"2026-10-12T16:00:00Z","windowEnd":"2026-10-12T20:00:00Z","routes":1,"arrangements":1,"moves":0,"candidateEvaluations":1,"completed":true,"stopReason":"INSERTION_COMPLETED"},{"date":"2026-10-12","windowStart":"2026-10-12T17:00:00Z","windowEnd":"2026-10-12T21:00:00Z","routes":1,"arrangements":1,"moves":0,"candidateEvaluations":1,"completed":true,"stopReason":"INSERTION_COMPLETED"},{"date":"2026-10-12","windowStart":"2026-10-12T18:00:00Z","windowEnd":"2026-10-12T22:00:00Z","routes":1,"arrangements":1,"moves":0,"candidateEvaluations":1,"completed":true,"stopReason":"INSERTION_COMPLETED"},{"date":"2026-10-13","windowStart":"2026-10-13T13:00:00Z","windowEnd":"2026-10-13T17:00:00Z","routes":1,"arrangements":1,"moves":0,"candidateEvaluations":1,"completed":true,"stopReason":"INSERTION_COMPLETED"},{"date":"2026-10-13","windowStart":"2026-10-13T14:00:00Z","windowEnd":"2026-10-13T18:00:00Z","routes":1,"arrangements":1,"moves":0,"candidateEvaluations":1,"completed":true,"stopReason":"INSERTION_COMPLETED"},{"date":"2026-10-13","windowStart":"2026-10-13T15:00:00Z","windowEnd":"2026-10-13T19:00:00Z","routes":1,"arrangements":1,"moves":0,"candidateEvaluations":1,"completed":true,"stopReason":"INSERTION_COMPLETED"},{"date":"2026-10-13","windowStart":"2026-10-13T16:00:00Z","windowEnd":"2026-10-13T20:00:00Z","routes":1,"arrangements":1,"moves":0,"candidateEvaluations":1,"completed":true,"stopReason":"INSERTION_COMPLETED"},{"date":"2026-10-13","windowStart":"2026-10-13T17:00:00Z","windowEnd":"2026-10-13T21:00:00Z","routes":1,"arrangements":1,"moves":0,"candidateEvaluations":1,"completed":true,"stopReason":"INSERTION_COMPLETED"},{"date":"2026-10-13","windowStart":"2026-10-13T18:00:00Z","windowEnd":"2026-10-13T22:00:00Z","routes":1,"arrangements":1,"moves":0,"candidateEvaluations":1,"completed":true,"stopReason":"INSERTION_COMPLETED"},{"date":"2026-10-14","windowStart":"2026-10-14T13:00:00Z","windowEnd":"2026-10-14T17:00:00Z","routes":1,"arrangements":1,"moves":0,"candidateEvaluations":1,"completed":true,"stopReason":"INSERTION_COMPLETED"},{"date":"2026-10-14","windowStart":"2026-10-14T14:00:00Z","windowEnd":"2026-10-14T18:00:00Z","routes":1,"arrangements":1,"moves":0,"candidateEvaluations":1,"completed":true,"stopReason":"INSERTION_COMPLETED"},{"date":"2026-10-14","windowStart":"2026-10-14T15:00:00Z","windowEnd":"2026-10-14T19:00:00Z","routes":1,"arrangements":1,"moves":0,"candidateEvaluations":1,"completed":true,"stopReason":"INSERTION_COMPLETED"},{"date":"2026-10-14","windowStart":"2026-10-14T16:00:00Z","windowEnd":"2026-10-14T20:00:00Z","routes":1,"arrangements":1,"moves":0,"candidateEvaluations":1,"completed":true,"stopReason":"INSERTION_COMPLETED"},{"date":"2026-10-14","windowStart":"2026-10-14T17:00:00Z","windowEnd":"2026-10-14T21:00:00Z","routes":1,"arrangements":1,"moves":0,"candidateEvaluations":1,"completed":true,"stopReason":"INSERTION_COMPLETED"},{"date":"2026-10-14","windowStart":"2026-10-14T18:00:00Z","windowEnd":"2026-10-14T22:00:00Z","routes":1,"arrangements":1,"moves":0,"candidateEvaluations":1,"completed":true,"stopReason":"INSERTION_COMPLETED"},{"date":"2026-10-15","windowStart":"2026-10-15T13:00:00Z","windowEnd":"2026-10-15T17:00:00Z","routes":1,"arrangements":1,"moves":0,"candidateEvaluations":1,"completed":true,"stopReason":"INSERTION_COMPLETED"},{"date":"2026-10-15","windowStart":"2026-10-15T14:00:00Z","windowEnd":"2026-10-15T18:00:00Z","routes":1,"arrangements":1,"moves":0,"candidateEvaluations":1,"completed":true,"stopReason":"INSERTION_COMPLETED"},{"date":"2026-10-15","windowStart":"2026-10-15T15:00:00Z","windowEnd":"2026-10-15T19:00:00Z","routes":1,"arrangements":1,"moves":0,"candidateEvaluations":1,"completed":true,"stopReason":"INSERTION_COMPLETED"},{"date":"2026-10-15","windowStart":"2026-10-15T16:00:00Z","windowEnd":"2026-10-15T20:00:00Z","routes":1,"arrangements":1,"moves":0,"candidateEvaluations":1,"completed":true,"stopReason":"INSERTION_COMPLETED"},{"date":"2026-10-15","windowStart":"2026-10-15T17:00:00Z","windowEnd":"2026-10-15T21:00:00Z","routes":1,"arrangements":1,"moves":0,"candidateEvaluations":1,"completed":true,"stopReason":"INSERTION_COMPLETED"},{"date":"2026-10-15","windowStart":"2026-10-15T18:00:00Z","windowEnd":"2026-10-15T22:00:00Z","routes":1,"arrangements":1,"moves":0,"candidateEvaluations":1,"completed":true,"stopReason":"INSERTION_COMPLETED"},{"date":"2026-10-16","windowStart":"2026-10-16T13:00:00Z","windowEnd":"2026-10-16T17:00:00Z","routes":1,"arrangements":1,"moves":0,"candidateEvaluations":1,"completed":true,"stopReason":"INSERTION_COMPLETED"},{"date":"2026-10-16","windowStart":"2026-10-16T14:00:00Z","windowEnd":"2026-10-16T18:00:00Z","routes":1,"arrangements":1,"moves":0,"candidateEvaluations":1,"completed":true,"stopReason":"INSERTION_COMPLETED"},{"date":"2026-10-16","windowStart":"2026-10-16T15:00:00Z","windowEnd":"2026-10-16T19:00:00Z","routes":1,"arrangements":1,"moves":0,"candidateEvaluations":1,"completed":true,"stopReason":"INSERTION_COMPLETED"},{"date":"2026-10-16","windowStart":"2026-10-16T16:00:00Z","windowEnd":"2026-10-16T20:00:00Z","routes":1,"arrangements":1,"moves":0,"candidateEvaluations":1,"completed":true,"stopReason":"INSERTION_COMPLETED"},{"date":"2026-10-16","windowStart":"2026-10-16T17:00:00Z","windowEnd":"2026-10-16T21:00:00Z","routes":1,"arrangements":1,"moves":0,"candidateEvaluations":1,"completed":true,"stopReason":"INSERTION_COMPLETED"},{"date":"2026-10-16","windowStart":"2026-10-16T18:00:00Z","windowEnd":"2026-10-16T22:00:00Z","routes":1,"arrangements":1,"moves":0,"candidateEvaluations":1,"completed":true,"stopReason":"INSERTION_COMPLETED"},{"date":"2026-10-19","windowStart":"2026-10-19T13:00:00Z","windowEnd":"2026-10-19T17:00:00Z","routes":1,"arrangements":1,"moves":0,"candidateEvaluations":1,"completed":true,"stopReason":"INSERTION_COMPLETED"},{"date":"2026-10-19","windowStart":"2026-10-19T14:00:00Z","windowEnd":"2026-10-19T18:00:00Z","routes":1,"arrangements":1,"moves":0,"candidateEvaluations":1,"completed":true,"stopReason":"INSERTION_COMPLETED"},{"date":"2026-10-19","windowStart":"2026-10-19T15:00:00Z","windowEnd":"2026-10-19T19:00:00Z","routes":1,"arrangements":1,"moves":0,"candidateEvaluations":1,"completed":true,"stopReason":"INSERTION_COMPLETED"},{"date":"2026-10-19","windowStart":"2026-10-19T16:00:00Z","windowEnd":"2026-10-19T20:00:00Z","routes":1,"arrangements":1,"moves":0,"candidateEvaluations":1,"completed":true,"stopReason":"INSERTION_COMPLETED"},{"date":"2026-10-19","windowStart":"2026-10-19T17:00:00Z","windowEnd":"2026-10-19T21:00:00Z","routes":1,"arrangements":1,"moves":0,"candidateEvaluations":1,"completed":true,"stopReason":"INSERTION_COMPLETED"},{"date":"2026-10-19","windowStart":"2026-10-19T18:00:00Z","windowEnd":"2026-10-19T22:00:00Z","routes":1,"arrangements":1,"moves":0,"candidateEvaluations":1,"completed":true,"stopReason":"INSERTION_COMPLETED"},{"date":"2026-10-20","windowStart":"2026-10-20T13:00:00Z","windowEnd":"2026-10-20T17:00:00Z","routes":1,"arrangements":1,"moves":0,"candidateEvaluations":1,"completed":true,"stopReason":"INSERTION_COMPLETED"},{"date":"2026-10-20","windowStart":"2026-10-20T14:00:00Z","windowEnd":"2026-10-20T18:00:00Z","routes":1,"arrangements":1,"moves":0,"candidateEvaluations":1,"completed":true,"stopReason":"INSERTION_COMPLETED"},{"date":"2026-10-20","windowStart":"2026-10-20T15:00:00Z","windowEnd":"2026-10-20T19:00:00Z","routes":1,"arrangements":1,"moves":0,"candidateEvaluations":1,"completed":true,"stopReason":"INSERTION_COMPLETED"},{"date":"2026-10-20","windowStart":"2026-10-20T16:00:00Z","windowEnd":"2026-10-20T20:00:00Z","routes":1,"arrangements":1,"moves":0,"candidateEvaluations":1,"completed":true,"stopReason":"INSERTION_COMPLETED"},{"date":"2026-10-20","windowStart":"2026-10-20T17:00:00Z","windowEnd":"2026-10-20T21:00:00Z","routes":1,"arrangements":1,"moves":0,"candidateEvaluations":1,"completed":true,"stopReason":"INSERTION_COMPLETED"},{"date":"2026-10-20","windowStart":"2026-10-20T18:00:00Z","windowEnd":"2026-10-20T22:00:00Z","routes":1,"arrangements":1,"moves":0,"candidateEvaluations":1,"completed":true,"stopReason":"INSERTION_COMPLETED"}],"offerSources":{"c0bad1e7-f413-4197-8cbb-59ba0b67b0fb":"INSERTION"}}
Booking and optimizer integration	Print service logs on failure	2026-10-06T23:26:30.3493739Z 2026-10-06T23:25:51.375Z  INFO 3679 --- [-booking-search] d.w.scheduler.BookingCoordinator         : Booking search diagnostics for job cmuxb4iws000e1buht54vfay2: {"format":1,"completed":true,"stopReason":"COMPLETED","configurationFingerprint":"1af1220aae38d3d731f3b9f1311bcb67e6e69eeead2f4df24a13d5263ee2b6ee","routingIdentity":"ci-monaco-omaha-car-v2","capturedAt":"2026-10-06T23:25:51.321739694Z","snapshotAgeMs":53,"routingPairs":34,"evaluatedRoutes":70,"reusedRoutes":280,"prunedArrangements":0,"optionalRefinementMillis":0,"elapsedMs":58,"measurements":{"databaseExecutions":96,"databaseNanos":26968575,"lockStatementNanos":0,"routingPairs":3,"memoryHits":3,"persistentHits":0,"sharedRoutingPairs":0,"foregroundCpuNanos":30206678},"distinctRegularWindows":60,"confirmedRegularMinutes":0,"regularCapacityMinutes":5400,"overtimeAuthorized":false,"variant":"INSERTION","policyVersion":"zero-overtime-four-hour-v2","reconstructionAttempts":0,"reconstructionEvaluations":0,"limits":{"routes":6,"depth":2,"beam":8,"arrangementsPerWindow":500},"coverage":[{"date":"2026-10-07","windowStart":"2026-10-07T13:00:00Z","windowEnd":"2026-10-07T17:00:00Z","routes":1,"arrangements":1,"moves":0,"candidateEvaluations":1,"completed":true,"stopReason":"INSERTION_COMPLETED"},{"date":"2026-10-07","windowStart":"2026-10-07T14:00:00Z","windowEnd":"2026-10-07T18:00:00Z","routes":1,"arrangements":1,"moves":0,"candidateEvaluations":1,"completed":true,"stopReason":"INSERTION_COMPLETED"},{"date":"2026-10-07","windowStart":"2026-10-07T15:00:00Z","windowEnd":"2026-10-07T19:00:00Z","routes":1,"arrangements":1,"moves":0,"candidateEvaluations":1,"completed":true,"stopReason":"INSERTION_COMPLETED"},{"date":"2026-10-07","windowStart":"2026-10-07T16:00:00Z","windowEnd":"2026-10-07T20:00:00Z","routes":1,"arrangements":1,"moves":0,"candidateEvaluations":1,"completed":true,"stopReason":"INSERTION_COMPLETED"},{"date":"2026-10-07","windowStart":"2026-10-07T17:00:00Z","windowEnd":"2026-10-07T21:00:00Z","routes":1,"arrangements":1,"moves":0,"candidateEvaluations":1,"completed":true,"stopReason":"INSERTION_COMPLETED"},{"date":"2026-10-07","windowStart":"2026-10-07T18:00:00Z","windowEnd":"2026-10-07T22:00:00Z","routes":1,"arrangements":1,"moves":0,"candidateEvaluations":1,"completed":true,"stopReason":"INSERTION_COMPLETED"},{"date":"2026-10-08","windowStart":"2026-10-08T13:00:00Z","windowEnd":"2026-10-08T17:00:00Z","routes":1,"arrangements":1,"moves":0,"candidateEvaluations":1,"completed":true,"stopReason":"INSERTION_COMPLETED"},{"date":"2026-10-08","windowStart":"2026-10-08T14:00:00Z","windowEnd":"2026-10-08T18:00:00Z","routes":1,"arrangements":1,"moves":0,"candidateEvaluations":1,"completed":true,"stopReason":"INSERTION_COMPLETED"},{"date":"2026-10-08","windowStart":"2026-10-08T15:00:00Z","windowEnd":"2026-10-08T19:00:00Z","routes":1,"arrangements":1,"moves":0,"candidateEvaluations":1,"completed":true,"stopReason":"INSERTION_COMPLETED"},{"date":"2026-10-08","windowStart":"2026-10-08T16:00:00Z","windowEnd":"2026-10-08T20:00:00Z","routes":1,"arrangements":1,"moves":0,"candidateEvaluations":1,"completed":true,"stopReason":"INSERTION_COMPLETED"},{"date":"2026-10-08","windowStart":"2026-10-08T17:00:00Z","windowEnd":"2026-10-08T21:00:00Z","routes":1,"arrangements":1,"moves":0,"candidateEvaluations":1,"completed":true,"stopReason":"INSERTION_COMPLETED"},{"date":"2026-10-08","windowStart":"2026-10-08T18:00:00Z","windowEnd":"2026-10-08T22:00:00Z","routes":1,"arrangements":1,"moves":0,"candidateEvaluations":1,"completed":true,"stopReason":"INSERTION_COMPLETED"},{"date":"2026-10-09","windowStart":"2026-10-09T13:00:00Z","windowEnd":"2026-10-09T17:00:00Z","routes":1,"arrangements":1,"moves":0,"candidateEvaluations":1,"completed":true,"stopReason":"INSERTION_COMPLETED"},{"date":"2026-10-09","windowStart":"2026-10-09T14:00:00Z","windowEnd":"2026-10-09T18:00:00Z","routes":1,"arrangements":1,"moves":0,"candidateEvaluations":1,"completed":true,"stopReason":"INSERTION_COMPLETED"},{"date":"2026-10-09","windowStart":"2026-10-09T15:00:00Z","windowEnd":"2026-10-09T19:00:00Z","routes":1,"arrangements":1,"moves":0,"candidateEvaluations":1,"completed":true,"stopReason":"INSERTION_COMPLETED"},{"date":"2026-10-09","windowStart":"2026-10-09T16:00:00Z","windowEnd":"2026-10-09T20:00:00Z","routes":1,"arrangements":1,"moves":0,"candidateEvaluations":1,"completed":true,"stopReason":"INSERTION_COMPLETED"},{"date":"2026-10-09","windowStart":"2026-10-09T17:00:00Z","windowEnd":"2026-10-09T21:00:00Z","routes":1,"arrangements":1,"moves":0,"candidateEvaluations":1,"completed":true,"stopReason":"INSERTION_COMPLETED"},{"date":"2026-10-09","windowStart":"2026-10-09T18:00:00Z","windowEnd":"2026-10-09T22:00:00Z","routes":1,"arrangements":1,"moves":0,"candidateEvaluations":1,"completed":true,"stopReason":"INSERTION_COMPLETED"},{"date":"2026-10-12","windowStart":"2026-10-12T13:00:00Z","windowEnd":"2026-10-12T17:00:00Z","routes":1,"arrangements":1,"moves":0,"candidateEvaluations":1,"completed":true,"stopReason":"INSERTION_COMPLETED"},{"date":"2026-10-12","windowStart":"2026-10-12T14:00:00Z","windowEnd":"2026-10-12T18:00:00Z","routes":1,"arrangements":1,"moves":0,"candidateEvaluations":1,"completed":true,"stopReason":"INSERTION_COMPLETED"},{"date":"2026-10-12","windowStart":"2026-10-12T15:00:00Z","windowEnd":"2026-10-12T19:00:00Z","routes":1,"arrangements":1,"moves":0,"candidateEvaluations":1,"completed":true,"stopReason":"INSERTION_COMPLETED"},{"date":"2026-10-12","windowStart":"2026-10-12T16:00:00Z","windowEnd":"2026-10-12T20:00:00Z","routes":1,"arrangements":1,"moves":0,"candidateEvaluations":1,"completed":true,"stopReason":"INSERTION_COMPLETED"},{"date":"2026-10-12","windowStart":"2026-10-12T17:00:00Z","windowEnd":"2026-10-12T21:00:00Z","routes":1,"arrangements":1,"moves":0,"candidateEvaluations":1,"completed":true,"stopReason":"INSERTION_COMPLETED"},{"date":"2026-10-12","windowStart":"2026-10-12T18:00:00Z","windowEnd":"2026-10-12T22:00:00Z","routes":1,"arrangements":1,"moves":0,"candidateEvaluations":1,"completed":true,"stopReason":"INSERTION_COMPLETED"},{"date":"2026-10-13","windowStart":"2026-10-13T13:00:00Z","windowEnd":"2026-10-13T17:00:00Z","routes":1,"arrangements":1,"moves":0,"candidateEvaluations":1,"completed":true,"stopReason":"INSERTION_COMPLETED"},{"date":"2026-10-13","windowStart":"2026-10-13T14:00:00Z","windowEnd":"2026-10-13T18:00:00Z","routes":1,"arrangements":1,"moves":0,"candidateEvaluations":1,"completed":true,"stopReason":"INSERTION_COMPLETED"},{"date":"2026-10-13","windowStart":"2026-10-13T15:00:00Z","windowEnd":"2026-10-13T19:00:00Z","routes":1,"arrangements":1,"moves":0,"candidateEvaluations":1,"completed":true,"stopReason":"INSERTION_COMPLETED"},{"date":"2026-10-13","windowStart":"2026-10-13T16:00:00Z","windowEnd":"2026-10-13T20:00:00Z","routes":1,"arrangements":1,"moves":0,"candidateEvaluations":1,"completed":true,"stopReason":"INSERTION_COMPLETED"},{"date":"2026-10-13","windowStart":"2026-10-13T17:00:00Z","windowEnd":"2026-10-13T21:00:00Z","routes":1,"arrangements":1,"moves":0,"candidateEvaluations":1,"completed":true,"stopReason":"INSERTION_COMPLETED"},{"date":"2026-10-13","windowStart":"2026-10-13T18:00:00Z","windowEnd":"2026-10-13T22:00:00Z","routes":1,"arrangements":1,"moves":0,"candidateEvaluations":1,"completed":true,"stopReason":"INSERTION_COMPLETED"},{"date":"2026-10-14","windowStart":"2026-10-14T13:00:00Z","windowEnd":"2026-10-14T17:00:00Z","routes":1,"arrangements":1,"moves":0,"candidateEvaluations":1,"completed":true,"stopReason":"INSERTION_COMPLETED"},{"date":"2026-10-14","windowStart":"2026-10-14T14:00:00Z","windowEnd":"2026-10-14T18:00:00Z","routes":1,"arrangements":1,"moves":0,"candidateEvaluations":1,"completed":true,"stopReason":"INSERTION_COMPLETED"},{"date":"2026-10-14","windowStart":"2026-10-14T15:00:00Z","windowEnd":"2026-10-14T19:00:00Z","routes":1,"arrangements":1,"moves":0,"candidateEvaluations":1,"completed":true,"stopReason":"INSERTION_COMPLETED"},{"date":"2026-10-14","windowStart":"2026-10-14T16:00:00Z","windowEnd":"2026-10-14T20:00:00Z","routes":1,"arrangements":1,"moves":0,"candidateEvaluations":1,"completed":true,"stopReason":"INSERTION_COMPLETED"},{"date":"2026-10-14","windowStart":"2026-10-14T17:00:00Z","windowEnd":"2026-10-14T21:00:00Z","routes":1,"arrangements":1,"moves":0,"candidateEvaluations":1,"completed":true,"stopReason":"INSERTION_COMPLETED"},{"date":"2026-10-14","windowStart":"2026-10-14T18:00:00Z","windowEnd":"2026-10-14T22:00:00Z","routes":1,"arrangements":1,"moves":0,"candidateEvaluations":1,"completed":true,"stopReason":"INSERTION_COMPLETED"},{"date":"2026-10-15","windowStart":"2026-10-15T13:00:00Z","windowEnd":"2026-10-15T17:00:00Z","routes":1,"arrangements":1,"moves":0,"candidateEvaluations":1,"completed":true,"stopReason":"INSERTION_COMPLETED"},{"date":"2026-10-15","windowStart":"2026-10-15T14:00:00Z","windowEnd":"2026-10-15T18:00:00Z","routes":1,"arrangements":1,"moves":0,"candidateEvaluations":1,"completed":true,"stopReason":"INSERTION_COMPLETED"},{"date":"2026-10-15","windowStart":"2026-10-15T15:00:00Z","windowEnd":"2026-10-15T19:00:00Z","routes":1,"arrangements":1,"moves":0,"candidateEvaluations":1,"completed":true,"stopReason":"INSERTION_COMPLETED"},{"date":"2026-10-15","windowStart":"2026-10-15T16:00:00Z","windowEnd":"2026-10-15T20:00:00Z","routes":1,"arrangements":1,"moves":0,"candidateEvaluations":1,"completed":true,"stopReason":"INSERTION_COMPLETED"},{"date":"2026-10-15","windowStart":"2026-10-15T17:00:00Z","windowEnd":"2026-10-15T21:00:00Z","routes":1,"arrangements":1,"moves":0,"candidateEvaluations":1,"completed":true,"stopReason":"INSERTION_COMPLETED"},{"date":"2026-10-15","windowStart":"2026-10-15T18:00:00Z","windowEnd":"2026-10-15T22:00:00Z","routes":1,"arrangements":1,"moves":0,"candidateEvaluations":1,"completed":true,"stopReason":"INSERTION_COMPLETED"},{"date":"2026-10-16","windowStart":"2026-10-16T13:00:00Z","windowEnd":"2026-10-16T17:00:00Z","routes":1,"arrangements":1,"moves":0,"candidateEvaluations":1,"completed":true,"stopReason":"INSERTION_COMPLETED"},{"date":"2026-10-16","windowStart":"2026-10-16T14:00:00Z","windowEnd":"2026-10-16T18:00:00Z","routes":1,"arrangements":1,"moves":0,"candidateEvaluations":1,"completed":true,"stopReason":"INSERTION_COMPLETED"},{"date":"2026-10-16","windowStart":"2026-10-16T15:00:00Z","windowEnd":"2026-10-16T19:00:00Z","routes":1,"arrangements":1,"moves":0,"candidateEvaluations":1,"completed":true,"stopReason":"INSERTION_COMPLETED"},{"date":"2026-10-16","windowStart":"2026-10-16T16:00:00Z","windowEnd":"2026-10-16T20:00:00Z","routes":1,"arrangements":1,"moves":0,"candidateEvaluations":1,"completed":true,"stopReason":"INSERTION_COMPLETED"},{"date":"2026-10-16","windowStart":"2026-10-16T17:00:00Z","windowEnd":"2026-10-16T21:00:00Z","routes":1,"arrangements":1,"moves":0,"candidateEvaluations":1,"completed":true,"stopReason":"INSERTION_COMPLETED"},{"date":"2026-10-16","windowStart":"2026-10-16T18:00:00Z","windowEnd":"2026-10-16T22:00:00Z","routes":1,"arrangements":1,"moves":0,"candidateEvaluations":1,"completed":true,"stopReason":"INSERTION_COMPLETED"},{"date":"2026-10-19","windowStart":"2026-10-19T13:00:00Z","windowEnd":"2026-10-19T17:00:00Z","routes":1,"arrangements":1,"moves":0,"candidateEvaluations":1,"completed":true,"stopReason":"INSERTION_COMPLETED"},{"date":"2026-10-19","windowStart":"2026-10-19T14:00:00Z","windowEnd":"2026-10-19T18:00:00Z","routes":1,"arrangements":1,"moves":0,"candidateEvaluations":1,"completed":true,"stopReason":"INSERTION_COMPLETED"},{"date":"2026-10-19","windowStart":"2026-10-19T15:00:00Z","windowEnd":"2026-10-19T19:00:00Z","routes":1,"arrangements":1,"moves":0,"candidateEvaluations":1,"completed":true,"stopReason":"INSERTION_COMPLETED"},{"date":"2026-10-19","windowStart":"2026-10-19T16:00:00Z","windowEnd":"2026-10-19T20:00:00Z","routes":1,"arrangements":1,"moves":0,"candidateEvaluations":1,"completed":true,"stopReason":"INSERTION_COMPLETED"},{"date":"2026-10-19","windowStart":"2026-10-19T17:00:00Z","windowEnd":"2026-10-19T21:00:00Z","routes":1,"arrangements":1,"moves":0,"candidateEvaluations":1,"completed":true,"stopReason":"INSERTION_COMPLETED"},{"date":"2026-10-19","windowStart":"2026-10-19T18:00:00Z","windowEnd":"2026-10-19T22:00:00Z","routes":1,"arrangements":1,"moves":0,"candidateEvaluations":1,"completed":true,"stopReason":"INSERTION_COMPLETED"},{"date":"2026-10-20","windowStart":"2026-10-20T13:00:00Z","windowEnd":"2026-10-20T17:00:00Z","routes":1,"arrangements":1,"moves":0,"candidateEvaluations":1,"completed":true,"stopReason":"INSERTION_COMPLETED"},{"date":"2026-10-20","windowStart":"2026-10-20T14:00:00Z","windowEnd":"2026-10-20T18:00:00Z","routes":1,"arrangements":1,"moves":0,"candidateEvaluations":1,"completed":true,"stopReason":"INSERTION_COMPLETED"},{"date":"2026-10-20","windowStart":"2026-10-20T15:00:00Z","windowEnd":"2026-10-20T19:00:00Z","routes":1,"arrangements":1,"moves":0,"candidateEvaluations":1,"completed":true,"stopReason":"INSERTION_COMPLETED"},{"date":"2026-10-20","windowStart":"2026-10-20T16:00:00Z","windowEnd":"2026-10-20T20:00:00Z","routes":1,"arrangements":1,"moves":0,"candidateEvaluations":1,"completed":true,"stopReason":"INSERTION_COMPLETED"},{"date":"2026-10-20","windowStart":"2026-10-20T17:00:00Z","windowEnd":"2026-10-20T21:00:00Z","routes":1,"arrangements":1,"moves":0,"candidateEvaluations":1,"completed":true,"stopReason":"INSERTION_COMPLETED"},{"date":"2026-10-20","windowStart":"2026-10-20T18:00:00Z","windowEnd":"2026-10-20T22:00:00Z","routes":1,"arrangements":1,"moves":0,"candidateEvaluations":1,"completed":true,"stopReason":"INSERTION_COMPLETED"}],"offerSources":{"adf4f391-8d5e-4e47-8815-e24f4987118c":"INSERTION"}}
Booking and optimizer integration	Print service logs on failure	2026-10-06T23:26:30.3538441Z 2026-10-06T23:25:55.175Z  INFO 3679 --- [64-9ab3c91ee0f7] a.t.s.core.impl.solver.DefaultSolver     : Solving started: time spent (11), best score ([0/0/0/0/0]hard/[0/-4450]soft), environment mode (NO_ASSERT), move thread count (NONE), random (seed 17).
Booking and optimizer integration	Print service logs on failure	2026-10-06T23:26:30.3540289Z 2026-10-06T23:25:55.176Z  INFO 3679 --- [64-9ab3c91ee0f7] a.t.s.core.impl.solver.DefaultSolver     : Problem scale: genuine entity count (2), genuine variable count (2), approximate value count (1), approximate problem scale (3).
Booking and optimizer integration	Print service logs on failure	2026-10-06T23:26:30.3541684Z 2026-10-06T23:26:04.972Z  INFO 3679 --- [ly-cancellation] a.t.s.core.impl.solver.DefaultSolver     : Terminating solver early.
Booking and optimizer integration	Print service logs on failure	2026-10-06T23:26:30.3543289Z 2026-10-06T23:26:04.972Z  INFO 3679 --- [64-9ab3c91ee0f7] a.t.s.c.i.l.DefaultLocalSearchPhase      : Local Search phase (0) ended: time spent (9808), best score ([0/0/0/0/0]hard/[0/-3000]soft), move evaluation speed (202128/sec), step total (209).
Booking and optimizer integration	Print service logs on failure	2026-10-06T23:26:30.3545306Z 2026-10-06T23:26:04.975Z  INFO 3679 --- [64-9ab3c91ee0f7] a.t.s.core.impl.solver.DefaultSolver     : Solving ended: time spent (9809), best score ([0/0/0/0/0]hard/[0/-3000]soft), move evaluation speed (201860/sec), phase total (1), environment mode (NO_ASSERT), move thread count (NONE).
Booking and optimizer integration	Print service logs on failure	2026-10-06T23:26:30.3547623Z 2026-10-06T23:26:04.991Z  INFO 3679 --- [64-9ab3c91ee0f7] a.t.s.core.impl.solver.DefaultSolver     : Solving started: time spent (2), best score ([0/0/0/0/0]hard/[-0.003086419753086419753086419753086419/-3000]soft), environment mode (NO_ASSERT), move thread count (NONE), random (seed 17).
Booking and optimizer integration	Print service logs on failure	2026-10-06T23:26:30.3549551Z 2026-10-06T23:26:04.992Z  INFO 3679 --- [64-9ab3c91ee0f7] a.t.s.core.impl.solver.DefaultSolver     : Problem scale: genuine entity count (2), genuine variable count (2), approximate value count (1), approximate problem scale (3).
Booking and optimizer integration	Print service logs on failure	2026-10-06T23:26:30.3551502Z 2026-10-06T23:26:09.975Z  INFO 3679 --- [64-9ab3c91ee0f7] a.t.s.c.i.l.DefaultLocalSearchPhase      : Local Search phase (0) ended: time spent (4986), best score ([0/0/0/0/0]hard/[-0.003086419753086419753086419753086419/-3000]soft), move evaluation speed (171535/sec), step total (92).
Booking and optimizer integration	Print service logs on failure	2026-10-06T23:26:30.3553891Z 2026-10-06T23:26:09.975Z  INFO 3679 --- [64-9ab3c91ee0f7] a.t.s.core.impl.solver.DefaultSolver     : Solving ended: time spent (4986), best score ([0/0/0/0/0]hard/[-0.003086419753086419753086419753086419/-3000]soft), move evaluation speed (171431/sec), phase total (1), environment mode (NO_ASSERT), move thread count (NONE).
Booking and optimizer integration	Print service logs on failure	2026-10-06T23:26:30.3556526Z 2026-10-06T23:26:10.149Z  INFO 3679 --- [64-9ab3c91ee0f7] d.w.scheduler.optimizer.DailyOperation   : Daily operation Receipt[requestId=1e79ede2-7038-4c88-a364-9ab3c91ee0f7, outcome=COMPLETED, elapsedMs=15312, queueMs=0, searchMs=15004, cancellationElapsedMs=null, cleanupOvershootMs=null, phaseCleanupOvershootMs=18, searchOvershootMs=4, lateResult=false]
Booking and optimizer integration	Print service logs on failure	2026-10-06T23:26:30.3558831Z 2026-10-06T23:26:11.565Z  INFO 3679 --- [3f-df75832fa103] a.t.s.core.impl.solver.DefaultSolver     : Solving started: time spent (5), best score ([0/0/0/0/0]hard/[0/-4450]soft), environment mode (NO_ASSERT), move thread count (NONE), random (seed 17).
Booking and optimizer integration	Print service logs on failure	2026-10-06T23:26:30.3560626Z 2026-10-06T23:26:11.567Z  INFO 3679 --- [3f-df75832fa103] a.t.s.core.impl.solver.DefaultSolver     : Problem scale: genuine entity count (1), genuine variable count (1), approximate value count (1), approximate problem scale (2).
Booking and optimizer integration	Print service logs on failure	2026-10-06T23:26:30.3562430Z 2026-10-06T23:26:18.169Z  WARN 3679 --- [3f-df75832fa103] a.t.s.c.i.l.DefaultLocalSearchPhase      :     No doable selected move at step index (824), time spent (6609). Terminating phase early.
Booking and optimizer integration	Print service logs on failure	2026-10-06T23:26:30.3564089Z 2026-10-06T23:26:18.170Z  INFO 3679 --- [3f-df75832fa103] a.t.s.c.i.l.DefaultLocalSearchPhase      : Local Search phase (0) ended: time spent (6610), best score ([0/0/0/0/0]hard/[0/-4450]soft), move evaluation speed (310057/sec), step total (824).
Booking and optimizer integration	Print service logs on failure	2026-10-06T23:26:30.3566068Z 2026-10-06T23:26:18.170Z  INFO 3679 --- [3f-df75832fa103] a.t.s.core.impl.solver.DefaultSolver     : Solving ended: time spent (6610), best score ([0/0/0/0/0]hard/[0/-4450]soft), move evaluation speed (309728/sec), phase total (1), environment mode (NO_ASSERT), move thread count (NONE).
Booking and optimizer integration	Print service logs on failure	2026-10-06T23:26:30.3568048Z 2026-10-06T23:26:18.175Z  INFO 3679 --- [3f-df75832fa103] a.t.s.core.impl.solver.DefaultSolver     : Solving started: time spent (1), best score ([0/0/0/0/0]hard/[0E-68/-4450]soft), environment mode (NO_ASSERT), move thread count (NONE), random (seed 17).
Booking and optimizer integration	Print service logs on failure	2026-10-06T23:26:30.3569873Z 2026-10-06T23:26:18.175Z  INFO 3679 --- [3f-df75832fa103] a.t.s.core.impl.solver.DefaultSolver     : Problem scale: genuine entity count (1), genuine variable count (1), approximate value count (1), approximate problem scale (2).
Booking and optimizer integration	Print service logs on failure	2026-10-06T23:26:30.3571441Z 2026-10-06T23:26:25.667Z  WARN 3679 --- [3f-df75832fa103] a.t.s.c.i.l.DefaultLocalSearchPhase      :     No doable selected move at step index (824), time spent (7493). Terminating phase early.
Booking and optimizer integration	Print service logs on failure	2026-10-06T23:26:30.3573209Z 2026-10-06T23:26:25.668Z  INFO 3679 --- [3f-df75832fa103] a.t.s.c.i.l.DefaultLocalSearchPhase      : Local Search phase (0) ended: time spent (7494), best score ([0/0/0/0/0]hard/[0E-68/-4450]soft), move evaluation speed (273265/sec), step total (824).
Booking and optimizer integration	Print service logs on failure	2026-10-06T23:26:30.3575219Z 2026-10-06T23:26:25.668Z  INFO 3679 --- [3f-df75832fa103] a.t.s.core.impl.solver.DefaultSolver     : Solving ended: time spent (7494), best score ([0/0/0/0/0]hard/[0E-68/-4450]soft), move evaluation speed (273192/sec), phase total (1), environment mode (NO_ASSERT), move thread count (NONE).
Booking and optimizer integration	Print service logs on failure	2026-10-06T23:26:30.3577876Z 2026-10-06T23:26:25.718Z  INFO 3679 --- [3f-df75832fa103] d.w.scheduler.optimizer.DailyOperation   : Daily operation Receipt[requestId=b99d4f82-ff63-408c-933f-df75832fa103, outcome=COMPLETED, elapsedMs=14251, queueMs=0, searchMs=14114, cancellationElapsedMs=null, cleanupOvershootMs=null, phaseCleanupOvershootMs=0, searchOvershootMs=0, lateResult=false]
Booking and optimizer integration	Print service logs on failure	2026-10-06T23:26:30.3580738Z 2026-10-06T23:26:25.871Z  INFO 3679 --- [02-b2b9f482e214] d.w.scheduler.optimizer.DailyOperation   : Daily operation Receipt[requestId=8a0ca88b-098c-451b-9a02-b2b9f482e214, outcome=COMPLETED, elapsedMs=88, queueMs=0, searchMs=0, cancellationElapsedMs=null, cleanupOvershootMs=null, phaseCleanupOvershootMs=0, searchOvershootMs=0, lateResult=false]
Booking and optimizer integration	Print service logs on failure	2026-10-06T23:26:30.3597439Z 2026-10-06T23:26:27.860Z  INFO 3679 --- [io-18000-exec-8] d.w.scheduler.BookingCoordinator         : Booking search diagnostics for job cmuxb5bdu000c1mmvuyomiv0j: {"format":1,"completed":true,"stopReason":"COMPLETED","configurationFingerprint":"c8a6e70f111bc50c85e6371e48368185961f40b3e463fc46fbbc9139af6cea05","routingIdentity":"ci-monaco-omaha-car-v2","capturedAt":"2026-10-06T23:26:27.821789001Z","snapshotAgeMs":38,"routingPairs":18,"evaluatedRoutes":14,"reusedRoutes":56,"prunedArrangements":0,"optionalRefinementMillis":250,"elapsedMs":44,"measurements":{"databaseExecutions":99,"databaseNanos":27035300,"lockStatementNanos":0,"routingPairs":1,"memoryHits":1,"persistentHits":0,"sharedRoutingPairs":0,"foregroundCpuNanos":20019074},"distinctRegularWindows":12,"confirmedRegularMinutes":0,"regularCapacityMinutes":1080,"overtimeAuthorized":false,"variant":"INSERTION","policyVersion":"zero-overtime-four-hour-v2","reconstructionAttempts":0,"reconstructionEvaluations":0,"limits":{"routes":6,"depth":2,"beam":8,"arrangementsPerWindow":500},"coverage":[{"date":"2026-10-12","windowStart":"2026-10-12T13:00:00Z","windowEnd":"2026-10-12T17:00:00Z","routes":1,"arrangements":1,"moves":0,"candidateEvaluations":1,"completed":true,"stopReason":"INSERTION_COMPLETED"},{"date":"2026-10-12","windowStart":"2026-10-12T14:00:00Z","windowEnd":"2026-10-12T18:00:00Z","routes":1,"arrangements":1,"moves":0,"candidateEvaluations":1,"completed":true,"stopReason":"INSERTION_COMPLETED"},{"date":"2026-10-12","windowStart":"2026-10-12T15:00:00Z","windowEnd":"2026-10-12T19:00:00Z","routes":1,"arrangements":1,"moves":0,"candidateEvaluations":1,"completed":true,"stopReason":"INSERTION_COMPLETED"},{"date":"2026-10-12","windowStart":"2026-10-12T16:00:00Z","windowEnd":"2026-10-12T20:00:00Z","routes":1,"arrangements":1,"moves":0,"candidateEvaluations":1,"completed":true,"stopReason":"INSERTION_COMPLETED"},{"date":"2026-10-12","windowStart":"2026-10-12T17:00:00Z","windowEnd":"2026-10-12T21:00:00Z","routes":1,"arrangements":1,"moves":0,"candidateEvaluations":1,"completed":true,"stopReason":"INSERTION_COMPLETED"},{"date":"2026-10-12","windowStart":"2026-10-12T18:00:00Z","windowEnd":"2026-10-12T22:00:00Z","routes":1,"arrangements":1,"moves":0,"candidateEvaluations":1,"completed":true,"stopReason":"INSERTION_COMPLETED"},{"date":"2026-10-19","windowStart":"2026-10-19T13:00:00Z","windowEnd":"2026-10-19T17:00:00Z","routes":1,"arrangements":1,"moves":0,"candidateEvaluations":1,"completed":true,"stopReason":"INSERTION_COMPLETED"},{"date":"2026-10-19","windowStart":"2026-10-19T14:00:00Z","windowEnd":"2026-10-19T18:00:00Z","routes":1,"arrangements":1,"moves":0,"candidateEvaluations":1,"completed":true,"stopReason":"INSERTION_COMPLETED"},{"date":"2026-10-19","windowStart":"2026-10-19T15:00:00Z","windowEnd":"2026-10-19T19:00:00Z","routes":1,"arrangements":1,"moves":0,"candidateEvaluations":1,"completed":true,"stopReason":"INSERTION_COMPLETED"},{"date":"2026-10-19","windowStart":"2026-10-19T16:00:00Z","windowEnd":"2026-10-19T20:00:00Z","routes":1,"arrangements":1,"moves":0,"candidateEvaluations":1,"completed":true,"stopReason":"INSERTION_COMPLETED"},{"date":"2026-10-19","windowStart":"2026-10-19T17:00:00Z","windowEnd":"2026-10-19T21:00:00Z","routes":1,"arrangements":1,"moves":0,"candidateEvaluations":1,"completed":true,"stopReason":"INSERTION_COMPLETED"},{"date":"2026-10-19","windowStart":"2026-10-19T18:00:00Z","windowEnd":"2026-10-19T22:00:00Z","routes":1,"arrangements":1,"moves":0,"candidateEvaluations":1,"completed":true,"stopReason":"INSERTION_COMPLETED"}],"offerSources":{"270e61a5-e3bb-4099-a36b-7a149920c87a":"INSERTION"}}
Booking and optimizer integration	Print service logs on failure	2026-10-06T23:26:30.3611184Z 2026-10-06T23:26:29.988Z  INFO 3679 --- [ca-72e2eee8ed47] d.w.scheduler.optimizer.DailyOperation   : Daily operation Receipt[requestId=28d3791c-7cdb-4394-8aca-72e2eee8ed47, outcome=FAILED, elapsedMs=89, queueMs=0, searchMs=0, cancellationElapsedMs=null, cleanupOvershootMs=null, phaseCleanupOvershootMs=0, searchOvershootMs=0, lateResult=false]
Booking and optimizer integration	Print service logs on failure	2026-10-06T23:26:30.3613280Z 2026-10-06T23:26:29.989Z ERROR 3679 --- [   scheduling-1] dev.waterflex.scheduler.TimeOffService   : Time-off analysis failed for request 9fe797d9-b425-4911-a849-d4aea8994cfd
Booking and optimizer integration	Print service logs on failure	2026-10-06T23:26:30.3613936Z 
Booking and optimizer integration	Print service logs on failure	2026-10-06T23:26:30.3614961Z dev.waterflex.scheduler.TimeOffService$DayAnalysisException: dev.waterflex.scheduler.optimizer.OptimizationService$Stale: 409 CONFLICT "Daily scheduling or routing inputs changed; request a fresh preview with a new key"
Booking and optimizer integration	Print service logs on failure	2026-10-06T23:26:30.3616220Z 	at dev.waterflex.scheduler.TimeOffService.analyze(TimeOffService.java:128) ~[!/:0.1.0-SNAPSHOT]
Booking and optimizer integration	Print service logs on failure	2026-10-06T23:26:30.3617048Z 	at dev.waterflex.scheduler.TimeOffService.processQueued(TimeOffService.java:88) ~[!/:0.1.0-SNAPSHOT]
Booking and optimizer integration	Print service logs on failure	2026-10-06T23:26:30.3617960Z 	at java.base/jdk.internal.reflect.DirectMethodHandleAccessor.invoke(DirectMethodHandleAccessor.java:104) ~[na:na]
Booking and optimizer integration	Print service logs on failure	2026-10-06T23:26:30.3618721Z 	at java.base/java.lang.reflect.Method.invoke(Method.java:565) ~[na:na]
Booking and optimizer integration	Print service logs on failure	2026-10-06T23:26:30.3619567Z 	at org.springframework.aop.support.AopUtils.invokeJoinpointUsingReflection(AopUtils.java:359) ~[spring-aop-7.0.9.jar!/:7.0.9]
Booking and optimizer integration	Print service logs on failure	2026-10-06T23:26:30.3620732Z 	at org.springframework.aop.framework.CglibAopProxy$DynamicAdvisedInterceptor.intercept(CglibAopProxy.java:715) ~[spring-aop-7.0.9.jar!/:7.0.9]
Booking and optimizer integration	Print service logs on failure	2026-10-06T23:26:30.3621880Z 	at dev.waterflex.scheduler.TimeOffService$$SpringCGLIB$$0.processQueued(<generated>) ~[!/:0.1.0-SNAPSHOT]
Booking and optimizer integration	Print service logs on failure	2026-10-06T23:26:30.3622905Z 	at java.base/jdk.internal.reflect.DirectMethodHandleAccessor.invoke(DirectMethodHandleAccessor.java:104) ~[na:na]
Booking and optimizer integration	Print service logs on failure	2026-10-06T23:26:30.3623665Z 	at java.base/java.lang.reflect.Method.invoke(Method.java:565) ~[na:na]
Booking and optimizer integration	Print service logs on failure	2026-10-06T23:26:30.3624606Z 	at org.springframework.scheduling.support.ScheduledMethodRunnable.runInternal(ScheduledMethodRunnable.java:128) ~[spring-context-7.0.9.jar!/:7.0.9]
Booking and optimizer integration	Print service logs on failure	2026-10-06T23:26:30.3625891Z 	at org.springframework.scheduling.support.ScheduledMethodRunnable.lambda$run$1(ScheduledMethodRunnable.java:122) ~[spring-context-7.0.9.jar!/:7.0.9]
Booking and optimizer integration	Print service logs on failure	2026-10-06T23:26:30.3626998Z 	at io.micrometer.observation.Observation.observe(Observation.java:569) ~[micrometer-observation-1.17.1.jar!/:1.17.1]
Booking and optimizer integration	Print service logs on failure	2026-10-06T23:26:30.3628086Z 	at org.springframework.scheduling.support.ScheduledMethodRunnable.run(ScheduledMethodRunnable.java:122) ~[spring-context-7.0.9.jar!/:7.0.9]
Booking and optimizer integration	Print service logs on failure	2026-10-06T23:26:30.3629194Z 	at org.springframework.scheduling.config.Task$OutcomeTrackingRunnable.run(Task.java:88) ~[spring-context-7.0.9.jar!/:7.0.9]
Booking and optimizer integration	Print service logs on failure	2026-10-06T23:26:30.3630399Z 	at org.springframework.scheduling.support.DelegatingErrorHandlingRunnable.run(DelegatingErrorHandlingRunnable.java:54) ~[spring-context-7.0.9.jar!/:7.0.9]
Booking and optimizer integration	Print service logs on failure	2026-10-06T23:26:30.3631447Z 	at java.base/java.util.concurrent.Executors$RunnableAdapter.call(Executors.java:545) ~[na:na]
Booking and optimizer integration	Print service logs on failure	2026-10-06T23:26:30.3632168Z 	at java.base/java.util.concurrent.FutureTask.runAndReset(FutureTask.java:369) ~[na:na]
Booking and optimizer integration	Print service logs on failure	2026-10-06T23:26:30.3633205Z 	at java.base/java.util.concurrent.ScheduledThreadPoolExecutor$ScheduledFutureTask.run(ScheduledThreadPoolExecutor.java:310) ~[na:na]
Booking and optimizer integration	Print service logs on failure	2026-10-06T23:26:30.3634310Z 	at java.base/java.util.concurrent.ThreadPoolExecutor.runWorker(ThreadPoolExecutor.java:1090) ~[na:na]
Booking and optimizer integration	Print service logs on failure	2026-10-06T23:26:30.3635149Z 	at java.base/java.util.concurrent.ThreadPoolExecutor$Worker.run(ThreadPoolExecutor.java:614) ~[na:na]
Booking and optimizer integration	Print service logs on failure	2026-10-06T23:26:30.3635802Z 	at java.base/java.lang.Thread.run(Thread.java:1474) ~[na:na]
Booking and optimizer integration	Print service logs on failure	2026-10-06T23:26:30.3636837Z Caused by: dev.waterflex.scheduler.optimizer.OptimizationService$Stale: 409 CONFLICT "Daily scheduling or routing inputs changed; request a fresh preview with a new key"
Booking and optimizer integration	Print service logs on failure	2026-10-06T23:26:30.3638021Z 	at dev.waterflex.scheduler.optimizer.OptimizationService.createRepair(OptimizationService.java:347) ~[!/:0.1.0-SNAPSHOT]
Booking and optimizer integration	Print service logs on failure	2026-10-06T23:26:30.3639034Z 	at dev.waterflex.scheduler.optimizer.OptimizationService.lambda$18(OptimizationService.java:329) ~[!/:0.1.0-SNAPSHOT]
Booking and optimizer integration	Print service logs on failure	2026-10-06T23:26:30.3640011Z 	at dev.waterflex.scheduler.optimizer.OptimizationService.lambda$10(OptimizationService.java:170) ~[!/:0.1.0-SNAPSHOT]
Booking and optimizer integration	Print service logs on failure	2026-10-06T23:26:30.3640947Z 	at dev.waterflex.scheduler.optimizer.DailyOperation.lambda$7(DailyOperation.java:95) ~[!/:0.1.0-SNAPSHOT]
Booking and optimizer integration	Print service logs on failure	2026-10-06T23:26:30.3641765Z 	at dev.waterflex.scheduler.SearchDeadline.within(SearchDeadline.java:79) ~[!/:0.1.0-SNAPSHOT]
Booking and optimizer integration	Print service logs on failure	2026-10-06T23:26:30.3642689Z 	at dev.waterflex.scheduler.optimizer.DailyOperation.run(DailyOperation.java:85) ~[!/:0.1.0-SNAPSHOT]
Booking and optimizer integration	Print service logs on failure	2026-10-06T23:26:30.3643544Z 	at dev.waterflex.scheduler.optimizer.DailyOperation.lambda$5(DailyOperation.java:63) ~[!/:0.1.0-SNAPSHOT]
Booking and optimizer integration	Print service logs on failure	2026-10-06T23:26:30.3644276Z 	at java.base/java.lang.VirtualThread.run(VirtualThread.java:460) ~[na:na]
Booking and optimizer integration	Print service logs on failure	2026-10-06T23:26:30.3644627Z 
Booking and optimizer integration	Summarize database tests	﻿2026-10-06T23:26:30.3677306Z ##[group]Run python3 infra/summarize-tests.py 'scheduler-service/target/surefire-reports/TEST-*.xml' --label 'Database integration'
Booking and optimizer integration	Summarize database tests	2026-10-06T23:26:30.3678312Z ^[[36;1mpython3 infra/summarize-tests.py 'scheduler-service/target/surefire-reports/TEST-*.xml' --label 'Database integration'^[[0m
Booking and optimizer integration	Summarize database tests	2026-10-06T23:26:30.3740791Z shell: /usr/bin/bash -e {0}
Booking and optimizer integration	Summarize database tests	2026-10-06T23:26:30.3741089Z env:
Booking and optimizer integration	Summarize database tests	2026-10-06T23:26:30.3741545Z   DATABASE_URL: ***127.0.0.1:5432/waterflex_test
Booking and optimizer integration	Summarize database tests	2026-10-06T23:26:30.3741998Z   JDBC_DATABASE_URL: jdbc:postgresql://127.0.0.1:5432/waterflex_test
Booking and optimizer integration	Summarize database tests	2026-10-06T23:26:30.3742573Z   DATABASE_USER: waterflex
Booking and optimizer integration	Summarize database tests	2026-10-06T23:26:30.3742848Z   DATABASE_PASSWORD: waterflex
Booking and optimizer integration	Summarize database tests	2026-10-06T23:26:30.3743140Z   ROUTING_URL: http://127.0.0.1:18001
Booking and optimizer integration	Summarize database tests	2026-10-06T23:26:30.3743463Z   SCHEDULER_TEST_URL: http://127.0.0.1:18000
Booking and optimizer integration	Summarize database tests	2026-10-06T23:26:30.3743785Z   ENGINE_URL: http://127.0.0.1:18000
Booking and optimizer integration	Summarize database tests	2026-10-06T23:26:30.3744081Z   SERVER_PORT: 18000
Booking and optimizer integration	Summarize database tests	2026-10-06T23:26:30.3744328Z   TIME_OFF_POLL_DELAY_MS: 1000
Booking and optimizer integration	Summarize database tests	2026-10-06T23:26:30.3744717Z   JAVA_HOME: /opt/hostedtoolcache/Java_Temurin-Hotspot_jdk/25.0.4-1/x64
Booking and optimizer integration	Summarize database tests	2026-10-06T23:26:30.3745315Z   JAVA_HOME_25_X64: /opt/hostedtoolcache/Java_Temurin-Hotspot_jdk/25.0.4-1/x64
Booking and optimizer integration	Summarize database tests	2026-10-06T23:26:30.3745727Z   MAVEN_ARGS: -ntp
Booking and optimizer integration	Summarize database tests	2026-10-06T23:26:30.3745963Z ##[endgroup]
Booking and optimizer integration	Summarize database tests	2026-10-06T23:26:30.4167773Z ### Database integration
Booking and optimizer integration	Summarize database tests	2026-10-06T23:26:30.4168313Z 
Booking and optimizer integration	Summarize database tests	2026-10-06T23:26:30.4169013Z 17 tests, 0 failed, 0 skipped; summed test duration 22.42s (6 reports).
Booking and optimizer integration	Summarize database tests	2026-10-06T23:26:30.4169685Z 
Booking and optimizer integration	Summarize database tests	2026-10-06T23:26:30.4169807Z 
Booking and optimizer integration	Upload integration diagnostics	﻿2026-10-06T23:26:30.4306820Z ##[group]Run actions/upload-artifact@v7
Booking and optimizer integration	Upload integration diagnostics	2026-10-06T23:26:30.4307170Z with:
Booking and optimizer integration	Upload integration diagnostics	2026-10-06T23:26:30.4307413Z   name: integration-diagnostics
Booking and optimizer integration	Upload integration diagnostics	2026-10-06T23:26:30.4308028Z   path: scheduler-service/target/surefire-reports/
Booking and optimizer integration	Upload integration diagnostics	/home/runner/work/_temp/*.log
Booking and optimizer integration	Upload integration diagnostics	/home/runner/work/_temp/booking-offer-limits-*/
Booking and optimizer integration	Upload integration diagnostics	
Booking and optimizer integration	Upload integration diagnostics	2026-10-06T23:26:30.4308656Z   retention-days: 7
Booking and optimizer integration	Upload integration diagnostics	2026-10-06T23:26:30.4308906Z   if-no-files-found: warn
Booking and optimizer integration	Upload integration diagnostics	2026-10-06T23:26:30.4309176Z   compression-level: 6
Booking and optimizer integration	Upload integration diagnostics	2026-10-06T23:26:30.4309425Z   overwrite: false
Booking and optimizer integration	Upload integration diagnostics	2026-10-06T23:26:30.4309667Z   include-hidden-files: false
Booking and optimizer integration	Upload integration diagnostics	2026-10-06T23:26:30.4309936Z   archive: true
Booking and optimizer integration	Upload integration diagnostics	2026-10-06T23:26:30.4310150Z env:
Booking and optimizer integration	Upload integration diagnostics	2026-10-06T23:26:30.4310584Z   DATABASE_URL: ***127.0.0.1:5432/waterflex_test
Booking and optimizer integration	Upload integration diagnostics	2026-10-06T23:26:30.4311028Z   JDBC_DATABASE_URL: jdbc:postgresql://127.0.0.1:5432/waterflex_test
Booking and optimizer integration	Upload integration diagnostics	2026-10-06T23:26:30.4311615Z   DATABASE_USER: waterflex
Booking and optimizer integration	Upload integration diagnostics	2026-10-06T23:26:30.4311890Z   DATABASE_PASSWORD: waterflex
Booking and optimizer integration	Upload integration diagnostics	2026-10-06T23:26:30.4312184Z   ROUTING_URL: http://127.0.0.1:18001
Booking and optimizer integration	Upload integration diagnostics	2026-10-06T23:26:30.4312945Z   SCHEDULER_TEST_URL: http://127.0.0.1:18000
Booking and optimizer integration	Upload integration diagnostics	2026-10-06T23:26:30.4313271Z   ENGINE_URL: http://127.0.0.1:18000
Booking and optimizer integration	Upload integration diagnostics	2026-10-06T23:26:30.4313550Z   SERVER_PORT: 18000
Booking and optimizer integration	Upload integration diagnostics	2026-10-06T23:26:30.4313803Z   TIME_OFF_POLL_DELAY_MS: 1000
Booking and optimizer integration	Upload integration diagnostics	2026-10-06T23:26:30.4314184Z   JAVA_HOME: /opt/hostedtoolcache/Java_Temurin-Hotspot_jdk/25.0.4-1/x64
Booking and optimizer integration	Upload integration diagnostics	2026-10-06T23:26:30.4314711Z   JAVA_HOME_25_X64: /opt/hostedtoolcache/Java_Temurin-Hotspot_jdk/25.0.4-1/x64
Booking and optimizer integration	Upload integration diagnostics	2026-10-06T23:26:30.4315117Z   MAVEN_ARGS: -ntp
Booking and optimizer integration	Upload integration diagnostics	2026-10-06T23:26:30.4315354Z ##[endgroup]
Booking and optimizer integration	Upload integration diagnostics	2026-10-06T23:26:30.5956076Z Multiple search paths detected. Calculating the least common ancestor of all paths
Booking and optimizer integration	Upload integration diagnostics	2026-10-06T23:26:30.5958645Z The least common ancestor is /home/runner/work. This will be the root directory of the artifact
Booking and optimizer integration	Upload integration diagnostics	2026-10-06T23:26:30.5960055Z With the provided path, there will be 21 files uploaded
Booking and optimizer integration	Upload integration diagnostics	2026-10-06T23:26:30.5961410Z Artifact name is valid!
Booking and optimizer integration	Upload integration diagnostics	2026-10-06T23:26:30.5962118Z Root directory input is valid!
Booking and optimizer integration	Upload integration diagnostics	2026-10-06T23:26:30.7833304Z Uploading artifact: integration-diagnostics.zip
Booking and optimizer integration	Upload integration diagnostics	2026-10-06T23:26:30.7863428Z Beginning upload of artifact content to blob storage
Booking and optimizer integration	Upload integration diagnostics	2026-10-06T23:26:30.9358911Z Uploaded bytes 68795
Booking and optimizer integration	Upload integration diagnostics	2026-10-06T23:26:30.9522198Z Finished uploading artifact content to blob storage!
Booking and optimizer integration	Upload integration diagnostics	2026-10-06T23:26:30.9525802Z SHA256 digest of uploaded artifact is 52d6fcbf9b9ee693137712883ee965aa0963803f23add7960a93b2567583bb8b
Booking and optimizer integration	Upload integration diagnostics	2026-10-06T23:26:30.9527496Z Finalizing artifact upload
Booking and optimizer integration	Upload integration diagnostics	2026-10-06T23:26:31.1547581Z Artifact integration-diagnostics successfully finalized. Artifact ID 11450812447
Booking and optimizer integration	Upload integration diagnostics	2026-10-06T23:26:31.1549479Z Artifact integration-diagnostics has been successfully uploaded! Final size is 68795 bytes. Artifact ID is 11450812447
Booking and optimizer integration	Upload integration diagnostics	2026-10-06T23:26:31.1552751Z Artifact download URL: https://github.com/ethan-mcgee/waterflex-scheduler-java/actions/runs/37546168695/artifacts/11450812447
Booking and optimizer integration	Post Run actions/setup-java@v6	﻿2026-10-06T23:26:31.1770074Z Post job cleanup.
Booking and optimizer integration	Post Run actions/checkout@v7	﻿2026-10-06T23:26:31.2689386Z Post job cleanup.
Booking and optimizer integration	Post Run actions/checkout@v7	2026-10-06T23:26:31.3598425Z [command]/usr/bin/git version
Booking and optimizer integration	Post Run actions/checkout@v7	2026-10-06T23:26:31.3663337Z git version 2.55.0
Booking and optimizer integration	Post Run actions/checkout@v7	2026-10-06T23:26:31.3700367Z Temporarily overriding HOME='/home/runner/work/_temp/764a01d5-afbd-46b6-8747-cc0f2b25e5c2' before making global git config changes
Booking and optimizer integration	Post Run actions/checkout@v7	2026-10-06T23:26:31.3708568Z Adding repository directory to the temporary git global config as a safe directory
Booking and optimizer integration	Post Run actions/checkout@v7	2026-10-06T23:26:31.3710605Z [command]/usr/bin/git config --global --add safe.directory /home/runner/work/waterflex-scheduler-java/waterflex-scheduler-java
Booking and optimizer integration	Post Run actions/checkout@v7	2026-10-06T23:26:31.3744979Z Removing SSH command configuration
Booking and optimizer integration	Post Run actions/checkout@v7	2026-10-06T23:26:31.3755506Z [command]/usr/bin/git config --local --name-only --get-regexp core\.sshCommand
Booking and optimizer integration	Post Run actions/checkout@v7	2026-10-06T23:26:31.3794192Z [command]/usr/bin/git submodule foreach --recursive sh -c "git config --local --name-only --get-regexp 'core\.sshCommand' && git config --local --unset-all 'core.sshCommand' || :"
Booking and optimizer integration	Post Run actions/checkout@v7	2026-10-06T23:26:31.4052989Z Removing HTTP extra header
Booking and optimizer integration	Post Run actions/checkout@v7	2026-10-06T23:26:31.4054424Z [command]/usr/bin/git config --local --name-only --get-regexp http\.https\:\/\/github\.com\/\.extraheader
Booking and optimizer integration	Post Run actions/checkout@v7	2026-10-06T23:26:31.4103262Z [command]/usr/bin/git submodule foreach --recursive sh -c "git config --local --name-only --get-regexp 'http\.https\:\/\/github\.com\/\.extraheader' && git config --local --unset-all 'http.https://github.com/.extraheader' || :"
Booking and optimizer integration	Post Run actions/checkout@v7	2026-10-06T23:26:31.4337655Z Removing includeIf entries pointing to credentials config files
Booking and optimizer integration	Post Run actions/checkout@v7	2026-10-06T23:26:31.4338951Z [command]/usr/bin/git config --local --name-only --get-regexp ^includeIf\.gitdir:
Booking and optimizer integration	Post Run actions/checkout@v7	2026-10-06T23:26:31.4364193Z includeif.gitdir:/home/runner/work/waterflex-scheduler-java/waterflex-scheduler-java/.git.path
Booking and optimizer integration	Post Run actions/checkout@v7	2026-10-06T23:26:31.4367331Z includeif.gitdir:/home/runner/work/waterflex-scheduler-java/waterflex-scheduler-java/.git/worktrees/*.path
Booking and optimizer integration	Post Run actions/checkout@v7	2026-10-06T23:26:31.4368999Z includeif.gitdir:/github/workspace/.git.path
Booking and optimizer integration	Post Run actions/checkout@v7	2026-10-06T23:26:31.4370221Z includeif.gitdir:/github/workspace/.git/worktrees/*.path
Booking and optimizer integration	Post Run actions/checkout@v7	2026-10-06T23:26:31.4376948Z [command]/usr/bin/git config --local --get-all includeif.gitdir:/home/runner/work/waterflex-scheduler-java/waterflex-scheduler-java/.git.path
Booking and optimizer integration	Post Run actions/checkout@v7	2026-10-06T23:26:31.4399897Z /home/runner/work/_temp/git-credentials-ec96541f-d29c-4920-8e5a-3aef65bedf1d.config
Booking and optimizer integration	Post Run actions/checkout@v7	2026-10-06T23:26:31.4436505Z [command]/usr/bin/git config --local --unset includeif.gitdir:/home/runner/work/waterflex-scheduler-java/waterflex-scheduler-java/.git.path \/home\/runner\/work\/_temp\/git\-credentials\-ec96541f\-d29c\-4920\-8e5a\-3aef65bedf1d\.config
Booking and optimizer integration	Post Run actions/checkout@v7	2026-10-06T23:26:31.4462735Z [command]/usr/bin/git config --local --get-all includeif.gitdir:/home/runner/work/waterflex-scheduler-java/waterflex-scheduler-java/.git/worktrees/*.path
Booking and optimizer integration	Post Run actions/checkout@v7	2026-10-06T23:26:31.4496584Z /home/runner/work/_temp/git-credentials-ec96541f-d29c-4920-8e5a-3aef65bedf1d.config
Booking and optimizer integration	Post Run actions/checkout@v7	2026-10-06T23:26:31.4506985Z [command]/usr/bin/git config --local --unset includeif.gitdir:/home/runner/work/waterflex-scheduler-java/waterflex-scheduler-java/.git/worktrees/*.path \/home\/runner\/work\/_temp\/git\-credentials\-ec96541f\-d29c\-4920\-8e5a\-3aef65bedf1d\.config
Booking and optimizer integration	Post Run actions/checkout@v7	2026-10-06T23:26:31.4549739Z [command]/usr/bin/git config --local --get-all includeif.gitdir:/github/workspace/.git.path
Booking and optimizer integration	Post Run actions/checkout@v7	2026-10-06T23:26:31.4566232Z /github/runner_temp/git-credentials-ec96541f-d29c-4920-8e5a-3aef65bedf1d.config
Booking and optimizer integration	Post Run actions/checkout@v7	2026-10-06T23:26:31.4581616Z [command]/usr/bin/git config --local --unset includeif.gitdir:/github/workspace/.git.path \/github\/runner_temp\/git\-credentials\-ec96541f\-d29c\-4920\-8e5a\-3aef65bedf1d\.config
Booking and optimizer integration	Post Run actions/checkout@v7	2026-10-06T23:26:31.4609690Z [command]/usr/bin/git config --local --get-all includeif.gitdir:/github/workspace/.git/worktrees/*.path
Booking and optimizer integration	Post Run actions/checkout@v7	2026-10-06T23:26:31.4633883Z /github/runner_temp/git-credentials-ec96541f-d29c-4920-8e5a-3aef65bedf1d.config
Booking and optimizer integration	Post Run actions/checkout@v7	2026-10-06T23:26:31.4645067Z [command]/usr/bin/git config --local --unset includeif.gitdir:/github/workspace/.git/worktrees/*.path \/github\/runner_temp\/git\-credentials\-ec96541f\-d29c\-4920\-8e5a\-3aef65bedf1d\.config
Booking and optimizer integration	Post Run actions/checkout@v7	2026-10-06T23:26:31.4699126Z [command]/usr/bin/git submodule foreach --recursive git config --local --show-origin --name-only --get-regexp remote.origin.url
Booking and optimizer integration	Post Run actions/checkout@v7	2026-10-06T23:26:31.5088801Z Removing credentials config '/home/runner/work/_temp/git-credentials-ec96541f-d29c-4920-8e5a-3aef65bedf1d.config'
Booking and optimizer integration	Stop containers	﻿2026-10-06T23:26:31.5272000Z Print service container logs: 0c199086640c42479db779c56e613a15_postgres16_b84703
Booking and optimizer integration	Stop containers	2026-10-06T23:26:31.5278753Z ##[command]/usr/bin/docker logs --details cca00e0b993b63818bd048521b8465e014fa2caa55fd4979d657cb50b3bde50f
Booking and optimizer integration	Stop containers	2026-10-06T23:26:31.5447997Z  initdb: warning: enabling "trust" authentication for local connections
Booking and optimizer integration	Stop containers	2026-10-06T23:26:31.5449070Z  The files belonging to this database system will be owned by user "postgres".
Booking and optimizer integration	Stop containers	2026-10-06T23:26:31.5450988Z  initdb: hint: You can change this by editing pg_hba.conf or using the option -A, or --auth-local and --auth-host, the next time you run initdb.
Booking and optimizer integration	Stop containers	2026-10-06T23:26:31.5454533Z  This user must also own the server process.
Booking and optimizer integration	Stop containers	2026-10-06T23:26:31.5456185Z  2026-10-06 23:22:27.150 UTC [1] LOG:  starting PostgreSQL 16.15 (Debian 16.15-1.pgdg13+2) on x86_64-pc-linux-gnu, compiled by gcc (Debian 14.2.0-19) 14.2.0, 64-bit
Booking and optimizer integration	Stop containers	2026-10-06T23:26:31.5457635Z  
Booking and optimizer integration	Stop containers	2026-10-06T23:26:31.5458270Z  2026-10-06 23:22:27.151 UTC [1] LOG:  listening on IPv4 address "0.0.0.0", port 5432
Booking and optimizer integration	Stop containers	2026-10-06T23:26:31.5459421Z  2026-10-06 23:22:27.151 UTC [1] LOG:  listening on IPv6 address "::", port 5432
Booking and optimizer integration	Stop containers	2026-10-06T23:26:31.5460439Z  2026-10-06 23:22:27.151 UTC [1] LOG:  listening on Unix socket "/var/run/postgresql/.s.PGSQL.5432"
Booking and optimizer integration	Stop containers	2026-10-06T23:26:31.5461509Z  2026-10-06 23:22:27.154 UTC [64] LOG:  database system was shut down at 2026-10-06 23:22:27 UTC
Booking and optimizer integration	Stop containers	2026-10-06T23:26:31.5462701Z  2026-10-06 23:22:27.158 UTC [1] LOG:  database system is ready to accept connections
Booking and optimizer integration	Stop containers	2026-10-06T23:26:31.5463969Z  2026-10-06 23:23:19.062 UTC [117] ERROR:  update or delete on table "metro" violates foreign key constraint "depot_metroId_fkey" on table "depot"
Booking and optimizer integration	Stop containers	2026-10-06T23:26:31.5465629Z  2026-10-06 23:23:19.062 UTC [117] DETAIL:  Key (id)=(cleanup-d7eafe92-d8a1-4333-b28c-b9afdc085f47) is still referenced from table "depot".
Booking and optimizer integration	Stop containers	2026-10-06T23:26:31.5467528Z  2026-10-06 23:23:19.062 UTC [117] STATEMENT:  DELETE FROM "benchmark_cleanup_it"."metro" WHERE "benchmark_cleanup_it"."metro"."id" = $1
Booking and optimizer integration	Stop containers	2026-10-06T23:26:31.5469195Z  2026-10-06 23:23:42.418 UTC [312] ERROR:  new row for relation "daily_calculation_attempt" violates check constraint "daily_calculation_attempt_check"
Booking and optimizer integration	Stop containers	2026-10-06T23:26:31.5473262Z  2026-10-06 23:23:42.418 UTC [312] DETAIL:  Failing row contains (2a68f046-004a-4d3a-80fb-fd14f6a37dd8, daily-attempt-it-d914871c-30f1-4274-a63a-d9f9adbd0587-failure, 2fe784b0d2911744e76efa456fb28b13ee979cbf0e84cb44272c3cbcc1e8a823, 53b51e37-9d62-44f2-80e1-efd748731084, SUCCEEDED, 2026-10-06 23:24:02.35587+00, null, null, null, null, null, 2026-10-06 23:23:42.36787+00, 2026-10-06 23:23:42.379626+00).
Booking and optimizer integration	Stop containers	2026-10-06T23:26:31.5476590Z  2026-10-06 23:23:42.418 UTC [312] STATEMENT:  UPDATE daily_calculation_attempt SET state='SUCCEEDED',"failureReason"=NULL WHERE id=$1
Booking and optimizer integration	Stop containers	2026-10-06T23:26:31.5478204Z  2026-10-06 23:23:48.275 UTC [590] ERROR:  new row for relation "omaha_setting" violates check constraint "omaha_setting_nonnegative_money"
Booking and optimizer integration	Stop containers	2026-10-06T23:26:31.5479708Z  2026-10-06 23:23:48.275 UTC [590] DETAIL:  Failing row contains (regular_hourly_dollars, -1.000000000000000000000000000000).
Booking and optimizer integration	Stop containers	2026-10-06T23:26:31.5482198Z  2026-10-06 23:23:48.275 UTC [590] STATEMENT:  UPDATE omaha_setting SET value=-1 WHERE key='regular_hourly_dollars'
Booking and optimizer integration	Stop containers	2026-10-06T23:26:31.5483882Z  2026-10-06 23:23:48.276 UTC [590] ERROR:  new row for relation "omaha_setting" violates check constraint "omaha_setting_finite_decimal"
Booking and optimizer integration	Stop containers	2026-10-06T23:26:31.5485171Z  2026-10-06 23:23:48.276 UTC [590] DETAIL:  Failing row contains (regular_hourly_dollars, NaN).
Booking and optimizer integration	Stop containers	2026-10-06T23:26:31.5486119Z  2026-10-06 23:23:48.276 UTC [590] STATEMENT:  UPDATE omaha_setting SET value='NaN'::numeric WHERE key='regular_hourly_dollars'
Booking and optimizer integration	Stop containers	2026-10-06T23:26:31.5486804Z  2026-10-06 23:23:48.278 UTC [590] WARNING:  there is no transaction in progress
Booking and optimizer integration	Stop containers	2026-10-06T23:26:31.5487325Z  2026-10-06 23:23:48.327 UTC [591] WARNING:  there is no transaction in progress
Booking and optimizer integration	Stop containers	2026-10-06T23:26:31.5487922Z  2026-10-06 23:23:48.373 UTC [592] ERROR:  Invalid legacy money omaha_setting.regular_hourly_dollars
Booking and optimizer integration	Stop containers	2026-10-06T23:26:31.5488559Z  2026-10-06 23:23:48.373 UTC [592] CONTEXT:  PL/pgSQL function inline_code_block line 10 at RAISE
Booking and optimizer integration	Stop containers	2026-10-06T23:26:31.5489285Z  2026-10-06 23:23:48.373 UTC [592] STATEMENT:  
Booking and optimizer integration	Stop containers	2026-10-06T23:26:31.5489608Z  	DO $money$
Booking and optimizer integration	Stop containers	2026-10-06T23:26:31.5489913Z  	DECLARE item RECORD; rendered TEXT; exact_value NUMERIC;
Booking and optimizer integration	Stop containers	2026-10-06T23:26:31.5490261Z  	BEGIN
Booking and optimizer integration	Stop containers	2026-10-06T23:26:31.5490473Z  	  FOR item IN
Booking and optimizer integration	Stop containers	2026-10-06T23:26:31.5490969Z  	    SELECT 'omaha_setting' AS source_table, key AS identity, 'value' AS source_column, value AS amount FROM omaha_setting
Booking and optimizer integration	Stop containers	2026-10-06T23:26:31.5491521Z  	    UNION ALL
Booking and optimizer integration	Stop containers	2026-10-06T23:26:31.5492113Z  	    SELECT 'booking_offer', id, 'incrementalCostDollars', "incrementalCostDollars" FROM booking_offer WHERE "incrementalCostDollars" IS NOT NULL
Booking and optimizer integration	Stop containers	2026-10-06T23:26:31.5493041Z  	  LOOP
Booking and optimizer integration	Stop containers	2026-10-06T23:26:31.5493277Z  	    rendered := item.amount::text;
Booking and optimizer integration	Stop containers	2026-10-06T23:26:31.5493900Z  	    IF rendered IN ('NaN','Infinity','-Infinity') THEN RAISE EXCEPTION 'Invalid legacy money %.%', item.source_table, item.identity; END IF;
Booking and optimizer integration	Stop containers	2026-10-06T23:26:31.5494545Z  	    exact_value := rendered::numeric;
Booking and optimizer integration	Stop containers	2026-10-06T23:26:31.5495244Z  	    IF (item.source_table='omaha_setting' AND item.identity IN ('regular_hourly_dollars','overtime_hourly_dollars','mileage_dollars_per_mile') AND exact_value<0)
Booking and optimizer integration	Stop containers	2026-10-06T23:26:31.5495985Z  	      OR exact_value<>exact_value::numeric(65,30) THEN
Booking and optimizer integration	Stop containers	2026-10-06T23:26:31.5496500Z  	      RAISE EXCEPTION 'Unrepresentable legacy money %.%', item.source_table, item.identity;
Booking and optimizer integration	Stop containers	2026-10-06T23:26:31.5496977Z  	    END IF;
Booking and optimizer integration	Stop containers	2026-10-06T23:26:31.5497445Z  	    INSERT INTO monetary_migration_receipt VALUES (item.source_table,item.identity,item.source_column,
Booking and optimizer integration	Stop containers	2026-10-06T23:26:31.5498215Z  	      rendered,encode(float8send(item.amount),'hex'),exact_value,'exact-fleet-half-up-v2',CURRENT_TIMESTAMP);
Booking and optimizer integration	Stop containers	2026-10-06T23:26:31.5498891Z  	  END LOOP;
Booking and optimizer integration	Stop containers	2026-10-06T23:26:31.5499115Z  	END $money$
Booking and optimizer integration	Stop containers	2026-10-06T23:26:31.5499459Z  2026-10-06 23:23:48.380 UTC [592] WARNING:  there is no transaction in progress
Booking and optimizer integration	Stop containers	2026-10-06T23:26:31.5500039Z  2026-10-06 23:23:48.415 UTC [593] ERROR:  Invalid legacy money omaha_setting.regular_hourly_dollars
Booking and optimizer integration	Stop containers	2026-10-06T23:26:31.5500667Z  2026-10-06 23:23:48.415 UTC [593] CONTEXT:  PL/pgSQL function inline_code_block line 10 at RAISE
Booking and optimizer integration	Stop containers	2026-10-06T23:26:31.5501140Z  2026-10-06 23:23:48.415 UTC [593] STATEMENT:  
Booking and optimizer integration	Stop containers	2026-10-06T23:26:31.5501449Z  	DO $money$
Booking and optimizer integration	Stop containers	2026-10-06T23:26:31.5501740Z  	DECLARE item RECORD; rendered TEXT; exact_value NUMERIC;
Booking and optimizer integration	Stop containers	2026-10-06T23:26:31.5502092Z  	BEGIN
Booking and optimizer integration	Stop containers	2026-10-06T23:26:31.5502548Z  	  FOR item IN
Booking and optimizer integration	Stop containers	2026-10-06T23:26:31.5503059Z  	    SELECT 'omaha_setting' AS source_table, key AS identity, 'value' AS source_column, value AS amount FROM omaha_setting
Booking and optimizer integration	Stop containers	2026-10-06T23:26:31.5503633Z  	    UNION ALL
Booking and optimizer integration	Stop containers	2026-10-06T23:26:31.5504231Z  	    SELECT 'booking_offer', id, 'incrementalCostDollars', "incrementalCostDollars" FROM booking_offer WHERE "incrementalCostDollars" IS NOT NULL
Booking and optimizer integration	Stop containers	2026-10-06T23:26:31.5504888Z  	  LOOP
Booking and optimizer integration	Stop containers	2026-10-06T23:26:31.5505115Z  	    rendered := item.amount::text;
Booking and optimizer integration	Stop containers	2026-10-06T23:26:31.5505724Z  	    IF rendered IN ('NaN','Infinity','-Infinity') THEN RAISE EXCEPTION 'Invalid legacy money %.%', item.source_table, item.identity; END IF;
Booking and optimizer integration	Stop containers	2026-10-06T23:26:31.5506358Z  	    exact_value := rendered::numeric;
Booking and optimizer integration	Stop containers	2026-10-06T23:26:31.5507070Z  	    IF (item.source_table='omaha_setting' AND item.identity IN ('regular_hourly_dollars','overtime_hourly_dollars','mileage_dollars_per_mile') AND exact_value<0)
Booking and optimizer integration	Stop containers	2026-10-06T23:26:31.5507813Z  	      OR exact_value<>exact_value::numeric(65,30) THEN
Booking and optimizer integration	Stop containers	2026-10-06T23:26:31.5508387Z  	      RAISE EXCEPTION 'Unrepresentable legacy money %.%', item.source_table, item.identity;
Booking and optimizer integration	Stop containers	2026-10-06T23:26:31.5508852Z  	    END IF;
Booking and optimizer integration	Stop containers	2026-10-06T23:26:31.5509297Z  	    INSERT INTO monetary_migration_receipt VALUES (item.source_table,item.identity,item.source_column,
Booking and optimizer integration	Stop containers	2026-10-06T23:26:31.5510052Z  	      rendered,encode(float8send(item.amount),'hex'),exact_value,'exact-fleet-half-up-v2',CURRENT_TIMESTAMP);
Booking and optimizer integration	Stop containers	2026-10-06T23:26:31.5510579Z  	  END LOOP;
Booking and optimizer integration	Stop containers	2026-10-06T23:26:31.5510797Z  	END $money$
Booking and optimizer integration	Stop containers	2026-10-06T23:26:31.5511316Z  2026-10-06 23:23:48.421 UTC [593] WARNING:  there is no transaction in progress
Booking and optimizer integration	Stop containers	2026-10-06T23:26:31.5511915Z  2026-10-06 23:23:48.456 UTC [594] ERROR:  Invalid legacy money omaha_setting.regular_hourly_dollars
Booking and optimizer integration	Stop containers	2026-10-06T23:26:31.5513016Z  2026-10-06 23:23:48.456 UTC [594] CONTEXT:  PL/pgSQL function inline_code_block line 10 at RAISE
Booking and optimizer integration	Stop containers	2026-10-06T23:26:31.5513511Z  2026-10-06 23:23:48.456 UTC [594] STATEMENT:  
Booking and optimizer integration	Stop containers	2026-10-06T23:26:31.5513823Z  	DO $money$
Booking and optimizer integration	Stop containers	2026-10-06T23:26:31.5514111Z  	DECLARE item RECORD; rendered TEXT; exact_value NUMERIC;
Booking and optimizer integration	Stop containers	2026-10-06T23:26:31.5514453Z  	BEGIN
Booking and optimizer integration	Stop containers	2026-10-06T23:26:31.5514659Z  	  FOR item IN
Booking and optimizer integration	Stop containers	2026-10-06T23:26:31.5515154Z  	    SELECT 'omaha_setting' AS source_table, key AS identity, 'value' AS source_column, value AS amount FROM omaha_setting
Booking and optimizer integration	Stop containers	2026-10-06T23:26:31.5515708Z  	    UNION ALL
Booking and optimizer integration	Stop containers	2026-10-06T23:26:31.5516308Z  	    SELECT 'booking_offer', id, 'incrementalCostDollars', "incrementalCostDollars" FROM booking_offer WHERE "incrementalCostDollars" IS NOT NULL
Booking and optimizer integration	Stop containers	2026-10-06T23:26:31.5516962Z  	  LOOP
Booking and optimizer integration	Stop containers	2026-10-06T23:26:31.5517191Z  	    rendered := item.amount::text;
Booking and optimizer integration	Stop containers	2026-10-06T23:26:31.5517803Z  	    IF rendered IN ('NaN','Infinity','-Infinity') THEN RAISE EXCEPTION 'Invalid legacy money %.%', item.source_table, item.identity; END IF;
Booking and optimizer integration	Stop containers	2026-10-06T23:26:31.5518436Z  	    exact_value := rendered::numeric;
Booking and optimizer integration	Stop containers	2026-10-06T23:26:31.5519128Z  	    IF (item.source_table='omaha_setting' AND item.identity IN ('regular_hourly_dollars','overtime_hourly_dollars','mileage_dollars_per_mile') AND exact_value<0)
Booking and optimizer integration	Stop containers	2026-10-06T23:26:31.5519862Z  	      OR exact_value<>exact_value::numeric(65,30) THEN
Booking and optimizer integration	Stop containers	2026-10-06T23:26:31.5520367Z  	      RAISE EXCEPTION 'Unrepresentable legacy money %.%', item.source_table, item.identity;
Booking and optimizer integration	Stop containers	2026-10-06T23:26:31.5520984Z  	    END IF;
Booking and optimizer integration	Stop containers	2026-10-06T23:26:31.5521438Z  	    INSERT INTO monetary_migration_receipt VALUES (item.source_table,item.identity,item.source_column,
Booking and optimizer integration	Stop containers	2026-10-06T23:26:31.5522189Z  	      rendered,encode(float8send(item.amount),'hex'),exact_value,'exact-fleet-half-up-v2',CURRENT_TIMESTAMP);
Booking and optimizer integration	Stop containers	2026-10-06T23:26:31.5522940Z  	  END LOOP;
Booking and optimizer integration	Stop containers	2026-10-06T23:26:31.5523158Z  	END $money$
Booking and optimizer integration	Stop containers	2026-10-06T23:26:31.5523489Z  2026-10-06 23:23:48.462 UTC [594] WARNING:  there is no transaction in progress
Booking and optimizer integration	Stop containers	2026-10-06T23:26:31.5524094Z  2026-10-06 23:23:48.504 UTC [595] ERROR:  Unrepresentable legacy money omaha_setting.regular_hourly_dollars
Booking and optimizer integration	Stop containers	2026-10-06T23:26:31.5524739Z  2026-10-06 23:23:48.504 UTC [595] CONTEXT:  PL/pgSQL function inline_code_block line 14 at RAISE
Booking and optimizer integration	Stop containers	2026-10-06T23:26:31.5525218Z  2026-10-06 23:23:48.504 UTC [595] STATEMENT:  
Booking and optimizer integration	Stop containers	2026-10-06T23:26:31.5525526Z  	DO $money$
Booking and optimizer integration	Stop containers	2026-10-06T23:26:31.5525817Z  	DECLARE item RECORD; rendered TEXT; exact_value NUMERIC;
Booking and optimizer integration	Stop containers	2026-10-06T23:26:31.5526162Z  	BEGIN
Booking and optimizer integration	Stop containers	2026-10-06T23:26:31.5526368Z  	  FOR item IN
Booking and optimizer integration	Stop containers	2026-10-06T23:26:31.5526857Z  	    SELECT 'omaha_setting' AS source_table, key AS identity, 'value' AS source_column, value AS amount FROM omaha_setting
Booking and optimizer integration	Stop containers	2026-10-06T23:26:31.5527406Z  	    UNION ALL
Booking and optimizer integration	Stop containers	2026-10-06T23:26:31.5527990Z  	    SELECT 'booking_offer', id, 'incrementalCostDollars', "incrementalCostDollars" FROM booking_offer WHERE "incrementalCostDollars" IS NOT NULL
Booking and optimizer integration	Stop containers	2026-10-06T23:26:31.5528652Z  	  LOOP
Booking and optimizer integration	Stop containers	2026-10-06T23:26:31.5528876Z  	    rendered := item.amount::text;
Booking and optimizer integration	Stop containers	2026-10-06T23:26:31.5529475Z  	    IF rendered IN ('NaN','Infinity','-Infinity') THEN RAISE EXCEPTION 'Invalid legacy money %.%', item.source_table, item.identity; END IF;
Booking and optimizer integration	Stop containers	2026-10-06T23:26:31.5530093Z  	    exact_value := rendered::numeric;
Booking and optimizer integration	Stop containers	2026-10-06T23:26:31.5530774Z  	    IF (item.source_table='omaha_setting' AND item.identity IN ('regular_hourly_dollars','overtime_hourly_dollars','mileage_dollars_per_mile') AND exact_value<0)
Booking and optimizer integration	Stop containers	2026-10-06T23:26:31.5531522Z  	      OR exact_value<>exact_value::numeric(65,30) THEN
Booking and optimizer integration	Stop containers	2026-10-06T23:26:31.5532031Z  	      RAISE EXCEPTION 'Unrepresentable legacy money %.%', item.source_table, item.identity;
Booking and optimizer integration	Stop containers	2026-10-06T23:26:31.5532792Z  	    END IF;
Booking and optimizer integration	Stop containers	2026-10-06T23:26:31.5533246Z  	    INSERT INTO monetary_migration_receipt VALUES (item.source_table,item.identity,item.source_column,
Booking and optimizer integration	Stop containers	2026-10-06T23:26:31.5534164Z  	      rendered,encode(float8send(item.amount),'hex'),exact_value,'exact-fleet-half-up-v2',CURRENT_TIMESTAMP);
Booking and optimizer integration	Stop containers	2026-10-06T23:26:31.5534679Z  	  END LOOP;
Booking and optimizer integration	Stop containers	2026-10-06T23:26:31.5534892Z  	END $money$
Booking and optimizer integration	Stop containers	2026-10-06T23:26:31.5535219Z  2026-10-06 23:23:48.510 UTC [595] WARNING:  there is no transaction in progress
Booking and optimizer integration	Stop containers	2026-10-06T23:26:31.5535825Z  2026-10-06 23:23:48.546 UTC [596] ERROR:  Unrepresentable legacy money omaha_setting.regular_hourly_dollars
Booking and optimizer integration	Stop containers	2026-10-06T23:26:31.5536493Z  2026-10-06 23:23:48.546 UTC [596] CONTEXT:  PL/pgSQL function inline_code_block line 14 at RAISE
Booking and optimizer integration	Stop containers	2026-10-06T23:26:31.5536972Z  2026-10-06 23:23:48.546 UTC [596] STATEMENT:  
Booking and optimizer integration	Stop containers	2026-10-06T23:26:31.5537284Z  	DO $money$
Booking and optimizer integration	Stop containers	2026-10-06T23:26:31.5537570Z  	DECLARE item RECORD; rendered TEXT; exact_value NUMERIC;
Booking and optimizer integration	Stop containers	2026-10-06T23:26:31.5537912Z  	BEGIN
Booking and optimizer integration	Stop containers	2026-10-06T23:26:31.5538115Z  	  FOR item IN
Booking and optimizer integration	Stop containers	2026-10-06T23:26:31.5538592Z  	    SELECT 'omaha_setting' AS source_table, key AS identity, 'value' AS source_column, value AS amount FROM omaha_setting
Booking and optimizer integration	Stop containers	2026-10-06T23:26:31.5539143Z  	    UNION ALL
Booking and optimizer integration	Stop containers	2026-10-06T23:26:31.5539726Z  	    SELECT 'booking_offer', id, 'incrementalCostDollars', "incrementalCostDollars" FROM booking_offer WHERE "incrementalCostDollars" IS NOT NULL
Booking and optimizer integration	Stop containers	2026-10-06T23:26:31.5540377Z  	  LOOP
Booking and optimizer integration	Stop containers	2026-10-06T23:26:31.5540606Z  	    rendered := item.amount::text;
Booking and optimizer integration	Stop containers	2026-10-06T23:26:31.5541207Z  	    IF rendered IN ('NaN','Infinity','-Infinity') THEN RAISE EXCEPTION 'Invalid legacy money %.%', item.source_table, item.identity; END IF;
Booking and optimizer integration	Stop containers	2026-10-06T23:26:31.5541835Z  	    exact_value := rendered::numeric;
Booking and optimizer integration	Stop containers	2026-10-06T23:26:31.5542769Z  	    IF (item.source_table='omaha_setting' AND item.identity IN ('regular_hourly_dollars','overtime_hourly_dollars','mileage_dollars_per_mile') AND exact_value<0)
Booking and optimizer integration	Stop containers	2026-10-06T23:26:31.5543662Z  	      OR exact_value<>exact_value::numeric(65,30) THEN
Booking and optimizer integration	Stop containers	2026-10-06T23:26:31.5544172Z  	      RAISE EXCEPTION 'Unrepresentable legacy money %.%', item.source_table, item.identity;
Booking and optimizer integration	Stop containers	2026-10-06T23:26:31.5544635Z  	    END IF;
Booking and optimizer integration	Stop containers	2026-10-06T23:26:31.5545077Z  	    INSERT INTO monetary_migration_receipt VALUES (item.source_table,item.identity,item.source_column,
Booking and optimizer integration	Stop containers	2026-10-06T23:26:31.5545822Z  	      rendered,encode(float8send(item.amount),'hex'),exact_value,'exact-fleet-half-up-v2',CURRENT_TIMESTAMP);
Booking and optimizer integration	Stop containers	2026-10-06T23:26:31.5546338Z  	  END LOOP;
Booking and optimizer integration	Stop containers	2026-10-06T23:26:31.5546548Z  	END $money$
Booking and optimizer integration	Stop containers	2026-10-06T23:26:31.5546882Z  2026-10-06 23:23:48.553 UTC [596] WARNING:  there is no transaction in progress
Booking and optimizer integration	Stop containers	2026-10-06T23:26:31.5547355Z  2026-10-06 23:23:48.589 UTC [597] ERROR:  numeric field overflow
Booking and optimizer integration	Stop containers	2026-10-06T23:26:31.5547966Z  2026-10-06 23:23:48.589 UTC [597] DETAIL:  A field with precision 65, scale 30 must round to an absolute value less than 10^35.
Booking and optimizer integration	Stop containers	2026-10-06T23:26:31.5548665Z  2026-10-06 23:23:48.589 UTC [597] CONTEXT:  PL/pgSQL function inline_code_block line 12 at IF
Booking and optimizer integration	Stop containers	2026-10-06T23:26:31.5549144Z  2026-10-06 23:23:48.589 UTC [597] STATEMENT:  
Booking and optimizer integration	Stop containers	2026-10-06T23:26:31.5549453Z  	DO $money$
Booking and optimizer integration	Stop containers	2026-10-06T23:26:31.5549738Z  	DECLARE item RECORD; rendered TEXT; exact_value NUMERIC;
Booking and optimizer integration	Stop containers	2026-10-06T23:26:31.5550088Z  	BEGIN
Booking and optimizer integration	Stop containers	2026-10-06T23:26:31.5550297Z  	  FOR item IN
Booking and optimizer integration	Stop containers	2026-10-06T23:26:31.5550785Z  	    SELECT 'omaha_setting' AS source_table, key AS identity, 'value' AS source_column, value AS amount FROM omaha_setting
Booking and optimizer integration	Stop containers	2026-10-06T23:26:31.5551325Z  	    UNION ALL
Booking and optimizer integration	Stop containers	2026-10-06T23:26:31.5551914Z  	    SELECT 'booking_offer', id, 'incrementalCostDollars', "incrementalCostDollars" FROM booking_offer WHERE "incrementalCostDollars" IS NOT NULL
Booking and optimizer integration	Stop containers	2026-10-06T23:26:31.5552813Z  	  LOOP
Booking and optimizer integration	Stop containers	2026-10-06T23:26:31.5553041Z  	    rendered := item.amount::text;
Booking and optimizer integration	Stop containers	2026-10-06T23:26:31.5553648Z  	    IF rendered IN ('NaN','Infinity','-Infinity') THEN RAISE EXCEPTION 'Invalid legacy money %.%', item.source_table, item.identity; END IF;
Booking and optimizer integration	Stop containers	2026-10-06T23:26:31.5554282Z  	    exact_value := rendered::numeric;
Booking and optimizer integration	Stop containers	2026-10-06T23:26:31.5554995Z  	    IF (item.source_table='omaha_setting' AND item.identity IN ('regular_hourly_dollars','overtime_hourly_dollars','mileage_dollars_per_mile') AND exact_value<0)
Booking and optimizer integration	Stop containers	2026-10-06T23:26:31.5555892Z  	      OR exact_value<>exact_value::numeric(65,30) THEN
Booking and optimizer integration	Stop containers	2026-10-06T23:26:31.5556440Z  	      RAISE EXCEPTION 'Unrepresentable legacy money %.%', item.source_table, item.identity;
Booking and optimizer integration	Stop containers	2026-10-06T23:26:31.5556911Z  	    END IF;
Booking and optimizer integration	Stop containers	2026-10-06T23:26:31.5557360Z  	    INSERT INTO monetary_migration_receipt VALUES (item.source_table,item.identity,item.source_column,
Booking and optimizer integration	Stop containers	2026-10-06T23:26:31.5558111Z  	      rendered,encode(float8send(item.amount),'hex'),exact_value,'exact-fleet-half-up-v2',CURRENT_TIMESTAMP);
Booking and optimizer integration	Stop containers	2026-10-06T23:26:31.5558631Z  	  END LOOP;
Booking and optimizer integration	Stop containers	2026-10-06T23:26:31.5558850Z  	END $money$
Booking and optimizer integration	Stop containers	2026-10-06T23:26:31.5559179Z  2026-10-06 23:23:48.596 UTC [597] WARNING:  there is no transaction in progress
Booking and optimizer integration	Stop containers	2026-10-06T23:26:31.5559885Z  2026-10-06 23:24:20.481 UTC [1000] ERROR:  new row for relation "omaha_setting" violates check constraint "omaha_setting_nonnegative_money"
Booking and optimizer integration	Stop containers	2026-10-06T23:26:31.5560731Z  2026-10-06 23:24:20.481 UTC [1000] DETAIL:  Failing row contains (regular_hourly_dollars, -1.000000000000000000000000000000).
Booking and optimizer integration	Stop containers	2026-10-06T23:26:31.5561503Z  2026-10-06 23:24:20.481 UTC [1000] STATEMENT:  UPDATE omaha_setting SET value=-1 WHERE key='regular_hourly_dollars'
Booking and optimizer integration	Stop containers	2026-10-06T23:26:31.5562546Z  2026-10-06 23:24:20.494 UTC [1000] ERROR:  new row for relation "omaha_setting" violates check constraint "omaha_setting_finite_decimal"
Booking and optimizer integration	Stop containers	2026-10-06T23:26:31.5563316Z  2026-10-06 23:24:20.494 UTC [1000] DETAIL:  Failing row contains (regular_hourly_dollars, NaN).
Booking and optimizer integration	Stop containers	2026-10-06T23:26:31.5564030Z  2026-10-06 23:24:20.494 UTC [1000] STATEMENT:  UPDATE omaha_setting SET value='NaN'::numeric WHERE key='regular_hourly_dollars'
Booking and optimizer integration	Stop containers	2026-10-06T23:26:31.5564716Z  2026-10-06 23:24:20.499 UTC [1000] WARNING:  there is no transaction in progress
Booking and optimizer integration	Stop containers	2026-10-06T23:26:31.5565367Z  2026-10-06 23:24:20.573 UTC [1001] WARNING:  there is no transaction in progress
Booking and optimizer integration	Stop containers	2026-10-06T23:26:31.5565955Z  2026-10-06 23:24:20.637 UTC [1002] ERROR:  Invalid legacy money omaha_setting.regular_hourly_dollars
Booking and optimizer integration	Stop containers	2026-10-06T23:26:31.5566584Z  2026-10-06 23:24:20.637 UTC [1002] CONTEXT:  PL/pgSQL function inline_code_block line 10 at RAISE
Booking and optimizer integration	Stop containers	2026-10-06T23:26:31.5567073Z  2026-10-06 23:24:20.637 UTC [1002] STATEMENT:  
Booking and optimizer integration	Stop containers	2026-10-06T23:26:31.5567391Z  	DO $money$
Booking and optimizer integration	Stop containers	2026-10-06T23:26:31.5567684Z  	DECLARE item RECORD; rendered TEXT; exact_value NUMERIC;
Booking and optimizer integration	Stop containers	2026-10-06T23:26:31.5568032Z  	BEGIN
Booking and optimizer integration	Stop containers	2026-10-06T23:26:31.5568238Z  	  FOR item IN
Booking and optimizer integration	Stop containers	2026-10-06T23:26:31.5568730Z  	    SELECT 'omaha_setting' AS source_table, key AS identity, 'value' AS source_column, value AS amount FROM omaha_setting
Booking and optimizer integration	Stop containers	2026-10-06T23:26:31.5569276Z  	    UNION ALL
Booking and optimizer integration	Stop containers	2026-10-06T23:26:31.5569868Z  	    SELECT 'booking_offer', id, 'incrementalCostDollars', "incrementalCostDollars" FROM booking_offer WHERE "incrementalCostDollars" IS NOT NULL
Booking and optimizer integration	Stop containers	2026-10-06T23:26:31.5570536Z  	  LOOP
Booking and optimizer integration	Stop containers	2026-10-06T23:26:31.5570767Z  	    rendered := item.amount::text;
Booking and optimizer integration	Stop containers	2026-10-06T23:26:31.5571760Z  	    IF rendered IN ('NaN','Infinity','-Infinity') THEN RAISE EXCEPTION 'Invalid legacy money %.%', item.source_table, item.identity; END IF;
Booking and optimizer integration	Stop containers	2026-10-06T23:26:31.5573048Z  	    exact_value := rendered::numeric;
Booking and optimizer integration	Stop containers	2026-10-06T23:26:31.5574302Z  	    IF (item.source_table='omaha_setting' AND item.identity IN ('regular_hourly_dollars','overtime_hourly_dollars','mileage_dollars_per_mile') AND exact_value<0)
Booking and optimizer integration	Stop containers	2026-10-06T23:26:31.5575536Z  	      OR exact_value<>exact_value::numeric(65,30) THEN
Booking and optimizer integration	Stop containers	2026-10-06T23:26:31.5576428Z  	      RAISE EXCEPTION 'Unrepresentable legacy money %.%', item.source_table, item.identity;
Booking and optimizer integration	Stop containers	2026-10-06T23:26:31.5577227Z  	    END IF;
Booking and optimizer integration	Stop containers	2026-10-06T23:26:31.5577986Z  	    INSERT INTO monetary_migration_receipt VALUES (item.source_table,item.identity,item.source_column,
Booking and optimizer integration	Stop containers	2026-10-06T23:26:31.5579286Z  	      rendered,encode(float8send(item.amount),'hex'),exact_value,'exact-fleet-half-up-v2',CURRENT_TIMESTAMP);
Booking and optimizer integration	Stop containers	2026-10-06T23:26:31.5580211Z  	  END LOOP;
Booking and optimizer integration	Stop containers	2026-10-06T23:26:31.5580589Z  	END $money$
Booking and optimizer integration	Stop containers	2026-10-06T23:26:31.5581161Z  2026-10-06 23:24:20.646 UTC [1002] WARNING:  there is no transaction in progress
Booking and optimizer integration	Stop containers	2026-10-06T23:26:31.5582624Z  2026-10-06 23:24:20.691 UTC [1003] ERROR:  Invalid legacy money omaha_setting.regular_hourly_dollars
Booking and optimizer integration	Stop containers	2026-10-06T23:26:31.5583736Z  2026-10-06 23:24:20.691 UTC [1003] CONTEXT:  PL/pgSQL function inline_code_block line 10 at RAISE
Booking and optimizer integration	Stop containers	2026-10-06T23:26:31.5584547Z  2026-10-06 23:24:20.691 UTC [1003] STATEMENT:  
Booking and optimizer integration	Stop containers	2026-10-06T23:26:31.5585099Z  	DO $money$
Booking and optimizer integration	Stop containers	2026-10-06T23:26:31.5585588Z  	DECLARE item RECORD; rendered TEXT; exact_value NUMERIC;
Booking and optimizer integration	Stop containers	2026-10-06T23:26:31.5586188Z  	BEGIN
Booking and optimizer integration	Stop containers	2026-10-06T23:26:31.5586539Z  	  FOR item IN
Booking and optimizer integration	Stop containers	2026-10-06T23:26:31.5587387Z  	    SELECT 'omaha_setting' AS source_table, key AS identity, 'value' AS source_column, value AS amount FROM omaha_setting
Booking and optimizer integration	Stop containers	2026-10-06T23:26:31.5588326Z  	    UNION ALL
Booking and optimizer integration	Stop containers	2026-10-06T23:26:31.5589379Z  	    SELECT 'booking_offer', id, 'incrementalCostDollars', "incrementalCostDollars" FROM booking_offer WHERE "incrementalCostDollars" IS NOT NULL
Booking and optimizer integration	Stop containers	2026-10-06T23:26:31.5590592Z  	  LOOP
Booking and optimizer integration	Stop containers	2026-10-06T23:26:31.5590991Z  	    rendered := item.amount::text;
Booking and optimizer integration	Stop containers	2026-10-06T23:26:31.5592068Z  	    IF rendered IN ('NaN','Infinity','-Infinity') THEN RAISE EXCEPTION 'Invalid legacy money %.%', item.source_table, item.identity; END IF;
Booking and optimizer integration	Stop containers	2026-10-06T23:26:31.5593422Z  	    exact_value := rendered::numeric;
Booking and optimizer integration	Stop containers	2026-10-06T23:26:31.5594634Z  	    IF (item.source_table='omaha_setting' AND item.identity IN ('regular_hourly_dollars','overtime_hourly_dollars','mileage_dollars_per_mile') AND exact_value<0)
Booking and optimizer integration	Stop containers	2026-10-06T23:26:31.5595434Z  	      OR exact_value<>exact_value::numeric(65,30) THEN
Booking and optimizer integration	Stop containers	2026-10-06T23:26:31.5595957Z  	      RAISE EXCEPTION 'Unrepresentable legacy money %.%', item.source_table, item.identity;
Booking and optimizer integration	Stop containers	2026-10-06T23:26:31.5596435Z  	    END IF;
Booking and optimizer integration	Stop containers	2026-10-06T23:26:31.5597081Z  	    INSERT INTO monetary_migration_receipt VALUES (item.source_table,item.identity,item.source_column,
Booking and optimizer integration	Stop containers	2026-10-06T23:26:31.5597830Z  	      rendered,encode(float8send(item.amount),'hex'),exact_value,'exact-fleet-half-up-v2',CURRENT_TIMESTAMP);
Booking and optimizer integration	Stop containers	2026-10-06T23:26:31.5598513Z  	  END LOOP;
Booking and optimizer integration	Stop containers	2026-10-06T23:26:31.5598741Z  	END $money$
Booking and optimizer integration	Stop containers	2026-10-06T23:26:31.5599077Z  2026-10-06 23:24:20.701 UTC [1003] WARNING:  there is no transaction in progress
Booking and optimizer integration	Stop containers	2026-10-06T23:26:31.5599667Z  2026-10-06 23:24:20.750 UTC [1004] ERROR:  Invalid legacy money omaha_setting.regular_hourly_dollars
Booking and optimizer integration	Stop containers	2026-10-06T23:26:31.5600303Z  2026-10-06 23:24:20.750 UTC [1004] CONTEXT:  PL/pgSQL function inline_code_block line 10 at RAISE
Booking and optimizer integration	Stop containers	2026-10-06T23:26:31.5600787Z  2026-10-06 23:24:20.750 UTC [1004] STATEMENT:  
Booking and optimizer integration	Stop containers	2026-10-06T23:26:31.5601099Z  	DO $money$
Booking and optimizer integration	Stop containers	2026-10-06T23:26:31.5601393Z  	DECLARE item RECORD; rendered TEXT; exact_value NUMERIC;
Booking and optimizer integration	Stop containers	2026-10-06T23:26:31.5601748Z  	BEGIN
Booking and optimizer integration	Stop containers	2026-10-06T23:26:31.5601958Z  	  FOR item IN
Booking and optimizer integration	Stop containers	2026-10-06T23:26:31.5602736Z  	    SELECT 'omaha_setting' AS source_table, key AS identity, 'value' AS source_column, value AS amount FROM omaha_setting
Booking and optimizer integration	Stop containers	2026-10-06T23:26:31.5603297Z  	    UNION ALL
Booking and optimizer integration	Stop containers	2026-10-06T23:26:31.5603895Z  	    SELECT 'booking_offer', id, 'incrementalCostDollars', "incrementalCostDollars" FROM booking_offer WHERE "incrementalCostDollars" IS NOT NULL
Booking and optimizer integration	Stop containers	2026-10-06T23:26:31.5604566Z  	  LOOP
Booking and optimizer integration	Stop containers	2026-10-06T23:26:31.5604793Z  	    rendered := item.amount::text;
Booking and optimizer integration	Stop containers	2026-10-06T23:26:31.5605412Z  	    IF rendered IN ('NaN','Infinity','-Infinity') THEN RAISE EXCEPTION 'Invalid legacy money %.%', item.source_table, item.identity; END IF;
Booking and optimizer integration	Stop containers	2026-10-06T23:26:31.5606038Z  	    exact_value := rendered::numeric;
Booking and optimizer integration	Stop containers	2026-10-06T23:26:31.5606758Z  	    IF (item.source_table='omaha_setting' AND item.identity IN ('regular_hourly_dollars','overtime_hourly_dollars','mileage_dollars_per_mile') AND exact_value<0)
Booking and optimizer integration	Stop containers	2026-10-06T23:26:31.5607499Z  	      OR exact_value<>exact_value::numeric(65,30) THEN
Booking and optimizer integration	Stop containers	2026-10-06T23:26:31.5608016Z  	      RAISE EXCEPTION 'Unrepresentable legacy money %.%', item.source_table, item.identity;
Booking and optimizer integration	Stop containers	2026-10-06T23:26:31.5608492Z  	    END IF;
Booking and optimizer integration	Stop containers	2026-10-06T23:26:31.5608945Z  	    INSERT INTO monetary_migration_receipt VALUES (item.source_table,item.identity,item.source_column,
Booking and optimizer integration	Stop containers	2026-10-06T23:26:31.5609703Z  	      rendered,encode(float8send(item.amount),'hex'),exact_value,'exact-fleet-half-up-v2',CURRENT_TIMESTAMP);
Booking and optimizer integration	Stop containers	2026-10-06T23:26:31.5610404Z  	  END LOOP;
Booking and optimizer integration	Stop containers	2026-10-06T23:26:31.5610630Z  	END $money$
Booking and optimizer integration	Stop containers	2026-10-06T23:26:31.5610975Z  2026-10-06 23:24:20.759 UTC [1004] WARNING:  there is no transaction in progress
Booking and optimizer integration	Stop containers	2026-10-06T23:26:31.5611602Z  2026-10-06 23:24:20.808 UTC [1005] ERROR:  Unrepresentable legacy money omaha_setting.regular_hourly_dollars
Booking and optimizer integration	Stop containers	2026-10-06T23:26:31.5612513Z  2026-10-06 23:24:20.808 UTC [1005] CONTEXT:  PL/pgSQL function inline_code_block line 14 at RAISE
Booking and optimizer integration	Stop containers	2026-10-06T23:26:31.5613036Z  2026-10-06 23:24:20.808 UTC [1005] STATEMENT:  
Booking and optimizer integration	Stop containers	2026-10-06T23:26:31.5613353Z  	DO $money$
Booking and optimizer integration	Stop containers	2026-10-06T23:26:31.5613642Z  	DECLARE item RECORD; rendered TEXT; exact_value NUMERIC;
Booking and optimizer integration	Stop containers	2026-10-06T23:26:31.5614013Z  	BEGIN
Booking and optimizer integration	Stop containers	2026-10-06T23:26:31.5614219Z  	  FOR item IN
Booking and optimizer integration	Stop containers	2026-10-06T23:26:31.5614699Z  	    SELECT 'omaha_setting' AS source_table, key AS identity, 'value' AS source_column, value AS amount FROM omaha_setting
Booking and optimizer integration	Stop containers	2026-10-06T23:26:31.5615372Z  	    UNION ALL
Booking and optimizer integration	Stop containers	2026-10-06T23:26:31.5615985Z  	    SELECT 'booking_offer', id, 'incrementalCostDollars', "incrementalCostDollars" FROM booking_offer WHERE "incrementalCostDollars" IS NOT NULL
Booking and optimizer integration	Stop containers	2026-10-06T23:26:31.5616640Z  	  LOOP
Booking and optimizer integration	Stop containers	2026-10-06T23:26:31.5616862Z  	    rendered := item.amount::text;
Booking and optimizer integration	Stop containers	2026-10-06T23:26:31.5617474Z  	    IF rendered IN ('NaN','Infinity','-Infinity') THEN RAISE EXCEPTION 'Invalid legacy money %.%', item.source_table, item.identity; END IF;
Booking and optimizer integration	Stop containers	2026-10-06T23:26:31.5618097Z  	    exact_value := rendered::numeric;
Booking and optimizer integration	Stop containers	2026-10-06T23:26:31.5618794Z  	    IF (item.source_table='omaha_setting' AND item.identity IN ('regular_hourly_dollars','overtime_hourly_dollars','mileage_dollars_per_mile') AND exact_value<0)
Booking and optimizer integration	Stop containers	2026-10-06T23:26:31.5619700Z  	      OR exact_value<>exact_value::numeric(65,30) THEN
Booking and optimizer integration	Stop containers	2026-10-06T23:26:31.5620220Z  	      RAISE EXCEPTION 'Unrepresentable legacy money %.%', item.source_table, item.identity;
Booking and optimizer integration	Stop containers	2026-10-06T23:26:31.5620694Z  	    END IF;
Booking and optimizer integration	Stop containers	2026-10-06T23:26:31.5621141Z  	    INSERT INTO monetary_migration_receipt VALUES (item.source_table,item.identity,item.source_column,
Booking and optimizer integration	Stop containers	2026-10-06T23:26:31.5621903Z  	      rendered,encode(float8send(item.amount),'hex'),exact_value,'exact-fleet-half-up-v2',CURRENT_TIMESTAMP);
Booking and optimizer integration	Stop containers	2026-10-06T23:26:31.5622576Z  	  END LOOP;
Booking and optimizer integration	Stop containers	2026-10-06T23:26:31.5622797Z  	END $money$
Booking and optimizer integration	Stop containers	2026-10-06T23:26:31.5623138Z  2026-10-06 23:24:20.816 UTC [1005] WARNING:  there is no transaction in progress
Booking and optimizer integration	Stop containers	2026-10-06T23:26:31.5623763Z  2026-10-06 23:24:20.853 UTC [1006] ERROR:  Unrepresentable legacy money omaha_setting.regular_hourly_dollars
Booking and optimizer integration	Stop containers	2026-10-06T23:26:31.5624437Z  2026-10-06 23:24:20.853 UTC [1006] CONTEXT:  PL/pgSQL function inline_code_block line 14 at RAISE
Booking and optimizer integration	Stop containers	2026-10-06T23:26:31.5624931Z  2026-10-06 23:24:20.853 UTC [1006] STATEMENT:  
Booking and optimizer integration	Stop containers	2026-10-06T23:26:31.5625248Z  	DO $money$
Booking and optimizer integration	Stop containers	2026-10-06T23:26:31.5625537Z  	DECLARE item RECORD; rendered TEXT; exact_value NUMERIC;
Booking and optimizer integration	Stop containers	2026-10-06T23:26:31.5625889Z  	BEGIN
Booking and optimizer integration	Stop containers	2026-10-06T23:26:31.5626096Z  	  FOR item IN
Booking and optimizer integration	Stop containers	2026-10-06T23:26:31.5626581Z  	    SELECT 'omaha_setting' AS source_table, key AS identity, 'value' AS source_column, value AS amount FROM omaha_setting
Booking and optimizer integration	Stop containers	2026-10-06T23:26:31.5627142Z  	    UNION ALL
Booking and optimizer integration	Stop containers	2026-10-06T23:26:31.5627736Z  	    SELECT 'booking_offer', id, 'incrementalCostDollars', "incrementalCostDollars" FROM booking_offer WHERE "incrementalCostDollars" IS NOT NULL
Booking and optimizer integration	Stop containers	2026-10-06T23:26:31.5628390Z  	  LOOP
Booking and optimizer integration	Stop containers	2026-10-06T23:26:31.5628612Z  	    rendered := item.amount::text;
Booking and optimizer integration	Stop containers	2026-10-06T23:26:31.5629229Z  	    IF rendered IN ('NaN','Infinity','-Infinity') THEN RAISE EXCEPTION 'Invalid legacy money %.%', item.source_table, item.identity; END IF;
Booking and optimizer integration	Stop containers	2026-10-06T23:26:31.5629862Z  	    exact_value := rendered::numeric;
Booking and optimizer integration	Stop containers	2026-10-06T23:26:31.5630556Z  	    IF (item.source_table='omaha_setting' AND item.identity IN ('regular_hourly_dollars','overtime_hourly_dollars','mileage_dollars_per_mile') AND exact_value<0)
Booking and optimizer integration	Stop containers	2026-10-06T23:26:31.5631294Z  	      OR exact_value<>exact_value::numeric(65,30) THEN
Booking and optimizer integration	Stop containers	2026-10-06T23:26:31.5631809Z  	      RAISE EXCEPTION 'Unrepresentable legacy money %.%', item.source_table, item.identity;
Booking and optimizer integration	Stop containers	2026-10-06T23:26:31.5632647Z  	    END IF;
Booking and optimizer integration	Stop containers	2026-10-06T23:26:31.5633109Z  	    INSERT INTO monetary_migration_receipt VALUES (item.source_table,item.identity,item.source_column,
Booking and optimizer integration	Stop containers	2026-10-06T23:26:31.5633859Z  	      rendered,encode(float8send(item.amount),'hex'),exact_value,'exact-fleet-half-up-v2',CURRENT_TIMESTAMP);
Booking and optimizer integration	Stop containers	2026-10-06T23:26:31.5634389Z  	  END LOOP;
Booking and optimizer integration	Stop containers	2026-10-06T23:26:31.5634610Z  	END $money$
Booking and optimizer integration	Stop containers	2026-10-06T23:26:31.5634950Z  2026-10-06 23:24:20.860 UTC [1006] WARNING:  there is no transaction in progress
Booking and optimizer integration	Stop containers	2026-10-06T23:26:31.5635429Z  2026-10-06 23:24:20.895 UTC [1007] ERROR:  numeric field overflow
Booking and optimizer integration	Stop containers	2026-10-06T23:26:31.5636064Z  2026-10-06 23:24:20.895 UTC [1007] DETAIL:  A field with precision 65, scale 30 must round to an absolute value less than 10^35.
Booking and optimizer integration	Stop containers	2026-10-06T23:26:31.5636776Z  2026-10-06 23:24:20.895 UTC [1007] CONTEXT:  PL/pgSQL function inline_code_block line 12 at IF
Booking and optimizer integration	Stop containers	2026-10-06T23:26:31.5637254Z  2026-10-06 23:24:20.895 UTC [1007] STATEMENT:  
Booking and optimizer integration	Stop containers	2026-10-06T23:26:31.5637565Z  	DO $money$
Booking and optimizer integration	Stop containers	2026-10-06T23:26:31.5637857Z  	DECLARE item RECORD; rendered TEXT; exact_value NUMERIC;
Booking and optimizer integration	Stop containers	2026-10-06T23:26:31.5638207Z  	BEGIN
Booking and optimizer integration	Stop containers	2026-10-06T23:26:31.5638416Z  	  FOR item IN
Booking and optimizer integration	Stop containers	2026-10-06T23:26:31.5638900Z  	    SELECT 'omaha_setting' AS source_table, key AS identity, 'value' AS source_column, value AS amount FROM omaha_setting
Booking and optimizer integration	Stop containers	2026-10-06T23:26:31.5639449Z  	    UNION ALL
Booking and optimizer integration	Stop containers	2026-10-06T23:26:31.5640037Z  	    SELECT 'booking_offer', id, 'incrementalCostDollars', "incrementalCostDollars" FROM booking_offer WHERE "incrementalCostDollars" IS NOT NULL
Booking and optimizer integration	Stop containers	2026-10-06T23:26:31.5640690Z  	  LOOP
Booking and optimizer integration	Stop containers	2026-10-06T23:26:31.5640915Z  	    rendered := item.amount::text;
Booking and optimizer integration	Stop containers	2026-10-06T23:26:31.5641666Z  	    IF rendered IN ('NaN','Infinity','-Infinity') THEN RAISE EXCEPTION 'Invalid legacy money %.%', item.source_table, item.identity; END IF;
Booking and optimizer integration	Stop containers	2026-10-06T23:26:31.5642449Z  	    exact_value := rendered::numeric;
Booking and optimizer integration	Stop containers	2026-10-06T23:26:31.5643147Z  	    IF (item.source_table='omaha_setting' AND item.identity IN ('regular_hourly_dollars','overtime_hourly_dollars','mileage_dollars_per_mile') AND exact_value<0)
Booking and optimizer integration	Stop containers	2026-10-06T23:26:31.5643903Z  	      OR exact_value<>exact_value::numeric(65,30) THEN
Booking and optimizer integration	Stop containers	2026-10-06T23:26:31.5644412Z  	      RAISE EXCEPTION 'Unrepresentable legacy money %.%', item.source_table, item.identity;
Booking and optimizer integration	Stop containers	2026-10-06T23:26:31.5644881Z  	    END IF;
Booking and optimizer integration	Stop containers	2026-10-06T23:26:31.5645321Z  	    INSERT INTO monetary_migration_receipt VALUES (item.source_table,item.identity,item.source_column,
Booking and optimizer integration	Stop containers	2026-10-06T23:26:31.5646076Z  	      rendered,encode(float8send(item.amount),'hex'),exact_value,'exact-fleet-half-up-v2',CURRENT_TIMESTAMP);
Booking and optimizer integration	Stop containers	2026-10-06T23:26:31.5646600Z  	  END LOOP;
Booking and optimizer integration	Stop containers	2026-10-06T23:26:31.5646818Z  	END $money$
Booking and optimizer integration	Stop containers	2026-10-06T23:26:31.5647157Z  2026-10-06 23:24:20.902 UTC [1007] WARNING:  there is no transaction in progress
Booking and optimizer integration	Stop containers	2026-10-06T23:26:31.5647673Z  The database cluster will be initialized with locale "en_US.utf8".
Booking and optimizer integration	Stop containers	2026-10-06T23:26:31.5648172Z  The default database encoding has accordingly been set to "UTF8".
Booking and optimizer integration	Stop containers	2026-10-06T23:26:31.5648647Z  The default text search configuration will be set to "english".
Booking and optimizer integration	Stop containers	2026-10-06T23:26:31.5649007Z  
Booking and optimizer integration	Stop containers	2026-10-06T23:26:31.5649233Z  Data page checksums are disabled.
Booking and optimizer integration	Stop containers	2026-10-06T23:26:31.5649509Z  
Booking and optimizer integration	Stop containers	2026-10-06T23:26:31.5649841Z  fixing permissions on existing directory /var/lib/postgresql/data ... ok
Booking and optimizer integration	Stop containers	2026-10-06T23:26:31.5650269Z  creating subdirectories ... ok
Booking and optimizer integration	Stop containers	2026-10-06T23:26:31.5650621Z  selecting dynamic shared memory implementation ... posix
Booking and optimizer integration	Stop containers	2026-10-06T23:26:31.5651005Z  selecting default max_connections ... 100
Booking and optimizer integration	Stop containers	2026-10-06T23:26:31.5651333Z  selecting default shared_buffers ... 128MB
Booking and optimizer integration	Stop containers	2026-10-06T23:26:31.5651662Z  selecting default time zone ... Etc/UTC
Booking and optimizer integration	Stop containers	2026-10-06T23:26:31.5651981Z  creating configuration files ... ok
Booking and optimizer integration	Stop containers	2026-10-06T23:26:31.5652422Z  running bootstrap script ... ok
Booking and optimizer integration	Stop containers	2026-10-06T23:26:31.5652755Z  performing post-bootstrap initialization ... ok
Booking and optimizer integration	Stop containers	2026-10-06T23:26:31.5653104Z  syncing data to disk ... ok
Booking and optimizer integration	Stop containers	2026-10-06T23:26:31.5653366Z  
Booking and optimizer integration	Stop containers	2026-10-06T23:26:31.5653561Z  
Booking and optimizer integration	Stop containers	2026-10-06T23:26:31.5653821Z  Success. You can now start the database server using:
Booking and optimizer integration	Stop containers	2026-10-06T23:26:31.5654324Z  
Booking and optimizer integration	Stop containers	2026-10-06T23:26:31.5654589Z      pg_ctl -D /var/lib/postgresql/data -l logfile start
Booking and optimizer integration	Stop containers	2026-10-06T23:26:31.5654920Z  
Booking and optimizer integration	Stop containers	2026-10-06T23:26:31.5655606Z  waiting for server to start....2026-10-06 23:22:26.842 UTC [48] LOG:  starting PostgreSQL 16.15 (Debian 16.15-1.pgdg13+2) on x86_64-pc-linux-gnu, compiled by gcc (Debian 14.2.0-19) 14.2.0, 64-bit
Booking and optimizer integration	Stop containers	2026-10-06T23:26:31.5656579Z  2026-10-06 23:22:26.843 UTC [48] LOG:  listening on Unix socket "/var/run/postgresql/.s.PGSQL.5432"
Booking and optimizer integration	Stop containers	2026-10-06T23:26:31.5657194Z  2026-10-06 23:22:26.845 UTC [51] LOG:  database system was shut down at 2026-10-06 23:22:26 UTC
Booking and optimizer integration	Stop containers	2026-10-06T23:26:31.5657754Z  2026-10-06 23:22:26.849 UTC [48] LOG:  database system is ready to accept connections
Booking and optimizer integration	Stop containers	2026-10-06T23:26:31.5658167Z   done
Booking and optimizer integration	Stop containers	2026-10-06T23:26:31.5658378Z  server started
Booking and optimizer integration	Stop containers	2026-10-06T23:26:31.5658610Z  CREATE DATABASE
Booking and optimizer integration	Stop containers	2026-10-06T23:26:31.5658826Z  
Booking and optimizer integration	Stop containers	2026-10-06T23:26:31.5659023Z  
Booking and optimizer integration	Stop containers	2026-10-06T23:26:31.5659373Z  /usr/local/bin/docker-entrypoint.sh: ignoring /docker-entrypoint-initdb.d/*
Booking and optimizer integration	Stop containers	2026-10-06T23:26:31.5659810Z  
Booking and optimizer integration	Stop containers	2026-10-06T23:26:31.5660097Z  2026-10-06 23:22:27.031 UTC [48] LOG:  received fast shutdown request
Booking and optimizer integration	Stop containers	2026-10-06T23:26:31.5660664Z  waiting for server to shut down....2026-10-06 23:22:27.031 UTC [48] LOG:  aborting any active transactions
Booking and optimizer integration	Stop containers	2026-10-06T23:26:31.5661403Z  2026-10-06 23:22:27.035 UTC [48] LOG:  background worker "logical replication launcher" (PID 54) exited with exit code 1
Booking and optimizer integration	Stop containers	2026-10-06T23:26:31.5661977Z  2026-10-06 23:22:27.036 UTC [49] LOG:  shutting down
Booking and optimizer integration	Stop containers	2026-10-06T23:26:31.5662543Z  2026-10-06 23:22:27.036 UTC [49] LOG:  checkpoint starting: shutdown immediate
Booking and optimizer integration	Stop containers	2026-10-06T23:26:31.5663820Z  2026-10-06 23:22:27.051 UTC [49] LOG:  checkpoint complete: wrote 926 buffers (5.7%); 0 WAL file(s) added, 0 removed, 0 recycled; write=0.012 s, sync=0.003 s, total=0.016 s; sync files=301, longest=0.001 s, average=0.001 s; distance=4273 kB, estimate=4273 kB; lsn=0/191F0F0, redo lsn=0/191F0F0
Booking and optimizer integration	Stop containers	2026-10-06T23:26:31.5664942Z  2026-10-06 23:22:27.058 UTC [48] LOG:  database system is shut down
Booking and optimizer integration	Stop containers	2026-10-06T23:26:31.5665410Z   done
Booking and optimizer integration	Stop containers	2026-10-06T23:26:31.5665748Z  server stopped
Booking and optimizer integration	Stop containers	2026-10-06T23:26:31.5666093Z  
Booking and optimizer integration	Stop containers	2026-10-06T23:26:31.5666486Z  PostgreSQL init process complete; ready for start up.
Booking and optimizer integration	Stop containers	2026-10-06T23:26:31.5667898Z  
Booking and optimizer integration	Stop containers	2026-10-06T23:26:31.5678887Z Stop and remove container: 0c199086640c42479db779c56e613a15_postgres16_b84703
Booking and optimizer integration	Stop containers	2026-10-06T23:26:31.5686468Z ##[command]/usr/bin/docker rm --force cca00e0b993b63818bd048521b8465e014fa2caa55fd4979d657cb50b3bde50f
Booking and optimizer integration	Stop containers	2026-10-06T23:26:31.7375972Z cca00e0b993b63818bd048521b8465e014fa2caa55fd4979d657cb50b3bde50f
Booking and optimizer integration	Stop containers	2026-10-06T23:26:31.7551722Z Remove container network: github_network_257a71c5807c4a1d9e2a2c54c22d31e2
Booking and optimizer integration	Stop containers	2026-10-06T23:26:31.7573763Z ##[command]/usr/bin/docker network rm github_network_257a71c5807c4a1d9e2a2c54c22d31e2
Booking and optimizer integration	Stop containers	2026-10-06T23:26:31.8497661Z github_network_257a71c5807c4a1d9e2a2c54c22d31e2
Booking and optimizer integration	Complete job	﻿2026-10-06T23:26:31.8598573Z Cleaning up orphan processes
Booking and optimizer integration	Complete job	2026-10-06T23:26:31.9250156Z Terminate orphan process: pid (3678) (node)
Booking and optimizer integration	Complete job	2026-10-06T23:26:31.9342737Z Terminate orphan process: pid (3679) (java)
