WARNING: A restricted method in java.lang.System has been called
WARNING: java.lang.System::load has been called by org.fusesource.jansi.internal.JansiLoader in an unnamed module (file:/C:/Users/mcgee/.m2/wrapper/dists/apache-maven-3.9.16-bin/4200fbc6/apache-maven-3.9.16/lib/jansi-2.4.3.jar)
WARNING: Use --enable-native-access=ALL-UNNAMED to avoid a warning for callers in this module
WARNING: Restricted methods will be blocked in a future release unless native access is enabled

[INFO] Scanning for projects...
[INFO] ------------------------------------------------------------------------
[INFO] Reactor Build Order:
[INFO] 
[INFO] calculation-engine                                                 [jar]
[INFO] solver-service                                                     [jar]
[INFO] scheduler-service                                                  [jar]
[INFO] routing-service                                                    [jar]
[INFO] waterflex-scheduler                                                [pom]
[INFO] 
[INFO] ------------------< dev.waterflex:calculation-engine >------------------
[INFO] Building calculation-engine 0.1.0-SNAPSHOT                         [1/5]
[INFO]   from calculation-engine\pom.xml
[INFO] --------------------------------[ jar ]---------------------------------
[INFO] 
[INFO] --- clean:3.5.0:clean (default-clean) @ calculation-engine ---
[INFO] Deleting C:\Users\mcgee\OneDrive\Desktop\waterflex\waterflex-scheduler-java\calculation-engine\target
[INFO] 
[INFO] --- resources:3.5.0:resources (default-resources) @ calculation-engine ---
[INFO] Copying 0 resource from src\main\resources to target\classes
[INFO] Copying 1 resource from src\main\resources to target\classes
[INFO] 
[INFO] --- compiler:3.15.0:compile (default-compile) @ calculation-engine ---
[INFO] Recompiling the module because of changed source code.
[INFO] Compiling with eclipse [debug parameters release 25] to target\classes
[INFO] C:\Users\mcgee\OneDrive\Desktop\waterflex\waterflex-scheduler-java\calculation-engine\src\main\java\dev\waterflex\scheduler\BookingSnapshot.java:[190,26] Unsafe null type conversion (type annotations): The value of type 'java.util.AbstractMap.@NonNull SimpleImmutableEntry<java.lang.@NonNull String,dev.waterflex.scheduler.BookingSnapshot.@NonNull Visit>' is made accessible using the less-annotated type 'java.util.Map.Entry<java.lang.String,dev.waterflex.scheduler.BookingSnapshot.Visit>', corresponding supertype is 'java.util.Map.Entry<java.lang.@NonNull String,dev.waterflex.scheduler.BookingSnapshot.@NonNull Visit>'
[INFO] C:\Users\mcgee\OneDrive\Desktop\waterflex\waterflex-scheduler-java\calculation-engine\src\main\java\dev\waterflex\scheduler\BoundedBookingSearch.java:[489,34] Unsafe null type conversion (type annotations): The value of type 'java.util.Optional<dev.waterflex.scheduler.BoundedBookingSearch.@NonNull Ranked>' is made accessible using the less-annotated type 'java.util.Optional<dev.waterflex.scheduler.BoundedBookingSearch.Ranked>'
[INFO] C:\Users\mcgee\OneDrive\Desktop\waterflex\waterflex-scheduler-java\calculation-engine\src\main\java\dev\waterflex\scheduler\optimizer\DailyCalculation.java:[16,100] Unsafe null type conversion (type annotations): The value of type 'java.util.List<dev.waterflex.scheduler.optimizer.DailySolver.@NonNull Phase>' is made accessible using the less-annotated type 'java.util.@Nullable List<dev.waterflex.scheduler.optimizer.DailySolver.Phase>'
[INFO] C:\Users\mcgee\OneDrive\Desktop\waterflex\waterflex-scheduler-java\calculation-engine\src\main\java\dev\waterflex\scheduler\optimizer\DailyOutcome.java:[13,33] Unsafe null type conversion (type annotations): The value of type 'java.util.@NonNull List<java.lang.@NonNull String>' is made accessible using the less-annotated type 'java.util.List<java.lang.String>'
[INFO] C:\Users\mcgee\OneDrive\Desktop\waterflex\waterflex-scheduler-java\calculation-engine\src\main\java\dev\waterflex\scheduler\optimizer\DayPlan.java:[64,16] Unsafe null type conversion (type annotations): The value of type 'java.util.@NonNull List<java.lang.@NonNull String>' is made accessible using the less-annotated type 'java.util.@NonNull List<java.lang.String>'
[INFO] C:\Users\mcgee\OneDrive\Desktop\waterflex\waterflex-scheduler-java\calculation-engine\src\main\java\dev\waterflex\scheduler\optimizer\TechRoute.java:[53,17] Unsafe null type conversion (type annotations): The value of type 'java.util.@NonNull List<java.lang.@NonNull String>' is made accessible using the less-annotated type 'java.util.@NonNull List<java.lang.String>'
[INFO] 
[INFO] --- resources:3.5.0:testResources (default-testResources) @ calculation-engine ---
[INFO] skip non existing resourceDirectory C:\Users\mcgee\OneDrive\Desktop\waterflex\waterflex-scheduler-java\calculation-engine\src\test\resources
[INFO] 
[INFO] --- compiler:3.15.0:testCompile (default-testCompile) @ calculation-engine ---
[INFO] No sources to compile
[INFO] 
[INFO] --- surefire:3.5.6:test (default-test) @ calculation-engine ---
[INFO] No tests to run.
[INFO] 
[INFO] --- jar:3.5.1:jar (default-jar) @ calculation-engine ---
[INFO] Building jar: C:\Users\mcgee\OneDrive\Desktop\waterflex\waterflex-scheduler-java\calculation-engine\target\calculation-engine-0.1.0-SNAPSHOT.jar
[INFO] 
[INFO] --------------------< dev.waterflex:solver-service >--------------------
[INFO] Building solver-service 0.1.0-SNAPSHOT                             [2/5]
[INFO]   from solver-service\pom.xml
[INFO] --------------------------------[ jar ]---------------------------------
[INFO] 
[INFO] --- clean:3.5.0:clean (default-clean) @ solver-service ---
[INFO] Deleting C:\Users\mcgee\OneDrive\Desktop\waterflex\waterflex-scheduler-java\solver-service\target
[INFO] 
[INFO] --- resources:3.5.0:resources (default-resources) @ solver-service ---
[INFO] Copying 1 resource from src\main\resources to target\classes
[INFO] Copying 0 resource from src\main\resources to target\classes
[INFO] 
[INFO] --- compiler:3.15.0:compile (default-compile) @ solver-service ---
[INFO] Recompiling the module because of changed dependency.
[INFO] Compiling with eclipse [debug parameters release 25] to target\classes
[INFO] 
[INFO] --- resources:3.5.0:testResources (default-testResources) @ solver-service ---
[INFO] Copying 1 resource from src\test\resources to target\test-classes
[INFO] 
[INFO] --- compiler:3.15.0:testCompile (default-testCompile) @ solver-service ---
[INFO] Recompiling the module because of changed dependency.
[INFO] Compiling with eclipse [debug parameters release 25] to target\test-classes
[INFO] C:\Users\mcgee\OneDrive\Desktop\waterflex\waterflex-scheduler-java\solver-service\src\test\java\dev\waterflex\solver\ReplayFixture.java:[18,42] Unsafe null type conversion (type annotations): The value of type 'java.util.Map<java.lang.String,dev.waterflex.scheduler.BookingSnapshot.@NonNull Technician>' is made accessible using the less-annotated type 'java.util.@Nullable Map<java.lang.String,dev.waterflex.scheduler.BookingSnapshot.Technician>'
[INFO] C:\Users\mcgee\OneDrive\Desktop\waterflex\waterflex-scheduler-java\solver-service\src\test\java\dev\waterflex\solver\ReplayFixture.java:[18,75] Unsafe null type conversion (type annotations): The value of type 'java.util.Map<java.lang.String,dev.waterflex.scheduler.BookingSnapshot.@NonNull Visit>' is made accessible using the less-annotated type 'java.util.@Nullable Map<java.lang.String,dev.waterflex.scheduler.BookingSnapshot.Visit>'
[INFO] C:\Users\mcgee\OneDrive\Desktop\waterflex\waterflex-scheduler-java\solver-service\src\test\java\dev\waterflex\solver\SolverReplayTest.java:[45,58] Unsafe null type conversion (type annotations): The value of type 'java.util.Map<java.lang.String,dev.waterflex.scheduler.BookingSnapshot.@NonNull Technician>' is made accessible using the less-annotated type 'java.util.@Nullable Map<java.lang.String,dev.waterflex.scheduler.BookingSnapshot.Technician>'
[INFO] C:\Users\mcgee\OneDrive\Desktop\waterflex\waterflex-scheduler-java\solver-service\src\test\java\dev\waterflex\solver\SolverReplayTest.java:[45,94] Unsafe null type conversion (type annotations): The value of type 'java.util.Map<java.lang.String,dev.waterflex.scheduler.BookingSnapshot.@NonNull Visit>' is made accessible using the less-annotated type 'java.util.@Nullable Map<java.lang.String,dev.waterflex.scheduler.BookingSnapshot.Visit>'
[INFO] C:\Users\mcgee\OneDrive\Desktop\waterflex\waterflex-scheduler-java\solver-service\src\test\java\dev\waterflex\solver\SolverReplayTest.java:[102,70] Unsafe null type conversion (type annotations): The value of type 'java.util.List<dev.waterflex.scheduler.BoundedBookingSearch.@NonNull Candidate>' is made accessible using the less-annotated type 'java.util.@Nullable List<dev.waterflex.scheduler.BoundedBookingSearch.Candidate>'
[INFO] 
[INFO] --- surefire:3.5.6:test (default-test) @ solver-service ---
[INFO] Using auto detected provider org.apache.maven.surefire.junitplatform.JUnitPlatformProvider
[INFO] 
[INFO] -------------------------------------------------------
[INFO]  T E S T S
[INFO] -------------------------------------------------------
[INFO] Running dev.waterflex.solver.HttpCalculationCancellationTest
[INFO] Tests run: 1, Failures: 0, Errors: 0, Skipped: 0, Time elapsed: 0.459 s -- in dev.waterflex.solver.HttpCalculationCancellationTest
[INFO] Running dev.waterflex.solver.SolverCancellationTest
Mockito is currently self-attaching to enable the inline-mock-maker. This will no longer work in future releases of the JDK. Please add Mockito as an agent to your build as described in Mockito's documentation: https://javadoc.io/doc/org.mockito/mockito-core/latest/org.mockito/org/mockito/Mockito.html#0.3
WARNING: A Java agent has been loaded dynamically (C:\Users\mcgee\.m2\repository\net\bytebuddy\byte-buddy-agent\1.18.11\byte-buddy-agent-1.18.11.jar)
WARNING: If a serviceability tool is in use, please run with -XX:+EnableDynamicAgentLoading to hide this warning
WARNING: If a serviceability tool is not in use, please run with -Djdk.instrument.traceUsage for more information
WARNING: Dynamic loading of agents will be disallowed by default in a future release
Java HotSpot(TM) 64-Bit Server VM warning: Sharing is only supported for boot loader classes because bootstrap classpath has been appended
[INFO] Tests run: 2, Failures: 0, Errors: 0, Skipped: 0, Time elapsed: 0.646 s -- in dev.waterflex.solver.SolverCancellationTest
[INFO] Running dev.waterflex.solver.SolverReplayTest
21:19:54.061 [main] INFO org.springframework.test.context.support.AnnotationConfigContextLoaderUtils -- Could not detect default configuration classes for test class [dev.waterflex.solver.SolverReplayTest]: SolverReplayTest does not declare any static, non-private, non-final, nested classes annotated with @Configuration.
21:19:54.181 [main] INFO org.springframework.boot.test.context.SpringBootTestContextBootstrapper -- Found @SpringBootConfiguration dev.waterflex.solver.SolverApplication for test class dev.waterflex.solver.SolverReplayTest
21:19:54.236 [main] INFO org.springframework.test.context.support.AnnotationConfigContextLoaderUtils -- Could not detect default configuration classes for test class [dev.waterflex.solver.SolverReplayTest]: SolverReplayTest does not declare any static, non-private, non-final, nested classes annotated with @Configuration.
21:19:54.237 [main] INFO org.springframework.boot.test.context.SpringBootTestContextBootstrapper -- Found @SpringBootConfiguration dev.waterflex.solver.SolverApplication for test class dev.waterflex.solver.SolverReplayTest

  .   ____          _            __ _ _
 /\\ / ___'_ __ _ _(_)_ __  __ _ \ \ \ \
( ( )\___ | '_ | '_| | '_ \/ _` | \ \ \ \
 \\/  ___)| |_)| | | | | || (_| |  ) ) ) )
  '  |____| .__|_| |_|_| |_\__, | / / / /
 =========|_|==============|___/=/_/_/_/

 :: Spring Boot ::                (v4.1.1)

2026-10-06T21:19:54.460-05:00  INFO 61432 --- [           main] dev.waterflex.solver.SolverReplayTest    : Starting SolverReplayTest using Java 25.0.1 with PID 61432 (started by mcgee in C:\Users\mcgee\OneDrive\Desktop\waterflex\waterflex-scheduler-java\solver-service)
2026-10-06T21:19:54.462-05:00  INFO 61432 --- [           main] dev.waterflex.solver.SolverReplayTest    : No active profile set, falling back to 1 default profile: "default"
2026-10-06T21:19:54.970-05:00  INFO 61432 --- [           main] o.s.boot.tomcat.TomcatWebServer          : Tomcat initialized with port 0 (http)
2026-10-06T21:19:54.978-05:00  INFO 61432 --- [           main] o.apache.catalina.core.StandardService   : Starting service [Tomcat]
2026-10-06T21:19:54.978-05:00  INFO 61432 --- [           main] o.apache.catalina.core.StandardEngine    : Starting Servlet engine: [Apache Tomcat/11.0.24]
2026-10-06T21:19:55.012-05:00  INFO 61432 --- [           main] b.w.c.s.WebApplicationContextInitializer : Root WebApplicationContext: initialization completed in 538 ms
2026-10-06T21:19:55.691-05:00  INFO 61432 --- [           main] o.s.boot.tomcat.TomcatWebServer          : Tomcat started on port 63067 (http) with context path '/'
2026-10-06T21:19:55.695-05:00  INFO 61432 --- [           main] dev.waterflex.solver.SolverReplayTest    : Started SolverReplayTest in 1.43 seconds (process running for 3.194)
2026-10-06T21:19:55.785-05:00  INFO 61432 --- [1-auto-1-exec-1] o.a.c.c.C.[Tomcat].[localhost].[/]       : Initializing Spring DispatcherServlet 'dispatcherServlet'
2026-10-06T21:19:55.785-05:00  INFO 61432 --- [1-auto-1-exec-1] o.s.web.servlet.DispatcherServlet        : Initializing Servlet 'dispatcherServlet'
2026-10-06T21:19:55.786-05:00  INFO 61432 --- [1-auto-1-exec-1] o.s.web.servlet.DispatcherServlet        : Completed initialization in 1 ms
2026-10-06T21:19:56.008-05:00  INFO 61432 --- [e6-66fbc4071461] a.t.s.core.impl.solver.DefaultSolver     : Solving started: time spent (3), best score ([0/0/-2/0/0]hard/[0/0]soft), environment mode (NO_ASSERT), move thread count (NONE), random (seed 17).
2026-10-06T21:19:56.010-05:00  INFO 61432 --- [e6-66fbc4071461] a.t.s.core.impl.solver.DefaultSolver     : Problem scale: genuine entity count (2), genuine variable count (2), approximate value count (2), approximate problem scale (12).
2026-10-06T21:19:56.019-05:00  INFO 61432 --- [e6-66fbc4071461] .c.i.c.DefaultConstructionHeuristicPhase : Construction Heuristic phase (0) ended: time spent (14), best score ([0/0/0/0/0]hard/[0/-4604]soft), move evaluation speed (777/sec), step total (2).
2026-10-06T21:19:56.468-05:00  INFO 61432 --- [e6-66fbc4071461] a.t.s.c.i.l.DefaultLocalSearchPhase      : Local Search phase (1) ended: time spent (463), best score ([0/0/0/0/0]hard/[0/-4604]soft), move evaluation speed (223713/sec), step total (1000).
2026-10-06T21:19:56.470-05:00  INFO 61432 --- [e6-66fbc4071461] a.t.s.core.impl.solver.DefaultSolver     : Solving ended: time spent (464), best score ([0/0/0/0/0]hard/[0/-4604]soft), move evaluation speed (215532/sec), phase total (2), environment mode (NO_ASSERT), move thread count (NONE).
2026-10-06T21:19:56.482-05:00  INFO 61432 --- [e6-66fbc4071461] a.t.s.core.impl.solver.DefaultSolver     : Solving started: time spent (1), best score ([0/0/0/0/0]hard/[-0.03567901234567901234567901234567903/-4604]soft), environment mode (NO_ASSERT), move thread count (NONE), random (seed 17).
2026-10-06T21:19:56.482-05:00  INFO 61432 --- [e6-66fbc4071461] a.t.s.core.impl.solver.DefaultSolver     : Problem scale: genuine entity count (2), genuine variable count (2), approximate value count (2), approximate problem scale (12).
2026-10-06T21:19:57.151-05:00  INFO 61432 --- [e6-66fbc4071461] a.t.s.c.i.l.DefaultLocalSearchPhase      : Local Search phase (0) ended: time spent (670), best score ([0/0/0/0/0]hard/[-0.000007716049382716049382716049382715894/-4680]soft), move evaluation speed (149476/sec), step total (1000).
2026-10-06T21:19:57.152-05:00  INFO 61432 --- [e6-66fbc4071461] a.t.s.core.impl.solver.DefaultSolver     : Solving ended: time spent (671), best score ([0/0/0/0/0]hard/[-0.000007716049382716049382716049382715894/-4680]soft), move evaluation speed (149031/sec), phase total (1), environment mode (NO_ASSERT), move thread count (NONE).
2026-10-06T21:19:57.280-05:00  INFO 61432 --- [ff-625fe22e8648] a.t.s.core.impl.solver.DefaultSolver     : Solving started: time spent (1), best score ([0/0/0/0/0]hard/[0/-4680]soft), environment mode (NO_ASSERT), move thread count (NONE), random (seed 17).
2026-10-06T21:19:57.280-05:00  INFO 61432 --- [ff-625fe22e8648] a.t.s.core.impl.solver.DefaultSolver     : Problem scale: genuine entity count (2), genuine variable count (2), approximate value count (2), approximate problem scale (12).
2026-10-06T21:19:57.516-05:00  INFO 61432 --- [ff-625fe22e8648] a.t.s.c.i.l.DefaultLocalSearchPhase      : Local Search phase (0) ended: time spent (237), best score ([0/0/0/0/0]hard/[0/-4604]soft), move evaluation speed (423728/sec), step total (1000).
2026-10-06T21:19:57.516-05:00  INFO 61432 --- [ff-625fe22e8648] a.t.s.core.impl.solver.DefaultSolver     : Solving ended: time spent (237), best score ([0/0/0/0/0]hard/[0/-4604]soft), move evaluation speed (421940/sec), phase total (1), environment mode (NO_ASSERT), move thread count (NONE).
2026-10-06T21:19:57.520-05:00  INFO 61432 --- [ff-625fe22e8648] a.t.s.core.impl.solver.DefaultSolver     : Solving started: time spent (0), best score ([0/0/0/0/0]hard/[-0.03567901234567901234567901234567903/-4604]soft), environment mode (NO_ASSERT), move thread count (NONE), random (seed 17).
2026-10-06T21:19:57.520-05:00  INFO 61432 --- [ff-625fe22e8648] a.t.s.core.impl.solver.DefaultSolver     : Problem scale: genuine entity count (2), genuine variable count (2), approximate value count (2), approximate problem scale (12).
2026-10-06T21:19:57.894-05:00  INFO 61432 --- [ff-625fe22e8648] a.t.s.c.i.l.DefaultLocalSearchPhase      : Local Search phase (0) ended: time spent (374), best score ([0/0/0/0/0]hard/[-0.000007716049382716049382716049382715894/-4680]soft), move evaluation speed (268096/sec), step total (1000).
2026-10-06T21:19:57.895-05:00  INFO 61432 --- [ff-625fe22e8648] a.t.s.core.impl.solver.DefaultSolver     : Solving ended: time spent (375), best score ([0/0/0/0/0]hard/[-0.000007716049382716049382716049382715894/-4680]soft), move evaluation speed (266666/sec), phase total (1), environment mode (NO_ASSERT), move thread count (NONE).
2026-10-06T21:19:57.901-05:00  INFO 61432 --- [62-861151680dfd] a.t.s.core.impl.solver.DefaultSolver     : Solving started: time spent (0), best score ([0/0/0/0/0]hard/[0/-4680]soft), environment mode (NO_ASSERT), move thread count (NONE), random (seed 17).
2026-10-06T21:19:57.901-05:00  INFO 61432 --- [62-861151680dfd] a.t.s.core.impl.solver.DefaultSolver     : Problem scale: genuine entity count (2), genuine variable count (2), approximate value count (2), approximate problem scale (12).
2026-10-06T21:19:58.105-05:00  INFO 61432 --- [62-861151680dfd] a.t.s.c.i.l.DefaultLocalSearchPhase      : Local Search phase (0) ended: time spent (204), best score ([0/0/0/0/0]hard/[0/-4604]soft), move evaluation speed (490196/sec), step total (1000).
2026-10-06T21:19:58.105-05:00  INFO 61432 --- [62-861151680dfd] a.t.s.core.impl.solver.DefaultSolver     : Solving ended: time spent (204), best score ([0/0/0/0/0]hard/[0/-4604]soft), move evaluation speed (490196/sec), phase total (1), environment mode (NO_ASSERT), move thread count (NONE).
2026-10-06T21:19:58.109-05:00  INFO 61432 --- [62-861151680dfd] a.t.s.core.impl.solver.DefaultSolver     : Solving started: time spent (1), best score ([0/0/0/0/0]hard/[-0.03567901234567901234567901234567903/-4604]soft), environment mode (NO_ASSERT), move thread count (NONE), random (seed 17).
2026-10-06T21:19:58.109-05:00  INFO 61432 --- [62-861151680dfd] a.t.s.core.impl.solver.DefaultSolver     : Problem scale: genuine entity count (2), genuine variable count (2), approximate value count (2), approximate problem scale (12).
2026-10-06T21:19:58.479-05:00  INFO 61432 --- [62-861151680dfd] a.t.s.c.i.l.DefaultLocalSearchPhase      : Local Search phase (0) ended: time spent (371), best score ([0/0/0/0/0]hard/[-0.000007716049382716049382716049382715894/-4680]soft), move evaluation speed (270270/sec), step total (1000).
2026-10-06T21:19:58.479-05:00  INFO 61432 --- [62-861151680dfd] a.t.s.core.impl.solver.DefaultSolver     : Solving ended: time spent (371), best score ([0/0/0/0/0]hard/[-0.000007716049382716049382716049382715894/-4680]soft), move evaluation speed (269541/sec), phase total (1), environment mode (NO_ASSERT), move thread count (NONE).
[INFO] Tests run: 8, Failures: 0, Errors: 0, Skipped: 0, Time elapsed: 4.500 s -- in dev.waterflex.solver.SolverReplayTest
[INFO] 
[INFO] Results:
[INFO] 
[INFO] Tests run: 11, Failures: 0, Errors: 0, Skipped: 0
[INFO] 
[INFO] 
[INFO] --- jar:3.5.1:jar (default-jar) @ solver-service ---
[INFO] Building jar: C:\Users\mcgee\OneDrive\Desktop\waterflex\waterflex-scheduler-java\solver-service\target\solver-service-0.1.0-SNAPSHOT.jar
[INFO] 
[INFO] --- spring-boot:4.1.1:repackage (repackage) @ solver-service ---
[INFO] Replacing main artifact C:\Users\mcgee\OneDrive\Desktop\waterflex\waterflex-scheduler-java\solver-service\target\solver-service-0.1.0-SNAPSHOT.jar with repackaged archive, adding nested dependencies in BOOT-INF/.
[INFO] The original artifact has been renamed to C:\Users\mcgee\OneDrive\Desktop\waterflex\waterflex-scheduler-java\solver-service\target\solver-service-0.1.0-SNAPSHOT.jar.original
[INFO] 
[INFO] ------------------< dev.waterflex:scheduler-service >-------------------
[INFO] Building scheduler-service 0.1.0-SNAPSHOT                          [3/5]
[INFO]   from scheduler-service\pom.xml
[INFO] --------------------------------[ jar ]---------------------------------
[INFO] 
[INFO] --- clean:3.5.0:clean (default-clean) @ scheduler-service ---
[INFO] Deleting C:\Users\mcgee\OneDrive\Desktop\waterflex\waterflex-scheduler-java\scheduler-service\target
[INFO] 
[INFO] --- resources:3.5.0:resources (default-resources) @ scheduler-service ---
[INFO] Copying 2 resources from src\main\resources to target\classes
[INFO] Copying 0 resource from src\main\resources to target\classes
[INFO] 
[INFO] --- compiler:3.15.0:compile (default-compile) @ scheduler-service ---
[INFO] Recompiling the module because of changed dependency.
[INFO] Compiling with eclipse [debug parameters release 25] to target\classes
[INFO] 
[INFO] --- resources:3.5.0:testResources (default-testResources) @ scheduler-service ---
[INFO] Copying 1 resource from src\test\resources to target\test-classes
[INFO] 
[INFO] --- compiler:3.15.0:testCompile (default-testCompile) @ scheduler-service ---
[INFO] Recompiling the module because of changed dependency.
[INFO] Compiling with eclipse [debug parameters release 25] to target\test-classes
[INFO] C:\Users\mcgee\OneDrive\Desktop\waterflex\waterflex-scheduler-java\scheduler-service\src\test\java\dev\waterflex\scheduler\BookingSnapshotDatabaseIT.java:[200,36] Unsafe null type conversion (type annotations): The value of type 'java.util.List<dev.waterflex.scheduler.BookingSnapshot.@NonNull Arrangement>' is made accessible using the less-annotated type 'java.util.@Nullable List<dev.waterflex.scheduler.BookingSnapshot.Arrangement>'
[INFO] C:\Users\mcgee\OneDrive\Desktop\waterflex\waterflex-scheduler-java\scheduler-service\src\test\java\dev\waterflex\scheduler\CalculationFixture.java:[17,42] Unsafe null type conversion (type annotations): The value of type 'java.util.Map<java.lang.String,dev.waterflex.scheduler.BookingSnapshot.@NonNull Technician>' is made accessible using the less-annotated type 'java.util.@Nullable Map<java.lang.String,dev.waterflex.scheduler.BookingSnapshot.Technician>'
[INFO] C:\Users\mcgee\OneDrive\Desktop\waterflex\waterflex-scheduler-java\scheduler-service\src\test\java\dev\waterflex\scheduler\CalculationFixture.java:[17,75] Unsafe null type conversion (type annotations): The value of type 'java.util.Map<java.lang.String,dev.waterflex.scheduler.BookingSnapshot.@NonNull Visit>' is made accessible using the less-annotated type 'java.util.@Nullable Map<java.lang.String,dev.waterflex.scheduler.BookingSnapshot.Visit>'
[INFO] C:\Users\mcgee\OneDrive\Desktop\waterflex\waterflex-scheduler-java\scheduler-service\src\test\java\dev\waterflex\scheduler\FieldScenarioTest.java:[64,60] Unsafe null type conversion (type annotations): The value of type 'java.util.Map<java.lang.String,java.lang.@NonNull Object>' is made accessible using the less-annotated type 'java.util.Map<java.lang.String,java.lang.Object>'
[INFO] C:\Users\mcgee\OneDrive\Desktop\waterflex\waterflex-scheduler-java\scheduler-service\src\test\java\dev\waterflex\scheduler\FieldScenarioTest.java:[93,55] Unsafe null type conversion (type annotations): The value of type 'java.util.Map<java.lang.String,dev.waterflex.scheduler.BookingSnapshot.@NonNull Visit>' is made accessible using the less-annotated type 'java.util.@Nullable Map<java.lang.String,dev.waterflex.scheduler.BookingSnapshot.Visit>'
[INFO] C:\Users\mcgee\OneDrive\Desktop\waterflex\waterflex-scheduler-java\scheduler-service\src\test\java\dev\waterflex\scheduler\FieldScenarioTest.java:[103,55] Unsafe null type conversion (type annotations): The value of type 'java.util.Map<java.lang.String,dev.waterflex.scheduler.BookingSnapshot.@NonNull Visit>' is made accessible using the less-annotated type 'java.util.@Nullable Map<java.lang.String,dev.waterflex.scheduler.BookingSnapshot.Visit>'
[INFO] C:\Users\mcgee\OneDrive\Desktop\waterflex\waterflex-scheduler-java\scheduler-service\src\test\java\dev\waterflex\scheduler\FieldScenarioTest.java:[112,17] Unsafe null type conversion (type annotations): The value of type 'java.util.Map<java.lang.String,@NonNull java.lang.Object & java.io.Serializable & java.lang.Comparable<?> & java.lang.constant.Constable & java.lang.constant.ConstantDesc>' is made accessible using the less-annotated type 'java.util.Map<java.lang.String,java.lang.Object & java.io.Serializable & java.lang.Comparable<?> & java.lang.constant.Constable & java.lang.constant.ConstantDesc>'
[INFO] C:\Users\mcgee\OneDrive\Desktop\waterflex\waterflex-scheduler-java\scheduler-service\src\test\java\dev\waterflex\scheduler\FieldScenarioTest.java:[128,67] Unsafe null type conversion (type annotations): The value of type 'java.util.Map<java.lang.String,dev.waterflex.scheduler.BookingSnapshot.@NonNull Visit>' is made accessible using the less-annotated type 'java.util.@Nullable Map<java.lang.String,dev.waterflex.scheduler.BookingSnapshot.Visit>'
[INFO] C:\Users\mcgee\OneDrive\Desktop\waterflex\waterflex-scheduler-java\scheduler-service\src\test\java\dev\waterflex\scheduler\FieldScenarioTest.java:[138,70] Unsafe null type conversion (type annotations): The value of type 'java.util.Map<java.lang.String,dev.waterflex.scheduler.BookingSnapshot.@NonNull Visit>' is made accessible using the less-annotated type 'java.util.@Nullable Map<java.lang.String,dev.waterflex.scheduler.BookingSnapshot.Visit>'
[INFO] C:\Users\mcgee\OneDrive\Desktop\waterflex\waterflex-scheduler-java\scheduler-service\src\test\java\dev\waterflex\scheduler\FieldScenarioTest.java:[155,53] Unsafe null type conversion (type annotations): The value of type 'java.util.Map<java.lang.String,dev.waterflex.scheduler.BookingSnapshot.@NonNull Visit>' is made accessible using the less-annotated type 'java.util.@Nullable Map<java.lang.String,dev.waterflex.scheduler.BookingSnapshot.Visit>'
[INFO] C:\Users\mcgee\OneDrive\Desktop\waterflex\waterflex-scheduler-java\scheduler-service\src\test\java\dev\waterflex\scheduler\FieldScenarioTest.java:[215,42] Unsafe null type conversion (type annotations): The value of type 'java.util.List<dev.waterflex.scheduler.optimizer.TechRoute.@NonNull Unavailable>' is made accessible using the less-annotated type 'java.util.@Nullable List<dev.waterflex.scheduler.optimizer.TechRoute.Unavailable>'
[INFO] C:\Users\mcgee\OneDrive\Desktop\waterflex\waterflex-scheduler-java\scheduler-service\src\test\java\dev\waterflex\scheduler\ReservationDeletionTest.java:[25,50] Unsafe null type conversion (type annotations): The value of type 'java.util.Map<java.lang.String,dev.waterflex.scheduler.optimizer.DayPlan.@NonNull RoadLeg>' is made accessible using the less-annotated type 'java.util.@Nullable Map<java.lang.String,dev.waterflex.scheduler.optimizer.DayPlan.RoadLeg>'
[INFO] C:\Users\mcgee\OneDrive\Desktop\waterflex\waterflex-scheduler-java\scheduler-service\src\test\java\dev\waterflex\scheduler\ReservationDeletionTest.java:[28,46] Unsafe null type conversion (type annotations): The value of type 'java.util.Map<java.lang.String,dev.waterflex.scheduler.BookingSnapshot.@NonNull Technician>' is made accessible using the less-annotated type 'java.util.@Nullable Map<java.lang.String,dev.waterflex.scheduler.BookingSnapshot.Technician>'
[INFO] C:\Users\mcgee\OneDrive\Desktop\waterflex\waterflex-scheduler-java\scheduler-service\src\test\java\dev\waterflex\scheduler\ReservationDeletionTest.java:[28,90] Unsafe null type conversion (type annotations): The value of type 'java.util.Map<java.lang.String,dev.waterflex.scheduler.BookingSnapshot.@NonNull Visit>' is made accessible using the less-annotated type 'java.util.@Nullable Map<java.lang.String,dev.waterflex.scheduler.BookingSnapshot.Visit>'
[INFO] C:\Users\mcgee\OneDrive\Desktop\waterflex\waterflex-scheduler-java\scheduler-service\src\test\java\dev\waterflex\scheduler\ReservationDeletionTest.java:[38,43] Unsafe null type conversion (type annotations): The value of type 'java.util.Map<java.time.@NonNull LocalDate,dev.waterflex.scheduler.BookingSnapshot.@NonNull Day>' is made accessible using the less-annotated type 'java.util.@Nullable Map<java.time.LocalDate,dev.waterflex.scheduler.BookingSnapshot.Day>'
[INFO] C:\Users\mcgee\OneDrive\Desktop\waterflex\waterflex-scheduler-java\scheduler-service\src\test\java\dev\waterflex\scheduler\ReservationDeletionTest.java:[38,78] Unsafe null type conversion (type annotations): The value of type 'java.util.Map<java.time.@NonNull LocalDate,java.util.Map<java.lang.String,dev.waterflex.scheduler.ReservationState.Hold>>' is made accessible using the less-annotated type 'java.util.@Nullable Map<java.time.LocalDate,java.util.Map<java.lang.String,dev.waterflex.scheduler.ReservationState.Hold>>'
[INFO] C:\Users\mcgee\OneDrive\Desktop\waterflex\waterflex-scheduler-java\scheduler-service\src\test\java\dev\waterflex\scheduler\ReservedOvertimeTest.java:[40,42] Unsafe null type conversion (type annotations): The value of type 'java.util.Map<java.lang.String,dev.waterflex.scheduler.BookingSnapshot.@NonNull Technician>' is made accessible using the less-annotated type 'java.util.@Nullable Map<java.lang.String,dev.waterflex.scheduler.BookingSnapshot.Technician>'
[INFO] C:\Users\mcgee\OneDrive\Desktop\waterflex\waterflex-scheduler-java\scheduler-service\src\test\java\dev\waterflex\scheduler\ReservedOvertimeTest.java:[40,82] Unsafe null type conversion (type annotations): The value of type 'java.util.Map<java.lang.String,dev.waterflex.scheduler.BookingSnapshot.@NonNull Visit>' is made accessible using the less-annotated type 'java.util.@Nullable Map<java.lang.String,dev.waterflex.scheduler.BookingSnapshot.Visit>'
[INFO] C:\Users\mcgee\OneDrive\Desktop\waterflex\waterflex-scheduler-java\scheduler-service\src\test\java\dev\waterflex\scheduler\ReservedOvertimeTest.java:[45,44] Unsafe null type conversion (type annotations): The value of type 'java.util.@NonNull Map<java.lang.String,dev.waterflex.scheduler.BookingSnapshot.@NonNull Visit>' is made accessible using the less-annotated type 'java.util.@NonNull Map<java.lang.String,dev.waterflex.scheduler.BookingSnapshot.Visit>'
[INFO] C:\Users\mcgee\OneDrive\Desktop\waterflex\waterflex-scheduler-java\scheduler-service\src\test\java\dev\waterflex\scheduler\ReservedOvertimeTest.java:[54,69] Unsafe null type conversion (type annotations): The value of type 'java.util.List<dev.waterflex.scheduler.BoundedBookingSearch.@NonNull Candidate>' is made accessible using the less-annotated type 'java.util.@Nullable List<dev.waterflex.scheduler.BoundedBookingSearch.Candidate>'
[INFO] C:\Users\mcgee\OneDrive\Desktop\waterflex\waterflex-scheduler-java\scheduler-service\src\test\java\dev\waterflex\scheduler\ReservedOvertimeTest.java:[56,32] Unsafe null type conversion (type annotations): The value of type 'java.util.Map<java.time.@NonNull LocalDate,java.util.Map<java.lang.String,dev.waterflex.scheduler.ReservationState.Hold>>' is made accessible using the less-annotated type 'java.util.@Nullable Map<java.time.LocalDate,java.util.Map<java.lang.String,dev.waterflex.scheduler.ReservationState.Hold>>'
[INFO] C:\Users\mcgee\OneDrive\Desktop\waterflex\waterflex-scheduler-java\scheduler-service\src\test\java\dev\waterflex\scheduler\ReservedOvertimeTest.java:[69,50] Unsafe null type conversion (type annotations): The value of type 'java.util.Map<java.lang.String,dev.waterflex.scheduler.optimizer.DayPlan.@NonNull RoadLeg>' is made accessible using the less-annotated type 'java.util.@Nullable Map<java.lang.String,dev.waterflex.scheduler.optimizer.DayPlan.RoadLeg>'
[INFO] C:\Users\mcgee\OneDrive\Desktop\waterflex\waterflex-scheduler-java\scheduler-service\src\test\java\dev\waterflex\scheduler\ReservedOvertimeTest.java:[72,46] Unsafe null type conversion (type annotations): The value of type 'java.util.Map<java.lang.String,dev.waterflex.scheduler.BookingSnapshot.@NonNull Technician>' is made accessible using the less-annotated type 'java.util.@Nullable Map<java.lang.String,dev.waterflex.scheduler.BookingSnapshot.Technician>'
[INFO] C:\Users\mcgee\OneDrive\Desktop\waterflex\waterflex-scheduler-java\scheduler-service\src\test\java\dev\waterflex\scheduler\ReservedOvertimeTest.java:[72,90] Unsafe null type conversion (type annotations): The value of type 'java.util.Map<java.lang.String,dev.waterflex.scheduler.BookingSnapshot.@NonNull Visit>' is made accessible using the less-annotated type 'java.util.@Nullable Map<java.lang.String,dev.waterflex.scheduler.BookingSnapshot.Visit>'
[INFO] C:\Users\mcgee\OneDrive\Desktop\waterflex\waterflex-scheduler-java\scheduler-service\src\test\java\dev\waterflex\scheduler\ReservedOvertimeTest.java:[78,64] Unsafe null type conversion (type annotations): The value of type 'java.util.Map<java.time.@NonNull LocalDate,dev.waterflex.scheduler.BookingSnapshot.@NonNull Day>' is made accessible using the less-annotated type 'java.util.@Nullable Map<java.time.LocalDate,dev.waterflex.scheduler.BookingSnapshot.Day>'
[INFO] C:\Users\mcgee\OneDrive\Desktop\waterflex\waterflex-scheduler-java\scheduler-service\src\test\java\dev\waterflex\scheduler\ReservedOvertimeTest.java:[78,99] Unsafe null type conversion (type annotations): The value of type 'java.util.Map<java.time.@NonNull LocalDate,java.util.Map<java.lang.String,dev.waterflex.scheduler.ReservationState.Hold>>' is made accessible using the less-annotated type 'java.util.@Nullable Map<java.time.LocalDate,java.util.Map<java.lang.String,dev.waterflex.scheduler.ReservationState.Hold>>'
[INFO] C:\Users\mcgee\OneDrive\Desktop\waterflex\waterflex-scheduler-java\scheduler-service\src\test\java\dev\waterflex\scheduler\ReservedOvertimeTest.java:[78,112] Unsafe null type conversion (type annotations): The value of type 'java.util.Map<java.lang.String,dev.waterflex.scheduler.ReservationState.@NonNull Hold>' is made accessible using the less-annotated type 'java.util.Map<java.lang.String,dev.waterflex.scheduler.ReservationState.Hold>'
[INFO] C:\Users\mcgee\OneDrive\Desktop\waterflex\waterflex-scheduler-java\scheduler-service\src\test\java\dev\waterflex\scheduler\RoadPrewarmingTest.java:[36,27] Unsafe null type conversion (type annotations): The value of type 'java.util.@NonNull List<dev.waterflex.scheduler.RoadClient.@NonNull Pair>' is made accessible using the less-annotated type 'java.util.@NonNull List<dev.waterflex.scheduler.RoadClient.Pair>'
[INFO] C:\Users\mcgee\OneDrive\Desktop\waterflex\waterflex-scheduler-java\scheduler-service\src\test\java\dev\waterflex\scheduler\RoadPrewarmingTest.java:[37,48] Unsafe null type conversion (type annotations): The value of type 'java.util.@NonNull List<dev.waterflex.scheduler.RoadClient.@NonNull Pair>' is made accessible using the less-annotated type 'java.util.@NonNull List<dev.waterflex.scheduler.RoadClient.Pair>'
[INFO] C:\Users\mcgee\OneDrive\Desktop\waterflex\waterflex-scheduler-java\scheduler-service\src\test\java\dev\waterflex\scheduler\RoadPrewarmingTest.java:[38,27] Unsafe null type conversion (type annotations): The value of type 'java.util.@NonNull List<dev.waterflex.scheduler.RoadClient.@NonNull Pair>' is made accessible using the less-annotated type 'java.util.@NonNull List<dev.waterflex.scheduler.RoadClient.Pair>'
[INFO] C:\Users\mcgee\OneDrive\Desktop\waterflex\waterflex-scheduler-java\scheduler-service\src\test\java\dev\waterflex\scheduler\RoadPrewarmingTest.java:[41,48] Unsafe null type conversion (type annotations): The value of type 'java.util.@NonNull List<dev.waterflex.scheduler.RoadClient.@NonNull Pair>' is made accessible using the less-annotated type 'java.util.@NonNull List<dev.waterflex.scheduler.RoadClient.Pair>'
[INFO] C:\Users\mcgee\OneDrive\Desktop\waterflex\waterflex-scheduler-java\scheduler-service\src\test\java\dev\waterflex\scheduler\RoadPrewarmingTest.java:[43,47] Unsafe null type conversion (type annotations): The value of type 'java.util.@NonNull List<dev.waterflex.scheduler.RoadClient.@NonNull Pair>' is made accessible using the less-annotated type 'java.util.@NonNull List<dev.waterflex.scheduler.RoadClient.Pair>'
[INFO] C:\Users\mcgee\OneDrive\Desktop\waterflex\waterflex-scheduler-java\scheduler-service\src\test\java\dev\waterflex\scheduler\optimizer\DailyAttemptDatabaseIT.java:[57,42] Unsafe null type conversion (type annotations): The value of type 'java.util.List<java.lang.@NonNull String>' is made accessible using the less-annotated type 'java.util.@Nullable List<java.lang.String>'
[INFO] C:\Users\mcgee\OneDrive\Desktop\waterflex\waterflex-scheduler-java\scheduler-service\src\test\java\dev\waterflex\scheduler\optimizer\DailyAttemptDatabaseIT.java:[57,57] Unsafe null type conversion (type annotations): The value of type 'java.util.@NonNull List<java.time.@NonNull LocalDate>' is made accessible using the less-annotated type 'java.util.@NonNull List<java.time.LocalDate>'
[INFO] C:\Users\mcgee\OneDrive\Desktop\waterflex\waterflex-scheduler-java\scheduler-service\src\test\java\dev\waterflex\scheduler\optimizer\DailyConstructionTest.java:[64,36] Unsafe null type conversion (type annotations): The value of type 'java.util.Map<java.lang.String,dev.waterflex.scheduler.optimizer.DayPlan.@NonNull RoadLeg>' is made accessible using the less-annotated type 'java.util.@Nullable Map<java.lang.String,dev.waterflex.scheduler.optimizer.DayPlan.RoadLeg>'
[INFO] C:\Users\mcgee\OneDrive\Desktop\waterflex\waterflex-scheduler-java\scheduler-service\src\test\java\dev\waterflex\scheduler\optimizer\DailyConstructionTest.java:[104,68] Unsafe null type conversion (type annotations): The value of type 'java.util.List<dev.waterflex.scheduler.optimizer.TechRoute.@NonNull Unavailable>' is made accessible using the less-annotated type 'java.util.@Nullable List<dev.waterflex.scheduler.optimizer.TechRoute.Unavailable>'
[INFO] C:\Users\mcgee\OneDrive\Desktop\waterflex\waterflex-scheduler-java\scheduler-service\src\test\java\dev\waterflex\scheduler\optimizer\DailyConstructionTest.java:[107,40] Unsafe null type conversion (type annotations): The value of type 'java.util.Map<java.lang.String,dev.waterflex.scheduler.optimizer.DayPlan.@NonNull RoadLeg>' is made accessible using the less-annotated type 'java.util.@Nullable Map<java.lang.String,dev.waterflex.scheduler.optimizer.DayPlan.RoadLeg>'
[INFO] C:\Users\mcgee\OneDrive\Desktop\waterflex\waterflex-scheduler-java\scheduler-service\src\test\java\dev\waterflex\scheduler\optimizer\DailyConstructionTest.java:[144,32] Unsafe null type conversion (type annotations): The value of type 'java.util.List<dev.waterflex.scheduler.optimizer.@NonNull PlanVisit>' is made accessible using the less-annotated type 'java.util.@Nullable List<dev.waterflex.scheduler.optimizer.PlanVisit>'
[INFO] C:\Users\mcgee\OneDrive\Desktop\waterflex\waterflex-scheduler-java\scheduler-service\src\test\java\dev\waterflex\scheduler\optimizer\DailyPolicyDiagnosticsTest.java:[19,43] Unsafe null type conversion (type annotations): The value of type 'java.util.List<dev.waterflex.scheduler.optimizer.@NonNull TechRoute>' is made accessible using the less-annotated type 'java.util.@Nullable List<dev.waterflex.scheduler.optimizer.TechRoute>'
[INFO] C:\Users\mcgee\OneDrive\Desktop\waterflex\waterflex-scheduler-java\scheduler-service\src\test\java\dev\waterflex\scheduler\optimizer\DailyPolicyDiagnosticsTest.java:[19,74] Unsafe null type conversion (type annotations): The value of type 'java.util.List<dev.waterflex.scheduler.optimizer.@NonNull PlanVisit>' is made accessible using the less-annotated type 'java.util.@Nullable List<dev.waterflex.scheduler.optimizer.PlanVisit>'
[INFO] C:\Users\mcgee\OneDrive\Desktop\waterflex\waterflex-scheduler-java\scheduler-service\src\test\java\dev\waterflex\scheduler\optimizer\TimefoldAuditEvidenceTest.java:[49,50] Unsafe null type conversion (type annotations): The value of type 'java.util.List<dev.waterflex.scheduler.optimizer.@NonNull TechRoute>' is made accessible using the less-annotated type 'java.util.@Nullable List<dev.waterflex.scheduler.optimizer.TechRoute>'
[INFO] C:\Users\mcgee\OneDrive\Desktop\waterflex\waterflex-scheduler-java\scheduler-service\src\test\java\dev\waterflex\scheduler\optimizer\TimefoldAuditEvidenceTest.java:[49,84] Unsafe null type conversion (type annotations): The value of type 'java.util.List<dev.waterflex.scheduler.optimizer.@NonNull PlanVisit>' is made accessible using the less-annotated type 'java.util.@Nullable List<dev.waterflex.scheduler.optimizer.PlanVisit>'
[INFO] C:\Users\mcgee\OneDrive\Desktop\waterflex\waterflex-scheduler-java\scheduler-service\src\test\java\dev\waterflex\scheduler\optimizer\TimefoldAuditEvidenceTest.java:[71,36] Unsafe null type conversion (type annotations): The value of type 'java.util.Map<java.lang.String,dev.waterflex.scheduler.optimizer.DayPlan.@NonNull RoadLeg>' is made accessible using the less-annotated type 'java.util.@Nullable Map<java.lang.String,dev.waterflex.scheduler.optimizer.DayPlan.RoadLeg>'
[INFO] 
[INFO] --- surefire:3.5.6:test (default-test) @ scheduler-service ---
[INFO] Using auto detected provider org.apache.maven.surefire.junitplatform.JUnitPlatformProvider
[INFO] 
[INFO] -------------------------------------------------------
[INFO]  T E S T S
[INFO] -------------------------------------------------------
[INFO] Running dev.waterflex.scheduler.BenchmarkIsolationTest
Mockito is currently self-attaching to enable the inline-mock-maker. This will no longer work in future releases of the JDK. Please add Mockito as an agent to your build as described in Mockito's documentation: https://javadoc.io/doc/org.mockito/mockito-core/latest/org.mockito/org/mockito/Mockito.html#0.3
Java HotSpot(TM) 64-Bit Server VM warning: Sharing is only supported for boot loader classes because bootstrap classpath has been appended
WARNING: A Java agent has been loaded dynamically (C:\Users\mcgee\.m2\repository\net\bytebuddy\byte-buddy-agent\1.18.11\byte-buddy-agent-1.18.11.jar)
WARNING: If a serviceability tool is in use, please run with -XX:+EnableDynamicAgentLoading to hide this warning
WARNING: If a serviceability tool is not in use, please run with -Djdk.instrument.traceUsage for more information
WARNING: Dynamic loading of agents will be disallowed by default in a future release
21:20:02.342 [main] INFO org.springframework.scheduling.config.TaskSchedulerRouter -- No TaskScheduler/ScheduledExecutorService bean found for scheduled processing
[INFO] Tests run: 2, Failures: 0, Errors: 0, Skipped: 0, Time elapsed: 1.102 s -- in dev.waterflex.scheduler.BenchmarkIsolationTest
[INFO] Running dev.waterflex.scheduler.BookingLocationTest
[INFO] Tests run: 4, Failures: 0, Errors: 0, Skipped: 0, Time elapsed: 0.055 s -- in dev.waterflex.scheduler.BookingLocationTest
[INFO] Running dev.waterflex.scheduler.BookingMoneyTest
[INFO] Tests run: 1, Failures: 0, Errors: 0, Skipped: 0, Time elapsed: 0.286 s -- in dev.waterflex.scheduler.BookingMoneyTest
[INFO] Running dev.waterflex.scheduler.BookingOfferLimitTest
21:20:03.228 [main] INFO dev.waterflex.scheduler.BookingOfferLimit -- Booking offer limit: 1
21:20:03.255 [main] INFO dev.waterflex.scheduler.BookingOfferLimit -- Booking offer limit: 1
21:20:03.261 [main] INFO dev.waterflex.scheduler.BookingOfferLimit -- Booking offer limit: 1
21:20:03.266 [main] INFO dev.waterflex.scheduler.BookingOfferLimit -- Booking offer limit: 1
21:20:03.273 [main] WARN org.springframework.context.annotation.AnnotationConfigApplicationContext -- Exception encountered during context initialization - cancelling refresh attempt: org.springframework.beans.factory.BeanCreationException: Error creating bean with name 'bookingOfferLimit': Failed to instantiate [dev.waterflex.scheduler.BookingOfferLimit]: Constructor threw exception
21:20:03.278 [main] WARN org.springframework.context.annotation.AnnotationConfigApplicationContext -- Exception encountered during context initialization - cancelling refresh attempt: org.springframework.beans.factory.BeanCreationException: Error creating bean with name 'bookingOfferLimit': Failed to instantiate [dev.waterflex.scheduler.BookingOfferLimit]: Constructor threw exception
21:20:03.282 [main] WARN org.springframework.context.annotation.AnnotationConfigApplicationContext -- Exception encountered during context initialization - cancelling refresh attempt: org.springframework.beans.factory.BeanCreationException: Error creating bean with name 'bookingOfferLimit': Failed to instantiate [dev.waterflex.scheduler.BookingOfferLimit]: Constructor threw exception
21:20:03.286 [main] WARN org.springframework.context.annotation.AnnotationConfigApplicationContext -- Exception encountered during context initialization - cancelling refresh attempt: org.springframework.beans.factory.BeanCreationException: Error creating bean with name 'bookingOfferLimit': Failed to instantiate [dev.waterflex.scheduler.BookingOfferLimit]: Constructor threw exception
21:20:03.290 [main] WARN org.springframework.context.annotation.AnnotationConfigApplicationContext -- Exception encountered during context initialization - cancelling refresh attempt: org.springframework.beans.factory.BeanCreationException: Error creating bean with name 'bookingOfferLimit': Failed to instantiate [dev.waterflex.scheduler.BookingOfferLimit]: Constructor threw exception
21:20:03.294 [main] WARN org.springframework.context.annotation.AnnotationConfigApplicationContext -- Exception encountered during context initialization - cancelling refresh attempt: org.springframework.beans.factory.BeanCreationException: Error creating bean with name 'bookingOfferLimit': Failed to instantiate [dev.waterflex.scheduler.BookingOfferLimit]: Constructor threw exception
21:20:03.297 [main] WARN org.springframework.context.annotation.AnnotationConfigApplicationContext -- Exception encountered during context initialization - cancelling refresh attempt: org.springframework.beans.factory.BeanCreationException: Error creating bean with name 'bookingOfferLimit': Failed to instantiate [dev.waterflex.scheduler.BookingOfferLimit]: Constructor threw exception
21:20:03.301 [main] WARN org.springframework.context.annotation.AnnotationConfigApplicationContext -- Exception encountered during context initialization - cancelling refresh attempt: org.springframework.beans.factory.BeanCreationException: Error creating bean with name 'bookingOfferLimit': Failed to instantiate [dev.waterflex.scheduler.BookingOfferLimit]: Constructor threw exception
21:20:03.304 [main] WARN org.springframework.context.annotation.AnnotationConfigApplicationContext -- Exception encountered during context initialization - cancelling refresh attempt: org.springframework.beans.factory.BeanCreationException: Error creating bean with name 'bookingOfferLimit': Failed to instantiate [dev.waterflex.scheduler.BookingOfferLimit]: Constructor threw exception
21:20:03.308 [main] WARN org.springframework.context.annotation.AnnotationConfigApplicationContext -- Exception encountered during context initialization - cancelling refresh attempt: org.springframework.beans.factory.BeanCreationException: Error creating bean with name 'bookingOfferLimit': Failed to instantiate [dev.waterflex.scheduler.BookingOfferLimit]: Constructor threw exception
[INFO] Tests run: 15, Failures: 0, Errors: 0, Skipped: 0, Time elapsed: 0.211 s -- in dev.waterflex.scheduler.BookingOfferLimitTest
[INFO] Running dev.waterflex.scheduler.BookingRefinementTransportTest
21:20:03.426 [main] INFO dev.waterflex.scheduler.BookingOfferLimit -- Booking offer limit: 1
21:20:03.491 [main] INFO dev.waterflex.scheduler.BookingOfferLimit -- Booking offer limit: 1
[INFO] Tests run: 1, Failures: 0, Errors: 0, Skipped: 0, Time elapsed: 0.191 s -- in dev.waterflex.scheduler.BookingRefinementTransportTest
[INFO] Running dev.waterflex.scheduler.BookingRouteBoundsTest
[INFO] Tests run: 1, Failures: 0, Errors: 0, Skipped: 0, Time elapsed: 0.350 s -- in dev.waterflex.scheduler.BookingRouteBoundsTest
[INFO] Running dev.waterflex.scheduler.BookingSearchOutcomeTest
21:20:04.120 [main] WARN dev.waterflex.scheduler.BookingController -- Booking routing failure for job job
dev.waterflex.scheduler.RoadClient$RoadUnavailable: Road unavailable
	at dev.waterflex.scheduler.BookingCoordinator.offers(BookingCoordinator.java:32)
	at dev.waterflex.scheduler.BookingController.search(BookingController.java:87)
	at dev.waterflex.scheduler.BookingController.lambda$0(BookingController.java:66)
	at dev.waterflex.scheduler.SearchDeadline.within(SearchDeadline.java:78)
	at dev.waterflex.scheduler.BookingController.offers(BookingController.java:64)
	at dev.waterflex.scheduler.BookingSearchOutcomeTest.failuresRemainDistinctAndDoNotProduceOffers(BookingSearchOutcomeTest.java:54)
	at java.base/jdk.internal.reflect.DirectMethodHandleAccessor.invoke(DirectMethodHandleAccessor.java:104)
	at java.base/java.lang.reflect.Method.invoke(Method.java:565)
	at org.junit.platform.commons.util.ReflectionUtils.invokeMethod(ReflectionUtils.java:701)
	at org.junit.platform.commons.support.ReflectionSupport.invokeMethod(ReflectionSupport.java:502)
	at org.junit.jupiter.engine.support.MethodReflectionUtils.invoke(MethodReflectionUtils.java:45)
	at org.junit.jupiter.engine.execution.MethodInvocation.proceed(MethodInvocation.java:61)
	at org.junit.jupiter.engine.execution.InvocationInterceptorChain$ValidatingInvocation.proceed(InvocationInterceptorChain.java:124)
	at org.junit.jupiter.engine.extension.TimeoutExtension.intercept(TimeoutExtension.java:163)
	at org.junit.jupiter.engine.extension.TimeoutExtension.interceptTestableMethod(TimeoutExtension.java:148)
	at org.junit.jupiter.engine.extension.TimeoutExtension.interceptTestMethod(TimeoutExtension.java:86)
	at org.junit.jupiter.engine.execution.InterceptingExecutableInvoker$ReflectiveInterceptorCall.lambda$ofVoidMethod$0(InterceptingExecutableInvoker.java:123)
	at org.junit.jupiter.engine.execution.InterceptingExecutableInvoker.lambda$invoke$0(InterceptingExecutableInvoker.java:105)
	at org.junit.jupiter.engine.execution.InvocationInterceptorChain$InterceptedInvocation.proceed(InvocationInterceptorChain.java:99)
	at org.junit.jupiter.engine.execution.InvocationInterceptorChain.proceed(InvocationInterceptorChain.java:66)
	at org.junit.jupiter.engine.execution.InvocationInterceptorChain.chainAndInvoke(InvocationInterceptorChain.java:47)
	at org.junit.jupiter.engine.execution.InvocationInterceptorChain.invoke(InvocationInterceptorChain.java:39)
	at org.junit.jupiter.engine.execution.InterceptingExecutableInvoker.invoke(InterceptingExecutableInvoker.java:104)
	at org.junit.jupiter.engine.execution.InterceptingExecutableInvoker.invoke(InterceptingExecutableInvoker.java:98)
	at org.junit.jupiter.engine.execution.InterceptingExecutableInvoker.invokeVoid(InterceptingExecutableInvoker.java:71)
	at org.junit.jupiter.engine.descriptor.TestMethodTestDescriptor.lambda$invokeTestMethod$0(TestMethodTestDescriptor.java:219)
	at org.junit.platform.engine.support.hierarchical.ThrowableCollector.execute(ThrowableCollector.java:74)
	at org.junit.jupiter.engine.descriptor.TestMethodTestDescriptor.invokeTestMethod(TestMethodTestDescriptor.java:215)
	at org.junit.jupiter.engine.descriptor.TestMethodTestDescriptor.execute(TestMethodTestDescriptor.java:157)
	at org.junit.jupiter.engine.descriptor.TestMethodTestDescriptor.execute(TestMethodTestDescriptor.java:70)
	at org.junit.platform.engine.support.hierarchical.NodeTestTask.lambda$executeRecursively$2(NodeTestTask.java:176)
	at org.junit.platform.engine.support.hierarchical.ThrowableCollector.execute(ThrowableCollector.java:74)
	at org.junit.platform.engine.support.hierarchical.NodeTestTask.lambda$executeRecursively$1(NodeTestTask.java:166)
	at org.junit.platform.engine.support.hierarchical.Node.around(Node.java:138)
	at org.junit.platform.engine.support.hierarchical.NodeTestTask.lambda$executeRecursively$0(NodeTestTask.java:164)
	at org.junit.platform.engine.support.hierarchical.ThrowableCollector.execute(ThrowableCollector.java:74)
	at org.junit.platform.engine.support.hierarchical.NodeTestTask.executeRecursively(NodeTestTask.java:163)
	at org.junit.platform.engine.support.hierarchical.NodeTestTask.execute(NodeTestTask.java:116)
	at java.base/java.util.ArrayList.forEach(ArrayList.java:1604)
	at org.junit.platform.engine.support.hierarchical.SameThreadHierarchicalTestExecutorService.invokeAll(SameThreadHierarchicalTestExecutorService.java:42)
	at org.junit.platform.engine.support.hierarchical.NodeTestTask.lambda$executeRecursively$2(NodeTestTask.java:180)
	at org.junit.platform.engine.support.hierarchical.ThrowableCollector.execute(ThrowableCollector.java:74)
	at org.junit.platform.engine.support.hierarchical.NodeTestTask.lambda$executeRecursively$1(NodeTestTask.java:166)
	at org.junit.platform.engine.support.hierarchical.Node.around(Node.java:138)
	at org.junit.platform.engine.support.hierarchical.NodeTestTask.lambda$executeRecursively$0(NodeTestTask.java:164)
	at org.junit.platform.engine.support.hierarchical.ThrowableCollector.execute(ThrowableCollector.java:74)
	at org.junit.platform.engine.support.hierarchical.NodeTestTask.executeRecursively(NodeTestTask.java:163)
	at org.junit.platform.engine.support.hierarchical.NodeTestTask.execute(NodeTestTask.java:116)
	at java.base/java.util.ArrayList.forEach(ArrayList.java:1604)
	at org.junit.platform.engine.support.hierarchical.SameThreadHierarchicalTestExecutorService.invokeAll(SameThreadHierarchicalTestExecutorService.java:42)
	at org.junit.platform.engine.support.hierarchical.NodeTestTask.lambda$executeRecursively$2(NodeTestTask.java:180)
	at org.junit.platform.engine.support.hierarchical.ThrowableCollector.execute(ThrowableCollector.java:74)
	at org.junit.platform.engine.support.hierarchical.NodeTestTask.lambda$executeRecursively$1(NodeTestTask.java:166)
	at org.junit.platform.engine.support.hierarchical.Node.around(Node.java:138)
	at org.junit.platform.engine.support.hierarchical.NodeTestTask.lambda$executeRecursively$0(NodeTestTask.java:164)
	at org.junit.platform.engine.support.hierarchical.ThrowableCollector.execute(ThrowableCollector.java:74)
	at org.junit.platform.engine.support.hierarchical.NodeTestTask.executeRecursively(NodeTestTask.java:163)
	at org.junit.platform.engine.support.hierarchical.NodeTestTask.execute(NodeTestTask.java:116)
	at org.junit.platform.engine.support.hierarchical.SameThreadHierarchicalTestExecutorService.submit(SameThreadHierarchicalTestExecutorService.java:36)
	at org.junit.platform.engine.support.hierarchical.HierarchicalTestExecutor.execute(HierarchicalTestExecutor.java:52)
	at org.junit.platform.engine.support.hierarchical.HierarchicalTestEngine.execute(HierarchicalTestEngine.java:58)
	at org.junit.platform.launcher.core.EngineExecutionOrchestrator.executeEngine(EngineExecutionOrchestrator.java:246)
	at org.junit.platform.launcher.core.EngineExecutionOrchestrator.failOrExecuteEngine(EngineExecutionOrchestrator.java:218)
	at org.junit.platform.launcher.core.EngineExecutionOrchestrator.execute(EngineExecutionOrchestrator.java:179)
	at org.junit.platform.launcher.core.EngineExecutionOrchestrator.execute(EngineExecutionOrchestrator.java:108)
	at org.junit.platform.launcher.core.EngineExecutionOrchestrator.lambda$execute$0(EngineExecutionOrchestrator.java:66)
	at org.junit.platform.launcher.core.EngineExecutionOrchestrator.withInterceptedStreams(EngineExecutionOrchestrator.java:157)
	at org.junit.platform.launcher.core.EngineExecutionOrchestrator.execute(EngineExecutionOrchestrator.java:65)
	at org.junit.platform.launcher.core.DefaultLauncher.execute(DefaultLauncher.java:125)
	at org.junit.platform.launcher.core.DefaultLauncher.execute(DefaultLauncher.java:114)
	at org.junit.platform.launcher.core.DelegatingLauncher.execute(DelegatingLauncher.java:58)
	at org.junit.platform.launcher.core.InterceptingLauncher.lambda$execute$2(InterceptingLauncher.java:57)
	at org.junit.platform.launcher.core.ClasspathAlignmentCheckingLauncherInterceptor.intercept(ClasspathAlignmentCheckingLauncherInterceptor.java:25)
	at org.junit.platform.launcher.core.InterceptingLauncher.execute(InterceptingLauncher.java:56)
	at org.junit.platform.launcher.core.DelegatingLauncher.execute(DelegatingLauncher.java:58)
	at java.base/jdk.internal.reflect.DirectMethodHandleAccessor.invoke(DirectMethodHandleAccessor.java:104)
	at java.base/java.lang.reflect.Method.invoke(Method.java:565)
	at org.apache.maven.surefire.api.util.ReflectionUtils.invokeMethodWithArray(ReflectionUtils.java:125)
	at org.apache.maven.surefire.junitplatform.LauncherAdapter.executeWithCancellationToken(LauncherAdapter.java:68)
	at org.apache.maven.surefire.junitplatform.LauncherAdapter.execute(LauncherAdapter.java:54)
	at org.apache.maven.surefire.junitplatform.JUnitPlatformProvider.execute(JUnitPlatformProvider.java:203)
	at org.apache.maven.surefire.junitplatform.JUnitPlatformProvider.invokeAllTests(JUnitPlatformProvider.java:168)
	at org.apache.maven.surefire.junitplatform.JUnitPlatformProvider.invoke(JUnitPlatformProvider.java:136)
	at org.apache.maven.surefire.booter.ForkedBooter.runSuitesInProcess(ForkedBooter.java:385)
	at org.apache.maven.surefire.booter.ForkedBooter.execute(ForkedBooter.java:162)
	at org.apache.maven.surefire.booter.ForkedBooter.run(ForkedBooter.java:507)
	at org.apache.maven.surefire.booter.ForkedBooter.main(ForkedBooter.java:495)
21:20:04.123 [main] WARN dev.waterflex.scheduler.BookingController -- Booking conflict for job job: Changed
[INFO] Tests run: 5, Failures: 0, Errors: 0, Skipped: 0, Time elapsed: 0.276 s -- in dev.waterflex.scheduler.BookingSearchOutcomeTest
[INFO] Running dev.waterflex.scheduler.BookingWeeklyAvailabilityTest
[INFO] Tests run: 6, Failures: 0, Errors: 0, Skipped: 0, Time elapsed: 0.125 s -- in dev.waterflex.scheduler.BookingWeeklyAvailabilityTest
[INFO] Running dev.waterflex.scheduler.BoundedBookingSearchTest
[INFO] Tests run: 17, Failures: 0, Errors: 0, Skipped: 0, Time elapsed: 0.065 s -- in dev.waterflex.scheduler.BoundedBookingSearchTest
[INFO] Running dev.waterflex.scheduler.DepotRequestValidationTest
[INFO] Tests run: 3, Failures: 0, Errors: 0, Skipped: 0, Time elapsed: 0.030 s -- in dev.waterflex.scheduler.DepotRequestValidationTest
[INFO] Running dev.waterflex.scheduler.DirectedLegFlightsTest
[INFO] Tests run: 2, Failures: 0, Errors: 0, Skipped: 0, Time elapsed: 0.119 s -- in dev.waterflex.scheduler.DirectedLegFlightsTest
[INFO] Running dev.waterflex.scheduler.DispatchGeometryControllerTest
21:20:04.793 [main] INFO org.springframework.mock.web.MockServletContext -- Initializing Spring TestDispatcherServlet ''
21:20:04.793 [main] INFO org.springframework.test.web.servlet.TestDispatcherServlet -- Initializing Servlet ''
21:20:04.795 [main] INFO org.springframework.test.web.servlet.TestDispatcherServlet -- Completed initialization in 2 ms
21:20:04.916 [main] INFO org.springframework.mock.web.MockServletContext -- Initializing Spring TestDispatcherServlet ''
21:20:04.916 [main] INFO org.springframework.test.web.servlet.TestDispatcherServlet -- Initializing Servlet ''
21:20:04.916 [main] INFO org.springframework.test.web.servlet.TestDispatcherServlet -- Completed initialization in 0 ms
21:20:04.952 [main] INFO org.springframework.mock.web.MockServletContext -- Initializing Spring TestDispatcherServlet ''
21:20:04.952 [main] INFO org.springframework.test.web.servlet.TestDispatcherServlet -- Initializing Servlet ''
21:20:04.952 [main] INFO org.springframework.test.web.servlet.TestDispatcherServlet -- Completed initialization in 0 ms
21:20:05.010 [main] INFO org.springframework.mock.web.MockServletContext -- Initializing Spring TestDispatcherServlet ''
21:20:05.010 [main] INFO org.springframework.test.web.servlet.TestDispatcherServlet -- Initializing Servlet ''
21:20:05.010 [main] INFO org.springframework.test.web.servlet.TestDispatcherServlet -- Completed initialization in 0 ms
21:20:05.017 [main] INFO org.springframework.mock.web.MockServletContext -- Initializing Spring TestDispatcherServlet ''
21:20:05.017 [main] INFO org.springframework.test.web.servlet.TestDispatcherServlet -- Initializing Servlet ''
21:20:05.017 [main] INFO org.springframework.test.web.servlet.TestDispatcherServlet -- Completed initialization in 0 ms
21:20:05.063 [main] INFO org.springframework.mock.web.MockServletContext -- Initializing Spring TestDispatcherServlet ''
21:20:05.063 [main] INFO org.springframework.test.web.servlet.TestDispatcherServlet -- Initializing Servlet ''
21:20:05.063 [main] INFO org.springframework.test.web.servlet.TestDispatcherServlet -- Completed initialization in 0 ms
21:20:05.075 [main] INFO org.springframework.mock.web.MockServletContext -- Initializing Spring TestDispatcherServlet ''
21:20:05.076 [main] INFO org.springframework.test.web.servlet.TestDispatcherServlet -- Initializing Servlet ''
21:20:05.076 [main] INFO org.springframework.test.web.servlet.TestDispatcherServlet -- Completed initialization in 0 ms
21:20:05.112 [main] INFO org.springframework.mock.web.MockServletContext -- Initializing Spring TestDispatcherServlet ''
21:20:05.112 [main] INFO org.springframework.test.web.servlet.TestDispatcherServlet -- Initializing Servlet ''
21:20:05.112 [main] INFO org.springframework.test.web.servlet.TestDispatcherServlet -- Completed initialization in 0 ms
21:20:05.120 [main] INFO org.springframework.mock.web.MockServletContext -- Initializing Spring TestDispatcherServlet ''
21:20:05.120 [main] INFO org.springframework.test.web.servlet.TestDispatcherServlet -- Initializing Servlet ''
21:20:05.120 [main] INFO org.springframework.test.web.servlet.TestDispatcherServlet -- Completed initialization in 0 ms
[INFO] Tests run: 9, Failures: 0, Errors: 0, Skipped: 0, Time elapsed: 0.657 s -- in dev.waterflex.scheduler.DispatchGeometryControllerTest
[INFO] Running dev.waterflex.scheduler.FieldScenarioTest
[INFO] Tests run: 6, Failures: 0, Errors: 0, Skipped: 0, Time elapsed: 1.019 s -- in dev.waterflex.scheduler.FieldScenarioTest
[INFO] Running dev.waterflex.scheduler.MonetaryTest
[INFO] Tests run: 6, Failures: 0, Errors: 0, Skipped: 0, Time elapsed: 0.019 s -- in dev.waterflex.scheduler.MonetaryTest
[INFO] Running dev.waterflex.scheduler.NullabilityTest
21:20:06.188 [main] INFO org.springframework.mock.web.MockServletContext -- Initializing Spring TestDispatcherServlet ''
21:20:06.188 [main] INFO org.springframework.test.web.servlet.TestDispatcherServlet -- Initializing Servlet ''
21:20:06.188 [main] INFO org.springframework.test.web.servlet.TestDispatcherServlet -- Completed initialization in 0 ms
21:20:06.223 [main] WARN org.springframework.web.servlet.mvc.support.DefaultHandlerExceptionResolver -- Resolved [org.springframework.http.converter.HttpMessageNotReadableException: Required request body is missing: public dev.waterflex.scheduler.BookingController$SearchResponse dev.waterflex.scheduler.BookingController.offers(dev.waterflex.scheduler.BookingController$JobRequest)]
21:20:06.225 [main] WARN org.springframework.web.servlet.mvc.support.DefaultHandlerExceptionResolver -- Resolved [org.springframework.http.converter.HttpMessageNotReadableException: JSON parse error: Cannot deserialize value of type `dev.waterflex.scheduler.BookingController$JobRequest` from Array value (token `JsonToken.START_ARRAY`)]
21:20:06.229 [main] WARN org.springframework.web.servlet.mvc.support.DefaultHandlerExceptionResolver -- Resolved [org.springframework.http.converter.HttpMessageNotReadableException: JSON parse error: Unexpected end-of-input: expected close marker for Object (start marker at [Source: REDACTED (`StreamReadFeature.INCLUDE_SOURCE_IN_LOCATION` disabled); byte offset: #UNKNOWN])]
21:20:06.230 [main] WARN org.springframework.web.servlet.mvc.support.DefaultHandlerExceptionResolver -- Resolved [org.springframework.http.converter.HttpMessageNotReadableException: JSON parse error: Cannot construct instance of `dev.waterflex.scheduler.BookingController$JobRequest` (although at least one Creator exists): no boolean/Boolean-argument constructor/factory method to deserialize from boolean value (false)]
21:20:06.231 [main] WARN org.springframework.web.servlet.mvc.support.DefaultHandlerExceptionResolver -- Resolved [org.springframework.http.converter.HttpMessageNotReadableException: JSON parse error: Cannot coerce Integer value (12) to `java.lang.String` value (but could if coercion was enabled using `CoercionConfig`)]
21:20:06.235 [main] WARN org.springframework.web.servlet.mvc.support.DefaultHandlerExceptionResolver -- Resolved [org.springframework.http.converter.HttpMessageNotReadableException: Required request body is missing: public dev.waterflex.scheduler.BookingService$Selection dev.waterflex.scheduler.BookingController.select(dev.waterflex.scheduler.BookingController$SelectRequest)]
21:20:06.236 [main] WARN org.springframework.web.servlet.mvc.support.DefaultHandlerExceptionResolver -- Resolved [org.springframework.http.converter.HttpMessageNotReadableException: JSON parse error: Cannot deserialize value of type `dev.waterflex.scheduler.BookingController$SelectRequest` from Array value (token `JsonToken.START_ARRAY`)]
21:20:06.237 [main] WARN org.springframework.web.servlet.mvc.support.DefaultHandlerExceptionResolver -- Resolved [org.springframework.http.converter.HttpMessageNotReadableException: JSON parse error: Unexpected end-of-input: expected close marker for Object (start marker at [Source: REDACTED (`StreamReadFeature.INCLUDE_SOURCE_IN_LOCATION` disabled); byte offset: #UNKNOWN])]
21:20:06.237 [main] WARN org.springframework.web.servlet.mvc.support.DefaultHandlerExceptionResolver -- Resolved [org.springframework.http.converter.HttpMessageNotReadableException: JSON parse error: Cannot construct instance of `dev.waterflex.scheduler.BookingController$SelectRequest` (although at least one Creator exists): no boolean/Boolean-argument constructor/factory method to deserialize from boolean value (false)]
21:20:06.237 [main] WARN org.springframework.web.servlet.mvc.support.DefaultHandlerExceptionResolver -- Resolved [org.springframework.http.converter.HttpMessageNotReadableException: JSON parse error: Cannot coerce Integer value (12) to `java.lang.String` value (but could if coercion was enabled using `CoercionConfig`)]
21:20:06.238 [main] WARN org.springframework.web.servlet.mvc.support.DefaultHandlerExceptionResolver -- Resolved [org.springframework.http.converter.HttpMessageNotReadableException: Required request body is missing: public dev.waterflex.scheduler.BookingService$Confirmation dev.waterflex.scheduler.BookingController.confirm(dev.waterflex.scheduler.BookingController$ConfirmRequest)]
21:20:06.239 [main] WARN org.springframework.web.servlet.mvc.support.DefaultHandlerExceptionResolver -- Resolved [org.springframework.http.converter.HttpMessageNotReadableException: JSON parse error: Cannot deserialize value of type `dev.waterflex.scheduler.BookingController$ConfirmRequest` from Array value (token `JsonToken.START_ARRAY`)]
21:20:06.240 [main] WARN org.springframework.web.servlet.mvc.support.DefaultHandlerExceptionResolver -- Resolved [org.springframework.http.converter.HttpMessageNotReadableException: JSON parse error: Unexpected end-of-input: expected close marker for Object (start marker at [Source: REDACTED (`StreamReadFeature.INCLUDE_SOURCE_IN_LOCATION` disabled); byte offset: #UNKNOWN])]
21:20:06.240 [main] WARN org.springframework.web.servlet.mvc.support.DefaultHandlerExceptionResolver -- Resolved [org.springframework.http.converter.HttpMessageNotReadableException: JSON parse error: Cannot construct instance of `dev.waterflex.scheduler.BookingController$ConfirmRequest` (although at least one Creator exists): no boolean/Boolean-argument constructor/factory method to deserialize from boolean value (false)]
21:20:06.241 [main] WARN org.springframework.web.servlet.mvc.support.DefaultHandlerExceptionResolver -- Resolved [org.springframework.http.converter.HttpMessageNotReadableException: JSON parse error: Cannot coerce Boolean value (false) to `java.lang.String` value (but could if coercion was enabled using `CoercionConfig`)]
21:20:06.242 [main] WARN org.springframework.web.servlet.mvc.support.DefaultHandlerExceptionResolver -- Resolved [org.springframework.http.converter.HttpMessageNotReadableException: Required request body is missing: public java.util.Map<java.lang.String, java.lang.Object> dev.waterflex.scheduler.BookingController.cancel(dev.waterflex.scheduler.BookingController$CancelRequest)]
21:20:06.242 [main] WARN org.springframework.web.servlet.mvc.support.DefaultHandlerExceptionResolver -- Resolved [org.springframework.http.converter.HttpMessageNotReadableException: JSON parse error: Cannot deserialize value of type `dev.waterflex.scheduler.BookingController$CancelRequest` from Array value (token `JsonToken.START_ARRAY`)]
21:20:06.244 [main] WARN org.springframework.web.servlet.mvc.support.DefaultHandlerExceptionResolver -- Resolved [org.springframework.http.converter.HttpMessageNotReadableException: JSON parse error: Unexpected end-of-input: expected close marker for Object (start marker at [Source: REDACTED (`StreamReadFeature.INCLUDE_SOURCE_IN_LOCATION` disabled); byte offset: #UNKNOWN])]
21:20:06.244 [main] WARN org.springframework.web.servlet.mvc.support.DefaultHandlerExceptionResolver -- Resolved [org.springframework.http.converter.HttpMessageNotReadableException: JSON parse error: Cannot construct instance of `dev.waterflex.scheduler.BookingController$CancelRequest` (although at least one Creator exists): no boolean/Boolean-argument constructor/factory method to deserialize from boolean value (false)]
21:20:06.321 [main] INFO org.springframework.mock.web.MockServletContext -- Initializing Spring TestDispatcherServlet ''
21:20:06.321 [main] INFO org.springframework.test.web.servlet.TestDispatcherServlet -- Initializing Servlet ''
21:20:06.321 [main] INFO org.springframework.test.web.servlet.TestDispatcherServlet -- Completed initialization in 0 ms
21:20:06.362 [main] INFO org.springframework.mock.web.MockServletContext -- Initializing Spring TestDispatcherServlet ''
21:20:06.362 [main] INFO org.springframework.test.web.servlet.TestDispatcherServlet -- Initializing Servlet ''
21:20:06.362 [main] INFO org.springframework.test.web.servlet.TestDispatcherServlet -- Completed initialization in 0 ms
21:20:06.364 [main] WARN org.springframework.web.servlet.mvc.support.DefaultHandlerExceptionResolver -- Resolved [org.springframework.http.converter.HttpMessageNotReadableException: Required request body is missing: public void dev.waterflex.scheduler.optimizer.OptimizationController.preview(dev.waterflex.scheduler.optimizer.OptimizationService$Request,jakarta.servlet.http.HttpServletResponse) throws java.io.IOException]
21:20:06.365 [main] WARN org.springframework.web.servlet.mvc.support.DefaultHandlerExceptionResolver -- Resolved [org.springframework.http.converter.HttpMessageNotReadableException: JSON parse error: Cannot deserialize value of type `dev.waterflex.scheduler.optimizer.OptimizationService$Request` from Array value (token `JsonToken.START_ARRAY`)]
21:20:06.365 [main] WARN org.springframework.web.servlet.mvc.support.DefaultHandlerExceptionResolver -- Resolved [org.springframework.http.converter.HttpMessageNotReadableException: JSON parse error: Unexpected end-of-input: expected close marker for Object (start marker at [Source: REDACTED (`StreamReadFeature.INCLUDE_SOURCE_IN_LOCATION` disabled); byte offset: #UNKNOWN])]
21:20:06.365 [main] WARN org.springframework.web.servlet.mvc.support.DefaultHandlerExceptionResolver -- Resolved [org.springframework.http.converter.HttpMessageNotReadableException: JSON parse error: Cannot construct instance of `dev.waterflex.scheduler.optimizer.OptimizationService$Request` (although at least one Creator exists): no boolean/Boolean-argument constructor/factory method to deserialize from boolean value (false)]
21:20:06.366 [main] WARN org.springframework.web.servlet.mvc.support.DefaultHandlerExceptionResolver -- Resolved [org.springframework.http.converter.HttpMessageNotReadableException: JSON parse error: Cannot construct instance of `dev.waterflex.scheduler.optimizer.OptimizationService$Request` (although at least one Creator exists): no String-argument constructor/factory method to deserialize from String value ('text')]
21:20:06.367 [main] WARN org.springframework.web.servlet.mvc.support.DefaultHandlerExceptionResolver -- Resolved [org.springframework.http.converter.HttpMessageNotReadableException: Required request body is missing: public java.util.Map<java.lang.String, java.lang.Object> dev.waterflex.scheduler.optimizer.OptimizationController.apply(java.lang.String,dev.waterflex.scheduler.RequestChecks$Empty)]
21:20:06.367 [main] WARN org.springframework.web.servlet.mvc.support.DefaultHandlerExceptionResolver -- Resolved [org.springframework.http.converter.HttpMessageNotReadableException: JSON parse error: Cannot deserialize value of type `dev.waterflex.scheduler.RequestChecks$Empty` from Array value (token `JsonToken.START_ARRAY`)]
21:20:06.368 [main] WARN org.springframework.web.servlet.mvc.support.DefaultHandlerExceptionResolver -- Resolved [org.springframework.http.converter.HttpMessageNotReadableException: JSON parse error: Unexpected end-of-input: expected close marker for Object (start marker at [Source: REDACTED (`StreamReadFeature.INCLUDE_SOURCE_IN_LOCATION` disabled); byte offset: #UNKNOWN])]
21:20:06.368 [main] WARN org.springframework.web.servlet.mvc.support.DefaultHandlerExceptionResolver -- Resolved [org.springframework.http.converter.HttpMessageNotReadableException: JSON parse error: Cannot construct instance of `dev.waterflex.scheduler.RequestChecks$Empty` (although at least one Creator exists): no boolean/Boolean-argument constructor/factory method to deserialize from boolean value (false)]
21:20:06.368 [main] WARN org.springframework.web.servlet.mvc.support.DefaultHandlerExceptionResolver -- Resolved [org.springframework.http.converter.HttpMessageNotReadableException: JSON parse error: Cannot construct instance of `dev.waterflex.scheduler.RequestChecks$Empty` (although at least one Creator exists): no String-argument constructor/factory method to deserialize from String value ('text')]
21:20:06.371 [main] WARN org.springframework.web.servlet.mvc.support.DefaultHandlerExceptionResolver -- Resolved [org.springframework.http.converter.HttpMessageNotReadableException: Required request body is missing: public java.util.Map<java.lang.String, java.lang.Object> dev.waterflex.scheduler.TimeOffController.submit(dev.waterflex.scheduler.TimeOffService$Request)]
21:20:06.371 [main] WARN org.springframework.web.servlet.mvc.support.DefaultHandlerExceptionResolver -- Resolved [org.springframework.http.converter.HttpMessageNotReadableException: JSON parse error: Cannot deserialize value of type `dev.waterflex.scheduler.TimeOffService$Request` from Array value (token `JsonToken.START_ARRAY`)]
21:20:06.372 [main] WARN org.springframework.web.servlet.mvc.support.DefaultHandlerExceptionResolver -- Resolved [org.springframework.http.converter.HttpMessageNotReadableException: JSON parse error: Unexpected end-of-input: expected close marker for Object (start marker at [Source: REDACTED (`StreamReadFeature.INCLUDE_SOURCE_IN_LOCATION` disabled); byte offset: #UNKNOWN])]
21:20:06.372 [main] WARN org.springframework.web.servlet.mvc.support.DefaultHandlerExceptionResolver -- Resolved [org.springframework.http.converter.HttpMessageNotReadableException: JSON parse error: Cannot construct instance of `dev.waterflex.scheduler.TimeOffService$Request` (although at least one Creator exists): no boolean/Boolean-argument constructor/factory method to deserialize from boolean value (false)]
21:20:06.372 [main] WARN org.springframework.web.servlet.mvc.support.DefaultHandlerExceptionResolver -- Resolved [org.springframework.http.converter.HttpMessageNotReadableException: JSON parse error: Cannot construct instance of `dev.waterflex.scheduler.TimeOffService$Request` (although at least one Creator exists): no String-argument constructor/factory method to deserialize from String value ('text')]
21:20:06.373 [main] WARN org.springframework.web.servlet.mvc.support.DefaultHandlerExceptionResolver -- Resolved [org.springframework.http.converter.HttpMessageNotReadableException: Required request body is missing: public java.util.Map<java.lang.String, java.lang.Object> dev.waterflex.scheduler.TimeOffController.approve(java.lang.String,dev.waterflex.scheduler.TimeOffController$Approval)]
21:20:06.373 [main] WARN org.springframework.web.servlet.mvc.support.DefaultHandlerExceptionResolver -- Resolved [org.springframework.http.converter.HttpMessageNotReadableException: JSON parse error: Cannot deserialize value of type `dev.waterflex.scheduler.TimeOffController$Approval` from Array value (token `JsonToken.START_ARRAY`)]
21:20:06.374 [main] WARN org.springframework.web.servlet.mvc.support.DefaultHandlerExceptionResolver -- Resolved [org.springframework.http.converter.HttpMessageNotReadableException: JSON parse error: Unexpected end-of-input: expected close marker for Object (start marker at [Source: REDACTED (`StreamReadFeature.INCLUDE_SOURCE_IN_LOCATION` disabled); byte offset: #UNKNOWN])]
21:20:06.374 [main] WARN org.springframework.web.servlet.mvc.support.DefaultHandlerExceptionResolver -- Resolved [org.springframework.http.converter.HttpMessageNotReadableException: JSON parse error: Cannot construct instance of `dev.waterflex.scheduler.TimeOffController$Approval` (although at least one Creator exists): no boolean/Boolean-argument constructor/factory method to deserialize from boolean value (false)]
21:20:06.374 [main] WARN org.springframework.web.servlet.mvc.support.DefaultHandlerExceptionResolver -- Resolved [org.springframework.http.converter.HttpMessageNotReadableException: JSON parse error: Cannot construct instance of `dev.waterflex.scheduler.TimeOffController$Approval` (although at least one Creator exists): no String-argument constructor/factory method to deserialize from String value ('text')]
21:20:06.374 [main] WARN org.springframework.web.servlet.mvc.support.DefaultHandlerExceptionResolver -- Resolved [org.springframework.http.converter.HttpMessageNotReadableException: Required request body is missing: public java.util.Map<java.lang.String, java.lang.Object> dev.waterflex.scheduler.TimeOffController.retry(java.lang.String,dev.waterflex.scheduler.RequestChecks$Empty)]
21:20:06.374 [main] WARN org.springframework.web.servlet.mvc.support.DefaultHandlerExceptionResolver -- Resolved [org.springframework.http.converter.HttpMessageNotReadableException: JSON parse error: Cannot deserialize value of type `dev.waterflex.scheduler.RequestChecks$Empty` from Array value (token `JsonToken.START_ARRAY`)]
21:20:06.376 [main] WARN org.springframework.web.servlet.mvc.support.DefaultHandlerExceptionResolver -- Resolved [org.springframework.http.converter.HttpMessageNotReadableException: JSON parse error: Unexpected end-of-input: expected close marker for Object (start marker at [Source: REDACTED (`StreamReadFeature.INCLUDE_SOURCE_IN_LOCATION` disabled); byte offset: #UNKNOWN])]
21:20:06.376 [main] WARN org.springframework.web.servlet.mvc.support.DefaultHandlerExceptionResolver -- Resolved [org.springframework.http.converter.HttpMessageNotReadableException: JSON parse error: Cannot construct instance of `dev.waterflex.scheduler.RequestChecks$Empty` (although at least one Creator exists): no boolean/Boolean-argument constructor/factory method to deserialize from boolean value (false)]
21:20:06.377 [main] WARN org.springframework.web.servlet.mvc.support.DefaultHandlerExceptionResolver -- Resolved [org.springframework.http.converter.HttpMessageNotReadableException: JSON parse error: Cannot construct instance of `dev.waterflex.scheduler.RequestChecks$Empty` (although at least one Creator exists): no String-argument constructor/factory method to deserialize from String value ('text')]
21:20:06.377 [main] WARN org.springframework.web.servlet.mvc.support.DefaultHandlerExceptionResolver -- Resolved [org.springframework.http.converter.HttpMessageNotReadableException: Required request body is missing: public java.util.Map<java.lang.String, java.lang.Object> dev.waterflex.scheduler.TimeOffController.deny(java.lang.String,dev.waterflex.scheduler.RequestChecks$Empty)]
21:20:06.378 [main] WARN org.springframework.web.servlet.mvc.support.DefaultHandlerExceptionResolver -- Resolved [org.springframework.http.converter.HttpMessageNotReadableException: JSON parse error: Cannot deserialize value of type `dev.waterflex.scheduler.RequestChecks$Empty` from Array value (token `JsonToken.START_ARRAY`)]
21:20:06.378 [main] WARN org.springframework.web.servlet.mvc.support.DefaultHandlerExceptionResolver -- Resolved [org.springframework.http.converter.HttpMessageNotReadableException: JSON parse error: Unexpected end-of-input: expected close marker for Object (start marker at [Source: REDACTED (`StreamReadFeature.INCLUDE_SOURCE_IN_LOCATION` disabled); byte offset: #UNKNOWN])]
21:20:06.378 [main] WARN org.springframework.web.servlet.mvc.support.DefaultHandlerExceptionResolver -- Resolved [org.springframework.http.converter.HttpMessageNotReadableException: JSON parse error: Cannot construct instance of `dev.waterflex.scheduler.RequestChecks$Empty` (although at least one Creator exists): no boolean/Boolean-argument constructor/factory method to deserialize from boolean value (false)]
21:20:06.379 [main] WARN org.springframework.web.servlet.mvc.support.DefaultHandlerExceptionResolver -- Resolved [org.springframework.http.converter.HttpMessageNotReadableException: JSON parse error: Cannot construct instance of `dev.waterflex.scheduler.RequestChecks$Empty` (although at least one Creator exists): no String-argument constructor/factory method to deserialize from String value ('text')]
21:20:06.380 [main] WARN org.springframework.web.servlet.mvc.support.DefaultHandlerExceptionResolver -- Resolved [org.springframework.http.converter.HttpMessageNotReadableException: Required request body is missing: public java.util.Map<java.lang.String, java.lang.Object> dev.waterflex.scheduler.ScheduleGuardController.availability(dev.waterflex.scheduler.ScheduleGuardController$AvailabilityRequest)]
21:20:06.381 [main] WARN org.springframework.web.servlet.mvc.support.DefaultHandlerExceptionResolver -- Resolved [org.springframework.http.converter.HttpMessageNotReadableException: JSON parse error: Cannot deserialize value of type `dev.waterflex.scheduler.ScheduleGuardController$AvailabilityRequest` from Array value (token `JsonToken.START_ARRAY`)]
21:20:06.381 [main] WARN org.springframework.web.servlet.mvc.support.DefaultHandlerExceptionResolver -- Resolved [org.springframework.http.converter.HttpMessageNotReadableException: JSON parse error: Unexpected end-of-input: expected close marker for Object (start marker at [Source: REDACTED (`StreamReadFeature.INCLUDE_SOURCE_IN_LOCATION` disabled); byte offset: #UNKNOWN])]
21:20:06.381 [main] WARN org.springframework.web.servlet.mvc.support.DefaultHandlerExceptionResolver -- Resolved [org.springframework.http.converter.HttpMessageNotReadableException: JSON parse error: Cannot construct instance of `dev.waterflex.scheduler.ScheduleGuardController$AvailabilityRequest` (although at least one Creator exists): no boolean/Boolean-argument constructor/factory method to deserialize from boolean value (false)]
21:20:06.381 [main] WARN org.springframework.web.servlet.mvc.support.DefaultHandlerExceptionResolver -- Resolved [org.springframework.http.converter.HttpMessageNotReadableException: JSON parse error: Cannot construct instance of `dev.waterflex.scheduler.ScheduleGuardController$AvailabilityRequest` (although at least one Creator exists): no String-argument constructor/factory method to deserialize from String value ('text')]
21:20:06.382 [main] WARN org.springframework.web.servlet.mvc.support.DefaultHandlerExceptionResolver -- Resolved [org.springframework.http.converter.HttpMessageNotReadableException: Required request body is missing: public java.util.Map<java.lang.String, java.lang.Object> dev.waterflex.scheduler.ScheduleGuardController.qualification(dev.waterflex.scheduler.ScheduleGuardController$QualificationRequest)]
21:20:06.382 [main] WARN org.springframework.web.servlet.mvc.support.DefaultHandlerExceptionResolver -- Resolved [org.springframework.http.converter.HttpMessageNotReadableException: JSON parse error: Cannot deserialize value of type `dev.waterflex.scheduler.ScheduleGuardController$QualificationRequest` from Array value (token `JsonToken.START_ARRAY`)]
21:20:06.383 [main] WARN org.springframework.web.servlet.mvc.support.DefaultHandlerExceptionResolver -- Resolved [org.springframework.http.converter.HttpMessageNotReadableException: JSON parse error: Unexpected end-of-input: expected close marker for Object (start marker at [Source: REDACTED (`StreamReadFeature.INCLUDE_SOURCE_IN_LOCATION` disabled); byte offset: #UNKNOWN])]
21:20:06.384 [main] WARN org.springframework.web.servlet.mvc.support.DefaultHandlerExceptionResolver -- Resolved [org.springframework.http.converter.HttpMessageNotReadableException: JSON parse error: Cannot construct instance of `dev.waterflex.scheduler.ScheduleGuardController$QualificationRequest` (although at least one Creator exists): no boolean/Boolean-argument constructor/factory method to deserialize from boolean value (false)]
21:20:06.384 [main] WARN org.springframework.web.servlet.mvc.support.DefaultHandlerExceptionResolver -- Resolved [org.springframework.http.converter.HttpMessageNotReadableException: JSON parse error: Cannot construct instance of `dev.waterflex.scheduler.ScheduleGuardController$QualificationRequest` (although at least one Creator exists): no String-argument constructor/factory method to deserialize from String value ('text')]
[INFO] Tests run: 7, Failures: 0, Errors: 0, Skipped: 0, Time elapsed: 0.217 s -- in dev.waterflex.scheduler.NullabilityTest
[INFO] Running dev.waterflex.scheduler.optimizer.AssertionCampaignTest
[WARNING] Tests run: 1, Failures: 0, Errors: 0, Skipped: 1, Time elapsed: 0 s -- in dev.waterflex.scheduler.optimizer.AssertionCampaignTest
[INFO] Running dev.waterflex.scheduler.optimizer.ConstraintRulesTest
[INFO] Tests run: 5, Failures: 0, Errors: 0, Skipped: 0, Time elapsed: 0.062 s -- in dev.waterflex.scheduler.optimizer.ConstraintRulesTest
[INFO] Running dev.waterflex.scheduler.optimizer.DailyConstructionTest
21:20:06.857 [main] INFO ai.timefold.solver.core.impl.solver.DefaultSolver -- Solving started: time spent (7), best score ([0/0/-3/0/0]hard/[0/0]soft), environment mode (FULL_ASSERT), move thread count (NONE), random (seed 17).
21:20:06.858 [main] INFO ai.timefold.solver.core.impl.solver.DefaultSolver -- Problem scale: genuine entity count (2), genuine variable count (2), approximate value count (3), approximate problem scale (60).
21:20:06.891 [main] INFO ai.timefold.solver.core.impl.constructionheuristic.DefaultConstructionHeuristicPhase -- Construction Heuristic phase (0) ended: time spent (41), best score ([0/0/0/0/0]hard/[0/-4500]soft), move evaluation speed (375/sec), step total (3).
21:20:07.101 [main] INFO ai.timefold.solver.core.impl.localsearch.DefaultLocalSearchPhase -- Local Search phase (1) ended: time spent (251), best score ([0/0/0/0/0]hard/[0/-4500]soft), move evaluation speed (1642/sec), step total (1).
21:20:07.102 [main] INFO ai.timefold.solver.core.impl.solver.DefaultSolver -- Solving ended: time spent (251), best score ([0/0/0/0/0]hard/[0/-4500]soft), move evaluation speed (1422/sec), phase total (2), environment mode (FULL_ASSERT), move thread count (NONE).
21:20:07.108 [main] INFO ai.timefold.solver.core.impl.solver.DefaultSolver -- Solving started: time spent (2), best score ([0/0/-2/0/0]hard/[0/-1500]soft), environment mode (FULL_ASSERT), move thread count (NONE), random (seed 17).
21:20:07.108 [main] INFO ai.timefold.solver.core.impl.solver.DefaultSolver -- Problem scale: genuine entity count (2), genuine variable count (2), approximate value count (3), approximate problem scale (60).
21:20:07.111 [main] INFO ai.timefold.solver.core.impl.constructionheuristic.DefaultConstructionHeuristicPhase -- Construction Heuristic phase (0) ended: time spent (5), best score ([0/0/0/0/0]hard/[0/-4500]soft), move evaluation speed (2333/sec), step total (2).
21:20:07.356 [main] INFO ai.timefold.solver.core.impl.localsearch.DefaultLocalSearchPhase -- Local Search phase (1) ended: time spent (250), best score ([0/0/0/0/0]hard/[0/-4500]soft), move evaluation speed (3184/sec), step total (1).
21:20:07.357 [main] INFO ai.timefold.solver.core.impl.solver.DefaultSolver -- Solving ended: time spent (251), best score ([0/0/0/0/0]hard/[0/-4500]soft), move evaluation speed (3123/sec), phase total (2), environment mode (FULL_ASSERT), move thread count (NONE).
21:20:07.403 [main] INFO ai.timefold.solver.core.impl.solver.DefaultSolver -- Solving started: time spent (1), best score ([0/0/-1/0/0]hard/[0/0]soft), environment mode (FULL_ASSERT), move thread count (NONE), random (seed 17).
21:20:07.403 [main] INFO ai.timefold.solver.core.impl.solver.DefaultSolver -- Problem scale: genuine entity count (1), genuine variable count (1), approximate value count (1), approximate problem scale (2).
21:20:07.406 [main] INFO ai.timefold.solver.core.impl.constructionheuristic.DefaultConstructionHeuristicPhase -- Construction Heuristic phase (0) ended: time spent (4), best score ([0/0/-1/0/0]hard/[0/0]soft), move evaluation speed (1333/sec), step total (2).
21:20:07.652 [main] INFO ai.timefold.solver.core.impl.localsearch.DefaultLocalSearchPhase -- Local Search phase (1) ended: time spent (250), best score ([0/0/-1/0/0]hard/[0/0]soft), move evaluation speed (3995/sec), step total (1).
21:20:07.653 [main] INFO ai.timefold.solver.core.impl.solver.DefaultSolver -- Solving ended: time spent (251), best score ([0/0/-1/0/0]hard/[0/0]soft), move evaluation speed (3932/sec), phase total (2), environment mode (FULL_ASSERT), move thread count (NONE).
21:20:07.656 [main] INFO ai.timefold.solver.core.impl.solver.DefaultSolver -- Solving started: time spent (1), best score ([0/0/-1/0/0]hard/[0/0]soft), environment mode (FULL_ASSERT), move thread count (NONE), random (seed 17).
21:20:07.656 [main] INFO ai.timefold.solver.core.impl.solver.DefaultSolver -- Problem scale: genuine entity count (1), genuine variable count (1), approximate value count (1), approximate problem scale (2).
21:20:07.658 [main] INFO ai.timefold.solver.core.impl.constructionheuristic.DefaultConstructionHeuristicPhase -- Construction Heuristic phase (0) ended: time spent (3), best score ([0/0/-1/0/0]hard/[0/0]soft), move evaluation speed (2000/sec), step total (2).
21:20:07.905 [main] INFO ai.timefold.solver.core.impl.localsearch.DefaultLocalSearchPhase -- Local Search phase (1) ended: time spent (250), best score ([0/0/-1/0/0]hard/[0/0]soft), move evaluation speed (4668/sec), step total (3).
21:20:07.906 [main] INFO ai.timefold.solver.core.impl.solver.DefaultSolver -- Solving ended: time spent (251), best score ([0/0/-1/0/0]hard/[0/0]soft), move evaluation speed (4609/sec), phase total (2), environment mode (FULL_ASSERT), move thread count (NONE).
21:20:07.913 [main] INFO ai.timefold.solver.core.impl.solver.DefaultSolver -- Solving started: time spent (0), best score ([0/-1800/0/0/0]hard/[0/-1500]soft), environment mode (FULL_ASSERT), move thread count (NONE), random (seed 17).
21:20:07.913 [main] INFO ai.timefold.solver.core.impl.solver.DefaultSolver -- Problem scale: genuine entity count (1), genuine variable count (1), approximate value count (1), approximate problem scale (2).
21:20:08.163 [main] INFO ai.timefold.solver.core.impl.localsearch.DefaultLocalSearchPhase -- Local Search phase (0) ended: time spent (250), best score ([0/0/-1/0/0]hard/[0/0]soft), move evaluation speed (5812/sec), step total (2).
21:20:08.163 [main] INFO ai.timefold.solver.core.impl.solver.DefaultSolver -- Solving ended: time spent (250), best score ([0/0/-1/0/0]hard/[0/0]soft), move evaluation speed (5812/sec), phase total (1), environment mode (FULL_ASSERT), move thread count (NONE).
21:20:08.166 [main] INFO ai.timefold.solver.core.impl.solver.DefaultSolver -- Solving started: time spent (2), best score ([0/-1800/0/0/0]hard/[0/-1500]soft), environment mode (FULL_ASSERT), move thread count (NONE), random (seed 17).
21:20:08.166 [main] INFO ai.timefold.solver.core.impl.solver.DefaultSolver -- Problem scale: genuine entity count (2), genuine variable count (2), approximate value count (1), approximate problem scale (3).
21:20:08.414 [main] INFO ai.timefold.solver.core.impl.localsearch.DefaultLocalSearchPhase -- Local Search phase (0) ended: time spent (250), best score ([0/0/0/0/0]hard/[0/-1500]soft), move evaluation speed (5580/sec), step total (2).
21:20:08.415 [main] INFO ai.timefold.solver.core.impl.solver.DefaultSolver -- Solving ended: time spent (250), best score ([0/0/0/0/0]hard/[0/-1500]soft), move evaluation speed (5536/sec), phase total (1), environment mode (FULL_ASSERT), move thread count (NONE).
21:20:08.418 [main] INFO ai.timefold.solver.core.impl.solver.DefaultSolver -- Solving started: time spent (1), best score ([0/0/-1/0/0]hard/[0/0]soft), environment mode (FULL_ASSERT), move thread count (NONE), random (seed 17).
21:20:08.418 [main] INFO ai.timefold.solver.core.impl.solver.DefaultSolver -- Problem scale: genuine entity count (1), genuine variable count (1), approximate value count (1), approximate problem scale (2).
21:20:08.420 [main] INFO ai.timefold.solver.core.impl.constructionheuristic.DefaultConstructionHeuristicPhase -- Construction Heuristic phase (0) ended: time spent (3), best score ([0/0/-1/0/0]hard/[0/0]soft), move evaluation speed (2000/sec), step total (2).
21:20:08.668 [main] INFO ai.timefold.solver.core.impl.localsearch.DefaultLocalSearchPhase -- Local Search phase (1) ended: time spent (251), best score ([0/0/-1/0/0]hard/[0/0]soft), move evaluation speed (6717/sec), step total (3).
21:20:08.668 [main] INFO ai.timefold.solver.core.impl.solver.DefaultSolver -- Solving ended: time spent (251), best score ([0/0/-1/0/0]hard/[0/0]soft), move evaluation speed (6653/sec), phase total (2), environment mode (FULL_ASSERT), move thread count (NONE).
21:20:08.670 [main] INFO ai.timefold.solver.core.impl.solver.DefaultSolver -- Solving started: time spent (0), best score ([0/-3601/0/0/0]hard/[0/-1500]soft), environment mode (FULL_ASSERT), move thread count (NONE), random (seed 17).
21:20:08.670 [main] INFO ai.timefold.solver.core.impl.solver.DefaultSolver -- Problem scale: genuine entity count (1), genuine variable count (1), approximate value count (1), approximate problem scale (2).
21:20:08.670 [main] WARN ai.timefold.solver.core.impl.localsearch.DefaultLocalSearchPhase --     No doable selected move at step index (0), time spent (0). Terminating phase early.
21:20:08.670 [main] INFO ai.timefold.solver.core.impl.localsearch.DefaultLocalSearchPhase -- Local Search phase (0) ended: time spent (0), best score ([0/-3601/0/0/0]hard/[0/-1500]soft), move evaluation speed (0/sec), step total (0).
21:20:08.670 [main] INFO ai.timefold.solver.core.impl.solver.DefaultSolver -- Solving ended: time spent (0), best score ([0/-3601/0/0/0]hard/[0/-1500]soft), move evaluation speed (0/sec), phase total (1), environment mode (FULL_ASSERT), move thread count (NONE).
21:20:08.751 [main] INFO ai.timefold.solver.core.impl.solver.DefaultSolver -- Solving started: time spent (0), best score ([0/0/-4/0/0]hard/[0/-3000]soft), environment mode (FULL_ASSERT), move thread count (NONE), random (seed 17).
21:20:08.753 [main] INFO ai.timefold.solver.core.impl.solver.DefaultSolver -- Problem scale: genuine entity count (3), genuine variable count (3), approximate value count (6), approximate problem scale (60,480).
21:20:08.761 [main] INFO ai.timefold.solver.core.impl.constructionheuristic.DefaultConstructionHeuristicPhase -- Construction Heuristic phase (0) ended: time spent (10), best score ([0/0/0/0/0]hard/[0/-9000]soft), move evaluation speed (3250/sec), step total (4).
21:20:08.852 [main] INFO ai.timefold.solver.core.impl.localsearch.DefaultLocalSearchPhase -- Local Search phase (1) ended: time spent (101), best score ([0/0/0/0/0]hard/[0/-9000]soft), move evaluation speed (4455/sec), step total (5).
21:20:08.852 [main] INFO ai.timefold.solver.core.impl.solver.DefaultSolver -- Solving ended: time spent (101), best score ([0/0/0/0/0]hard/[0/-9000]soft), move evaluation speed (4227/sec), phase total (2), environment mode (FULL_ASSERT), move thread count (NONE).
21:20:08.920 [main] INFO ai.timefold.solver.core.impl.solver.DefaultSolver -- Solving started: time spent (1), best score ([0/0/-4/0/0]hard/[0/-3000]soft), environment mode (FULL_ASSERT), move thread count (NONE), random (seed 17).
21:20:08.920 [main] INFO ai.timefold.solver.core.impl.solver.DefaultSolver -- Problem scale: genuine entity count (3), genuine variable count (3), approximate value count (6), approximate problem scale (60,480).
21:20:08.927 [main] INFO ai.timefold.solver.core.impl.constructionheuristic.DefaultConstructionHeuristicPhase -- Construction Heuristic phase (0) ended: time spent (8), best score ([0/0/0/0/0]hard/[0/-9000]soft), move evaluation speed (3714/sec), step total (4).
21:20:09.019 [main] INFO ai.timefold.solver.core.impl.localsearch.DefaultLocalSearchPhase -- Local Search phase (1) ended: time spent (100), best score ([0/0/0/0/0]hard/[0/-9000]soft), move evaluation speed (4692/sec), step total (5).
21:20:09.019 [main] INFO ai.timefold.solver.core.impl.solver.DefaultSolver -- Solving ended: time spent (100), best score ([0/0/0/0/0]hard/[0/-9000]soft), move evaluation speed (4530/sec), phase total (2), environment mode (FULL_ASSERT), move thread count (NONE).
21:20:09.070 [main] INFO ai.timefold.solver.core.impl.solver.DefaultSolver -- Solving started: time spent (0), best score ([0/0/-4/0/0]hard/[0/-3000]soft), environment mode (FULL_ASSERT), move thread count (NONE), random (seed 17).
21:20:09.071 [main] INFO ai.timefold.solver.core.impl.solver.DefaultSolver -- Problem scale: genuine entity count (3), genuine variable count (3), approximate value count (6), approximate problem scale (60,480).
21:20:09.079 [main] INFO ai.timefold.solver.core.impl.constructionheuristic.DefaultConstructionHeuristicPhase -- Construction Heuristic phase (0) ended: time spent (9), best score ([0/0/0/0/0]hard/[0/-9000]soft), move evaluation speed (3250/sec), step total (4).
21:20:09.170 [main] INFO ai.timefold.solver.core.impl.localsearch.DefaultLocalSearchPhase -- Local Search phase (1) ended: time spent (100), best score ([0/0/0/0/0]hard/[0/-9000]soft), move evaluation speed (1439/sec), step total (118).
21:20:09.170 [main] INFO ai.timefold.solver.core.impl.solver.DefaultSolver -- Solving ended: time spent (100), best score ([0/0/0/0/0]hard/[0/-9000]soft), move evaluation speed (1570/sec), phase total (2), environment mode (FULL_ASSERT), move thread count (NONE).
21:20:09.219 [main] INFO ai.timefold.solver.core.impl.solver.DefaultSolver -- Solving started: time spent (1), best score ([0/0/-4/0/0]hard/[0/-3000]soft), environment mode (FULL_ASSERT), move thread count (NONE), random (seed 17).
21:20:09.219 [main] INFO ai.timefold.solver.core.impl.solver.DefaultSolver -- Problem scale: genuine entity count (3), genuine variable count (3), approximate value count (6), approximate problem scale (60,480).
21:20:09.227 [main] INFO ai.timefold.solver.core.impl.constructionheuristic.DefaultConstructionHeuristicPhase -- Construction Heuristic phase (0) ended: time spent (9), best score ([0/0/0/0/0]hard/[0/-9000]soft), move evaluation speed (3250/sec), step total (4).
21:20:09.318 [main] INFO ai.timefold.solver.core.impl.localsearch.DefaultLocalSearchPhase -- Local Search phase (1) ended: time spent (100), best score ([0/0/0/0/0]hard/[0/-9000]soft), move evaluation speed (1615/sec), step total (137).
21:20:09.318 [main] INFO ai.timefold.solver.core.impl.solver.DefaultSolver -- Solving ended: time spent (100), best score ([0/0/0/0/0]hard/[0/-9000]soft), move evaluation speed (1730/sec), phase total (2), environment mode (FULL_ASSERT), move thread count (NONE).
21:20:09.321 [main] INFO ai.timefold.solver.core.impl.solver.DefaultSolver -- Solving started: time spent (1), best score ([0/0/-4/0/0]hard/[0/-3000]soft), environment mode (FULL_ASSERT), move thread count (NONE), random (seed 17).
21:20:09.321 [main] INFO ai.timefold.solver.core.impl.solver.DefaultSolver -- Problem scale: genuine entity count (3), genuine variable count (3), approximate value count (6), approximate problem scale (60,480).
21:20:09.328 [main] INFO ai.timefold.solver.core.impl.constructionheuristic.DefaultConstructionHeuristicPhase -- Construction Heuristic phase (0) ended: time spent (8), best score ([0/0/0/0/0]hard/[0/-9000]soft), move evaluation speed (3714/sec), step total (4).
21:20:09.420 [main] INFO ai.timefold.solver.core.impl.localsearch.DefaultLocalSearchPhase -- Local Search phase (1) ended: time spent (100), best score ([0/0/0/0/0]hard/[0/-9000]soft), move evaluation speed (6065/sec), step total (1).
21:20:09.420 [main] INFO ai.timefold.solver.core.impl.solver.DefaultSolver -- Solving ended: time spent (100), best score ([0/0/0/0/0]hard/[0/-9000]soft), move evaluation speed (5840/sec), phase total (2), environment mode (FULL_ASSERT), move thread count (NONE).
21:20:09.472 [main] INFO ai.timefold.solver.core.impl.solver.DefaultSolver -- Solving started: time spent (1), best score ([0/0/-4/0/0]hard/[0/-3000]soft), environment mode (FULL_ASSERT), move thread count (NONE), random (seed 17).
21:20:09.472 [main] INFO ai.timefold.solver.core.impl.solver.DefaultSolver -- Problem scale: genuine entity count (3), genuine variable count (3), approximate value count (6), approximate problem scale (60,480).
21:20:09.479 [main] INFO ai.timefold.solver.core.impl.constructionheuristic.DefaultConstructionHeuristicPhase -- Construction Heuristic phase (0) ended: time spent (7), best score ([0/0/0/0/0]hard/[0/-9000]soft), move evaluation speed (4333/sec), step total (4).
21:20:09.571 [main] INFO ai.timefold.solver.core.impl.localsearch.DefaultLocalSearchPhase -- Local Search phase (1) ended: time spent (100), best score ([0/0/0/0/0]hard/[0/-9000]soft), move evaluation speed (1804/sec), step total (158).
21:20:09.572 [main] INFO ai.timefold.solver.core.impl.solver.DefaultSolver -- Solving ended: time spent (100), best score ([0/0/0/0/0]hard/[0/-9000]soft), move evaluation speed (1920/sec), phase total (2), environment mode (FULL_ASSERT), move thread count (NONE).
21:20:09.619 [main] INFO ai.timefold.solver.core.impl.solver.DefaultSolver -- Solving started: time spent (1), best score ([0/0/-4/0/0]hard/[0/-3000]soft), environment mode (FULL_ASSERT), move thread count (NONE), random (seed 17).
21:20:09.619 [main] INFO ai.timefold.solver.core.impl.solver.DefaultSolver -- Problem scale: genuine entity count (3), genuine variable count (3), approximate value count (6), approximate problem scale (60,480).
21:20:09.626 [main] INFO ai.timefold.solver.core.impl.constructionheuristic.DefaultConstructionHeuristicPhase -- Construction Heuristic phase (0) ended: time spent (8), best score ([0/0/0/0/0]hard/[0/-9000]soft), move evaluation speed (3714/sec), step total (4).
21:20:09.718 [main] INFO ai.timefold.solver.core.impl.localsearch.DefaultLocalSearchPhase -- Local Search phase (1) ended: time spent (100), best score ([0/0/0/0/0]hard/[0/-9000]soft), move evaluation speed (1494/sec), step total (131).
21:20:09.718 [main] INFO ai.timefold.solver.core.impl.solver.DefaultSolver -- Solving ended: time spent (100), best score ([0/0/0/0/0]hard/[0/-9000]soft), move evaluation speed (1620/sec), phase total (2), environment mode (FULL_ASSERT), move thread count (NONE).
[INFO] Tests run: 9, Failures: 0, Errors: 0, Skipped: 0, Time elapsed: 3.294 s -- in dev.waterflex.scheduler.optimizer.DailyConstructionTest
[INFO] Running dev.waterflex.scheduler.optimizer.DailyDatasetTest
[INFO] Tests run: 10, Failures: 0, Errors: 0, Skipped: 0, Time elapsed: 0.097 s -- in dev.waterflex.scheduler.optimizer.DailyDatasetTest
[INFO] Running dev.waterflex.scheduler.optimizer.DailyOperationTest
21:20:09.848 [daily-a91d3cfa-ece3-4253-8530-75e062f4ff63] INFO dev.waterflex.scheduler.optimizer.DailyOperation -- Daily operation Receipt[requestId=a91d3cfa-ece3-4253-8530-75e062f4ff63, outcome=COMPLETED, elapsedMs=1, queueMs=null, searchMs=0, cancellationElapsedMs=null, cleanupOvershootMs=null, phaseCleanupOvershootMs=0, searchOvershootMs=0, lateResult=false]
21:20:10.856 [daily-a7c65574-c9e9-4630-971b-c48f0ab7d79d] INFO dev.waterflex.scheduler.optimizer.DailyOperation -- Daily operation Receipt[requestId=a7c65574-c9e9-4630-971b-c48f0ab7d79d, outcome=FAILED, elapsedMs=0, queueMs=0, searchMs=0, cancellationElapsedMs=null, cleanupOvershootMs=null, phaseCleanupOvershootMs=0, searchOvershootMs=0, lateResult=false]
21:20:11.019 [daily-cancellation] INFO ai.timefold.solver.core.impl.solver.DefaultSolver -- Terminating solver early.
21:20:11.154 [daily-a8ebdd00-26da-44a2-9e56-07ddf89cf305] INFO ai.timefold.solver.core.impl.solver.DefaultSolver -- Solving started: time spent (1), best score ([0/0/0/0/0]hard/[0/-17241]soft), environment mode (NO_ASSERT), move thread count (NONE), random (seed 17).
21:20:11.154 [daily-a8ebdd00-26da-44a2-9e56-07ddf89cf305] INFO ai.timefold.solver.core.impl.solver.DefaultSolver -- Problem scale: genuine entity count (3), genuine variable count (3), approximate value count (6), approximate problem scale (60,480).
21:20:13.051 [daily-a8ebdd00-26da-44a2-9e56-07ddf89cf305] INFO ai.timefold.solver.core.impl.localsearch.DefaultLocalSearchPhase -- Local Search phase (0) ended: time spent (1898), best score ([0/0/0/0/0]hard/[0/-16541]soft), move evaluation speed (303797/sec), step total (59).
21:20:13.051 [daily-a8ebdd00-26da-44a2-9e56-07ddf89cf305] INFO ai.timefold.solver.core.impl.solver.DefaultSolver -- Solving ended: time spent (1898), best score ([0/0/0/0/0]hard/[0/-16541]soft), move evaluation speed (303637/sec), phase total (1), environment mode (NO_ASSERT), move thread count (NONE).
[INFO] Tests run: 10, Failures: 0, Errors: 0, Skipped: 0, Time elapsed: 3.309 s -- in dev.waterflex.scheduler.optimizer.DailyOperationTest
[INFO] Running dev.waterflex.scheduler.optimizer.DailyPolicyDiagnosticsTest
21:20:13.192 [main] INFO ai.timefold.solver.core.impl.solver.DefaultSolver -- Solving started: time spent (0), best score ([0/0/0/0/0]hard/[0/-4000]soft), environment mode (NO_ASSERT), move thread count (NONE), random (seed 17).
21:20:13.192 [main] INFO ai.timefold.solver.core.impl.solver.DefaultSolver -- Problem scale: genuine entity count (1), genuine variable count (1), approximate value count (2), approximate problem scale (6).
21:20:13.291 [main] INFO ai.timefold.solver.core.impl.localsearch.DefaultLocalSearchPhase -- Local Search phase (0) ended: time spent (100), best score ([0/0/0/0/0]hard/[0/-4000]soft), move evaluation speed (381707/sec), step total (378).
21:20:13.291 [main] INFO ai.timefold.solver.core.impl.solver.DefaultSolver -- Solving ended: time spent (100), best score ([0/0/0/0/0]hard/[0/-4000]soft), move evaluation speed (377890/sec), phase total (1), environment mode (NO_ASSERT), move thread count (NONE).
21:20:13.342 [main] INFO ai.timefold.solver.core.impl.solver.DefaultSolver -- Solving started: time spent (0), best score ([0/0/0/0/0]hard/[-20/-4500]soft), environment mode (NO_ASSERT), move thread count (NONE), random (seed 17).
21:20:13.342 [main] INFO ai.timefold.solver.core.impl.solver.DefaultSolver -- Problem scale: genuine entity count (1), genuine variable count (1), approximate value count (2), approximate problem scale (6).
21:20:13.442 [main] INFO ai.timefold.solver.core.impl.localsearch.DefaultLocalSearchPhase -- Local Search phase (0) ended: time spent (100), best score ([0/0/0/0/0]hard/[-20/-4500]soft), move evaluation speed (461310/sec), step total (462).
21:20:13.442 [main] INFO ai.timefold.solver.core.impl.solver.DefaultSolver -- Solving ended: time spent (100), best score ([0/0/0/0/0]hard/[-20/-4500]soft), move evaluation speed (461310/sec), phase total (1), environment mode (NO_ASSERT), move thread count (NONE).
[INFO] Tests run: 2, Failures: 0, Errors: 0, Skipped: 0, Time elapsed: 0.290 s -- in dev.waterflex.scheduler.optimizer.DailyPolicyDiagnosticsTest
[INFO] Running dev.waterflex.scheduler.optimizer.DailyProposalBoundaryTest
[INFO] Tests run: 1, Failures: 0, Errors: 0, Skipped: 0, Time elapsed: 0.004 s -- in dev.waterflex.scheduler.optimizer.DailyProposalBoundaryTest
[INFO] Running dev.waterflex.scheduler.optimizer.DayConstraintProviderTest
21:20:13.469 [main] INFO ai.timefold.solver.core.impl.solver.DefaultSolver -- Solving started: time spent (0), best score ([0/0/0/0/0]hard/[-0.015625/-6000]soft), environment mode (FULL_ASSERT), move thread count (NONE), random (seed 17).
21:20:13.470 [main] INFO ai.timefold.solver.core.impl.solver.DefaultSolver -- Problem scale: genuine entity count (2), genuine variable count (2), approximate value count (2), approximate problem scale (12).
21:20:14.955 [main] INFO ai.timefold.solver.core.impl.localsearch.DefaultLocalSearchPhase -- Local Search phase (0) ended: time spent (1486), best score ([0/0/0/0/0]hard/[0E-8/-6000]soft), move evaluation speed (6734/sec), step total (100).
21:20:14.955 [main] INFO ai.timefold.solver.core.impl.solver.DefaultSolver -- Solving ended: time spent (1486), best score ([0/0/0/0/0]hard/[0E-8/-6000]soft), move evaluation speed (6729/sec), phase total (1), environment mode (FULL_ASSERT), move thread count (NONE).
21:20:14.979 [main] INFO ai.timefold.solver.core.impl.solver.DefaultSolver -- Solving started: time spent (1), best score ([0/0/0/0/0]hard/[0/-17241]soft), environment mode (FULL_ASSERT), move thread count (NONE), random (seed 17).
21:20:14.979 [main] INFO ai.timefold.solver.core.impl.solver.DefaultSolver -- Problem scale: genuine entity count (3), genuine variable count (3), approximate value count (6), approximate problem scale (60,480).
21:20:16.287 [main] INFO ai.timefold.solver.core.impl.localsearch.DefaultLocalSearchPhase -- Local Search phase (0) ended: time spent (1309), best score ([0/0/0/0/0]hard/[0/-16541]soft), move evaluation speed (7645/sec), step total (100).
21:20:16.287 [main] INFO ai.timefold.solver.core.impl.solver.DefaultSolver -- Solving ended: time spent (1309), best score ([0/0/0/0/0]hard/[0/-16541]soft), move evaluation speed (7639/sec), phase total (1), environment mode (FULL_ASSERT), move thread count (NONE).
21:20:16.310 [main] INFO ai.timefold.solver.core.impl.solver.DefaultSolver -- Solving started: time spent (1), best score ([0/0/0/0/0]hard/[-0.1039943683049779458097038437303088/-16541]soft), environment mode (FULL_ASSERT), move thread count (NONE), random (seed 17).
21:20:16.310 [main] INFO ai.timefold.solver.core.impl.solver.DefaultSolver -- Problem scale: genuine entity count (3), genuine variable count (3), approximate value count (6), approximate problem scale (60,480).
21:20:17.792 [main] INFO ai.timefold.solver.core.impl.localsearch.DefaultLocalSearchPhase -- Local Search phase (0) ended: time spent (1483), best score ([0/0/0/0/0]hard/[-0.1039943683049779458097038437303088/-16541]soft), move evaluation speed (6747/sec), step total (100).
21:20:17.792 [main] INFO ai.timefold.solver.core.impl.solver.DefaultSolver -- Solving ended: time spent (1483), best score ([0/0/0/0/0]hard/[-0.1039943683049779458097038437303088/-16541]soft), move evaluation speed (6743/sec), phase total (1), environment mode (FULL_ASSERT), move thread count (NONE).
21:20:17.811 [main] INFO ai.timefold.solver.core.impl.solver.DefaultSolver -- Solving started: time spent (1), best score ([0/0/0/0/0]hard/[0/-17241]soft), environment mode (FULL_ASSERT), move thread count (NONE), random (seed 17).
21:20:17.811 [main] INFO ai.timefold.solver.core.impl.solver.DefaultSolver -- Problem scale: genuine entity count (3), genuine variable count (3), approximate value count (6), approximate problem scale (60,480).
21:20:19.107 [main] INFO ai.timefold.solver.core.impl.localsearch.DefaultLocalSearchPhase -- Local Search phase (0) ended: time spent (1297), best score ([0/0/0/0/0]hard/[0/-16541]soft), move evaluation speed (7716/sec), step total (100).
21:20:19.107 [main] INFO ai.timefold.solver.core.impl.solver.DefaultSolver -- Solving ended: time spent (1297), best score ([0/0/0/0/0]hard/[0/-16541]soft), move evaluation speed (7710/sec), phase total (1), environment mode (FULL_ASSERT), move thread count (NONE).
21:20:19.127 [main] INFO ai.timefold.solver.core.impl.solver.DefaultSolver -- Solving started: time spent (1), best score ([0/0/0/0/0]hard/[-60/-7500]soft), environment mode (FULL_ASSERT), move thread count (NONE), random (seed 17).
21:20:19.127 [main] INFO ai.timefold.solver.core.impl.solver.DefaultSolver -- Problem scale: genuine entity count (2), genuine variable count (2), approximate value count (2), approximate problem scale (12).
21:20:20.314 [main] INFO ai.timefold.solver.core.impl.localsearch.DefaultLocalSearchPhase -- Local Search phase (0) ended: time spent (1188), best score ([0/0/0/0/0]hard/[0/-6000]soft), move evaluation speed (8424/sec), step total (100).
21:20:20.314 [main] INFO ai.timefold.solver.core.impl.solver.DefaultSolver -- Solving ended: time spent (1188), best score ([0/0/0/0/0]hard/[0/-6000]soft), move evaluation speed (8417/sec), phase total (1), environment mode (FULL_ASSERT), move thread count (NONE).
[INFO] Tests run: 4, Failures: 0, Errors: 0, Skipped: 0, Time elapsed: 6.867 s -- in dev.waterflex.scheduler.optimizer.DayConstraintProviderTest
[INFO] Running dev.waterflex.scheduler.optimizer.OptimizationControllerTest
21:20:20.320 [main] INFO org.springframework.mock.web.MockServletContext -- Initializing Spring TestDispatcherServlet ''
21:20:20.320 [main] INFO org.springframework.test.web.servlet.TestDispatcherServlet -- Initializing Servlet ''
21:20:20.321 [main] INFO org.springframework.test.web.servlet.TestDispatcherServlet -- Completed initialization in 1 ms
21:20:20.335 [main] INFO org.springframework.mock.web.MockServletContext -- Initializing Spring TestDispatcherServlet ''
21:20:20.335 [main] INFO org.springframework.test.web.servlet.TestDispatcherServlet -- Initializing Servlet ''
21:20:20.335 [main] INFO org.springframework.test.web.servlet.TestDispatcherServlet -- Completed initialization in 0 ms
[INFO] Tests run: 2, Failures: 0, Errors: 0, Skipped: 0, Time elapsed: 0.022 s -- in dev.waterflex.scheduler.optimizer.OptimizationControllerTest
[INFO] Running dev.waterflex.scheduler.optimizer.OptimizationServiceTest
21:20:22.349 [daily-274873fb-c3ca-4854-a75a-60dd94543bb5] INFO dev.waterflex.scheduler.optimizer.DailyOperation -- Daily operation Receipt[requestId=274873fb-c3ca-4854-a75a-60dd94543bb5, outcome=FAILED, elapsedMs=0, queueMs=null, searchMs=0, cancellationElapsedMs=null, cleanupOvershootMs=null, phaseCleanupOvershootMs=0, searchOvershootMs=0, lateResult=false]
[INFO] Tests run: 5, Failures: 0, Errors: 0, Skipped: 0, Time elapsed: 2.013 s -- in dev.waterflex.scheduler.optimizer.OptimizationServiceTest
[INFO] Running dev.waterflex.scheduler.optimizer.OvernightControllerTest
21:20:22.362 [main] INFO org.springframework.mock.web.MockServletContext -- Initializing Spring TestDispatcherServlet ''
21:20:22.362 [main] INFO org.springframework.test.web.servlet.TestDispatcherServlet -- Initializing Servlet ''
21:20:22.362 [main] INFO org.springframework.test.web.servlet.TestDispatcherServlet -- Completed initialization in 0 ms
21:20:22.364 [main] WARN org.springframework.web.servlet.mvc.support.DefaultHandlerExceptionResolver -- Resolved [org.springframework.web.bind.MissingServletRequestParameterException: Required request parameter 'date' for method parameter type String is not present]
[INFO] Tests run: 2, Failures: 0, Errors: 0, Skipped: 0, Time elapsed: 0.013 s -- in dev.waterflex.scheduler.optimizer.OvernightControllerTest
[INFO] Running dev.waterflex.scheduler.optimizer.PlanFactsTest
[INFO] Tests run: 5, Failures: 0, Errors: 0, Skipped: 0, Time elapsed: 0.006 s -- in dev.waterflex.scheduler.optimizer.PlanFactsTest
[INFO] Running dev.waterflex.scheduler.optimizer.RouteTimelineTest
[INFO] Tests run: 10, Failures: 0, Errors: 0, Skipped: 0, Time elapsed: 0.005 s -- in dev.waterflex.scheduler.optimizer.RouteTimelineTest
[INFO] Running dev.waterflex.scheduler.optimizer.RouteTimingOracleTest
[INFO] Tests run: 1, Failures: 0, Errors: 0, Skipped: 0, Time elapsed: 0.042 s -- in dev.waterflex.scheduler.optimizer.RouteTimingOracleTest
[INFO] Running dev.waterflex.scheduler.optimizer.SchedulingPolicyTest
[INFO] Tests run: 8, Failures: 0, Errors: 0, Skipped: 0, Time elapsed: 0.023 s -- in dev.waterflex.scheduler.optimizer.SchedulingPolicyTest
[INFO] Running dev.waterflex.scheduler.optimizer.SolverBenchmarkTest
[INFO] Tests run: 1, Failures: 0, Errors: 0, Skipped: 0, Time elapsed: 0.011 s -- in dev.waterflex.scheduler.optimizer.SolverBenchmarkTest
[INFO] Running dev.waterflex.scheduler.optimizer.SolverEngineTest
21:20:22.475 [pool-3-thread-2] INFO ai.timefold.solver.core.impl.solver.DefaultSolver -- Solving started: time spent (0), best score ([0/0/0/0/0]hard/[0/-17241]soft), environment mode (NO_ASSERT), move thread count (NONE), random (seed 17).
21:20:22.475 [pool-3-thread-1] INFO ai.timefold.solver.core.impl.solver.DefaultSolver -- Solving started: time spent (0), best score ([0/0/0/0/0]hard/[0/-17241]soft), environment mode (NO_ASSERT), move thread count (NONE), random (seed 17).
21:20:22.475 [pool-3-thread-2] INFO ai.timefold.solver.core.impl.solver.DefaultSolver -- Problem scale: genuine entity count (3), genuine variable count (3), approximate value count (6), approximate problem scale (60,480).
21:20:22.475 [pool-3-thread-1] INFO ai.timefold.solver.core.impl.solver.DefaultSolver -- Problem scale: genuine entity count (3), genuine variable count (3), approximate value count (6), approximate problem scale (60,480).
21:20:22.625 [pool-3-thread-2] INFO ai.timefold.solver.core.impl.localsearch.DefaultLocalSearchPhase -- Local Search phase (0) ended: time spent (150), best score ([0/0/0/0/0]hard/[0/-16541]soft), move evaluation speed (102900/sec), step total (155).
21:20:22.625 [pool-3-thread-1] INFO ai.timefold.solver.core.impl.localsearch.DefaultLocalSearchPhase -- Local Search phase (0) ended: time spent (150), best score ([0/0/0/0/0]hard/[0/-16541]soft), move evaluation speed (101673/sec), step total (153).
21:20:22.625 [pool-3-thread-2] INFO ai.timefold.solver.core.impl.solver.DefaultSolver -- Solving ended: time spent (150), best score ([0/0/0/0/0]hard/[0/-16541]soft), move evaluation speed (102900/sec), phase total (1), environment mode (NO_ASSERT), move thread count (NONE).
21:20:22.625 [pool-3-thread-1] INFO ai.timefold.solver.core.impl.solver.DefaultSolver -- Solving ended: time spent (150), best score ([0/0/0/0/0]hard/[0/-16541]soft), move evaluation speed (101673/sec), phase total (1), environment mode (NO_ASSERT), move thread count (NONE).
21:20:22.631 [main] INFO ai.timefold.solver.core.impl.solver.DefaultSolver -- Solving started: time spent (1), best score ([0/0/0/0/0]hard/[0/-17241]soft), environment mode (NO_ASSERT), move thread count (NONE), random (seed 17).
21:20:22.631 [main] INFO ai.timefold.solver.core.impl.solver.DefaultSolver -- Problem scale: genuine entity count (3), genuine variable count (3), approximate value count (6), approximate problem scale (60,480).
21:20:22.954 [main] INFO ai.timefold.solver.core.impl.localsearch.DefaultLocalSearchPhase -- Local Search phase (0) ended: time spent (324), best score ([0/0/0/0/0]hard/[0/-16541]soft), move evaluation speed (309597/sec), step total (1000).
21:20:22.954 [main] INFO ai.timefold.solver.core.impl.solver.DefaultSolver -- Solving ended: time spent (324), best score ([0/0/0/0/0]hard/[0/-16541]soft), move evaluation speed (308641/sec), phase total (1), environment mode (NO_ASSERT), move thread count (NONE).
21:20:22.957 [main] INFO ai.timefold.solver.core.impl.solver.DefaultSolver -- Solving started: time spent (0), best score ([0/0/0/0/0]hard/[0/-17241]soft), environment mode (NO_ASSERT), move thread count (NONE), random (seed 17).
21:20:22.957 [main] INFO ai.timefold.solver.core.impl.solver.DefaultSolver -- Problem scale: genuine entity count (3), genuine variable count (3), approximate value count (6), approximate problem scale (60,480).
21:20:23.239 [main] INFO ai.timefold.solver.core.impl.localsearch.DefaultLocalSearchPhase -- Local Search phase (0) ended: time spent (282), best score ([0/0/0/0/0]hard/[0/-16541]soft), move evaluation speed (355871/sec), step total (1000).
21:20:23.241 [main] INFO ai.timefold.solver.core.impl.solver.DefaultSolver -- Solving ended: time spent (282), best score ([0/0/0/0/0]hard/[0/-16541]soft), move evaluation speed (354609/sec), phase total (1), environment mode (NO_ASSERT), move thread count (NONE).
21:20:23.242 [main] INFO ai.timefold.solver.core.impl.solver.DefaultSolver -- Solving started: time spent (0), best score ([0/0/0/0/0]hard/[0/-17241]soft), environment mode (NO_ASSERT), move thread count (NONE), random (seed 17).
21:20:23.242 [main] INFO ai.timefold.solver.core.impl.solver.DefaultSolver -- Problem scale: genuine entity count (3), genuine variable count (3), approximate value count (6), approximate problem scale (60,480).
21:20:23.342 [main] INFO ai.timefold.solver.core.impl.localsearch.DefaultLocalSearchPhase -- Local Search phase (0) ended: time spent (100), best score ([0/0/0/0/0]hard/[0/-16541]soft), move evaluation speed (352550/sec), step total (353).
21:20:23.342 [main] INFO ai.timefold.solver.core.impl.solver.DefaultSolver -- Solving ended: time spent (100), best score ([0/0/0/0/0]hard/[0/-16541]soft), move evaluation speed (352550/sec), phase total (1), environment mode (NO_ASSERT), move thread count (NONE).
21:20:23.347 [main] INFO ai.timefold.solver.core.impl.solver.DefaultSolver -- Solving started: time spent (0), best score ([0/0/0/0/0]hard/[0/-17241]soft), environment mode (NO_ASSERT), move thread count (NONE), random (seed 17).
21:20:23.347 [main] INFO ai.timefold.solver.core.impl.solver.DefaultSolver -- Problem scale: genuine entity count (3), genuine variable count (3), approximate value count (6), approximate problem scale (60,480).
21:20:23.447 [main] INFO ai.timefold.solver.core.impl.localsearch.DefaultLocalSearchPhase -- Local Search phase (0) ended: time spent (100), best score ([0/0/0/0/0]hard/[0/-16541]soft), move evaluation speed (340710/sec), step total (5).
21:20:23.447 [main] INFO ai.timefold.solver.core.impl.solver.DefaultSolver -- Solving ended: time spent (100), best score ([0/0/0/0/0]hard/[0/-16541]soft), move evaluation speed (340710/sec), phase total (1), environment mode (NO_ASSERT), move thread count (NONE).
21:20:23.449 [main] INFO ai.timefold.solver.core.impl.solver.DefaultSolver -- Solving started: time spent (0), best score ([0/0/0/0/0]hard/[0/-17241]soft), environment mode (NO_ASSERT), move thread count (NONE), random (seed 17).
21:20:23.449 [main] INFO ai.timefold.solver.core.impl.solver.DefaultSolver -- Problem scale: genuine entity count (3), genuine variable count (3), approximate value count (6), approximate problem scale (60,480).
21:20:23.549 [main] INFO ai.timefold.solver.core.impl.localsearch.DefaultLocalSearchPhase -- Local Search phase (0) ended: time spent (100), best score ([0/0/0/0/0]hard/[0/-16541]soft), move evaluation speed (301600/sec), step total (5).
21:20:23.549 [main] INFO ai.timefold.solver.core.impl.solver.DefaultSolver -- Solving ended: time spent (100), best score ([0/0/0/0/0]hard/[0/-16541]soft), move evaluation speed (301600/sec), phase total (1), environment mode (NO_ASSERT), move thread count (NONE).
21:20:23.551 [main] INFO ai.timefold.solver.core.impl.solver.DefaultSolver -- Solving started: time spent (1), best score ([0/0/0/0/0]hard/[0/-17241]soft), environment mode (NO_ASSERT), move thread count (NONE), random (seed 17).
21:20:23.551 [main] INFO ai.timefold.solver.core.impl.solver.DefaultSolver -- Problem scale: genuine entity count (3), genuine variable count (3), approximate value count (6), approximate problem scale (60,480).
21:20:23.650 [main] INFO ai.timefold.solver.core.impl.localsearch.DefaultLocalSearchPhase -- Local Search phase (0) ended: time spent (100), best score ([0/0/0/0/0]hard/[0/-16541]soft), move evaluation speed (343949/sec), step total (5).
21:20:23.650 [main] INFO ai.timefold.solver.core.impl.solver.DefaultSolver -- Solving ended: time spent (100), best score ([0/0/0/0/0]hard/[0/-16541]soft), move evaluation speed (340510/sec), phase total (1), environment mode (NO_ASSERT), move thread count (NONE).
21:20:23.652 [main] INFO ai.timefold.solver.core.impl.solver.DefaultSolver -- Solving started: time spent (0), best score ([0/0/0/0/0]hard/[0/-17241]soft), environment mode (NO_ASSERT), move thread count (NONE), random (seed 17).
21:20:23.652 [main] INFO ai.timefold.solver.core.impl.solver.DefaultSolver -- Problem scale: genuine entity count (3), genuine variable count (3), approximate value count (6), approximate problem scale (60,480).
21:20:23.752 [main] INFO ai.timefold.solver.core.impl.localsearch.DefaultLocalSearchPhase -- Local Search phase (0) ended: time spent (100), best score ([0/0/0/0/0]hard/[0/-16541]soft), move evaluation speed (322070/sec), step total (5).
21:20:23.752 [main] INFO ai.timefold.solver.core.impl.solver.DefaultSolver -- Solving ended: time spent (100), best score ([0/0/0/0/0]hard/[0/-16541]soft), move evaluation speed (322070/sec), phase total (1), environment mode (NO_ASSERT), move thread count (NONE).
21:20:23.755 [main] INFO ai.timefold.solver.core.impl.solver.DefaultSolver -- Solving started: time spent (1), best score ([0/0/0/0/0]hard/[0/-17241]soft), environment mode (NO_ASSERT), move thread count (NONE), random (seed 17).
21:20:23.755 [main] INFO ai.timefold.solver.core.impl.solver.DefaultSolver -- Problem scale: genuine entity count (3), genuine variable count (3), approximate value count (6), approximate problem scale (60,480).
21:20:23.854 [main] INFO ai.timefold.solver.core.impl.localsearch.DefaultLocalSearchPhase -- Local Search phase (0) ended: time spent (100), best score ([0/0/0/0/0]hard/[0/-16541]soft), move evaluation speed (330565/sec), step total (5).
21:20:23.854 [main] INFO ai.timefold.solver.core.impl.solver.DefaultSolver -- Solving ended: time spent (100), best score ([0/0/0/0/0]hard/[0/-16541]soft), move evaluation speed (327260/sec), phase total (1), environment mode (NO_ASSERT), move thread count (NONE).
[INFO] Tests run: 6, Failures: 0, Errors: 0, Skipped: 0, Time elapsed: 1.476 s -- in dev.waterflex.scheduler.optimizer.SolverEngineTest
[INFO] Running dev.waterflex.scheduler.optimizer.SolverExperimentTest
21:20:25.224 [main] INFO ai.timefold.solver.core.impl.solver.DefaultSolver -- Solving started: time spent (0), best score ([0/0/0/0/0]hard/[0/-17241]soft), environment mode (FULL_ASSERT), move thread count (NONE), random (seed 17).
21:20:25.225 [main] INFO ai.timefold.solver.core.impl.solver.DefaultSolver -- Problem scale: genuine entity count (3), genuine variable count (3), approximate value count (6), approximate problem scale (60,480).
21:20:25.324 [main] INFO ai.timefold.solver.core.impl.localsearch.DefaultLocalSearchPhase -- Local Search phase (0) ended: time spent (100), best score ([0/0/0/0/0]hard/[0/-16541]soft), move evaluation speed (5848/sec), step total (6).
21:20:25.324 [main] INFO ai.timefold.solver.core.impl.solver.DefaultSolver -- Solving ended: time spent (100), best score ([0/0/0/0/0]hard/[0/-16541]soft), move evaluation speed (5790/sec), phase total (1), environment mode (FULL_ASSERT), move thread count (NONE).
21:20:25.327 [main] INFO ai.timefold.solver.core.impl.solver.DefaultSolver -- Solving started: time spent (0), best score ([0/0/0/0/0]hard/[0/-17241]soft), environment mode (FULL_ASSERT), move thread count (NONE), random (seed 17).
21:20:25.328 [main] INFO ai.timefold.solver.core.impl.solver.DefaultSolver -- Problem scale: genuine entity count (3), genuine variable count (3), approximate value count (6), approximate problem scale (60,480).
21:20:25.427 [main] INFO ai.timefold.solver.core.impl.localsearch.DefaultLocalSearchPhase -- Local Search phase (0) ended: time spent (100), best score ([0/0/0/0/0]hard/[0/-16541]soft), move evaluation speed (6010/sec), step total (6).
21:20:25.427 [main] INFO ai.timefold.solver.core.impl.solver.DefaultSolver -- Solving ended: time spent (100), best score ([0/0/0/0/0]hard/[0/-16541]soft), move evaluation speed (5950/sec), phase total (1), environment mode (FULL_ASSERT), move thread count (NONE).
21:20:25.431 [main] INFO ai.timefold.solver.core.impl.solver.DefaultSolver -- Solving started: time spent (0), best score ([0/0/0/0/0]hard/[0/-17241]soft), environment mode (FULL_ASSERT), move thread count (NONE), random (seed 17).
21:20:25.431 [main] INFO ai.timefold.solver.core.impl.solver.DefaultSolver -- Problem scale: genuine entity count (3), genuine variable count (3), approximate value count (6), approximate problem scale (60,480).
21:20:25.531 [main] INFO ai.timefold.solver.core.impl.localsearch.DefaultLocalSearchPhase -- Local Search phase (0) ended: time spent (100), best score ([0/0/0/0/0]hard/[0/-16541]soft), move evaluation speed (4330/sec), step total (76).
21:20:25.531 [main] INFO ai.timefold.solver.core.impl.solver.DefaultSolver -- Solving ended: time spent (100), best score ([0/0/0/0/0]hard/[0/-16541]soft), move evaluation speed (4330/sec), phase total (1), environment mode (FULL_ASSERT), move thread count (NONE).
21:20:25.534 [main] INFO ai.timefold.solver.core.impl.solver.DefaultSolver -- Solving started: time spent (0), best score ([0/0/0/0/0]hard/[0/-17241]soft), environment mode (FULL_ASSERT), move thread count (NONE), random (seed 17).
21:20:25.534 [main] INFO ai.timefold.solver.core.impl.solver.DefaultSolver -- Problem scale: genuine entity count (3), genuine variable count (3), approximate value count (6), approximate problem scale (60,480).
21:20:25.634 [main] INFO ai.timefold.solver.core.impl.localsearch.DefaultLocalSearchPhase -- Local Search phase (0) ended: time spent (100), best score ([0/0/0/0/0]hard/[0/-16541]soft), move evaluation speed (4100/sec), step total (90).
21:20:25.634 [main] INFO ai.timefold.solver.core.impl.solver.DefaultSolver -- Solving ended: time spent (100), best score ([0/0/0/0/0]hard/[0/-16541]soft), move evaluation speed (4100/sec), phase total (1), environment mode (FULL_ASSERT), move thread count (NONE).
21:20:25.636 [main] INFO ai.timefold.solver.core.impl.solver.DefaultSolver -- Solving started: time spent (1), best score ([0/0/0/0/0]hard/[0/-17241]soft), environment mode (FULL_ASSERT), move thread count (NONE), random (seed 17).
21:20:25.636 [main] INFO ai.timefold.solver.core.impl.solver.DefaultSolver -- Problem scale: genuine entity count (3), genuine variable count (3), approximate value count (6), approximate problem scale (60,480).
21:20:25.736 [main] INFO ai.timefold.solver.core.impl.localsearch.DefaultLocalSearchPhase -- Local Search phase (0) ended: time spent (101), best score ([0/0/0/0/0]hard/[0/-16691]soft), move evaluation speed (6240/sec), step total (1).
21:20:25.736 [main] INFO ai.timefold.solver.core.impl.solver.DefaultSolver -- Solving ended: time spent (101), best score ([0/0/0/0/0]hard/[0/-16691]soft), move evaluation speed (6178/sec), phase total (1), environment mode (FULL_ASSERT), move thread count (NONE).
21:20:25.740 [main] INFO ai.timefold.solver.core.impl.solver.DefaultSolver -- Solving started: time spent (0), best score ([0/0/0/0/0]hard/[0/-17241]soft), environment mode (FULL_ASSERT), move thread count (NONE), random (seed 17).
21:20:25.740 [main] INFO ai.timefold.solver.core.impl.solver.DefaultSolver -- Problem scale: genuine entity count (3), genuine variable count (3), approximate value count (6), approximate problem scale (60,480).
21:20:25.840 [main] INFO ai.timefold.solver.core.impl.localsearch.DefaultLocalSearchPhase -- Local Search phase (0) ended: time spent (100), best score ([0/0/0/0/0]hard/[0/-16541]soft), move evaluation speed (4770/sec), step total (60).
21:20:25.840 [main] INFO ai.timefold.solver.core.impl.solver.DefaultSolver -- Solving ended: time spent (100), best score ([0/0/0/0/0]hard/[0/-16541]soft), move evaluation speed (4770/sec), phase total (1), environment mode (FULL_ASSERT), move thread count (NONE).
21:20:25.843 [main] INFO ai.timefold.solver.core.impl.solver.DefaultSolver -- Solving started: time spent (0), best score ([0/0/0/0/0]hard/[0/-17241]soft), environment mode (FULL_ASSERT), move thread count (NONE), random (seed 17).
21:20:25.844 [main] INFO ai.timefold.solver.core.impl.solver.DefaultSolver -- Problem scale: genuine entity count (3), genuine variable count (3), approximate value count (6), approximate problem scale (60,480).
21:20:25.943 [main] INFO ai.timefold.solver.core.impl.localsearch.DefaultLocalSearchPhase -- Local Search phase (0) ended: time spent (100), best score ([0/0/0/0/0]hard/[0/-16541]soft), move evaluation speed (4080/sec), step total (69).
21:20:25.943 [main] INFO ai.timefold.solver.core.impl.solver.DefaultSolver -- Solving ended: time spent (100), best score ([0/0/0/0/0]hard/[0/-16541]soft), move evaluation speed (4040/sec), phase total (1), environment mode (FULL_ASSERT), move thread count (NONE).
21:20:25.949 [main] INFO ai.timefold.solver.core.impl.solver.DefaultSolver -- Solving started: time spent (0), best score ([0/0/0/0/0]hard/[0/-17241]soft), environment mode (FULL_ASSERT), move thread count (NONE), random (seed 17).
21:20:25.949 [main] INFO ai.timefold.solver.core.impl.solver.DefaultSolver -- Problem scale: genuine entity count (3), genuine variable count (3), approximate value count (6), approximate problem scale (60,480).
21:20:26.049 [main] INFO ai.timefold.solver.core.impl.localsearch.DefaultLocalSearchPhase -- Local Search phase (0) ended: time spent (100), best score ([0/0/0/0/0]hard/[0/-16541]soft), move evaluation speed (3660/sec), step total (56).
21:20:26.049 [main] INFO ai.timefold.solver.core.impl.solver.DefaultSolver -- Solving ended: time spent (100), best score ([0/0/0/0/0]hard/[0/-16541]soft), move evaluation speed (3660/sec), phase total (1), environment mode (FULL_ASSERT), move thread count (NONE).
21:20:26.052 [main] INFO ai.timefold.solver.core.impl.solver.DefaultSolver -- Solving started: time spent (0), best score ([0/0/0/0/0]hard/[0/-17241]soft), environment mode (NO_ASSERT), move thread count (NONE), random (seed 17).
21:20:26.052 [main] INFO ai.timefold.solver.core.impl.solver.DefaultSolver -- Problem scale: genuine entity count (3), genuine variable count (3), approximate value count (6), approximate problem scale (60,480).
21:20:26.152 [main] INFO ai.timefold.solver.core.impl.localsearch.DefaultLocalSearchPhase -- Local Search phase (0) ended: time spent (100), best score ([0/0/0/0/0]hard/[0/-16541]soft), move evaluation speed (215780/sec), step total (216).
21:20:26.152 [main] INFO ai.timefold.solver.core.impl.solver.DefaultSolver -- Solving ended: time spent (100), best score ([0/0/0/0/0]hard/[0/-16541]soft), move evaluation speed (215780/sec), phase total (1), environment mode (NO_ASSERT), move thread count (NONE).
21:20:26.158 [main] INFO ai.timefold.solver.core.impl.solver.DefaultSolver -- Solving started: time spent (1), best score ([0/0/0/0/0]hard/[0/-17241]soft), environment mode (NO_ASSERT), move thread count (NONE), random (seed 17).
21:20:26.158 [main] INFO ai.timefold.solver.core.impl.solver.DefaultSolver -- Problem scale: genuine entity count (3), genuine variable count (3), approximate value count (6), approximate problem scale (60,480).
21:20:26.496 [main] INFO ai.timefold.solver.core.impl.localsearch.DefaultLocalSearchPhase -- Local Search phase (0) ended: time spent (339), best score ([0/0/0/0/0]hard/[0/-16541]soft), move evaluation speed (295857/sec), step total (1000).
21:20:26.496 [main] INFO ai.timefold.solver.core.impl.solver.DefaultSolver -- Solving ended: time spent (339), best score ([0/0/0/0/0]hard/[0/-16541]soft), move evaluation speed (294985/sec), phase total (1), environment mode (NO_ASSERT), move thread count (NONE).
[INFO] Tests run: 4, Failures: 0, Errors: 0, Skipped: 0, Time elapsed: 2.565 s -- in dev.waterflex.scheduler.optimizer.SolverExperimentTest
[INFO] Running dev.waterflex.scheduler.optimizer.TimefoldAuditEvidenceTest
21:20:26.504 [main] INFO ai.timefold.solver.core.impl.solver.DefaultSolver -- Solving started: time spent (1), best score ([0/0/-1/0/0]hard/[0/0]soft), environment mode (NO_ASSERT), move thread count (NONE), random (seed 17).
21:20:26.504 [main] INFO ai.timefold.solver.core.impl.solver.DefaultSolver -- Problem scale: genuine entity count (1), genuine variable count (1), approximate value count (1), approximate problem scale (2).
21:20:26.504 [main] INFO ai.timefold.solver.core.impl.constructionheuristic.DefaultConstructionHeuristicPhase -- Construction Heuristic phase (0) ended: time spent (1), best score ([0/0/0/0/0]hard/[0/-3000]soft), move evaluation speed (2000/sec), step total (1).
21:20:26.703 [main] INFO ai.timefold.solver.core.impl.localsearch.DefaultLocalSearchPhase -- Local Search phase (1) ended: time spent (200), best score ([0/0/0/0/0]hard/[0/-3000]soft), move evaluation speed (509542/sec), step total (52).
21:20:26.703 [main] INFO ai.timefold.solver.core.impl.solver.DefaultSolver -- Solving ended: time spent (200), best score ([0/0/0/0/0]hard/[0/-3000]soft), move evaluation speed (507005/sec), phase total (2), environment mode (NO_ASSERT), move thread count (NONE).
[INFO] Tests run: 7, Failures: 0, Errors: 0, Skipped: 0, Time elapsed: 0.207 s -- in dev.waterflex.scheduler.optimizer.TimefoldAuditEvidenceTest
[INFO] Running dev.waterflex.scheduler.optimizer.TravelBreakdownTest
[INFO] Tests run: 3, Failures: 0, Errors: 0, Skipped: 0, Time elapsed: 0.002 s -- in dev.waterflex.scheduler.optimizer.TravelBreakdownTest
[INFO] Running dev.waterflex.scheduler.PurgeRoutesControllerTest
[INFO] Tests run: 1, Failures: 0, Errors: 0, Skipped: 0, Time elapsed: 0.030 s -- in dev.waterflex.scheduler.PurgeRoutesControllerTest
[INFO] Running dev.waterflex.scheduler.ReservationDeletionTest
[INFO] Tests run: 1, Failures: 0, Errors: 0, Skipped: 0, Time elapsed: 0.003 s -- in dev.waterflex.scheduler.ReservationDeletionTest
[INFO] Running dev.waterflex.scheduler.ReservationStateTest
[INFO] Tests run: 4, Failures: 0, Errors: 0, Skipped: 0, Time elapsed: 0.010 s -- in dev.waterflex.scheduler.ReservationStateTest
[INFO] Running dev.waterflex.scheduler.ReservedOvertimeTest
21:20:26.762 [main] INFO dev.waterflex.scheduler.BookingOfferLimit -- Booking offer limit: 1
[INFO] Tests run: 2, Failures: 0, Errors: 0, Skipped: 0, Time elapsed: 0.012 s -- in dev.waterflex.scheduler.ReservedOvertimeTest
[INFO] Running dev.waterflex.scheduler.RoadClientTest
[INFO] Tests run: 4, Failures: 0, Errors: 0, Skipped: 0, Time elapsed: 0.527 s -- in dev.waterflex.scheduler.RoadClientTest
[INFO] Running dev.waterflex.scheduler.RoadPrewarmingTest
[INFO] Tests run: 4, Failures: 0, Errors: 0, Skipped: 0, Time elapsed: 0.019 s -- in dev.waterflex.scheduler.RoadPrewarmingTest
[INFO] Running dev.waterflex.scheduler.RouteEndpointsTest
[INFO] Tests run: 2, Failures: 0, Errors: 0, Skipped: 0, Time elapsed: 0.003 s -- in dev.waterflex.scheduler.RouteEndpointsTest
[INFO] Running dev.waterflex.scheduler.RoutingFailureAdviceTest
21:20:27.326 [main] INFO org.springframework.mock.web.MockServletContext -- Initializing Spring TestDispatcherServlet ''
21:20:27.326 [main] INFO org.springframework.test.web.servlet.TestDispatcherServlet -- Initializing Servlet ''
21:20:27.326 [main] INFO org.springframework.test.web.servlet.TestDispatcherServlet -- Completed initialization in 0 ms
21:20:27.326 [main] WARN dev.waterflex.scheduler.RoutingFailureAdvice -- Operator road routing unavailable
dev.waterflex.scheduler.RoadClient$RoadUnavailable: fixture routing unavailable
	at dev.waterflex.scheduler.RoutingFailureAdviceTest$Endpoint.operation(RoutingFailureAdviceTest.java:12)
	at java.base/jdk.internal.reflect.DirectMethodHandleAccessor.invoke(DirectMethodHandleAccessor.java:104)
	at java.base/java.lang.reflect.Method.invoke(Method.java:565)
	at org.springframework.web.method.support.InvocableHandlerMethod.doInvoke(InvocableHandlerMethod.java:252)
	at org.springframework.web.method.support.InvocableHandlerMethod.invokeForRequest(InvocableHandlerMethod.java:184)
	at org.springframework.web.servlet.mvc.method.annotation.ServletInvocableHandlerMethod.invokeAndHandle(ServletInvocableHandlerMethod.java:117)
	at org.springframework.web.servlet.mvc.method.annotation.RequestMappingHandlerAdapter.invokeHandlerMethod(RequestMappingHandlerAdapter.java:934)
	at org.springframework.web.servlet.mvc.method.annotation.RequestMappingHandlerAdapter.handleInternal(RequestMappingHandlerAdapter.java:853)
	at org.springframework.web.servlet.mvc.method.AbstractHandlerMethodAdapter.handle(AbstractHandlerMethodAdapter.java:86)
	at org.springframework.web.servlet.DispatcherServlet.doDispatch(DispatcherServlet.java:963)
	at org.springframework.web.servlet.DispatcherServlet.doService(DispatcherServlet.java:866)
	at org.springframework.web.servlet.FrameworkServlet.processRequest(FrameworkServlet.java:1000)
	at org.springframework.web.servlet.FrameworkServlet.doGet(FrameworkServlet.java:892)
	at jakarta.servlet.http.HttpServlet.service(HttpServlet.java:622)
	at org.springframework.web.servlet.FrameworkServlet.service(FrameworkServlet.java:874)
	at org.springframework.test.web.servlet.TestDispatcherServlet.service(TestDispatcherServlet.java:72)
	at jakarta.servlet.http.HttpServlet.service(HttpServlet.java:710)
	at org.springframework.mock.web.MockFilterChain$ServletFilterProxy.doFilter(MockFilterChain.java:160)
	at org.springframework.mock.web.MockFilterChain.doFilter(MockFilterChain.java:127)
	at org.springframework.test.web.servlet.MockMvc.perform(MockMvc.java:199)
	at dev.waterflex.scheduler.RoutingFailureAdviceTest.operatorFailureIsExplicitAndRetryable(RoutingFailureAdviceTest.java:16)
	at java.base/jdk.internal.reflect.DirectMethodHandleAccessor.invoke(DirectMethodHandleAccessor.java:104)
	at java.base/java.lang.reflect.Method.invoke(Method.java:565)
	at org.junit.platform.commons.util.ReflectionUtils.invokeMethod(ReflectionUtils.java:701)
	at org.junit.platform.commons.support.ReflectionSupport.invokeMethod(ReflectionSupport.java:502)
	at org.junit.jupiter.engine.support.MethodReflectionUtils.invoke(MethodReflectionUtils.java:45)
	at org.junit.jupiter.engine.execution.MethodInvocation.proceed(MethodInvocation.java:61)
	at org.junit.jupiter.engine.execution.InvocationInterceptorChain$ValidatingInvocation.proceed(InvocationInterceptorChain.java:124)
	at org.junit.jupiter.engine.extension.TimeoutExtension.intercept(TimeoutExtension.java:163)
	at org.junit.jupiter.engine.extension.TimeoutExtension.interceptTestableMethod(TimeoutExtension.java:148)
	at org.junit.jupiter.engine.extension.TimeoutExtension.interceptTestMethod(TimeoutExtension.java:86)
	at org.junit.jupiter.engine.execution.InterceptingExecutableInvoker$ReflectiveInterceptorCall.lambda$ofVoidMethod$0(InterceptingExecutableInvoker.java:123)
	at org.junit.jupiter.engine.execution.InterceptingExecutableInvoker.lambda$invoke$0(InterceptingExecutableInvoker.java:105)
	at org.junit.jupiter.engine.execution.InvocationInterceptorChain$InterceptedInvocation.proceed(InvocationInterceptorChain.java:99)
	at org.junit.jupiter.engine.execution.InvocationInterceptorChain.proceed(InvocationInterceptorChain.java:66)
	at org.junit.jupiter.engine.execution.InvocationInterceptorChain.chainAndInvoke(InvocationInterceptorChain.java:47)
	at org.junit.jupiter.engine.execution.InvocationInterceptorChain.invoke(InvocationInterceptorChain.java:39)
	at org.junit.jupiter.engine.execution.InterceptingExecutableInvoker.invoke(InterceptingExecutableInvoker.java:104)
	at org.junit.jupiter.engine.execution.InterceptingExecutableInvoker.invoke(InterceptingExecutableInvoker.java:98)
	at org.junit.jupiter.engine.execution.InterceptingExecutableInvoker.invokeVoid(InterceptingExecutableInvoker.java:71)
	at org.junit.jupiter.engine.descriptor.TestMethodTestDescriptor.lambda$invokeTestMethod$0(TestMethodTestDescriptor.java:219)
	at org.junit.platform.engine.support.hierarchical.ThrowableCollector.execute(ThrowableCollector.java:74)
	at org.junit.jupiter.engine.descriptor.TestMethodTestDescriptor.invokeTestMethod(TestMethodTestDescriptor.java:215)
	at org.junit.jupiter.engine.descriptor.TestMethodTestDescriptor.execute(TestMethodTestDescriptor.java:157)
	at org.junit.jupiter.engine.descriptor.TestMethodTestDescriptor.execute(TestMethodTestDescriptor.java:70)
	at org.junit.platform.engine.support.hierarchical.NodeTestTask.lambda$executeRecursively$2(NodeTestTask.java:176)
	at org.junit.platform.engine.support.hierarchical.ThrowableCollector.execute(ThrowableCollector.java:74)
	at org.junit.platform.engine.support.hierarchical.NodeTestTask.lambda$executeRecursively$1(NodeTestTask.java:166)
	at org.junit.platform.engine.support.hierarchical.Node.around(Node.java:138)
	at org.junit.platform.engine.support.hierarchical.NodeTestTask.lambda$executeRecursively$0(NodeTestTask.java:164)
	at org.junit.platform.engine.support.hierarchical.ThrowableCollector.execute(ThrowableCollector.java:74)
	at org.junit.platform.engine.support.hierarchical.NodeTestTask.executeRecursively(NodeTestTask.java:163)
	at org.junit.platform.engine.support.hierarchical.NodeTestTask.execute(NodeTestTask.java:116)
	at java.base/java.util.ArrayList.forEach(ArrayList.java:1604)
	at org.junit.platform.engine.support.hierarchical.SameThreadHierarchicalTestExecutorService.invokeAll(SameThreadHierarchicalTestExecutorService.java:42)
	at org.junit.platform.engine.support.hierarchical.NodeTestTask.lambda$executeRecursively$2(NodeTestTask.java:180)
	at org.junit.platform.engine.support.hierarchical.ThrowableCollector.execute(ThrowableCollector.java:74)
	at org.junit.platform.engine.support.hierarchical.NodeTestTask.lambda$executeRecursively$1(NodeTestTask.java:166)
	at org.junit.platform.engine.support.hierarchical.Node.around(Node.java:138)
	at org.junit.platform.engine.support.hierarchical.NodeTestTask.lambda$executeRecursively$0(NodeTestTask.java:164)
	at org.junit.platform.engine.support.hierarchical.ThrowableCollector.execute(ThrowableCollector.java:74)
	at org.junit.platform.engine.support.hierarchical.NodeTestTask.executeRecursively(NodeTestTask.java:163)
	at org.junit.platform.engine.support.hierarchical.NodeTestTask.execute(NodeTestTask.java:116)
	at java.base/java.util.ArrayList.forEach(ArrayList.java:1604)
	at org.junit.platform.engine.support.hierarchical.SameThreadHierarchicalTestExecutorService.invokeAll(SameThreadHierarchicalTestExecutorService.java:42)
	at org.junit.platform.engine.support.hierarchical.NodeTestTask.lambda$executeRecursively$2(NodeTestTask.java:180)
	at org.junit.platform.engine.support.hierarchical.ThrowableCollector.execute(ThrowableCollector.java:74)
	at org.junit.platform.engine.support.hierarchical.NodeTestTask.lambda$executeRecursively$1(NodeTestTask.java:166)
	at org.junit.platform.engine.support.hierarchical.Node.around(Node.java:138)
	at org.junit.platform.engine.support.hierarchical.NodeTestTask.lambda$executeRecursively$0(NodeTestTask.java:164)
	at org.junit.platform.engine.support.hierarchical.ThrowableCollector.execute(ThrowableCollector.java:74)
	at org.junit.platform.engine.support.hierarchical.NodeTestTask.executeRecursively(NodeTestTask.java:163)
	at org.junit.platform.engine.support.hierarchical.NodeTestTask.execute(NodeTestTask.java:116)
	at org.junit.platform.engine.support.hierarchical.SameThreadHierarchicalTestExecutorService.submit(SameThreadHierarchicalTestExecutorService.java:36)
	at org.junit.platform.engine.support.hierarchical.HierarchicalTestExecutor.execute(HierarchicalTestExecutor.java:52)
	at org.junit.platform.engine.support.hierarchical.HierarchicalTestEngine.execute(HierarchicalTestEngine.java:58)
	at org.junit.platform.launcher.core.EngineExecutionOrchestrator.executeEngine(EngineExecutionOrchestrator.java:246)
	at org.junit.platform.launcher.core.EngineExecutionOrchestrator.failOrExecuteEngine(EngineExecutionOrchestrator.java:218)
	at org.junit.platform.launcher.core.EngineExecutionOrchestrator.execute(EngineExecutionOrchestrator.java:179)
	at org.junit.platform.launcher.core.EngineExecutionOrchestrator.execute(EngineExecutionOrchestrator.java:108)
	at org.junit.platform.launcher.core.EngineExecutionOrchestrator.lambda$execute$0(EngineExecutionOrchestrator.java:66)
	at org.junit.platform.launcher.core.EngineExecutionOrchestrator.withInterceptedStreams(EngineExecutionOrchestrator.java:157)
	at org.junit.platform.launcher.core.EngineExecutionOrchestrator.execute(EngineExecutionOrchestrator.java:65)
	at org.junit.platform.launcher.core.DefaultLauncher.execute(DefaultLauncher.java:125)
	at org.junit.platform.launcher.core.DefaultLauncher.execute(DefaultLauncher.java:114)
	at org.junit.platform.launcher.core.DelegatingLauncher.execute(DelegatingLauncher.java:58)
	at org.junit.platform.launcher.core.InterceptingLauncher.lambda$execute$2(InterceptingLauncher.java:57)
	at org.junit.platform.launcher.core.ClasspathAlignmentCheckingLauncherInterceptor.intercept(ClasspathAlignmentCheckingLauncherInterceptor.java:25)
	at org.junit.platform.launcher.core.InterceptingLauncher.execute(InterceptingLauncher.java:56)
	at org.junit.platform.launcher.core.DelegatingLauncher.execute(DelegatingLauncher.java:58)
	at java.base/jdk.internal.reflect.DirectMethodHandleAccessor.invoke(DirectMethodHandleAccessor.java:104)
	at java.base/java.lang.reflect.Method.invoke(Method.java:565)
	at org.apache.maven.surefire.api.util.ReflectionUtils.invokeMethodWithArray(ReflectionUtils.java:125)
	at org.apache.maven.surefire.junitplatform.LauncherAdapter.executeWithCancellationToken(LauncherAdapter.java:68)
	at org.apache.maven.surefire.junitplatform.LauncherAdapter.execute(LauncherAdapter.java:54)
	at org.apache.maven.surefire.junitplatform.JUnitPlatformProvider.execute(JUnitPlatformProvider.java:203)
	at org.apache.maven.surefire.junitplatform.JUnitPlatformProvider.invokeAllTests(JUnitPlatformProvider.java:168)
	at org.apache.maven.surefire.junitplatform.JUnitPlatformProvider.invoke(JUnitPlatformProvider.java:136)
	at org.apache.maven.surefire.booter.ForkedBooter.runSuitesInProcess(ForkedBooter.java:385)
	at org.apache.maven.surefire.booter.ForkedBooter.execute(ForkedBooter.java:162)
	at org.apache.maven.surefire.booter.ForkedBooter.run(ForkedBooter.java:507)
	at org.apache.maven.surefire.booter.ForkedBooter.main(ForkedBooter.java:495)
[INFO] Tests run: 1, Failures: 0, Errors: 0, Skipped: 0, Time elapsed: 0.016 s -- in dev.waterflex.scheduler.RoutingFailureAdviceTest
[INFO] Running dev.waterflex.scheduler.ScheduleCutoffTest
[INFO] Tests run: 5, Failures: 0, Errors: 0, Skipped: 0, Time elapsed: 0.002 s -- in dev.waterflex.scheduler.ScheduleCutoffTest
[INFO] Running dev.waterflex.scheduler.ScheduleGuardServiceTest
[INFO] Tests run: 6, Failures: 0, Errors: 0, Skipped: 0, Time elapsed: 0.013 s -- in dev.waterflex.scheduler.ScheduleGuardServiceTest
[INFO] Running dev.waterflex.scheduler.ScheduleSegmentsTest
[INFO] Tests run: 1, Failures: 0, Errors: 0, Skipped: 0, Time elapsed: 0.002 s -- in dev.waterflex.scheduler.ScheduleSegmentsTest
[INFO] Running dev.waterflex.scheduler.SchedulingBenchmarkControllerTest
21:20:27.367 [main] INFO org.springframework.mock.web.MockServletContext -- Initializing Spring TestDispatcherServlet ''
21:20:27.367 [main] INFO org.springframework.test.web.servlet.TestDispatcherServlet -- Initializing Servlet ''
21:20:27.367 [main] INFO org.springframework.test.web.servlet.TestDispatcherServlet -- Completed initialization in 0 ms
21:20:27.369 [main] WARN org.springframework.web.servlet.mvc.support.DefaultHandlerExceptionResolver -- Resolved [org.springframework.http.converter.HttpMessageNotReadableException: Required request body is missing: public java.util.Map<java.lang.String, java.lang.Object> dev.waterflex.scheduler.SchedulingBenchmarkController.audit(dev.waterflex.scheduler.SchedulingBenchmarkController$Request)]
21:20:27.370 [main] WARN org.springframework.web.servlet.mvc.support.DefaultHandlerExceptionResolver -- Resolved [org.springframework.http.converter.HttpMessageNotReadableException: Required request body is missing: public dev.waterflex.scheduler.SchedulingBenchmarkController$Statistics dev.waterflex.scheduler.SchedulingBenchmarkController.statistics(dev.waterflex.scheduler.SchedulingBenchmarkController$StatisticsRequest)]
21:20:27.371 [main] WARN org.springframework.web.servlet.mvc.support.DefaultHandlerExceptionResolver -- Resolved [org.springframework.http.converter.HttpMessageNotReadableException: JSON parse error: Cannot coerce String value ("true") to `java.lang.Boolean` value (but might if coercion using `CoercionConfig` was enabled)]
[INFO] Tests run: 1, Failures: 0, Errors: 0, Skipped: 0, Time elapsed: 0.025 s -- in dev.waterflex.scheduler.SchedulingBenchmarkControllerTest
[INFO] Running dev.waterflex.scheduler.SearchAdmissionTest
[INFO] Tests run: 7, Failures: 0, Errors: 0, Skipped: 0, Time elapsed: 0.083 s -- in dev.waterflex.scheduler.SearchAdmissionTest
[INFO] Running dev.waterflex.scheduler.SearchDatabaseTelemetryTest
[INFO] Tests run: 3, Failures: 0, Errors: 0, Skipped: 0, Time elapsed: 0.246 s -- in dev.waterflex.scheduler.SearchDatabaseTelemetryTest
[INFO] Running dev.waterflex.scheduler.ServiceCalendarTest
[INFO] Tests run: 4, Failures: 0, Errors: 0, Skipped: 0, Time elapsed: 0.039 s -- in dev.waterflex.scheduler.ServiceCalendarTest
[INFO] Running dev.waterflex.scheduler.SnapshotRoutingTest
21:20:27.748 [main] INFO dev.waterflex.scheduler.BookingOfferLimit -- Booking offer limit: 1
21:20:27.749 [main] INFO dev.waterflex.scheduler.BookingOfferLimit -- Booking offer limit: 1
21:20:27.754 [main] INFO dev.waterflex.scheduler.BookingOfferLimit -- Booking offer limit: 1
21:20:27.755 [main] INFO dev.waterflex.scheduler.BookingOfferLimit -- Booking offer limit: 1
21:20:27.761 [main] INFO dev.waterflex.scheduler.BookingOfferLimit -- Booking offer limit: 1
21:20:27.761 [main] INFO dev.waterflex.scheduler.BookingOfferLimit -- Booking offer limit: 1
[INFO] Tests run: 5, Failures: 0, Errors: 0, Skipped: 0, Time elapsed: 0.030 s -- in dev.waterflex.scheduler.SnapshotRoutingTest
[INFO] Running dev.waterflex.scheduler.TestAddressRoutabilityServiceTest
[INFO] Tests run: 1, Failures: 0, Errors: 0, Skipped: 0, Time elapsed: 0.011 s -- in dev.waterflex.scheduler.TestAddressRoutabilityServiceTest
[INFO] Running dev.waterflex.scheduler.TimeOffEligibilityTest
[INFO] Tests run: 2, Failures: 0, Errors: 0, Skipped: 0, Time elapsed: 0.001 s -- in dev.waterflex.scheduler.TimeOffEligibilityTest
[INFO] Running dev.waterflex.scheduler.TimeOffPollingTest
21:20:27.814 [main] WARN org.springframework.context.annotation.AnnotationConfigApplicationContext -- Exception encountered during context initialization - cancelling refresh attempt: org.springframework.beans.factory.BeanCreationException: Error creating bean with name 'timeOffPolling': Failed to instantiate [dev.waterflex.scheduler.TimeOffPolling]: Constructor threw exception
21:20:27.817 [main] WARN org.springframework.context.annotation.AnnotationConfigApplicationContext -- Exception encountered during context initialization - cancelling refresh attempt: org.springframework.beans.factory.BeanCreationException: Error creating bean with name 'timeOffPolling': Failed to instantiate [dev.waterflex.scheduler.TimeOffPolling]: Constructor threw exception
21:20:27.820 [main] WARN org.springframework.context.annotation.AnnotationConfigApplicationContext -- Exception encountered during context initialization - cancelling refresh attempt: org.springframework.beans.factory.BeanCreationException: Error creating bean with name 'timeOffPolling': Failed to instantiate [dev.waterflex.scheduler.TimeOffPolling]: Constructor threw exception
21:20:27.824 [main] WARN org.springframework.context.annotation.AnnotationConfigApplicationContext -- Exception encountered during context initialization - cancelling refresh attempt: org.springframework.beans.factory.BeanCreationException: Error creating bean with name 'timeOffPolling': Failed to instantiate [dev.waterflex.scheduler.TimeOffPolling]: Constructor threw exception
21:20:27.828 [main] WARN org.springframework.context.annotation.AnnotationConfigApplicationContext -- Exception encountered during context initialization - cancelling refresh attempt: org.springframework.beans.factory.BeanCreationException: Error creating bean with name 'timeOffPolling': Failed to instantiate [dev.waterflex.scheduler.TimeOffPolling]: Constructor threw exception
21:20:27.831 [main] WARN org.springframework.context.annotation.AnnotationConfigApplicationContext -- Exception encountered during context initialization - cancelling refresh attempt: org.springframework.beans.factory.BeanCreationException: Error creating bean with name 'timeOffPolling': Failed to instantiate [dev.waterflex.scheduler.TimeOffPolling]: Constructor threw exception
21:20:27.834 [main] WARN org.springframework.context.annotation.AnnotationConfigApplicationContext -- Exception encountered during context initialization - cancelling refresh attempt: org.springframework.beans.factory.BeanCreationException: Error creating bean with name 'timeOffPolling': Failed to instantiate [dev.waterflex.scheduler.TimeOffPolling]: Constructor threw exception
21:20:27.837 [main] WARN org.springframework.context.annotation.AnnotationConfigApplicationContext -- Exception encountered during context initialization - cancelling refresh attempt: org.springframework.beans.factory.BeanCreationException: Error creating bean with name 'timeOffPolling': Failed to instantiate [dev.waterflex.scheduler.TimeOffPolling]: Constructor threw exception
[INFO] Tests run: 13, Failures: 0, Errors: 0, Skipped: 0, Time elapsed: 0.053 s -- in dev.waterflex.scheduler.TimeOffPollingTest
[INFO] Running dev.waterflex.scheduler.TimeOffTravelTest
[INFO] Tests run: 4, Failures: 0, Errors: 0, Skipped: 0, Time elapsed: 0.003 s -- in dev.waterflex.scheduler.TimeOffTravelTest
[INFO] 
[INFO] Results:
[INFO] 
[INFO] Tests run: 252, Failures: 0, Errors: 0, Skipped: 1
[INFO] 
[INFO] 
[INFO] --- jar:3.5.1:jar (default-jar) @ scheduler-service ---
[INFO] Building jar: C:\Users\mcgee\OneDrive\Desktop\waterflex\waterflex-scheduler-java\scheduler-service\target\scheduler-service-0.1.0-SNAPSHOT.jar
[INFO] 
[INFO] --- spring-boot:4.1.1:repackage (repackage) @ scheduler-service ---
[INFO] Replacing main artifact C:\Users\mcgee\OneDrive\Desktop\waterflex\waterflex-scheduler-java\scheduler-service\target\scheduler-service-0.1.0-SNAPSHOT.jar with repackaged archive, adding nested dependencies in BOOT-INF/.
[INFO] The original artifact has been renamed to C:\Users\mcgee\OneDrive\Desktop\waterflex\waterflex-scheduler-java\scheduler-service\target\scheduler-service-0.1.0-SNAPSHOT.jar.original
[INFO] 
[INFO] -------------------< dev.waterflex:routing-service >--------------------
[INFO] Building routing-service 0.1.0-SNAPSHOT                            [4/5]
[INFO]   from routing-service\pom.xml
[INFO] --------------------------------[ jar ]---------------------------------
[INFO] 
[INFO] --- clean:3.5.0:clean (default-clean) @ routing-service ---
[INFO] Deleting C:\Users\mcgee\OneDrive\Desktop\waterflex\waterflex-scheduler-java\routing-service\target
[INFO] 
[INFO] --- resources:3.5.0:resources (default-resources) @ routing-service ---
[INFO] Copying 1 resource from src\main\resources to target\classes
[INFO] Copying 0 resource from src\main\resources to target\classes
[INFO] 
[INFO] --- compiler:3.15.0:compile (default-compile) @ routing-service ---
[INFO] Recompiling the module because of changed source code.
[INFO] Compiling with eclipse [debug parameters release 25] to target\classes
[INFO] 
[INFO] --- resources:3.5.0:testResources (default-testResources) @ routing-service ---
[INFO] Copying 1 resource from src\test\resources to target\test-classes
[INFO] 
[INFO] --- compiler:3.15.0:testCompile (default-testCompile) @ routing-service ---
[INFO] Recompiling the module because of changed dependency.
[INFO] Compiling with eclipse [debug parameters release 25] to target\test-classes
[INFO] 
[INFO] --- surefire:3.5.6:test (default-test) @ routing-service ---
[INFO] Using auto detected provider org.apache.maven.surefire.junitplatform.JUnitPlatformProvider
[INFO] 
[INFO] -------------------------------------------------------
[INFO]  T E S T S
[INFO] -------------------------------------------------------
[INFO] Running dev.waterflex.routing.MatrixControllerTest
21:20:29.694 [main] INFO com.graphhopper.GraphHopper -- version 11.0|2025-10-14T14:28:00Z (9,24,7,5,2,9)
21:20:29.918 [main] INFO com.graphhopper.GraphHopper -- No custom areas are used, custom_areas.directory not given
21:20:29.926 [main] INFO com.graphhopper.GraphHopper -- No country rules available
21:20:29.926 [main] INFO com.graphhopper.GraphHopper -- start creating graph from C:\Users\mcgee\AppData\Local\Temp\junit-3754576335236815320\fixture-roads.osm
21:20:29.937 [main] INFO com.graphhopper.GraphHopper -- using car|RAM_STORE|2D|no_turn_cost|nodes:9,edges:24,geometry:7,location_index:5,string_index:2,nodesCH:0,shortcuts:9, memory:totalMB:1024, usedMB:80
21:20:29.945 [main] INFO com.graphhopper.reader.osm.WaySegmentParser -- Start reading OSM file: 'C:\Users\mcgee\AppData\Local\Temp\junit-3754576335236815320\fixture-roads.osm'
21:20:29.945 [main] INFO com.graphhopper.reader.osm.WaySegmentParser -- pass1 - start
21:20:29.970 [main] INFO com.graphhopper.reader.osm.WaySegmentParser -- pass1 - start reading OSM ways
21:20:29.972 [main] INFO com.graphhopper.reader.osm.WaySegmentParser -- pass1 - finished, processed ways: 2, accepted ways: 2, way nodes: 4, relations: 0, totalMB:1024, usedMB:90
21:20:29.972 [main] INFO com.graphhopper.reader.osm.WaySegmentParser -- pass1 - finished, took: 27.16ms
21:20:29.974 [main] INFO com.graphhopper.reader.osm.WaySegmentParser -- Creating graph. Node count (pillar+tower): 4, totalMB:1024, usedMB:90
21:20:29.974 [main] INFO com.graphhopper.reader.osm.WaySegmentParser -- pass2 - start
21:20:29.975 [main] INFO com.graphhopper.reader.osm.WaySegmentParser -- pass2 - start reading OSM nodes
21:20:29.975 [main] INFO com.graphhopper.reader.osm.WaySegmentParser -- pass2 - start reading OSM ways
21:20:29.982 [main] INFO com.graphhopper.reader.osm.WaySegmentParser -- pass2 - finished, processed ways: 2, way nodes: 4, nodes with tags: 0, node tag capacity: 1,056,768, ignored barriers at junctions: 0
21:20:29.982 [main] INFO com.graphhopper.reader.osm.WaySegmentParser -- pass2 - finished, took: 8.98ms
21:20:29.984 [main] INFO com.graphhopper.reader.osm.WaySegmentParser -- Finished reading OSM file. pass1: 0s,  pass2: 0s,  total: 0s
21:20:29.984 [main] INFO com.graphhopper.reader.osm.OSMReader -- Finished reading OSM file: C:\Users\mcgee\AppData\Local\Temp\junit-3754576335236815320\fixture-roads.osm, nodes: 2, edges: 2, zero distance edges: 0
21:20:29.987 [main] INFO com.graphhopper.GraphHopper -- sorting graph along Hilbert curve...
21:20:29.989 [main] INFO com.graphhopper.GraphHopper -- calculating sort order took: 1.83ms
21:20:29.990 [main] INFO com.graphhopper.GraphHopper -- sort graph for fixed ordering...
21:20:29.990 [main] INFO com.graphhopper.GraphHopper -- sorting 2 edges took: 372.90�s
21:20:29.990 [main] INFO com.graphhopper.GraphHopper -- sorting 2 nodes took: 100.80�s
21:20:29.997 [main] INFO com.graphhopper.routing.subnetwork.PrepareRoutingSubnetworks -- Start marking subnetworks, prepare.min_network_size: 200, threads: 1, nodes: 2, edges: 2, jobs: [car_subnetwork|com.graphhopper.routing.weighting.custom.CustomWeighting@6145b81e], totalMB:1024, usedMB:92
21:20:30.007 [ForkJoinPool-1-worker-1] INFO com.graphhopper.routing.subnetwork.PrepareRoutingSubnetworks -- car - Found 2 subnetworks (1 single edges and 1 components with more than one edge, total nodes: 4), took: 0.0036537s
21:20:30.008 [ForkJoinPool-1-worker-1] INFO com.graphhopper.routing.subnetwork.PrepareRoutingSubnetworks -- car - Marked 1 subnetworks (biggest: 1 edges) -> 1 components(s) remain (smallest: 3, biggest: 3 edges), total marked edges: 0, took: 2.429E-4s
21:20:30.009 [main] INFO com.graphhopper.routing.subnetwork.PrepareRoutingSubnetworks -- Finished finding and marking subnetworks for 1 jobs, took: 0.0173718s, totalMB:80, usedMB:22
21:20:30.009 [main] INFO com.graphhopper.GraphHopper -- nodes: 2, edges: 2
21:20:30.058 [main] INFO com.graphhopper.storage.index.LocationIndexTree -- location index created in 0.0074096s, size:4, leafs:2, precision:300, depth:7, checksum:0, entries:[16, 16, 16, 16, 16, 4, 4], entriesPerLeaf:2.0
21:20:30.061 [main] INFO com.graphhopper.GraphHopper -- flushing graph car|RAM_STORE|2D|no_turn_cost|nodes:9,edges:24,geometry:7,location_index:5,string_index:2,nodesCH:0,shortcuts:9, details:edges: 2(1MB), nodes: 2(1MB), bounds: 7.42,7.422,43.735,43.735, name:(1MB), geo:20/-1(1MB), totalMB:80, usedMB:35)
21:20:30.071 [main] INFO com.graphhopper.GraphHopper -- flushed graph totalMB:80, usedMB:36)
21:20:30.135 [main] INFO com.graphhopper.GraphHopper -- version 11.0|2025-10-14T14:28:00Z (9,24,7,5,2,9)
21:20:30.187 [main] INFO com.graphhopper.GraphHopper -- No custom areas are used, custom_areas.directory not given
21:20:30.189 [main] INFO com.graphhopper.GraphHopper -- No country rules available
21:20:30.189 [main] INFO com.graphhopper.GraphHopper -- start creating graph from C:\Users\mcgee\AppData\Local\Temp\junit-3754576335236815320\fixture-roads.osm
21:20:30.189 [main] INFO com.graphhopper.GraphHopper -- using car|RAM_STORE|2D|no_turn_cost|nodes:9,edges:24,geometry:7,location_index:5,string_index:2,nodesCH:0,shortcuts:9, memory:totalMB:96, usedMB:20
21:20:30.190 [main] INFO com.graphhopper.reader.osm.WaySegmentParser -- Start reading OSM file: 'C:\Users\mcgee\AppData\Local\Temp\junit-3754576335236815320\fixture-roads.osm'
21:20:30.190 [main] INFO com.graphhopper.reader.osm.WaySegmentParser -- pass1 - start
21:20:30.192 [main] INFO com.graphhopper.reader.osm.WaySegmentParser -- pass1 - start reading OSM ways
21:20:30.192 [main] INFO com.graphhopper.reader.osm.WaySegmentParser -- pass1 - finished, processed ways: 2, accepted ways: 2, way nodes: 4, relations: 0, totalMB:96, usedMB:24
21:20:30.192 [main] INFO com.graphhopper.reader.osm.WaySegmentParser -- pass1 - finished, took: 1.74ms
21:20:30.192 [main] INFO com.graphhopper.reader.osm.WaySegmentParser -- Creating graph. Node count (pillar+tower): 4, totalMB:96, usedMB:24
21:20:30.192 [main] INFO com.graphhopper.reader.osm.WaySegmentParser -- pass2 - start
21:20:30.193 [main] INFO com.graphhopper.reader.osm.WaySegmentParser -- pass2 - start reading OSM nodes
21:20:30.193 [main] INFO com.graphhopper.reader.osm.WaySegmentParser -- pass2 - start reading OSM ways
21:20:30.194 [main] INFO com.graphhopper.reader.osm.WaySegmentParser -- pass2 - finished, processed ways: 2, way nodes: 4, nodes with tags: 0, node tag capacity: 1,056,768, ignored barriers at junctions: 0
21:20:30.194 [main] INFO com.graphhopper.reader.osm.WaySegmentParser -- pass2 - finished, took: 2.51ms
21:20:30.194 [main] INFO com.graphhopper.reader.osm.WaySegmentParser -- Finished reading OSM file. pass1: 0s,  pass2: 0s,  total: 0s
21:20:30.194 [main] INFO com.graphhopper.reader.osm.OSMReader -- Finished reading OSM file: C:\Users\mcgee\AppData\Local\Temp\junit-3754576335236815320\fixture-roads.osm, nodes: 2, edges: 2, zero distance edges: 0
21:20:30.194 [main] INFO com.graphhopper.GraphHopper -- sorting graph along Hilbert curve...
21:20:30.194 [main] INFO com.graphhopper.GraphHopper -- calculating sort order took: 49.40�s
21:20:30.196 [main] INFO com.graphhopper.GraphHopper -- sort graph for fixed ordering...
21:20:30.196 [main] INFO com.graphhopper.GraphHopper -- sorting 2 edges took: 32.60�s
21:20:30.196 [main] INFO com.graphhopper.GraphHopper -- sorting 2 nodes took: 30.00�s
21:20:30.196 [main] INFO com.graphhopper.routing.subnetwork.PrepareRoutingSubnetworks -- Start marking subnetworks, prepare.min_network_size: 200, threads: 1, nodes: 2, edges: 2, jobs: [car_subnetwork|com.graphhopper.routing.weighting.custom.CustomWeighting@69228e85], totalMB:96, usedMB:24
21:20:30.196 [ForkJoinPool-2-worker-1] INFO com.graphhopper.routing.subnetwork.PrepareRoutingSubnetworks -- car - Found 2 subnetworks (1 single edges and 1 components with more than one edge, total nodes: 4), took: 8.66E-5s
21:20:30.196 [ForkJoinPool-2-worker-1] INFO com.graphhopper.routing.subnetwork.PrepareRoutingSubnetworks -- car - Marked 1 subnetworks (biggest: 1 edges) -> 1 components(s) remain (smallest: 3, biggest: 3 edges), total marked edges: 0, took: 5.5E-6s
21:20:30.196 [main] INFO com.graphhopper.routing.subnetwork.PrepareRoutingSubnetworks -- Finished finding and marking subnetworks for 1 jobs, took: 7.098E-4s, totalMB:96, usedMB:25
21:20:30.196 [main] INFO com.graphhopper.GraphHopper -- nodes: 2, edges: 2
21:20:30.200 [main] INFO com.graphhopper.storage.index.LocationIndexTree -- location index created in 0.0019885s, size:4, leafs:2, precision:300, depth:7, checksum:0, entries:[16, 16, 16, 16, 16, 4, 4], entriesPerLeaf:2.0
21:20:30.203 [main] INFO com.graphhopper.routing.ch.CHPreparationHandler -- Creating CH preparations, totalMB:96, usedMB:39
21:20:30.204 [main] INFO com.graphhopper.routing.ch.CHPreparationHandler -- 1/1 Setting up CH preparation for profile 'car' NODE_BASED ... (totalMB:96, usedMB:39)
21:20:30.207 [car] INFO com.graphhopper.routing.ch.PrepareContractionHierarchies -- Creating CH prepare graph, totalMB:96, usedMB:43
21:20:30.209 [car] INFO com.graphhopper.routing.ch.PrepareContractionHierarchies -- Building CH prepare graph, totalMB:96, usedMB:43
21:20:30.209 [car] INFO com.graphhopper.routing.ch.PrepareContractionHierarchies -- Finished building CH prepare graph, took: 2.687E-4s, totalMB:96, usedMB:43
21:20:30.210 [car] INFO com.graphhopper.routing.ch.PrepareContractionHierarchies -- Building initial queue of nodes to be contracted: 2 nodes, totalMB:96, usedMB:43
21:20:30.211 [car] INFO com.graphhopper.routing.ch.PrepareContractionHierarchies -- Finished building queue, took: 5.296E-4s, totalMB:96, usedMB:43
21:20:30.211 [car] INFO com.graphhopper.routing.ch.PrepareContractionHierarchies -- node, nodes:          2, shortcuts:          0, updates:  0, checked-nodes:          0, t(total):   0.00,  t(period):   0.00, t(lazy):   0.00, t(neighbor):   0.00, t(contr):   0.00, t(other) :   0.00, dijkstra-ratio:   0.00%, meanDegree: 1.00, dijkstras:          0, mem:        0MB, totalMB:96, usedMB:43
21:20:30.212 [car] INFO com.graphhopper.routing.ch.PrepareContractionHierarchies -- node, nodes:          0, shortcuts:          0, updates:  0, checked-nodes:          2, t(total):   0.00,  t(period):   0.00, t(lazy):   0.00, t(neighbor):   0.00, t(contr):   0.00, t(other) :   0.00, dijkstra-ratio:   0.00%, meanDegree: 0.89, dijkstras:          0, mem:        0MB, totalMB:96, usedMB:43
21:20:30.213 [car] INFO com.graphhopper.routing.ch.PrepareContractionHierarchies -- new shortcuts: 0, initSize:2, com.graphhopper.routing.weighting.custom.CustomWeighting@5b526b8c, periodic:0, lazy:100, neighbor:100, t(total):   0.01,  t(period):   0.00, t(lazy):   0.00, t(neighbor):   0.00, t(contr):   0.00, t(other) :   0.00, dijkstra-ratio:   0.00%, lazy-overhead: 0%, totalMB:96, usedMB:43
21:20:30.213 [car] INFO com.graphhopper.routing.ch.PrepareContractionHierarchies -- shortcuts that exceed maximum weight: 0
21:20:30.213 [car] INFO com.graphhopper.routing.ch.PrepareContractionHierarchies -- took: 0s, graph now - num edges: 2, num nodes: 2, num shortcuts: 0
21:20:30.218 [main] INFO com.graphhopper.routing.ch.CHPreparationHandler -- Finished CH preparation, totalMB:96, usedMB:45
21:20:30.219 [main] INFO com.graphhopper.GraphHopper -- flushing graph car|RAM_STORE|2D|no_turn_cost|nodes:9,edges:24,geometry:7,location_index:5,string_index:2,nodesCH:0,shortcuts:9, details:edges: 2(1MB), nodes: 2(1MB), bounds: 7.42,7.422,43.735,43.735, name:(1MB), geo:20/-1(1MB), totalMB:96, usedMB:45)
21:20:30.225 [main] INFO com.graphhopper.GraphHopper -- flushed graph totalMB:96, usedMB:45)
21:20:30.288 [main] INFO com.graphhopper.GraphHopper -- version 11.0|2025-10-14T14:28:00Z (9,24,7,5,2,9)
21:20:30.289 [main] INFO com.graphhopper.GraphHopper -- graph car|RAM_STORE|2D|no_turn_cost|nodes:9,edges:24,geometry:7,location_index:5,string_index:2,nodesCH:0,shortcuts:9, details:edges: 2(1MB), nodes: 2(1MB), bounds: 7.42,7.422,43.735,43.735, name:(1MB), geo:20/-1(1MB)
21:20:30.326 [main] INFO com.graphhopper.GraphHopper -- version 11.0|2025-10-14T14:28:00Z (9,24,7,5,2,9)
21:20:30.326 [main] INFO com.graphhopper.GraphHopper -- graph car|RAM_STORE|2D|no_turn_cost|nodes:9,edges:24,geometry:7,location_index:5,string_index:2,nodesCH:0,shortcuts:9, details:edges: 2(1MB), nodes: 2(1MB), bounds: 7.42,7.422,43.735,43.735, name:(1MB), geo:20/-1(1MB)
21:20:30.675 [main] INFO org.springframework.mock.web.MockServletContext -- Initializing Spring TestDispatcherServlet ''
21:20:30.675 [main] INFO org.springframework.test.web.servlet.TestDispatcherServlet -- Initializing Servlet ''
21:20:30.677 [main] INFO org.springframework.test.web.servlet.TestDispatcherServlet -- Completed initialization in 2 ms
21:20:30.766 [main] WARN org.springframework.web.servlet.mvc.support.DefaultHandlerExceptionResolver -- Resolved [org.springframework.http.converter.HttpMessageNotReadableException: Required request body is missing: public dev.waterflex.routing.MatrixController$Matrix dev.waterflex.routing.MatrixController.matrix(dev.waterflex.routing.MatrixController$Request)]
21:20:30.773 [main] WARN org.springframework.web.servlet.mvc.support.DefaultHandlerExceptionResolver -- Resolved [org.springframework.http.converter.HttpMessageNotReadableException: JSON parse error: Unexpected end-of-input: expected close marker for Object (start marker at [Source: REDACTED (`StreamReadFeature.INCLUDE_SOURCE_IN_LOCATION` disabled); byte offset: #UNKNOWN])]
21:20:30.780 [main] WARN org.springframework.web.servlet.mvc.support.DefaultHandlerExceptionResolver -- Resolved [org.springframework.http.converter.HttpMessageNotReadableException: JSON parse error: Cannot coerce String value ("0") to `java.lang.Double` value (but might if coercion using `CoercionConfig` was enabled)]
[INFO] Tests run: 2, Failures: 0, Errors: 0, Skipped: 0, Time elapsed: 1.427 s -- in dev.waterflex.routing.MatrixControllerTest
[INFO] 
[INFO] Results:
[INFO] 
[INFO] Tests run: 2, Failures: 0, Errors: 0, Skipped: 0
[INFO] 
[INFO] 
[INFO] --- jar:3.5.1:jar (default-jar) @ routing-service ---
[INFO] Building jar: C:\Users\mcgee\OneDrive\Desktop\waterflex\waterflex-scheduler-java\routing-service\target\routing-service-0.1.0-SNAPSHOT.jar
[INFO] 
[INFO] --- spring-boot:4.1.1:repackage (repackage) @ routing-service ---
[INFO] Replacing main artifact C:\Users\mcgee\OneDrive\Desktop\waterflex\waterflex-scheduler-java\routing-service\target\routing-service-0.1.0-SNAPSHOT.jar with repackaged archive, adding nested dependencies in BOOT-INF/.
[INFO] The original artifact has been renamed to C:\Users\mcgee\OneDrive\Desktop\waterflex\waterflex-scheduler-java\routing-service\target\routing-service-0.1.0-SNAPSHOT.jar.original
[INFO] 
[INFO] -----------------< dev.waterflex:waterflex-scheduler >------------------
[INFO] Building waterflex-scheduler 0.1.0-SNAPSHOT                        [5/5]
[INFO]   from pom.xml
[INFO] --------------------------------[ pom ]---------------------------------
[INFO] 
[INFO] --- clean:3.2.0:clean (default-clean) @ waterflex-scheduler ---
[INFO] ------------------------------------------------------------------------
[INFO] Reactor Summary for waterflex-scheduler 0.1.0-SNAPSHOT:
[INFO] 
[INFO] calculation-engine ................................. SUCCESS [  2.267 s]
[INFO] solver-service ..................................... SUCCESS [  7.292 s]
[INFO] scheduler-service .................................. SUCCESS [ 29.550 s]
[INFO] routing-service .................................... SUCCESS [  2.427 s]
[INFO] waterflex-scheduler ................................ SUCCESS [  0.036 s]
[INFO] ------------------------------------------------------------------------
[INFO] BUILD SUCCESS
[INFO] ------------------------------------------------------------------------
[INFO] Total time:  41.802 s
[INFO] Finished at: 2026-10-06T21:20:30-05:00
[INFO] ------------------------------------------------------------------------
