WARNING: A restricted method in java.lang.System has been called
WARNING: java.lang.System::load has been called by org.fusesource.jansi.internal.JansiLoader in an unnamed module (file:/C:/Users/mcgee/.m2/wrapper/dists/apache-maven-3.9.16-bin/4200fbc6/apache-maven-3.9.16/lib/jansi-2.4.3.jar)
WARNING: Use --enable-native-access=ALL-UNNAMED to avoid a warning for callers in this module
WARNING: Restricted methods will be blocked in a future release unless native access is enabled

[INFO] Scanning for projects...
[INFO] ------------------------------------------------------------------------
[INFO] Reactor Build Order:
[INFO] 
[INFO] calculation-engine                                                 [jar]
[INFO] solver-service                                                     [jar]
[INFO] scheduler-service                                                  [jar]
[INFO] routing-service                                                    [jar]
[INFO] waterflex-scheduler                                                [pom]
[INFO] 
[INFO] ------------------< dev.waterflex:calculation-engine >------------------
[INFO] Building calculation-engine 0.1.0-SNAPSHOT                         [1/5]
[INFO]   from calculation-engine\pom.xml
[INFO] --------------------------------[ jar ]---------------------------------
[INFO] 
[INFO] --- clean:3.5.0:clean (default-clean) @ calculation-engine ---
[INFO] Deleting C:\Users\mcgee\OneDrive\Desktop\waterflex\waterflex-scheduler-java\calculation-engine\target
[INFO] 
[INFO] --- resources:3.5.0:resources (default-resources) @ calculation-engine ---
[INFO] Copying 0 resource from src\main\resources to target\classes
[INFO] Copying 1 resource from src\main\resources to target\classes
[INFO] 
[INFO] --- compiler:3.15.0:compile (default-compile) @ calculation-engine ---
[INFO] Recompiling the module because of changed source code.
[INFO] Compiling with eclipse [debug parameters release 25] to target\classes
[INFO] C:\Users\mcgee\OneDrive\Desktop\waterflex\waterflex-scheduler-java\calculation-engine\src\main\java\dev\waterflex\scheduler\BookingSnapshot.java:[190,26] Unsafe null type conversion (type annotations): The value of type 'java.util.AbstractMap.@NonNull SimpleImmutableEntry<java.lang.@NonNull String,dev.waterflex.scheduler.BookingSnapshot.@NonNull Visit>' is made accessible using the less-annotated type 'java.util.Map.Entry<java.lang.String,dev.waterflex.scheduler.BookingSnapshot.Visit>', corresponding supertype is 'java.util.Map.Entry<java.lang.@NonNull String,dev.waterflex.scheduler.BookingSnapshot.@NonNull Visit>'
[INFO] C:\Users\mcgee\OneDrive\Desktop\waterflex\waterflex-scheduler-java\calculation-engine\src\main\java\dev\waterflex\scheduler\BoundedBookingSearch.java:[489,34] Unsafe null type conversion (type annotations): The value of type 'java.util.Optional<dev.waterflex.scheduler.BoundedBookingSearch.@NonNull Ranked>' is made accessible using the less-annotated type 'java.util.Optional<dev.waterflex.scheduler.BoundedBookingSearch.Ranked>'
[INFO] C:\Users\mcgee\OneDrive\Desktop\waterflex\waterflex-scheduler-java\calculation-engine\src\main\java\dev\waterflex\scheduler\optimizer\DailyCalculation.java:[16,100] Unsafe null type conversion (type annotations): The value of type 'java.util.List<dev.waterflex.scheduler.optimizer.DailySolver.@NonNull Phase>' is made accessible using the less-annotated type 'java.util.@Nullable List<dev.waterflex.scheduler.optimizer.DailySolver.Phase>'
[INFO] C:\Users\mcgee\OneDrive\Desktop\waterflex\waterflex-scheduler-java\calculation-engine\src\main\java\dev\waterflex\scheduler\optimizer\DailyOutcome.java:[13,33] Unsafe null type conversion (type annotations): The value of type 'java.util.@NonNull List<java.lang.@NonNull String>' is made accessible using the less-annotated type 'java.util.List<java.lang.String>'
[INFO] C:\Users\mcgee\OneDrive\Desktop\waterflex\waterflex-scheduler-java\calculation-engine\src\main\java\dev\waterflex\scheduler\optimizer\DayPlan.java:[64,16] Unsafe null type conversion (type annotations): The value of type 'java.util.@NonNull List<java.lang.@NonNull String>' is made accessible using the less-annotated type 'java.util.@NonNull List<java.lang.String>'
[INFO] C:\Users\mcgee\OneDrive\Desktop\waterflex\waterflex-scheduler-java\calculation-engine\src\main\java\dev\waterflex\scheduler\optimizer\TechRoute.java:[53,17] Unsafe null type conversion (type annotations): The value of type 'java.util.@NonNull List<java.lang.@NonNull String>' is made accessible using the less-annotated type 'java.util.@NonNull List<java.lang.String>'
[INFO] 
[INFO] --- resources:3.5.0:testResources (default-testResources) @ calculation-engine ---
[INFO] skip non existing resourceDirectory C:\Users\mcgee\OneDrive\Desktop\waterflex\waterflex-scheduler-java\calculation-engine\src\test\resources
[INFO] 
[INFO] --- compiler:3.15.0:testCompile (default-testCompile) @ calculation-engine ---
[INFO] No sources to compile
[INFO] 
[INFO] --- surefire:3.5.6:test (default-test) @ calculation-engine ---
[INFO] No tests to run.
[INFO] 
[INFO] --- jar:3.5.1:jar (default-jar) @ calculation-engine ---
[INFO] Building jar: C:\Users\mcgee\OneDrive\Desktop\waterflex\waterflex-scheduler-java\calculation-engine\target\calculation-engine-0.1.0-SNAPSHOT.jar
[INFO] 
[INFO] --------------------< dev.waterflex:solver-service >--------------------
[INFO] Building solver-service 0.1.0-SNAPSHOT                             [2/5]
[INFO]   from solver-service\pom.xml
[INFO] --------------------------------[ jar ]---------------------------------
[INFO] 
[INFO] --- clean:3.5.0:clean (default-clean) @ solver-service ---
[INFO] Deleting C:\Users\mcgee\OneDrive\Desktop\waterflex\waterflex-scheduler-java\solver-service\target
[INFO] 
[INFO] --- resources:3.5.0:resources (default-resources) @ solver-service ---
[INFO] Copying 1 resource from src\main\resources to target\classes
[INFO] Copying 0 resource from src\main\resources to target\classes
[INFO] 
[INFO] --- compiler:3.15.0:compile (default-compile) @ solver-service ---
[INFO] Recompiling the module because of changed dependency.
[INFO] Compiling with eclipse [debug parameters release 25] to target\classes
[INFO] 
[INFO] --- resources:3.5.0:testResources (default-testResources) @ solver-service ---
[INFO] Copying 1 resource from src\test\resources to target\test-classes
[INFO] 
[INFO] --- compiler:3.15.0:testCompile (default-testCompile) @ solver-service ---
[INFO] Recompiling the module because of changed dependency.
[INFO] Compiling with eclipse [debug parameters release 25] to target\test-classes
[INFO] C:\Users\mcgee\OneDrive\Desktop\waterflex\waterflex-scheduler-java\solver-service\src\test\java\dev\waterflex\solver\ReplayFixture.java:[18,42] Unsafe null type conversion (type annotations): The value of type 'java.util.Map<java.lang.String,dev.waterflex.scheduler.BookingSnapshot.@NonNull Technician>' is made accessible using the less-annotated type 'java.util.@Nullable Map<java.lang.String,dev.waterflex.scheduler.BookingSnapshot.Technician>'
[INFO] C:\Users\mcgee\OneDrive\Desktop\waterflex\waterflex-scheduler-java\solver-service\src\test\java\dev\waterflex\solver\ReplayFixture.java:[18,75] Unsafe null type conversion (type annotations): The value of type 'java.util.Map<java.lang.String,dev.waterflex.scheduler.BookingSnapshot.@NonNull Visit>' is made accessible using the less-annotated type 'java.util.@Nullable Map<java.lang.String,dev.waterflex.scheduler.BookingSnapshot.Visit>'
[INFO] C:\Users\mcgee\OneDrive\Desktop\waterflex\waterflex-scheduler-java\solver-service\src\test\java\dev\waterflex\solver\SolverReplayTest.java:[72,70] Unsafe null type conversion (type annotations): The value of type 'java.util.List<dev.waterflex.scheduler.BoundedBookingSearch.@NonNull Candidate>' is made accessible using the less-annotated type 'java.util.@Nullable List<dev.waterflex.scheduler.BoundedBookingSearch.Candidate>'
[INFO] 
[INFO] --- surefire:3.5.6:test (default-test) @ solver-service ---
[INFO] Using auto detected provider org.apache.maven.surefire.junitplatform.JUnitPlatformProvider
[INFO] 
[INFO] -------------------------------------------------------
[INFO]  T E S T S
[INFO] -------------------------------------------------------
[INFO] Running dev.waterflex.solver.HttpCalculationCancellationTest
[INFO] Tests run: 1, Failures: 0, Errors: 0, Skipped: 0, Time elapsed: 0.540 s -- in dev.waterflex.solver.HttpCalculationCancellationTest
[INFO] Running dev.waterflex.solver.SolverCancellationTest
Mockito is currently self-attaching to enable the inline-mock-maker. This will no longer work in future releases of the JDK. Please add Mockito as an agent to your build as described in Mockito's documentation: https://javadoc.io/doc/org.mockito/mockito-core/latest/org.mockito/org/mockito/Mockito.html#0.3
Java HotSpot(TM) 64-Bit Server VM warning: Sharing is only supported for boot loader classes because bootstrap classpath has been appended
WARNING: A Java agent has been loaded dynamically (C:\Users\mcgee\.m2\repository\net\bytebuddy\byte-buddy-agent\1.18.11\byte-buddy-agent-1.18.11.jar)
WARNING: If a serviceability tool is in use, please run with -XX:+EnableDynamicAgentLoading to hide this warning
WARNING: If a serviceability tool is not in use, please run with -Djdk.instrument.traceUsage for more information
WARNING: Dynamic loading of agents will be disallowed by default in a future release
[INFO] Tests run: 2, Failures: 0, Errors: 0, Skipped: 0, Time elapsed: 0.714 s -- in dev.waterflex.solver.SolverCancellationTest
[INFO] Running dev.waterflex.solver.SolverReplayTest
19:43:52.424 [main] INFO org.springframework.test.context.support.AnnotationConfigContextLoaderUtils -- Could not detect default configuration classes for test class [dev.waterflex.solver.SolverReplayTest]: SolverReplayTest does not declare any static, non-private, non-final, nested classes annotated with @Configuration.
19:43:52.561 [main] INFO org.springframework.boot.test.context.SpringBootTestContextBootstrapper -- Found @SpringBootConfiguration dev.waterflex.solver.SolverApplication for test class dev.waterflex.solver.SolverReplayTest
19:43:52.632 [main] INFO org.springframework.test.context.support.AnnotationConfigContextLoaderUtils -- Could not detect default configuration classes for test class [dev.waterflex.solver.SolverReplayTest]: SolverReplayTest does not declare any static, non-private, non-final, nested classes annotated with @Configuration.
19:43:52.633 [main] INFO org.springframework.boot.test.context.SpringBootTestContextBootstrapper -- Found @SpringBootConfiguration dev.waterflex.solver.SolverApplication for test class dev.waterflex.solver.SolverReplayTest

  .   ____          _            __ _ _
 /\\ / ___'_ __ _ _(_)_ __  __ _ \ \ \ \
( ( )\___ | '_ | '_| | '_ \/ _` | \ \ \ \
 \\/  ___)| |_)| | | | | || (_| |  ) ) ) )
  '  |____| .__|_| |_|_| |_\__, | / / / /
 =========|_|==============|___/=/_/_/_/

 :: Spring Boot ::                (v4.1.1)

2026-10-06T19:43:52.895-05:00  INFO 33396 --- [           main] dev.waterflex.solver.SolverReplayTest    : Starting SolverReplayTest using Java 25.0.1 with PID 33396 (started by mcgee in C:\Users\mcgee\OneDrive\Desktop\waterflex\waterflex-scheduler-java\solver-service)
2026-10-06T19:43:52.896-05:00  INFO 33396 --- [           main] dev.waterflex.solver.SolverReplayTest    : No active profile set, falling back to 1 default profile: "default"
2026-10-06T19:43:53.489-05:00  INFO 33396 --- [           main] o.s.boot.tomcat.TomcatWebServer          : Tomcat initialized with port 0 (http)
2026-10-06T19:43:53.498-05:00  INFO 33396 --- [           main] o.apache.catalina.core.StandardService   : Starting service [Tomcat]
2026-10-06T19:43:53.499-05:00  INFO 33396 --- [           main] o.apache.catalina.core.StandardEngine    : Starting Servlet engine: [Apache Tomcat/11.0.24]
2026-10-06T19:43:53.540-05:00  INFO 33396 --- [           main] b.w.c.s.WebApplicationContextInitializer : Root WebApplicationContext: initialization completed in 628 ms
2026-10-06T19:43:54.278-05:00  INFO 33396 --- [           main] o.s.boot.tomcat.TomcatWebServer          : Tomcat started on port 62649 (http) with context path '/'
2026-10-06T19:43:54.281-05:00  INFO 33396 --- [           main] dev.waterflex.solver.SolverReplayTest    : Started SolverReplayTest in 1.609 seconds (process running for 3.668)
2026-10-06T19:43:54.332-05:00  INFO 33396 --- [1-auto-1-exec-1] o.a.c.c.C.[Tomcat].[localhost].[/]       : Initializing Spring DispatcherServlet 'dispatcherServlet'
2026-10-06T19:43:54.332-05:00  INFO 33396 --- [1-auto-1-exec-1] o.s.web.servlet.DispatcherServlet        : Initializing Servlet 'dispatcherServlet'
2026-10-06T19:43:54.333-05:00  INFO 33396 --- [1-auto-1-exec-1] o.s.web.servlet.DispatcherServlet        : Completed initialization in 0 ms
2026-10-06T19:43:54.652-05:00  INFO 33396 --- [66-6c92b474f4ba] a.t.s.core.impl.solver.DefaultSolver     : Solving started: time spent (4), best score ([0/0/0/0/0]hard/[0/-4680]soft), environment mode (NO_ASSERT), move thread count (NONE), random (seed 17).
2026-10-06T19:43:54.653-05:00  INFO 33396 --- [66-6c92b474f4ba] a.t.s.core.impl.solver.DefaultSolver     : Problem scale: genuine entity count (2), genuine variable count (2), approximate value count (2), approximate problem scale (12).
2026-10-06T19:43:55.124-05:00  INFO 33396 --- [66-6c92b474f4ba] a.t.s.c.i.l.DefaultLocalSearchPhase      : Local Search phase (0) ended: time spent (476), best score ([0/0/0/0/0]hard/[0/-4604]soft), move evaluation speed (212765/sec), step total (1000).
2026-10-06T19:43:55.126-05:00  INFO 33396 --- [66-6c92b474f4ba] a.t.s.core.impl.solver.DefaultSolver     : Solving ended: time spent (477), best score ([0/0/0/0/0]hard/[0/-4604]soft), move evaluation speed (209643/sec), phase total (1), environment mode (NO_ASSERT), move thread count (NONE).
2026-10-06T19:43:55.135-05:00  INFO 33396 --- [66-6c92b474f4ba] a.t.s.core.impl.solver.DefaultSolver     : Solving started: time spent (2), best score ([0/0/0/0/0]hard/[-0.03567901234567901234567901234567903/-4604]soft), environment mode (NO_ASSERT), move thread count (NONE), random (seed 17).
2026-10-06T19:43:55.135-05:00  INFO 33396 --- [66-6c92b474f4ba] a.t.s.core.impl.solver.DefaultSolver     : Problem scale: genuine entity count (2), genuine variable count (2), approximate value count (2), approximate problem scale (12).
2026-10-06T19:43:55.610-05:00  INFO 33396 --- [66-6c92b474f4ba] a.t.s.c.i.l.DefaultLocalSearchPhase      : Local Search phase (0) ended: time spent (477), best score ([0/0/0/0/0]hard/[-0.000007716049382716049382716049382715894/-4680]soft), move evaluation speed (210526/sec), step total (1000).
2026-10-06T19:43:55.611-05:00  INFO 33396 --- [66-6c92b474f4ba] a.t.s.core.impl.solver.DefaultSolver     : Solving ended: time spent (477), best score ([0/0/0/0/0]hard/[-0.000007716049382716049382716049382715894/-4680]soft), move evaluation speed (209643/sec), phase total (1), environment mode (NO_ASSERT), move thread count (NONE).
2026-10-06T19:43:55.624-05:00  INFO 33396 --- [34-e63088fb9aba] a.t.s.core.impl.solver.DefaultSolver     : Solving started: time spent (0), best score ([0/0/0/0/0]hard/[0/-4680]soft), environment mode (NO_ASSERT), move thread count (NONE), random (seed 17).
2026-10-06T19:43:55.624-05:00  INFO 33396 --- [34-e63088fb9aba] a.t.s.core.impl.solver.DefaultSolver     : Problem scale: genuine entity count (2), genuine variable count (2), approximate value count (2), approximate problem scale (12).
2026-10-06T19:43:55.841-05:00  INFO 33396 --- [34-e63088fb9aba] a.t.s.c.i.l.DefaultLocalSearchPhase      : Local Search phase (0) ended: time spent (217), best score ([0/0/0/0/0]hard/[0/-4604]soft), move evaluation speed (460829/sec), step total (1000).
2026-10-06T19:43:55.841-05:00  INFO 33396 --- [34-e63088fb9aba] a.t.s.core.impl.solver.DefaultSolver     : Solving ended: time spent (217), best score ([0/0/0/0/0]hard/[0/-4604]soft), move evaluation speed (460829/sec), phase total (1), environment mode (NO_ASSERT), move thread count (NONE).
2026-10-06T19:43:55.847-05:00  INFO 33396 --- [34-e63088fb9aba] a.t.s.core.impl.solver.DefaultSolver     : Solving started: time spent (2), best score ([0/0/0/0/0]hard/[-0.03567901234567901234567901234567903/-4604]soft), environment mode (NO_ASSERT), move thread count (NONE), random (seed 17).
2026-10-06T19:43:55.847-05:00  INFO 33396 --- [34-e63088fb9aba] a.t.s.core.impl.solver.DefaultSolver     : Problem scale: genuine entity count (2), genuine variable count (2), approximate value count (2), approximate problem scale (12).
2026-10-06T19:43:56.275-05:00  INFO 33396 --- [34-e63088fb9aba] a.t.s.c.i.l.DefaultLocalSearchPhase      : Local Search phase (0) ended: time spent (430), best score ([0/0/0/0/0]hard/[-0.000007716049382716049382716049382715894/-4680]soft), move evaluation speed (233644/sec), step total (1000).
2026-10-06T19:43:56.276-05:00  INFO 33396 --- [34-e63088fb9aba] a.t.s.core.impl.solver.DefaultSolver     : Solving ended: time spent (431), best score ([0/0/0/0/0]hard/[-0.000007716049382716049382716049382715894/-4680]soft), move evaluation speed (232018/sec), phase total (1), environment mode (NO_ASSERT), move thread count (NONE).
[INFO] Tests run: 5, Failures: 0, Errors: 0, Skipped: 0, Time elapsed: 3.940 s -- in dev.waterflex.solver.SolverReplayTest
[INFO] 
[INFO] Results:
[INFO] 
[INFO] Tests run: 8, Failures: 0, Errors: 0, Skipped: 0
[INFO] 
[INFO] 
[INFO] --- jar:3.5.1:jar (default-jar) @ solver-service ---
[INFO] Building jar: C:\Users\mcgee\OneDrive\Desktop\waterflex\waterflex-scheduler-java\solver-service\target\solver-service-0.1.0-SNAPSHOT.jar
[INFO] 
[INFO] --- spring-boot:4.1.1:repackage (repackage) @ solver-service ---
[INFO] Replacing main artifact C:\Users\mcgee\OneDrive\Desktop\waterflex\waterflex-scheduler-java\solver-service\target\solver-service-0.1.0-SNAPSHOT.jar with repackaged archive, adding nested dependencies in BOOT-INF/.
[INFO] The original artifact has been renamed to C:\Users\mcgee\OneDrive\Desktop\waterflex\waterflex-scheduler-java\solver-service\target\solver-service-0.1.0-SNAPSHOT.jar.original
[INFO] 
[INFO] ------------------< dev.waterflex:scheduler-service >-------------------
[INFO] Building scheduler-service 0.1.0-SNAPSHOT                          [3/5]
[INFO]   from scheduler-service\pom.xml
[INFO] --------------------------------[ jar ]---------------------------------
[INFO] 
[INFO] --- clean:3.5.0:clean (default-clean) @ scheduler-service ---
[INFO] Deleting C:\Users\mcgee\OneDrive\Desktop\waterflex\waterflex-scheduler-java\scheduler-service\target
[INFO] 
[INFO] --- resources:3.5.0:resources (default-resources) @ scheduler-service ---
[INFO] Copying 2 resources from src\main\resources to target\classes
[INFO] Copying 0 resource from src\main\resources to target\classes
[INFO] 
[INFO] --- compiler:3.15.0:compile (default-compile) @ scheduler-service ---
[INFO] Recompiling the module because of changed dependency.
[INFO] Compiling with eclipse [debug parameters release 25] to target\classes
[INFO] 
[INFO] --- resources:3.5.0:testResources (default-testResources) @ scheduler-service ---
[INFO] Copying 1 resource from src\test\resources to target\test-classes
[INFO] 
[INFO] --- compiler:3.15.0:testCompile (default-testCompile) @ scheduler-service ---
[INFO] Recompiling the module because of changed dependency.
[INFO] Compiling with eclipse [debug parameters release 25] to target\test-classes
[INFO] C:\Users\mcgee\OneDrive\Desktop\waterflex\waterflex-scheduler-java\scheduler-service\src\test\java\dev\waterflex\scheduler\BookingSnapshotDatabaseIT.java:[200,36] Unsafe null type conversion (type annotations): The value of type 'java.util.List<dev.waterflex.scheduler.BookingSnapshot.@NonNull Arrangement>' is made accessible using the less-annotated type 'java.util.@Nullable List<dev.waterflex.scheduler.BookingSnapshot.Arrangement>'
[INFO] C:\Users\mcgee\OneDrive\Desktop\waterflex\waterflex-scheduler-java\scheduler-service\src\test\java\dev\waterflex\scheduler\CalculationFixture.java:[17,42] Unsafe null type conversion (type annotations): The value of type 'java.util.Map<java.lang.String,dev.waterflex.scheduler.BookingSnapshot.@NonNull Technician>' is made accessible using the less-annotated type 'java.util.@Nullable Map<java.lang.String,dev.waterflex.scheduler.BookingSnapshot.Technician>'
[INFO] C:\Users\mcgee\OneDrive\Desktop\waterflex\waterflex-scheduler-java\scheduler-service\src\test\java\dev\waterflex\scheduler\CalculationFixture.java:[17,75] Unsafe null type conversion (type annotations): The value of type 'java.util.Map<java.lang.String,dev.waterflex.scheduler.BookingSnapshot.@NonNull Visit>' is made accessible using the less-annotated type 'java.util.@Nullable Map<java.lang.String,dev.waterflex.scheduler.BookingSnapshot.Visit>'
[INFO] C:\Users\mcgee\OneDrive\Desktop\waterflex\waterflex-scheduler-java\scheduler-service\src\test\java\dev\waterflex\scheduler\FieldScenarioTest.java:[64,60] Unsafe null type conversion (type annotations): The value of type 'java.util.Map<java.lang.String,java.lang.@NonNull Object>' is made accessible using the less-annotated type 'java.util.Map<java.lang.String,java.lang.Object>'
[INFO] C:\Users\mcgee\OneDrive\Desktop\waterflex\waterflex-scheduler-java\scheduler-service\src\test\java\dev\waterflex\scheduler\FieldScenarioTest.java:[93,55] Unsafe null type conversion (type annotations): The value of type 'java.util.Map<java.lang.String,dev.waterflex.scheduler.BookingSnapshot.@NonNull Visit>' is made accessible using the less-annotated type 'java.util.@Nullable Map<java.lang.String,dev.waterflex.scheduler.BookingSnapshot.Visit>'
[INFO] C:\Users\mcgee\OneDrive\Desktop\waterflex\waterflex-scheduler-java\scheduler-service\src\test\java\dev\waterflex\scheduler\FieldScenarioTest.java:[103,55] Unsafe null type conversion (type annotations): The value of type 'java.util.Map<java.lang.String,dev.waterflex.scheduler.BookingSnapshot.@NonNull Visit>' is made accessible using the less-annotated type 'java.util.@Nullable Map<java.lang.String,dev.waterflex.scheduler.BookingSnapshot.Visit>'
[INFO] C:\Users\mcgee\OneDrive\Desktop\waterflex\waterflex-scheduler-java\scheduler-service\src\test\java\dev\waterflex\scheduler\FieldScenarioTest.java:[112,17] Unsafe null type conversion (type annotations): The value of type 'java.util.Map<java.lang.String,@NonNull java.lang.Object & java.io.Serializable & java.lang.Comparable<?> & java.lang.constant.Constable & java.lang.constant.ConstantDesc>' is made accessible using the less-annotated type 'java.util.Map<java.lang.String,java.lang.Object & java.io.Serializable & java.lang.Comparable<?> & java.lang.constant.Constable & java.lang.constant.ConstantDesc>'
[INFO] C:\Users\mcgee\OneDrive\Desktop\waterflex\waterflex-scheduler-java\scheduler-service\src\test\java\dev\waterflex\scheduler\FieldScenarioTest.java:[128,67] Unsafe null type conversion (type annotations): The value of type 'java.util.Map<java.lang.String,dev.waterflex.scheduler.BookingSnapshot.@NonNull Visit>' is made accessible using the less-annotated type 'java.util.@Nullable Map<java.lang.String,dev.waterflex.scheduler.BookingSnapshot.Visit>'
[INFO] C:\Users\mcgee\OneDrive\Desktop\waterflex\waterflex-scheduler-java\scheduler-service\src\test\java\dev\waterflex\scheduler\FieldScenarioTest.java:[138,70] Unsafe null type conversion (type annotations): The value of type 'java.util.Map<java.lang.String,dev.waterflex.scheduler.BookingSnapshot.@NonNull Visit>' is made accessible using the less-annotated type 'java.util.@Nullable Map<java.lang.String,dev.waterflex.scheduler.BookingSnapshot.Visit>'
[INFO] C:\Users\mcgee\OneDrive\Desktop\waterflex\waterflex-scheduler-java\scheduler-service\src\test\java\dev\waterflex\scheduler\FieldScenarioTest.java:[155,53] Unsafe null type conversion (type annotations): The value of type 'java.util.Map<java.lang.String,dev.waterflex.scheduler.BookingSnapshot.@NonNull Visit>' is made accessible using the less-annotated type 'java.util.@Nullable Map<java.lang.String,dev.waterflex.scheduler.BookingSnapshot.Visit>'
[INFO] C:\Users\mcgee\OneDrive\Desktop\waterflex\waterflex-scheduler-java\scheduler-service\src\test\java\dev\waterflex\scheduler\FieldScenarioTest.java:[215,42] Unsafe null type conversion (type annotations): The value of type 'java.util.List<dev.waterflex.scheduler.optimizer.TechRoute.@NonNull Unavailable>' is made accessible using the less-annotated type 'java.util.@Nullable List<dev.waterflex.scheduler.optimizer.TechRoute.Unavailable>'
[INFO] C:\Users\mcgee\OneDrive\Desktop\waterflex\waterflex-scheduler-java\scheduler-service\src\test\java\dev\waterflex\scheduler\ReservationDeletionTest.java:[25,50] Unsafe null type conversion (type annotations): The value of type 'java.util.Map<java.lang.String,dev.waterflex.scheduler.optimizer.DayPlan.@NonNull RoadLeg>' is made accessible using the less-annotated type 'java.util.@Nullable Map<java.lang.String,dev.waterflex.scheduler.optimizer.DayPlan.RoadLeg>'
[INFO] C:\Users\mcgee\OneDrive\Desktop\waterflex\waterflex-scheduler-java\scheduler-service\src\test\java\dev\waterflex\scheduler\ReservationDeletionTest.java:[28,46] Unsafe null type conversion (type annotations): The value of type 'java.util.Map<java.lang.String,dev.waterflex.scheduler.BookingSnapshot.@NonNull Technician>' is made accessible using the less-annotated type 'java.util.@Nullable Map<java.lang.String,dev.waterflex.scheduler.BookingSnapshot.Technician>'
[INFO] C:\Users\mcgee\OneDrive\Desktop\waterflex\waterflex-scheduler-java\scheduler-service\src\test\java\dev\waterflex\scheduler\ReservationDeletionTest.java:[28,90] Unsafe null type conversion (type annotations): The value of type 'java.util.Map<java.lang.String,dev.waterflex.scheduler.BookingSnapshot.@NonNull Visit>' is made accessible using the less-annotated type 'java.util.@Nullable Map<java.lang.String,dev.waterflex.scheduler.BookingSnapshot.Visit>'
[INFO] C:\Users\mcgee\OneDrive\Desktop\waterflex\waterflex-scheduler-java\scheduler-service\src\test\java\dev\waterflex\scheduler\ReservationDeletionTest.java:[38,43] Unsafe null type conversion (type annotations): The value of type 'java.util.Map<java.time.@NonNull LocalDate,dev.waterflex.scheduler.BookingSnapshot.@NonNull Day>' is made accessible using the less-annotated type 'java.util.@Nullable Map<java.time.LocalDate,dev.waterflex.scheduler.BookingSnapshot.Day>'
[INFO] C:\Users\mcgee\OneDrive\Desktop\waterflex\waterflex-scheduler-java\scheduler-service\src\test\java\dev\waterflex\scheduler\ReservationDeletionTest.java:[38,78] Unsafe null type conversion (type annotations): The value of type 'java.util.Map<java.time.@NonNull LocalDate,java.util.Map<java.lang.String,dev.waterflex.scheduler.ReservationState.Hold>>' is made accessible using the less-annotated type 'java.util.@Nullable Map<java.time.LocalDate,java.util.Map<java.lang.String,dev.waterflex.scheduler.ReservationState.Hold>>'
[INFO] C:\Users\mcgee\OneDrive\Desktop\waterflex\waterflex-scheduler-java\scheduler-service\src\test\java\dev\waterflex\scheduler\ReservedOvertimeTest.java:[40,42] Unsafe null type conversion (type annotations): The value of type 'java.util.Map<java.lang.String,dev.waterflex.scheduler.BookingSnapshot.@NonNull Technician>' is made accessible using the less-annotated type 'java.util.@Nullable Map<java.lang.String,dev.waterflex.scheduler.BookingSnapshot.Technician>'
[INFO] C:\Users\mcgee\OneDrive\Desktop\waterflex\waterflex-scheduler-java\scheduler-service\src\test\java\dev\waterflex\scheduler\ReservedOvertimeTest.java:[40,82] Unsafe null type conversion (type annotations): The value of type 'java.util.Map<java.lang.String,dev.waterflex.scheduler.BookingSnapshot.@NonNull Visit>' is made accessible using the less-annotated type 'java.util.@Nullable Map<java.lang.String,dev.waterflex.scheduler.BookingSnapshot.Visit>'
[INFO] C:\Users\mcgee\OneDrive\Desktop\waterflex\waterflex-scheduler-java\scheduler-service\src\test\java\dev\waterflex\scheduler\ReservedOvertimeTest.java:[45,44] Unsafe null type conversion (type annotations): The value of type 'java.util.@NonNull Map<java.lang.String,dev.waterflex.scheduler.BookingSnapshot.@NonNull Visit>' is made accessible using the less-annotated type 'java.util.@NonNull Map<java.lang.String,dev.waterflex.scheduler.BookingSnapshot.Visit>'
[INFO] C:\Users\mcgee\OneDrive\Desktop\waterflex\waterflex-scheduler-java\scheduler-service\src\test\java\dev\waterflex\scheduler\ReservedOvertimeTest.java:[54,69] Unsafe null type conversion (type annotations): The value of type 'java.util.List<dev.waterflex.scheduler.BoundedBookingSearch.@NonNull Candidate>' is made accessible using the less-annotated type 'java.util.@Nullable List<dev.waterflex.scheduler.BoundedBookingSearch.Candidate>'
[INFO] C:\Users\mcgee\OneDrive\Desktop\waterflex\waterflex-scheduler-java\scheduler-service\src\test\java\dev\waterflex\scheduler\ReservedOvertimeTest.java:[56,32] Unsafe null type conversion (type annotations): The value of type 'java.util.Map<java.time.@NonNull LocalDate,java.util.Map<java.lang.String,dev.waterflex.scheduler.ReservationState.Hold>>' is made accessible using the less-annotated type 'java.util.@Nullable Map<java.time.LocalDate,java.util.Map<java.lang.String,dev.waterflex.scheduler.ReservationState.Hold>>'
[INFO] C:\Users\mcgee\OneDrive\Desktop\waterflex\waterflex-scheduler-java\scheduler-service\src\test\java\dev\waterflex\scheduler\ReservedOvertimeTest.java:[69,50] Unsafe null type conversion (type annotations): The value of type 'java.util.Map<java.lang.String,dev.waterflex.scheduler.optimizer.DayPlan.@NonNull RoadLeg>' is made accessible using the less-annotated type 'java.util.@Nullable Map<java.lang.String,dev.waterflex.scheduler.optimizer.DayPlan.RoadLeg>'
[INFO] C:\Users\mcgee\OneDrive\Desktop\waterflex\waterflex-scheduler-java\scheduler-service\src\test\java\dev\waterflex\scheduler\ReservedOvertimeTest.java:[72,46] Unsafe null type conversion (type annotations): The value of type 'java.util.Map<java.lang.String,dev.waterflex.scheduler.BookingSnapshot.@NonNull Technician>' is made accessible using the less-annotated type 'java.util.@Nullable Map<java.lang.String,dev.waterflex.scheduler.BookingSnapshot.Technician>'
[INFO] C:\Users\mcgee\OneDrive\Desktop\waterflex\waterflex-scheduler-java\scheduler-service\src\test\java\dev\waterflex\scheduler\ReservedOvertimeTest.java:[72,90] Unsafe null type conversion (type annotations): The value of type 'java.util.Map<java.lang.String,dev.waterflex.scheduler.BookingSnapshot.@NonNull Visit>' is made accessible using the less-annotated type 'java.util.@Nullable Map<java.lang.String,dev.waterflex.scheduler.BookingSnapshot.Visit>'
[INFO] C:\Users\mcgee\OneDrive\Desktop\waterflex\waterflex-scheduler-java\scheduler-service\src\test\java\dev\waterflex\scheduler\ReservedOvertimeTest.java:[78,64] Unsafe null type conversion (type annotations): The value of type 'java.util.Map<java.time.@NonNull LocalDate,dev.waterflex.scheduler.BookingSnapshot.@NonNull Day>' is made accessible using the less-annotated type 'java.util.@Nullable Map<java.time.LocalDate,dev.waterflex.scheduler.BookingSnapshot.Day>'
[INFO] C:\Users\mcgee\OneDrive\Desktop\waterflex\waterflex-scheduler-java\scheduler-service\src\test\java\dev\waterflex\scheduler\ReservedOvertimeTest.java:[78,99] Unsafe null type conversion (type annotations): The value of type 'java.util.Map<java.time.@NonNull LocalDate,java.util.Map<java.lang.String,dev.waterflex.scheduler.ReservationState.Hold>>' is made accessible using the less-annotated type 'java.util.@Nullable Map<java.time.LocalDate,java.util.Map<java.lang.String,dev.waterflex.scheduler.ReservationState.Hold>>'
[INFO] C:\Users\mcgee\OneDrive\Desktop\waterflex\waterflex-scheduler-java\scheduler-service\src\test\java\dev\waterflex\scheduler\ReservedOvertimeTest.java:[78,112] Unsafe null type conversion (type annotations): The value of type 'java.util.Map<java.lang.String,dev.waterflex.scheduler.ReservationState.@NonNull Hold>' is made accessible using the less-annotated type 'java.util.Map<java.lang.String,dev.waterflex.scheduler.ReservationState.Hold>'
[INFO] C:\Users\mcgee\OneDrive\Desktop\waterflex\waterflex-scheduler-java\scheduler-service\src\test\java\dev\waterflex\scheduler\RoadPrewarmingTest.java:[36,27] Unsafe null type conversion (type annotations): The value of type 'java.util.@NonNull List<dev.waterflex.scheduler.RoadClient.@NonNull Pair>' is made accessible using the less-annotated type 'java.util.@NonNull List<dev.waterflex.scheduler.RoadClient.Pair>'
[INFO] C:\Users\mcgee\OneDrive\Desktop\waterflex\waterflex-scheduler-java\scheduler-service\src\test\java\dev\waterflex\scheduler\RoadPrewarmingTest.java:[37,48] Unsafe null type conversion (type annotations): The value of type 'java.util.@NonNull List<dev.waterflex.scheduler.RoadClient.@NonNull Pair>' is made accessible using the less-annotated type 'java.util.@NonNull List<dev.waterflex.scheduler.RoadClient.Pair>'
[INFO] C:\Users\mcgee\OneDrive\Desktop\waterflex\waterflex-scheduler-java\scheduler-service\src\test\java\dev\waterflex\scheduler\RoadPrewarmingTest.java:[38,27] Unsafe null type conversion (type annotations): The value of type 'java.util.@NonNull List<dev.waterflex.scheduler.RoadClient.@NonNull Pair>' is made accessible using the less-annotated type 'java.util.@NonNull List<dev.waterflex.scheduler.RoadClient.Pair>'
[INFO] C:\Users\mcgee\OneDrive\Desktop\waterflex\waterflex-scheduler-java\scheduler-service\src\test\java\dev\waterflex\scheduler\RoadPrewarmingTest.java:[41,48] Unsafe null type conversion (type annotations): The value of type 'java.util.@NonNull List<dev.waterflex.scheduler.RoadClient.@NonNull Pair>' is made accessible using the less-annotated type 'java.util.@NonNull List<dev.waterflex.scheduler.RoadClient.Pair>'
[INFO] C:\Users\mcgee\OneDrive\Desktop\waterflex\waterflex-scheduler-java\scheduler-service\src\test\java\dev\waterflex\scheduler\RoadPrewarmingTest.java:[43,47] Unsafe null type conversion (type annotations): The value of type 'java.util.@NonNull List<dev.waterflex.scheduler.RoadClient.@NonNull Pair>' is made accessible using the less-annotated type 'java.util.@NonNull List<dev.waterflex.scheduler.RoadClient.Pair>'
[INFO] C:\Users\mcgee\OneDrive\Desktop\waterflex\waterflex-scheduler-java\scheduler-service\src\test\java\dev\waterflex\scheduler\optimizer\DailyConstructionTest.java:[64,36] Unsafe null type conversion (type annotations): The value of type 'java.util.Map<java.lang.String,dev.waterflex.scheduler.optimizer.DayPlan.@NonNull RoadLeg>' is made accessible using the less-annotated type 'java.util.@Nullable Map<java.lang.String,dev.waterflex.scheduler.optimizer.DayPlan.RoadLeg>'
[INFO] C:\Users\mcgee\OneDrive\Desktop\waterflex\waterflex-scheduler-java\scheduler-service\src\test\java\dev\waterflex\scheduler\optimizer\DailyConstructionTest.java:[104,68] Unsafe null type conversion (type annotations): The value of type 'java.util.List<dev.waterflex.scheduler.optimizer.TechRoute.@NonNull Unavailable>' is made accessible using the less-annotated type 'java.util.@Nullable List<dev.waterflex.scheduler.optimizer.TechRoute.Unavailable>'
[INFO] C:\Users\mcgee\OneDrive\Desktop\waterflex\waterflex-scheduler-java\scheduler-service\src\test\java\dev\waterflex\scheduler\optimizer\DailyConstructionTest.java:[107,40] Unsafe null type conversion (type annotations): The value of type 'java.util.Map<java.lang.String,dev.waterflex.scheduler.optimizer.DayPlan.@NonNull RoadLeg>' is made accessible using the less-annotated type 'java.util.@Nullable Map<java.lang.String,dev.waterflex.scheduler.optimizer.DayPlan.RoadLeg>'
[INFO] C:\Users\mcgee\OneDrive\Desktop\waterflex\waterflex-scheduler-java\scheduler-service\src\test\java\dev\waterflex\scheduler\optimizer\DailyConstructionTest.java:[144,32] Unsafe null type conversion (type annotations): The value of type 'java.util.List<dev.waterflex.scheduler.optimizer.@NonNull PlanVisit>' is made accessible using the less-annotated type 'java.util.@Nullable List<dev.waterflex.scheduler.optimizer.PlanVisit>'
[INFO] C:\Users\mcgee\OneDrive\Desktop\waterflex\waterflex-scheduler-java\scheduler-service\src\test\java\dev\waterflex\scheduler\optimizer\TimefoldAuditEvidenceTest.java:[49,50] Unsafe null type conversion (type annotations): The value of type 'java.util.List<dev.waterflex.scheduler.optimizer.@NonNull TechRoute>' is made accessible using the less-annotated type 'java.util.@Nullable List<dev.waterflex.scheduler.optimizer.TechRoute>'
[INFO] C:\Users\mcgee\OneDrive\Desktop\waterflex\waterflex-scheduler-java\scheduler-service\src\test\java\dev\waterflex\scheduler\optimizer\TimefoldAuditEvidenceTest.java:[49,84] Unsafe null type conversion (type annotations): The value of type 'java.util.List<dev.waterflex.scheduler.optimizer.@NonNull PlanVisit>' is made accessible using the less-annotated type 'java.util.@Nullable List<dev.waterflex.scheduler.optimizer.PlanVisit>'
[INFO] C:\Users\mcgee\OneDrive\Desktop\waterflex\waterflex-scheduler-java\scheduler-service\src\test\java\dev\waterflex\scheduler\optimizer\TimefoldAuditEvidenceTest.java:[71,36] Unsafe null type conversion (type annotations): The value of type 'java.util.Map<java.lang.String,dev.waterflex.scheduler.optimizer.DayPlan.@NonNull RoadLeg>' is made accessible using the less-annotated type 'java.util.@Nullable Map<java.lang.String,dev.waterflex.scheduler.optimizer.DayPlan.RoadLeg>'
[INFO] 
[INFO] --- surefire:3.5.6:test (default-test) @ scheduler-service ---
[INFO] Using auto detected provider org.apache.maven.surefire.junitplatform.JUnitPlatformProvider
[INFO] 
[INFO] -------------------------------------------------------
[INFO]  T E S T S
[INFO] -------------------------------------------------------
[INFO] Running dev.waterflex.scheduler.BenchmarkIsolationTest
Mockito is currently self-attaching to enable the inline-mock-maker. This will no longer work in future releases of the JDK. Please add Mockito as an agent to your build as described in Mockito's documentation: https://javadoc.io/doc/org.mockito/mockito-core/latest/org.mockito/org/mockito/Mockito.html#0.3
WARNING: A Java agent has been loaded dynamically (C:\Users\mcgee\.m2\repository\net\bytebuddy\byte-buddy-agent\1.18.11\byte-buddy-agent-1.18.11.jar)
WARNING: If a serviceability tool is in use, please run with -XX:+EnableDynamicAgentLoading to hide this warning
WARNING: If a serviceability tool is not in use, please run with -Djdk.instrument.traceUsage for more information
WARNING: Dynamic loading of agents will be disallowed by default in a future release
Java HotSpot(TM) 64-Bit Server VM warning: Sharing is only supported for boot loader classes because bootstrap classpath has been appended
19:44:00.471 [main] INFO org.springframework.scheduling.config.TaskSchedulerRouter -- No TaskScheduler/ScheduledExecutorService bean found for scheduled processing
[INFO] Tests run: 2, Failures: 0, Errors: 0, Skipped: 0, Time elapsed: 1.247 s -- in dev.waterflex.scheduler.BenchmarkIsolationTest
[INFO] Running dev.waterflex.scheduler.BookingLocationTest
[INFO] Tests run: 4, Failures: 0, Errors: 0, Skipped: 0, Time elapsed: 0.052 s -- in dev.waterflex.scheduler.BookingLocationTest
[INFO] Running dev.waterflex.scheduler.BookingMoneyTest
[INFO] Tests run: 1, Failures: 0, Errors: 0, Skipped: 0, Time elapsed: 0.265 s -- in dev.waterflex.scheduler.BookingMoneyTest
[INFO] Running dev.waterflex.scheduler.BookingOfferLimitTest
19:44:01.200 [main] INFO dev.waterflex.scheduler.BookingOfferLimit -- Booking offer limit: 1
19:44:01.238 [main] INFO dev.waterflex.scheduler.BookingOfferLimit -- Booking offer limit: 1
19:44:01.243 [main] INFO dev.waterflex.scheduler.BookingOfferLimit -- Booking offer limit: 1
19:44:01.248 [main] INFO dev.waterflex.scheduler.BookingOfferLimit -- Booking offer limit: 1
19:44:01.254 [main] WARN org.springframework.context.annotation.AnnotationConfigApplicationContext -- Exception encountered during context initialization - cancelling refresh attempt: org.springframework.beans.factory.BeanCreationException: Error creating bean with name 'bookingOfferLimit': Failed to instantiate [dev.waterflex.scheduler.BookingOfferLimit]: Constructor threw exception
19:44:01.259 [main] WARN org.springframework.context.annotation.AnnotationConfigApplicationContext -- Exception encountered during context initialization - cancelling refresh attempt: org.springframework.beans.factory.BeanCreationException: Error creating bean with name 'bookingOfferLimit': Failed to instantiate [dev.waterflex.scheduler.BookingOfferLimit]: Constructor threw exception
19:44:01.263 [main] WARN org.springframework.context.annotation.AnnotationConfigApplicationContext -- Exception encountered during context initialization - cancelling refresh attempt: org.springframework.beans.factory.BeanCreationException: Error creating bean with name 'bookingOfferLimit': Failed to instantiate [dev.waterflex.scheduler.BookingOfferLimit]: Constructor threw exception
19:44:01.266 [main] WARN org.springframework.context.annotation.AnnotationConfigApplicationContext -- Exception encountered during context initialization - cancelling refresh attempt: org.springframework.beans.factory.BeanCreationException: Error creating bean with name 'bookingOfferLimit': Failed to instantiate [dev.waterflex.scheduler.BookingOfferLimit]: Constructor threw exception
19:44:01.270 [main] WARN org.springframework.context.annotation.AnnotationConfigApplicationContext -- Exception encountered during context initialization - cancelling refresh attempt: org.springframework.beans.factory.BeanCreationException: Error creating bean with name 'bookingOfferLimit': Failed to instantiate [dev.waterflex.scheduler.BookingOfferLimit]: Constructor threw exception
19:44:01.274 [main] WARN org.springframework.context.annotation.AnnotationConfigApplicationContext -- Exception encountered during context initialization - cancelling refresh attempt: org.springframework.beans.factory.BeanCreationException: Error creating bean with name 'bookingOfferLimit': Failed to instantiate [dev.waterflex.scheduler.BookingOfferLimit]: Constructor threw exception
19:44:01.277 [main] WARN org.springframework.context.annotation.AnnotationConfigApplicationContext -- Exception encountered during context initialization - cancelling refresh attempt: org.springframework.beans.factory.BeanCreationException: Error creating bean with name 'bookingOfferLimit': Failed to instantiate [dev.waterflex.scheduler.BookingOfferLimit]: Constructor threw exception
19:44:01.281 [main] WARN org.springframework.context.annotation.AnnotationConfigApplicationContext -- Exception encountered during context initialization - cancelling refresh attempt: org.springframework.beans.factory.BeanCreationException: Error creating bean with name 'bookingOfferLimit': Failed to instantiate [dev.waterflex.scheduler.BookingOfferLimit]: Constructor threw exception
19:44:01.285 [main] WARN org.springframework.context.annotation.AnnotationConfigApplicationContext -- Exception encountered during context initialization - cancelling refresh attempt: org.springframework.beans.factory.BeanCreationException: Error creating bean with name 'bookingOfferLimit': Failed to instantiate [dev.waterflex.scheduler.BookingOfferLimit]: Constructor threw exception
19:44:01.288 [main] WARN org.springframework.context.annotation.AnnotationConfigApplicationContext -- Exception encountered during context initialization - cancelling refresh attempt: org.springframework.beans.factory.BeanCreationException: Error creating bean with name 'bookingOfferLimit': Failed to instantiate [dev.waterflex.scheduler.BookingOfferLimit]: Constructor threw exception
[INFO] Tests run: 15, Failures: 0, Errors: 0, Skipped: 0, Time elapsed: 0.203 s -- in dev.waterflex.scheduler.BookingOfferLimitTest
[INFO] Running dev.waterflex.scheduler.BookingRefinementTransportTest
19:44:01.399 [main] INFO dev.waterflex.scheduler.BookingOfferLimit -- Booking offer limit: 1
19:44:01.470 [main] INFO dev.waterflex.scheduler.BookingOfferLimit -- Booking offer limit: 1
[INFO] Tests run: 1, Failures: 0, Errors: 0, Skipped: 0, Time elapsed: 0.191 s -- in dev.waterflex.scheduler.BookingRefinementTransportTest
[INFO] Running dev.waterflex.scheduler.BookingRouteBoundsTest
[INFO] Tests run: 1, Failures: 0, Errors: 0, Skipped: 0, Time elapsed: 0.318 s -- in dev.waterflex.scheduler.BookingRouteBoundsTest
[INFO] Running dev.waterflex.scheduler.BookingSearchOutcomeTest
19:44:02.041 [main] WARN dev.waterflex.scheduler.BookingController -- Booking routing failure for job job
dev.waterflex.scheduler.RoadClient$RoadUnavailable: Road unavailable
	at dev.waterflex.scheduler.BookingCoordinator.offers(BookingCoordinator.java:32)
	at dev.waterflex.scheduler.BookingController.search(BookingController.java:87)
	at dev.waterflex.scheduler.BookingController.lambda$0(BookingController.java:66)
	at dev.waterflex.scheduler.SearchDeadline.within(SearchDeadline.java:78)
	at dev.waterflex.scheduler.BookingController.offers(BookingController.java:64)
	at dev.waterflex.scheduler.BookingSearchOutcomeTest.failuresRemainDistinctAndDoNotProduceOffers(BookingSearchOutcomeTest.java:54)
	at java.base/jdk.internal.reflect.DirectMethodHandleAccessor.invoke(DirectMethodHandleAccessor.java:104)
	at java.base/java.lang.reflect.Method.invoke(Method.java:565)
	at org.junit.platform.commons.util.ReflectionUtils.invokeMethod(ReflectionUtils.java:701)
	at org.junit.platform.commons.support.ReflectionSupport.invokeMethod(ReflectionSupport.java:502)
	at org.junit.jupiter.engine.support.MethodReflectionUtils.invoke(MethodReflectionUtils.java:45)
	at org.junit.jupiter.engine.execution.MethodInvocation.proceed(MethodInvocation.java:61)
	at org.junit.jupiter.engine.execution.InvocationInterceptorChain$ValidatingInvocation.proceed(InvocationInterceptorChain.java:124)
	at org.junit.jupiter.engine.extension.TimeoutExtension.intercept(TimeoutExtension.java:163)
	at org.junit.jupiter.engine.extension.TimeoutExtension.interceptTestableMethod(TimeoutExtension.java:148)
	at org.junit.jupiter.engine.extension.TimeoutExtension.interceptTestMethod(TimeoutExtension.java:86)
	at org.junit.jupiter.engine.execution.InterceptingExecutableInvoker$ReflectiveInterceptorCall.lambda$ofVoidMethod$0(InterceptingExecutableInvoker.java:123)
	at org.junit.jupiter.engine.execution.InterceptingExecutableInvoker.lambda$invoke$0(InterceptingExecutableInvoker.java:105)
	at org.junit.jupiter.engine.execution.InvocationInterceptorChain$InterceptedInvocation.proceed(InvocationInterceptorChain.java:99)
	at org.junit.jupiter.engine.execution.InvocationInterceptorChain.proceed(InvocationInterceptorChain.java:66)
	at org.junit.jupiter.engine.execution.InvocationInterceptorChain.chainAndInvoke(InvocationInterceptorChain.java:47)
	at org.junit.jupiter.engine.execution.InvocationInterceptorChain.invoke(InvocationInterceptorChain.java:39)
	at org.junit.jupiter.engine.execution.InterceptingExecutableInvoker.invoke(InterceptingExecutableInvoker.java:104)
	at org.junit.jupiter.engine.execution.InterceptingExecutableInvoker.invoke(InterceptingExecutableInvoker.java:98)
	at org.junit.jupiter.engine.execution.InterceptingExecutableInvoker.invokeVoid(InterceptingExecutableInvoker.java:71)
	at org.junit.jupiter.engine.descriptor.TestMethodTestDescriptor.lambda$invokeTestMethod$0(TestMethodTestDescriptor.java:219)
	at org.junit.platform.engine.support.hierarchical.ThrowableCollector.execute(ThrowableCollector.java:74)
	at org.junit.jupiter.engine.descriptor.TestMethodTestDescriptor.invokeTestMethod(TestMethodTestDescriptor.java:215)
	at org.junit.jupiter.engine.descriptor.TestMethodTestDescriptor.execute(TestMethodTestDescriptor.java:157)
	at org.junit.jupiter.engine.descriptor.TestMethodTestDescriptor.execute(TestMethodTestDescriptor.java:70)
	at org.junit.platform.engine.support.hierarchical.NodeTestTask.lambda$executeRecursively$2(NodeTestTask.java:176)
	at org.junit.platform.engine.support.hierarchical.ThrowableCollector.execute(ThrowableCollector.java:74)
	at org.junit.platform.engine.support.hierarchical.NodeTestTask.lambda$executeRecursively$1(NodeTestTask.java:166)
	at org.junit.platform.engine.support.hierarchical.Node.around(Node.java:138)
	at org.junit.platform.engine.support.hierarchical.NodeTestTask.lambda$executeRecursively$0(NodeTestTask.java:164)
	at org.junit.platform.engine.support.hierarchical.ThrowableCollector.execute(ThrowableCollector.java:74)
	at org.junit.platform.engine.support.hierarchical.NodeTestTask.executeRecursively(NodeTestTask.java:163)
	at org.junit.platform.engine.support.hierarchical.NodeTestTask.execute(NodeTestTask.java:116)
	at java.base/java.util.ArrayList.forEach(ArrayList.java:1604)
	at org.junit.platform.engine.support.hierarchical.SameThreadHierarchicalTestExecutorService.invokeAll(SameThreadHierarchicalTestExecutorService.java:42)
	at org.junit.platform.engine.support.hierarchical.NodeTestTask.lambda$executeRecursively$2(NodeTestTask.java:180)
	at org.junit.platform.engine.support.hierarchical.ThrowableCollector.execute(ThrowableCollector.java:74)
	at org.junit.platform.engine.support.hierarchical.NodeTestTask.lambda$executeRecursively$1(NodeTestTask.java:166)
	at org.junit.platform.engine.support.hierarchical.Node.around(Node.java:138)
	at org.junit.platform.engine.support.hierarchical.NodeTestTask.lambda$executeRecursively$0(NodeTestTask.java:164)
	at org.junit.platform.engine.support.hierarchical.ThrowableCollector.execute(ThrowableCollector.java:74)
	at org.junit.platform.engine.support.hierarchical.NodeTestTask.executeRecursively(NodeTestTask.java:163)
	at org.junit.platform.engine.support.hierarchical.NodeTestTask.execute(NodeTestTask.java:116)
	at java.base/java.util.ArrayList.forEach(ArrayList.java:1604)
	at org.junit.platform.engine.support.hierarchical.SameThreadHierarchicalTestExecutorService.invokeAll(SameThreadHierarchicalTestExecutorService.java:42)
	at org.junit.platform.engine.support.hierarchical.NodeTestTask.lambda$executeRecursively$2(NodeTestTask.java:180)
	at org.junit.platform.engine.support.hierarchical.ThrowableCollector.execute(ThrowableCollector.java:74)
	at org.junit.platform.engine.support.hierarchical.NodeTestTask.lambda$executeRecursively$1(NodeTestTask.java:166)
	at org.junit.platform.engine.support.hierarchical.Node.around(Node.java:138)
	at org.junit.platform.engine.support.hierarchical.NodeTestTask.lambda$executeRecursively$0(NodeTestTask.java:164)
	at org.junit.platform.engine.support.hierarchical.ThrowableCollector.execute(ThrowableCollector.java:74)
	at org.junit.platform.engine.support.hierarchical.NodeTestTask.executeRecursively(NodeTestTask.java:163)
	at org.junit.platform.engine.support.hierarchical.NodeTestTask.execute(NodeTestTask.java:116)
	at org.junit.platform.engine.support.hierarchical.SameThreadHierarchicalTestExecutorService.submit(SameThreadHierarchicalTestExecutorService.java:36)
	at org.junit.platform.engine.support.hierarchical.HierarchicalTestExecutor.execute(HierarchicalTestExecutor.java:52)
	at org.junit.platform.engine.support.hierarchical.HierarchicalTestEngine.execute(HierarchicalTestEngine.java:58)
	at org.junit.platform.launcher.core.EngineExecutionOrchestrator.executeEngine(EngineExecutionOrchestrator.java:246)
	at org.junit.platform.launcher.core.EngineExecutionOrchestrator.failOrExecuteEngine(EngineExecutionOrchestrator.java:218)
	at org.junit.platform.launcher.core.EngineExecutionOrchestrator.execute(EngineExecutionOrchestrator.java:179)
	at org.junit.platform.launcher.core.EngineExecutionOrchestrator.execute(EngineExecutionOrchestrator.java:108)
	at org.junit.platform.launcher.core.EngineExecutionOrchestrator.lambda$execute$0(EngineExecutionOrchestrator.java:66)
	at org.junit.platform.launcher.core.EngineExecutionOrchestrator.withInterceptedStreams(EngineExecutionOrchestrator.java:157)
	at org.junit.platform.launcher.core.EngineExecutionOrchestrator.execute(EngineExecutionOrchestrator.java:65)
	at org.junit.platform.launcher.core.DefaultLauncher.execute(DefaultLauncher.java:125)
	at org.junit.platform.launcher.core.DefaultLauncher.execute(DefaultLauncher.java:114)
	at org.junit.platform.launcher.core.DelegatingLauncher.execute(DelegatingLauncher.java:58)
	at org.junit.platform.launcher.core.InterceptingLauncher.lambda$execute$2(InterceptingLauncher.java:57)
	at org.junit.platform.launcher.core.ClasspathAlignmentCheckingLauncherInterceptor.intercept(ClasspathAlignmentCheckingLauncherInterceptor.java:25)
	at org.junit.platform.launcher.core.InterceptingLauncher.execute(InterceptingLauncher.java:56)
	at org.junit.platform.launcher.core.DelegatingLauncher.execute(DelegatingLauncher.java:58)
	at java.base/jdk.internal.reflect.DirectMethodHandleAccessor.invoke(DirectMethodHandleAccessor.java:104)
	at java.base/java.lang.reflect.Method.invoke(Method.java:565)
	at org.apache.maven.surefire.api.util.ReflectionUtils.invokeMethodWithArray(ReflectionUtils.java:125)
	at org.apache.maven.surefire.junitplatform.LauncherAdapter.executeWithCancellationToken(LauncherAdapter.java:68)
	at org.apache.maven.surefire.junitplatform.LauncherAdapter.execute(LauncherAdapter.java:54)
	at org.apache.maven.surefire.junitplatform.JUnitPlatformProvider.execute(JUnitPlatformProvider.java:203)
	at org.apache.maven.surefire.junitplatform.JUnitPlatformProvider.invokeAllTests(JUnitPlatformProvider.java:168)
	at org.apache.maven.surefire.junitplatform.JUnitPlatformProvider.invoke(JUnitPlatformProvider.java:136)
	at org.apache.maven.surefire.booter.ForkedBooter.runSuitesInProcess(ForkedBooter.java:385)
	at org.apache.maven.surefire.booter.ForkedBooter.execute(ForkedBooter.java:162)
	at org.apache.maven.surefire.booter.ForkedBooter.run(ForkedBooter.java:507)
	at org.apache.maven.surefire.booter.ForkedBooter.main(ForkedBooter.java:495)
19:44:02.046 [main] WARN dev.waterflex.scheduler.BookingController -- Booking conflict for job job: Changed
[INFO] Tests run: 5, Failures: 0, Errors: 0, Skipped: 0, Time elapsed: 0.252 s -- in dev.waterflex.scheduler.BookingSearchOutcomeTest
[INFO] Running dev.waterflex.scheduler.BookingWeeklyAvailabilityTest
[INFO] Tests run: 6, Failures: 0, Errors: 0, Skipped: 0, Time elapsed: 0.130 s -- in dev.waterflex.scheduler.BookingWeeklyAvailabilityTest
[INFO] Running dev.waterflex.scheduler.BoundedBookingSearchTest
[INFO] Tests run: 17, Failures: 0, Errors: 0, Skipped: 0, Time elapsed: 0.072 s -- in dev.waterflex.scheduler.BoundedBookingSearchTest
[INFO] Running dev.waterflex.scheduler.DepotRequestValidationTest
[INFO] Tests run: 3, Failures: 0, Errors: 0, Skipped: 0, Time elapsed: 0.012 s -- in dev.waterflex.scheduler.DepotRequestValidationTest
[INFO] Running dev.waterflex.scheduler.DirectedLegFlightsTest
[INFO] Tests run: 2, Failures: 0, Errors: 0, Skipped: 0, Time elapsed: 0.119 s -- in dev.waterflex.scheduler.DirectedLegFlightsTest
[INFO] Running dev.waterflex.scheduler.DispatchGeometryControllerTest
19:44:02.738 [main] INFO org.springframework.mock.web.MockServletContext -- Initializing Spring TestDispatcherServlet ''
19:44:02.738 [main] INFO org.springframework.test.web.servlet.TestDispatcherServlet -- Initializing Servlet ''
19:44:02.740 [main] INFO org.springframework.test.web.servlet.TestDispatcherServlet -- Completed initialization in 1 ms
19:44:02.879 [main] INFO org.springframework.mock.web.MockServletContext -- Initializing Spring TestDispatcherServlet ''
19:44:02.879 [main] INFO org.springframework.test.web.servlet.TestDispatcherServlet -- Initializing Servlet ''
19:44:02.880 [main] INFO org.springframework.test.web.servlet.TestDispatcherServlet -- Completed initialization in 1 ms
19:44:02.912 [main] INFO org.springframework.mock.web.MockServletContext -- Initializing Spring TestDispatcherServlet ''
19:44:02.912 [main] INFO org.springframework.test.web.servlet.TestDispatcherServlet -- Initializing Servlet ''
19:44:02.912 [main] INFO org.springframework.test.web.servlet.TestDispatcherServlet -- Completed initialization in 0 ms
19:44:02.978 [main] INFO org.springframework.mock.web.MockServletContext -- Initializing Spring TestDispatcherServlet ''
19:44:02.979 [main] INFO org.springframework.test.web.servlet.TestDispatcherServlet -- Initializing Servlet ''
19:44:02.979 [main] INFO org.springframework.test.web.servlet.TestDispatcherServlet -- Completed initialization in 0 ms
19:44:02.988 [main] INFO org.springframework.mock.web.MockServletContext -- Initializing Spring TestDispatcherServlet ''
19:44:02.988 [main] INFO org.springframework.test.web.servlet.TestDispatcherServlet -- Initializing Servlet ''
19:44:02.989 [main] INFO org.springframework.test.web.servlet.TestDispatcherServlet -- Completed initialization in 1 ms
19:44:03.059 [main] INFO org.springframework.mock.web.MockServletContext -- Initializing Spring TestDispatcherServlet ''
19:44:03.059 [main] INFO org.springframework.test.web.servlet.TestDispatcherServlet -- Initializing Servlet ''
19:44:03.059 [main] INFO org.springframework.test.web.servlet.TestDispatcherServlet -- Completed initialization in 0 ms
19:44:03.075 [main] INFO org.springframework.mock.web.MockServletContext -- Initializing Spring TestDispatcherServlet ''
19:44:03.075 [main] INFO org.springframework.test.web.servlet.TestDispatcherServlet -- Initializing Servlet ''
19:44:03.077 [main] INFO org.springframework.test.web.servlet.TestDispatcherServlet -- Completed initialization in 0 ms
19:44:03.117 [main] INFO org.springframework.mock.web.MockServletContext -- Initializing Spring TestDispatcherServlet ''
19:44:03.117 [main] INFO org.springframework.test.web.servlet.TestDispatcherServlet -- Initializing Servlet ''
19:44:03.117 [main] INFO org.springframework.test.web.servlet.TestDispatcherServlet -- Completed initialization in 0 ms
19:44:03.128 [main] INFO org.springframework.mock.web.MockServletContext -- Initializing Spring TestDispatcherServlet ''
19:44:03.128 [main] INFO org.springframework.test.web.servlet.TestDispatcherServlet -- Initializing Servlet ''
19:44:03.128 [main] INFO org.springframework.test.web.servlet.TestDispatcherServlet -- Completed initialization in 0 ms
[INFO] Tests run: 9, Failures: 0, Errors: 0, Skipped: 0, Time elapsed: 0.752 s -- in dev.waterflex.scheduler.DispatchGeometryControllerTest
[INFO] Running dev.waterflex.scheduler.FieldScenarioTest
[INFO] Tests run: 6, Failures: 0, Errors: 0, Skipped: 0, Time elapsed: 1.024 s -- in dev.waterflex.scheduler.FieldScenarioTest
[INFO] Running dev.waterflex.scheduler.MonetaryTest
[INFO] Tests run: 6, Failures: 0, Errors: 0, Skipped: 0, Time elapsed: 0.028 s -- in dev.waterflex.scheduler.MonetaryTest
[INFO] Running dev.waterflex.scheduler.NullabilityTest
19:44:04.211 [main] INFO org.springframework.mock.web.MockServletContext -- Initializing Spring TestDispatcherServlet ''
19:44:04.211 [main] INFO org.springframework.test.web.servlet.TestDispatcherServlet -- Initializing Servlet ''
19:44:04.211 [main] INFO org.springframework.test.web.servlet.TestDispatcherServlet -- Completed initialization in 0 ms
19:44:04.261 [main] WARN org.springframework.web.servlet.mvc.support.DefaultHandlerExceptionResolver -- Resolved [org.springframework.http.converter.HttpMessageNotReadableException: Required request body is missing: public dev.waterflex.scheduler.BookingController$SearchResponse dev.waterflex.scheduler.BookingController.offers(dev.waterflex.scheduler.BookingController$JobRequest)]
19:44:04.264 [main] WARN org.springframework.web.servlet.mvc.support.DefaultHandlerExceptionResolver -- Resolved [org.springframework.http.converter.HttpMessageNotReadableException: JSON parse error: Cannot deserialize value of type `dev.waterflex.scheduler.BookingController$JobRequest` from Array value (token `JsonToken.START_ARRAY`)]
19:44:04.271 [main] WARN org.springframework.web.servlet.mvc.support.DefaultHandlerExceptionResolver -- Resolved [org.springframework.http.converter.HttpMessageNotReadableException: JSON parse error: Unexpected end-of-input: expected close marker for Object (start marker at [Source: REDACTED (`StreamReadFeature.INCLUDE_SOURCE_IN_LOCATION` disabled); byte offset: #UNKNOWN])]
19:44:04.272 [main] WARN org.springframework.web.servlet.mvc.support.DefaultHandlerExceptionResolver -- Resolved [org.springframework.http.converter.HttpMessageNotReadableException: JSON parse error: Cannot construct instance of `dev.waterflex.scheduler.BookingController$JobRequest` (although at least one Creator exists): no boolean/Boolean-argument constructor/factory method to deserialize from boolean value (false)]
19:44:04.275 [main] WARN org.springframework.web.servlet.mvc.support.DefaultHandlerExceptionResolver -- Resolved [org.springframework.http.converter.HttpMessageNotReadableException: JSON parse error: Cannot coerce Integer value (12) to `java.lang.String` value (but could if coercion was enabled using `CoercionConfig`)]
19:44:04.280 [main] WARN org.springframework.web.servlet.mvc.support.DefaultHandlerExceptionResolver -- Resolved [org.springframework.http.converter.HttpMessageNotReadableException: Required request body is missing: public dev.waterflex.scheduler.BookingService$Selection dev.waterflex.scheduler.BookingController.select(dev.waterflex.scheduler.BookingController$SelectRequest)]
19:44:04.281 [main] WARN org.springframework.web.servlet.mvc.support.DefaultHandlerExceptionResolver -- Resolved [org.springframework.http.converter.HttpMessageNotReadableException: JSON parse error: Cannot deserialize value of type `dev.waterflex.scheduler.BookingController$SelectRequest` from Array value (token `JsonToken.START_ARRAY`)]
19:44:04.282 [main] WARN org.springframework.web.servlet.mvc.support.DefaultHandlerExceptionResolver -- Resolved [org.springframework.http.converter.HttpMessageNotReadableException: JSON parse error: Unexpected end-of-input: expected close marker for Object (start marker at [Source: REDACTED (`StreamReadFeature.INCLUDE_SOURCE_IN_LOCATION` disabled); byte offset: #UNKNOWN])]
19:44:04.283 [main] WARN org.springframework.web.servlet.mvc.support.DefaultHandlerExceptionResolver -- Resolved [org.springframework.http.converter.HttpMessageNotReadableException: JSON parse error: Cannot construct instance of `dev.waterflex.scheduler.BookingController$SelectRequest` (although at least one Creator exists): no boolean/Boolean-argument constructor/factory method to deserialize from boolean value (false)]
19:44:04.283 [main] WARN org.springframework.web.servlet.mvc.support.DefaultHandlerExceptionResolver -- Resolved [org.springframework.http.converter.HttpMessageNotReadableException: JSON parse error: Cannot coerce Integer value (12) to `java.lang.String` value (but could if coercion was enabled using `CoercionConfig`)]
19:44:04.285 [main] WARN org.springframework.web.servlet.mvc.support.DefaultHandlerExceptionResolver -- Resolved [org.springframework.http.converter.HttpMessageNotReadableException: Required request body is missing: public dev.waterflex.scheduler.BookingService$Confirmation dev.waterflex.scheduler.BookingController.confirm(dev.waterflex.scheduler.BookingController$ConfirmRequest)]
19:44:04.286 [main] WARN org.springframework.web.servlet.mvc.support.DefaultHandlerExceptionResolver -- Resolved [org.springframework.http.converter.HttpMessageNotReadableException: JSON parse error: Cannot deserialize value of type `dev.waterflex.scheduler.BookingController$ConfirmRequest` from Array value (token `JsonToken.START_ARRAY`)]
19:44:04.288 [main] WARN org.springframework.web.servlet.mvc.support.DefaultHandlerExceptionResolver -- Resolved [org.springframework.http.converter.HttpMessageNotReadableException: JSON parse error: Unexpected end-of-input: expected close marker for Object (start marker at [Source: REDACTED (`StreamReadFeature.INCLUDE_SOURCE_IN_LOCATION` disabled); byte offset: #UNKNOWN])]
19:44:04.288 [main] WARN org.springframework.web.servlet.mvc.support.DefaultHandlerExceptionResolver -- Resolved [org.springframework.http.converter.HttpMessageNotReadableException: JSON parse error: Cannot construct instance of `dev.waterflex.scheduler.BookingController$ConfirmRequest` (although at least one Creator exists): no boolean/Boolean-argument constructor/factory method to deserialize from boolean value (false)]
19:44:04.289 [main] WARN org.springframework.web.servlet.mvc.support.DefaultHandlerExceptionResolver -- Resolved [org.springframework.http.converter.HttpMessageNotReadableException: JSON parse error: Cannot coerce Boolean value (false) to `java.lang.String` value (but could if coercion was enabled using `CoercionConfig`)]
19:44:04.291 [main] WARN org.springframework.web.servlet.mvc.support.DefaultHandlerExceptionResolver -- Resolved [org.springframework.http.converter.HttpMessageNotReadableException: Required request body is missing: public java.util.Map<java.lang.String, java.lang.Object> dev.waterflex.scheduler.BookingController.cancel(dev.waterflex.scheduler.BookingController$CancelRequest)]
19:44:04.292 [main] WARN org.springframework.web.servlet.mvc.support.DefaultHandlerExceptionResolver -- Resolved [org.springframework.http.converter.HttpMessageNotReadableException: JSON parse error: Cannot deserialize value of type `dev.waterflex.scheduler.BookingController$CancelRequest` from Array value (token `JsonToken.START_ARRAY`)]
19:44:04.293 [main] WARN org.springframework.web.servlet.mvc.support.DefaultHandlerExceptionResolver -- Resolved [org.springframework.http.converter.HttpMessageNotReadableException: JSON parse error: Unexpected end-of-input: expected close marker for Object (start marker at [Source: REDACTED (`StreamReadFeature.INCLUDE_SOURCE_IN_LOCATION` disabled); byte offset: #UNKNOWN])]
19:44:04.294 [main] WARN org.springframework.web.servlet.mvc.support.DefaultHandlerExceptionResolver -- Resolved [org.springframework.http.converter.HttpMessageNotReadableException: JSON parse error: Cannot construct instance of `dev.waterflex.scheduler.BookingController$CancelRequest` (although at least one Creator exists): no boolean/Boolean-argument constructor/factory method to deserialize from boolean value (false)]
19:44:04.369 [main] INFO org.springframework.mock.web.MockServletContext -- Initializing Spring TestDispatcherServlet ''
19:44:04.369 [main] INFO org.springframework.test.web.servlet.TestDispatcherServlet -- Initializing Servlet ''
19:44:04.370 [main] INFO org.springframework.test.web.servlet.TestDispatcherServlet -- Completed initialization in 1 ms
19:44:04.408 [main] INFO org.springframework.mock.web.MockServletContext -- Initializing Spring TestDispatcherServlet ''
19:44:04.408 [main] INFO org.springframework.test.web.servlet.TestDispatcherServlet -- Initializing Servlet ''
19:44:04.408 [main] INFO org.springframework.test.web.servlet.TestDispatcherServlet -- Completed initialization in 0 ms
19:44:04.411 [main] WARN org.springframework.web.servlet.mvc.support.DefaultHandlerExceptionResolver -- Resolved [org.springframework.http.converter.HttpMessageNotReadableException: Required request body is missing: public void dev.waterflex.scheduler.optimizer.OptimizationController.preview(dev.waterflex.scheduler.optimizer.OptimizationService$Request,jakarta.servlet.http.HttpServletResponse) throws java.io.IOException]
19:44:04.412 [main] WARN org.springframework.web.servlet.mvc.support.DefaultHandlerExceptionResolver -- Resolved [org.springframework.http.converter.HttpMessageNotReadableException: JSON parse error: Cannot deserialize value of type `dev.waterflex.scheduler.optimizer.OptimizationService$Request` from Array value (token `JsonToken.START_ARRAY`)]
19:44:04.413 [main] WARN org.springframework.web.servlet.mvc.support.DefaultHandlerExceptionResolver -- Resolved [org.springframework.http.converter.HttpMessageNotReadableException: JSON parse error: Unexpected end-of-input: expected close marker for Object (start marker at [Source: REDACTED (`StreamReadFeature.INCLUDE_SOURCE_IN_LOCATION` disabled); byte offset: #UNKNOWN])]
19:44:04.414 [main] WARN org.springframework.web.servlet.mvc.support.DefaultHandlerExceptionResolver -- Resolved [org.springframework.http.converter.HttpMessageNotReadableException: JSON parse error: Cannot construct instance of `dev.waterflex.scheduler.optimizer.OptimizationService$Request` (although at least one Creator exists): no boolean/Boolean-argument constructor/factory method to deserialize from boolean value (false)]
19:44:04.415 [main] WARN org.springframework.web.servlet.mvc.support.DefaultHandlerExceptionResolver -- Resolved [org.springframework.http.converter.HttpMessageNotReadableException: JSON parse error: Cannot construct instance of `dev.waterflex.scheduler.optimizer.OptimizationService$Request` (although at least one Creator exists): no String-argument constructor/factory method to deserialize from String value ('text')]
19:44:04.416 [main] WARN org.springframework.web.servlet.mvc.support.DefaultHandlerExceptionResolver -- Resolved [org.springframework.http.converter.HttpMessageNotReadableException: Required request body is missing: public java.util.Map<java.lang.String, java.lang.Object> dev.waterflex.scheduler.optimizer.OptimizationController.apply(java.lang.String,dev.waterflex.scheduler.RequestChecks$Empty)]
19:44:04.418 [main] WARN org.springframework.web.servlet.mvc.support.DefaultHandlerExceptionResolver -- Resolved [org.springframework.http.converter.HttpMessageNotReadableException: JSON parse error: Cannot deserialize value of type `dev.waterflex.scheduler.RequestChecks$Empty` from Array value (token `JsonToken.START_ARRAY`)]
19:44:04.418 [main] WARN org.springframework.web.servlet.mvc.support.DefaultHandlerExceptionResolver -- Resolved [org.springframework.http.converter.HttpMessageNotReadableException: JSON parse error: Unexpected end-of-input: expected close marker for Object (start marker at [Source: REDACTED (`StreamReadFeature.INCLUDE_SOURCE_IN_LOCATION` disabled); byte offset: #UNKNOWN])]
19:44:04.419 [main] WARN org.springframework.web.servlet.mvc.support.DefaultHandlerExceptionResolver -- Resolved [org.springframework.http.converter.HttpMessageNotReadableException: JSON parse error: Cannot construct instance of `dev.waterflex.scheduler.RequestChecks$Empty` (although at least one Creator exists): no boolean/Boolean-argument constructor/factory method to deserialize from boolean value (false)]
19:44:04.419 [main] WARN org.springframework.web.servlet.mvc.support.DefaultHandlerExceptionResolver -- Resolved [org.springframework.http.converter.HttpMessageNotReadableException: JSON parse error: Cannot construct instance of `dev.waterflex.scheduler.RequestChecks$Empty` (although at least one Creator exists): no String-argument constructor/factory method to deserialize from String value ('text')]
19:44:04.421 [main] WARN org.springframework.web.servlet.mvc.support.DefaultHandlerExceptionResolver -- Resolved [org.springframework.http.converter.HttpMessageNotReadableException: Required request body is missing: public java.util.Map<java.lang.String, java.lang.Object> dev.waterflex.scheduler.TimeOffController.submit(dev.waterflex.scheduler.TimeOffService$Request)]
19:44:04.422 [main] WARN org.springframework.web.servlet.mvc.support.DefaultHandlerExceptionResolver -- Resolved [org.springframework.http.converter.HttpMessageNotReadableException: JSON parse error: Cannot deserialize value of type `dev.waterflex.scheduler.TimeOffService$Request` from Array value (token `JsonToken.START_ARRAY`)]
19:44:04.422 [main] WARN org.springframework.web.servlet.mvc.support.DefaultHandlerExceptionResolver -- Resolved [org.springframework.http.converter.HttpMessageNotReadableException: JSON parse error: Unexpected end-of-input: expected close marker for Object (start marker at [Source: REDACTED (`StreamReadFeature.INCLUDE_SOURCE_IN_LOCATION` disabled); byte offset: #UNKNOWN])]
19:44:04.422 [main] WARN org.springframework.web.servlet.mvc.support.DefaultHandlerExceptionResolver -- Resolved [org.springframework.http.converter.HttpMessageNotReadableException: JSON parse error: Cannot construct instance of `dev.waterflex.scheduler.TimeOffService$Request` (although at least one Creator exists): no boolean/Boolean-argument constructor/factory method to deserialize from boolean value (false)]
19:44:04.423 [main] WARN org.springframework.web.servlet.mvc.support.DefaultHandlerExceptionResolver -- Resolved [org.springframework.http.converter.HttpMessageNotReadableException: JSON parse error: Cannot construct instance of `dev.waterflex.scheduler.TimeOffService$Request` (although at least one Creator exists): no String-argument constructor/factory method to deserialize from String value ('text')]
19:44:04.425 [main] WARN org.springframework.web.servlet.mvc.support.DefaultHandlerExceptionResolver -- Resolved [org.springframework.http.converter.HttpMessageNotReadableException: Required request body is missing: public java.util.Map<java.lang.String, java.lang.Object> dev.waterflex.scheduler.TimeOffController.approve(java.lang.String,dev.waterflex.scheduler.TimeOffController$Approval)]
19:44:04.425 [main] WARN org.springframework.web.servlet.mvc.support.DefaultHandlerExceptionResolver -- Resolved [org.springframework.http.converter.HttpMessageNotReadableException: JSON parse error: Cannot deserialize value of type `dev.waterflex.scheduler.TimeOffController$Approval` from Array value (token `JsonToken.START_ARRAY`)]
19:44:04.426 [main] WARN org.springframework.web.servlet.mvc.support.DefaultHandlerExceptionResolver -- Resolved [org.springframework.http.converter.HttpMessageNotReadableException: JSON parse error: Unexpected end-of-input: expected close marker for Object (start marker at [Source: REDACTED (`StreamReadFeature.INCLUDE_SOURCE_IN_LOCATION` disabled); byte offset: #UNKNOWN])]
19:44:04.426 [main] WARN org.springframework.web.servlet.mvc.support.DefaultHandlerExceptionResolver -- Resolved [org.springframework.http.converter.HttpMessageNotReadableException: JSON parse error: Cannot construct instance of `dev.waterflex.scheduler.TimeOffController$Approval` (although at least one Creator exists): no boolean/Boolean-argument constructor/factory method to deserialize from boolean value (false)]
19:44:04.426 [main] WARN org.springframework.web.servlet.mvc.support.DefaultHandlerExceptionResolver -- Resolved [org.springframework.http.converter.HttpMessageNotReadableException: JSON parse error: Cannot construct instance of `dev.waterflex.scheduler.TimeOffController$Approval` (although at least one Creator exists): no String-argument constructor/factory method to deserialize from String value ('text')]
19:44:04.427 [main] WARN org.springframework.web.servlet.mvc.support.DefaultHandlerExceptionResolver -- Resolved [org.springframework.http.converter.HttpMessageNotReadableException: Required request body is missing: public java.util.Map<java.lang.String, java.lang.Object> dev.waterflex.scheduler.TimeOffController.retry(java.lang.String,dev.waterflex.scheduler.RequestChecks$Empty)]
19:44:04.427 [main] WARN org.springframework.web.servlet.mvc.support.DefaultHandlerExceptionResolver -- Resolved [org.springframework.http.converter.HttpMessageNotReadableException: JSON parse error: Cannot deserialize value of type `dev.waterflex.scheduler.RequestChecks$Empty` from Array value (token `JsonToken.START_ARRAY`)]
19:44:04.428 [main] WARN org.springframework.web.servlet.mvc.support.DefaultHandlerExceptionResolver -- Resolved [org.springframework.http.converter.HttpMessageNotReadableException: JSON parse error: Unexpected end-of-input: expected close marker for Object (start marker at [Source: REDACTED (`StreamReadFeature.INCLUDE_SOURCE_IN_LOCATION` disabled); byte offset: #UNKNOWN])]
19:44:04.428 [main] WARN org.springframework.web.servlet.mvc.support.DefaultHandlerExceptionResolver -- Resolved [org.springframework.http.converter.HttpMessageNotReadableException: JSON parse error: Cannot construct instance of `dev.waterflex.scheduler.RequestChecks$Empty` (although at least one Creator exists): no boolean/Boolean-argument constructor/factory method to deserialize from boolean value (false)]
19:44:04.428 [main] WARN org.springframework.web.servlet.mvc.support.DefaultHandlerExceptionResolver -- Resolved [org.springframework.http.converter.HttpMessageNotReadableException: JSON parse error: Cannot construct instance of `dev.waterflex.scheduler.RequestChecks$Empty` (although at least one Creator exists): no String-argument constructor/factory method to deserialize from String value ('text')]
19:44:04.429 [main] WARN org.springframework.web.servlet.mvc.support.DefaultHandlerExceptionResolver -- Resolved [org.springframework.http.converter.HttpMessageNotReadableException: Required request body is missing: public java.util.Map<java.lang.String, java.lang.Object> dev.waterflex.scheduler.TimeOffController.deny(java.lang.String,dev.waterflex.scheduler.RequestChecks$Empty)]
19:44:04.429 [main] WARN org.springframework.web.servlet.mvc.support.DefaultHandlerExceptionResolver -- Resolved [org.springframework.http.converter.HttpMessageNotReadableException: JSON parse error: Cannot deserialize value of type `dev.waterflex.scheduler.RequestChecks$Empty` from Array value (token `JsonToken.START_ARRAY`)]
19:44:04.430 [main] WARN org.springframework.web.servlet.mvc.support.DefaultHandlerExceptionResolver -- Resolved [org.springframework.http.converter.HttpMessageNotReadableException: JSON parse error: Unexpected end-of-input: expected close marker for Object (start marker at [Source: REDACTED (`StreamReadFeature.INCLUDE_SOURCE_IN_LOCATION` disabled); byte offset: #UNKNOWN])]
19:44:04.430 [main] WARN org.springframework.web.servlet.mvc.support.DefaultHandlerExceptionResolver -- Resolved [org.springframework.http.converter.HttpMessageNotReadableException: JSON parse error: Cannot construct instance of `dev.waterflex.scheduler.RequestChecks$Empty` (although at least one Creator exists): no boolean/Boolean-argument constructor/factory method to deserialize from boolean value (false)]
19:44:04.431 [main] WARN org.springframework.web.servlet.mvc.support.DefaultHandlerExceptionResolver -- Resolved [org.springframework.http.converter.HttpMessageNotReadableException: JSON parse error: Cannot construct instance of `dev.waterflex.scheduler.RequestChecks$Empty` (although at least one Creator exists): no String-argument constructor/factory method to deserialize from String value ('text')]
19:44:04.433 [main] WARN org.springframework.web.servlet.mvc.support.DefaultHandlerExceptionResolver -- Resolved [org.springframework.http.converter.HttpMessageNotReadableException: Required request body is missing: public java.util.Map<java.lang.String, java.lang.Object> dev.waterflex.scheduler.ScheduleGuardController.availability(dev.waterflex.scheduler.ScheduleGuardController$AvailabilityRequest)]
19:44:04.434 [main] WARN org.springframework.web.servlet.mvc.support.DefaultHandlerExceptionResolver -- Resolved [org.springframework.http.converter.HttpMessageNotReadableException: JSON parse error: Cannot deserialize value of type `dev.waterflex.scheduler.ScheduleGuardController$AvailabilityRequest` from Array value (token `JsonToken.START_ARRAY`)]
19:44:04.434 [main] WARN org.springframework.web.servlet.mvc.support.DefaultHandlerExceptionResolver -- Resolved [org.springframework.http.converter.HttpMessageNotReadableException: JSON parse error: Unexpected end-of-input: expected close marker for Object (start marker at [Source: REDACTED (`StreamReadFeature.INCLUDE_SOURCE_IN_LOCATION` disabled); byte offset: #UNKNOWN])]
19:44:04.435 [main] WARN org.springframework.web.servlet.mvc.support.DefaultHandlerExceptionResolver -- Resolved [org.springframework.http.converter.HttpMessageNotReadableException: JSON parse error: Cannot construct instance of `dev.waterflex.scheduler.ScheduleGuardController$AvailabilityRequest` (although at least one Creator exists): no boolean/Boolean-argument constructor/factory method to deserialize from boolean value (false)]
19:44:04.435 [main] WARN org.springframework.web.servlet.mvc.support.DefaultHandlerExceptionResolver -- Resolved [org.springframework.http.converter.HttpMessageNotReadableException: JSON parse error: Cannot construct instance of `dev.waterflex.scheduler.ScheduleGuardController$AvailabilityRequest` (although at least one Creator exists): no String-argument constructor/factory method to deserialize from String value ('text')]
19:44:04.436 [main] WARN org.springframework.web.servlet.mvc.support.DefaultHandlerExceptionResolver -- Resolved [org.springframework.http.converter.HttpMessageNotReadableException: Required request body is missing: public java.util.Map<java.lang.String, java.lang.Object> dev.waterflex.scheduler.ScheduleGuardController.qualification(dev.waterflex.scheduler.ScheduleGuardController$QualificationRequest)]
19:44:04.436 [main] WARN org.springframework.web.servlet.mvc.support.DefaultHandlerExceptionResolver -- Resolved [org.springframework.http.converter.HttpMessageNotReadableException: JSON parse error: Cannot deserialize value of type `dev.waterflex.scheduler.ScheduleGuardController$QualificationRequest` from Array value (token `JsonToken.START_ARRAY`)]
19:44:04.437 [main] WARN org.springframework.web.servlet.mvc.support.DefaultHandlerExceptionResolver -- Resolved [org.springframework.http.converter.HttpMessageNotReadableException: JSON parse error: Unexpected end-of-input: expected close marker for Object (start marker at [Source: REDACTED (`StreamReadFeature.INCLUDE_SOURCE_IN_LOCATION` disabled); byte offset: #UNKNOWN])]
19:44:04.437 [main] WARN org.springframework.web.servlet.mvc.support.DefaultHandlerExceptionResolver -- Resolved [org.springframework.http.converter.HttpMessageNotReadableException: JSON parse error: Cannot construct instance of `dev.waterflex.scheduler.ScheduleGuardController$QualificationRequest` (although at least one Creator exists): no boolean/Boolean-argument constructor/factory method to deserialize from boolean value (false)]
19:44:04.437 [main] WARN org.springframework.web.servlet.mvc.support.DefaultHandlerExceptionResolver -- Resolved [org.springframework.http.converter.HttpMessageNotReadableException: JSON parse error: Cannot construct instance of `dev.waterflex.scheduler.ScheduleGuardController$QualificationRequest` (although at least one Creator exists): no String-argument constructor/factory method to deserialize from String value ('text')]
[INFO] Tests run: 7, Failures: 0, Errors: 0, Skipped: 0, Time elapsed: 0.245 s -- in dev.waterflex.scheduler.NullabilityTest
[INFO] Running dev.waterflex.scheduler.optimizer.AssertionCampaignTest
[WARNING] Tests run: 1, Failures: 0, Errors: 0, Skipped: 1, Time elapsed: 0 s -- in dev.waterflex.scheduler.optimizer.AssertionCampaignTest
[INFO] Running dev.waterflex.scheduler.optimizer.ConstraintRulesTest
[INFO] Tests run: 5, Failures: 0, Errors: 0, Skipped: 0, Time elapsed: 0.089 s -- in dev.waterflex.scheduler.optimizer.ConstraintRulesTest
[INFO] Running dev.waterflex.scheduler.optimizer.DailyConstructionTest
19:44:04.972 [main] INFO ai.timefold.solver.core.impl.solver.DefaultSolver -- Solving started: time spent (6), best score ([0/0/-3/0/0]hard/[0/0]soft), environment mode (FULL_ASSERT), move thread count (NONE), random (seed 17).
19:44:04.973 [main] INFO ai.timefold.solver.core.impl.solver.DefaultSolver -- Problem scale: genuine entity count (2), genuine variable count (2), approximate value count (3), approximate problem scale (60).
19:44:05.006 [main] INFO ai.timefold.solver.core.impl.constructionheuristic.DefaultConstructionHeuristicPhase -- Construction Heuristic phase (0) ended: time spent (40), best score ([0/0/0/0/0]hard/[0/-4500]soft), move evaluation speed (363/sec), step total (3).
19:44:05.217 [main] INFO ai.timefold.solver.core.impl.localsearch.DefaultLocalSearchPhase -- Local Search phase (1) ended: time spent (251), best score ([0/0/0/0/0]hard/[0/-4500]soft), move evaluation speed (1203/sec), step total (1).
19:44:05.218 [main] INFO ai.timefold.solver.core.impl.solver.DefaultSolver -- Solving ended: time spent (251), best score ([0/0/0/0/0]hard/[0/-4500]soft), move evaluation speed (1059/sec), phase total (2), environment mode (FULL_ASSERT), move thread count (NONE).
19:44:05.225 [main] INFO ai.timefold.solver.core.impl.solver.DefaultSolver -- Solving started: time spent (2), best score ([0/0/-2/0/0]hard/[0/-1500]soft), environment mode (FULL_ASSERT), move thread count (NONE), random (seed 17).
19:44:05.225 [main] INFO ai.timefold.solver.core.impl.solver.DefaultSolver -- Problem scale: genuine entity count (2), genuine variable count (2), approximate value count (3), approximate problem scale (60).
19:44:05.230 [main] INFO ai.timefold.solver.core.impl.constructionheuristic.DefaultConstructionHeuristicPhase -- Construction Heuristic phase (0) ended: time spent (7), best score ([0/0/0/0/0]hard/[0/-4500]soft), move evaluation speed (1400/sec), step total (2).
19:44:05.474 [main] INFO ai.timefold.solver.core.impl.localsearch.DefaultLocalSearchPhase -- Local Search phase (1) ended: time spent (251), best score ([0/0/0/0/0]hard/[0/-4500]soft), move evaluation speed (2716/sec), step total (1).
19:44:05.474 [main] INFO ai.timefold.solver.core.impl.solver.DefaultSolver -- Solving ended: time spent (251), best score ([0/0/0/0/0]hard/[0/-4500]soft), move evaluation speed (2657/sec), phase total (2), environment mode (FULL_ASSERT), move thread count (NONE).
19:44:05.529 [main] INFO ai.timefold.solver.core.impl.solver.DefaultSolver -- Solving started: time spent (2), best score ([0/0/-1/0/0]hard/[0/0]soft), environment mode (FULL_ASSERT), move thread count (NONE), random (seed 17).
19:44:05.529 [main] INFO ai.timefold.solver.core.impl.solver.DefaultSolver -- Problem scale: genuine entity count (1), genuine variable count (1), approximate value count (1), approximate problem scale (2).
19:44:05.532 [main] INFO ai.timefold.solver.core.impl.constructionheuristic.DefaultConstructionHeuristicPhase -- Construction Heuristic phase (0) ended: time spent (5), best score ([0/0/-1/0/0]hard/[0/0]soft), move evaluation speed (1333/sec), step total (2).
19:44:05.780 [main] INFO ai.timefold.solver.core.impl.localsearch.DefaultLocalSearchPhase -- Local Search phase (1) ended: time spent (253), best score ([0/0/-1/0/0]hard/[0/0]soft), move evaluation speed (3449/sec), step total (1).
19:44:05.781 [main] INFO ai.timefold.solver.core.impl.solver.DefaultSolver -- Solving ended: time spent (254), best score ([0/0/-1/0/0]hard/[0/0]soft), move evaluation speed (3370/sec), phase total (2), environment mode (FULL_ASSERT), move thread count (NONE).
19:44:05.783 [main] INFO ai.timefold.solver.core.impl.solver.DefaultSolver -- Solving started: time spent (0), best score ([0/0/-1/0/0]hard/[0/0]soft), environment mode (FULL_ASSERT), move thread count (NONE), random (seed 17).
19:44:05.783 [main] INFO ai.timefold.solver.core.impl.solver.DefaultSolver -- Problem scale: genuine entity count (1), genuine variable count (1), approximate value count (1), approximate problem scale (2).
19:44:05.786 [main] INFO ai.timefold.solver.core.impl.constructionheuristic.DefaultConstructionHeuristicPhase -- Construction Heuristic phase (0) ended: time spent (3), best score ([0/0/-1/0/0]hard/[0/0]soft), move evaluation speed (1333/sec), step total (2).
19:44:06.033 [main] INFO ai.timefold.solver.core.impl.localsearch.DefaultLocalSearchPhase -- Local Search phase (1) ended: time spent (250), best score ([0/0/-1/0/0]hard/[0/0]soft), move evaluation speed (4093/sec), step total (2).
19:44:06.034 [main] INFO ai.timefold.solver.core.impl.solver.DefaultSolver -- Solving ended: time spent (251), best score ([0/0/-1/0/0]hard/[0/0]soft), move evaluation speed (4043/sec), phase total (2), environment mode (FULL_ASSERT), move thread count (NONE).
19:44:06.043 [main] INFO ai.timefold.solver.core.impl.solver.DefaultSolver -- Solving started: time spent (2), best score ([0/-1800/0/0/0]hard/[0/-1500]soft), environment mode (FULL_ASSERT), move thread count (NONE), random (seed 17).
19:44:06.043 [main] INFO ai.timefold.solver.core.impl.solver.DefaultSolver -- Problem scale: genuine entity count (1), genuine variable count (1), approximate value count (1), approximate problem scale (2).
19:44:06.291 [main] INFO ai.timefold.solver.core.impl.localsearch.DefaultLocalSearchPhase -- Local Search phase (0) ended: time spent (250), best score ([0/0/-1/0/0]hard/[0/0]soft), move evaluation speed (3915/sec), step total (2).
19:44:06.292 [main] INFO ai.timefold.solver.core.impl.solver.DefaultSolver -- Solving ended: time spent (251), best score ([0/0/-1/0/0]hard/[0/0]soft), move evaluation speed (3868/sec), phase total (1), environment mode (FULL_ASSERT), move thread count (NONE).
19:44:06.294 [main] INFO ai.timefold.solver.core.impl.solver.DefaultSolver -- Solving started: time spent (1), best score ([0/-1800/0/0/0]hard/[0/-1500]soft), environment mode (FULL_ASSERT), move thread count (NONE), random (seed 17).
19:44:06.294 [main] INFO ai.timefold.solver.core.impl.solver.DefaultSolver -- Problem scale: genuine entity count (2), genuine variable count (2), approximate value count (1), approximate problem scale (3).
19:44:06.544 [main] INFO ai.timefold.solver.core.impl.localsearch.DefaultLocalSearchPhase -- Local Search phase (0) ended: time spent (251), best score ([0/0/0/0/0]hard/[0/-1500]soft), move evaluation speed (4388/sec), step total (2).
19:44:06.544 [main] INFO ai.timefold.solver.core.impl.solver.DefaultSolver -- Solving ended: time spent (251), best score ([0/0/0/0/0]hard/[0/-1500]soft), move evaluation speed (4370/sec), phase total (1), environment mode (FULL_ASSERT), move thread count (NONE).
19:44:06.547 [main] INFO ai.timefold.solver.core.impl.solver.DefaultSolver -- Solving started: time spent (1), best score ([0/0/-1/0/0]hard/[0/0]soft), environment mode (FULL_ASSERT), move thread count (NONE), random (seed 17).
19:44:06.547 [main] INFO ai.timefold.solver.core.impl.solver.DefaultSolver -- Problem scale: genuine entity count (1), genuine variable count (1), approximate value count (1), approximate problem scale (2).
19:44:06.549 [main] INFO ai.timefold.solver.core.impl.constructionheuristic.DefaultConstructionHeuristicPhase -- Construction Heuristic phase (0) ended: time spent (3), best score ([0/0/-1/0/0]hard/[0/0]soft), move evaluation speed (2000/sec), step total (2).
19:44:06.796 [main] INFO ai.timefold.solver.core.impl.localsearch.DefaultLocalSearchPhase -- Local Search phase (1) ended: time spent (250), best score ([0/0/-1/0/0]hard/[0/0]soft), move evaluation speed (4126/sec), step total (2).
19:44:06.796 [main] INFO ai.timefold.solver.core.impl.solver.DefaultSolver -- Solving ended: time spent (250), best score ([0/0/-1/0/0]hard/[0/0]soft), move evaluation speed (4076/sec), phase total (2), environment mode (FULL_ASSERT), move thread count (NONE).
19:44:06.800 [main] INFO ai.timefold.solver.core.impl.solver.DefaultSolver -- Solving started: time spent (2), best score ([0/-3601/0/0/0]hard/[0/-1500]soft), environment mode (FULL_ASSERT), move thread count (NONE), random (seed 17).
19:44:06.800 [main] INFO ai.timefold.solver.core.impl.solver.DefaultSolver -- Problem scale: genuine entity count (1), genuine variable count (1), approximate value count (1), approximate problem scale (2).
19:44:06.800 [main] WARN ai.timefold.solver.core.impl.localsearch.DefaultLocalSearchPhase --     No doable selected move at step index (0), time spent (2). Terminating phase early.
19:44:06.801 [main] INFO ai.timefold.solver.core.impl.localsearch.DefaultLocalSearchPhase -- Local Search phase (0) ended: time spent (3), best score ([0/-3601/0/0/0]hard/[0/-1500]soft), move evaluation speed (0/sec), step total (0).
19:44:06.801 [main] INFO ai.timefold.solver.core.impl.solver.DefaultSolver -- Solving ended: time spent (3), best score ([0/-3601/0/0/0]hard/[0/-1500]soft), move evaluation speed (0/sec), phase total (1), environment mode (FULL_ASSERT), move thread count (NONE).
19:44:06.905 [main] INFO ai.timefold.solver.core.impl.solver.DefaultSolver -- Solving started: time spent (2), best score ([0/0/-4/0/0]hard/[0/-3000]soft), environment mode (FULL_ASSERT), move thread count (NONE), random (seed 17).
19:44:06.905 [main] INFO ai.timefold.solver.core.impl.solver.DefaultSolver -- Problem scale: genuine entity count (3), genuine variable count (3), approximate value count (6), approximate problem scale (60,480).
19:44:06.929 [main] INFO ai.timefold.solver.core.impl.constructionheuristic.DefaultConstructionHeuristicPhase -- Construction Heuristic phase (0) ended: time spent (26), best score ([0/0/0/0/0]hard/[0/-9000]soft), move evaluation speed (1130/sec), step total (4).
19:44:07.003 [main] INFO ai.timefold.solver.core.impl.localsearch.DefaultLocalSearchPhase -- Local Search phase (1) ended: time spent (100), best score ([0/0/0/0/0]hard/[0/-9000]soft), move evaluation speed (3890/sec), step total (3).
19:44:07.004 [main] INFO ai.timefold.solver.core.impl.solver.DefaultSolver -- Solving ended: time spent (101), best score ([0/0/0/0/0]hard/[0/-9000]soft), move evaluation speed (3069/sec), phase total (2), environment mode (FULL_ASSERT), move thread count (NONE).
19:44:07.074 [main] INFO ai.timefold.solver.core.impl.solver.DefaultSolver -- Solving started: time spent (1), best score ([0/0/-4/0/0]hard/[0/-3000]soft), environment mode (FULL_ASSERT), move thread count (NONE), random (seed 17).
19:44:07.074 [main] INFO ai.timefold.solver.core.impl.solver.DefaultSolver -- Problem scale: genuine entity count (3), genuine variable count (3), approximate value count (6), approximate problem scale (60,480).
19:44:07.083 [main] INFO ai.timefold.solver.core.impl.constructionheuristic.DefaultConstructionHeuristicPhase -- Construction Heuristic phase (0) ended: time spent (10), best score ([0/0/0/0/0]hard/[0/-9000]soft), move evaluation speed (2888/sec), step total (4).
19:44:07.173 [main] INFO ai.timefold.solver.core.impl.localsearch.DefaultLocalSearchPhase -- Local Search phase (1) ended: time spent (100), best score ([0/0/0/0/0]hard/[0/-9000]soft), move evaluation speed (4211/sec), step total (4).
19:44:07.174 [main] INFO ai.timefold.solver.core.impl.solver.DefaultSolver -- Solving ended: time spent (100), best score ([0/0/0/0/0]hard/[0/-9000]soft), move evaluation speed (4050/sec), phase total (2), environment mode (FULL_ASSERT), move thread count (NONE).
19:44:07.231 [main] INFO ai.timefold.solver.core.impl.solver.DefaultSolver -- Solving started: time spent (0), best score ([0/0/-4/0/0]hard/[0/-3000]soft), environment mode (FULL_ASSERT), move thread count (NONE), random (seed 17).
19:44:07.232 [main] INFO ai.timefold.solver.core.impl.solver.DefaultSolver -- Problem scale: genuine entity count (3), genuine variable count (3), approximate value count (6), approximate problem scale (60,480).
19:44:07.238 [main] INFO ai.timefold.solver.core.impl.constructionheuristic.DefaultConstructionHeuristicPhase -- Construction Heuristic phase (0) ended: time spent (7), best score ([0/0/0/0/0]hard/[0/-9000]soft), move evaluation speed (4333/sec), step total (4).
19:44:07.335 [main] INFO ai.timefold.solver.core.impl.localsearch.DefaultLocalSearchPhase -- Local Search phase (1) ended: time spent (104), best score ([0/0/0/0/0]hard/[0/-9000]soft), move evaluation speed (1670/sec), step total (144).
19:44:07.335 [main] INFO ai.timefold.solver.core.impl.solver.DefaultSolver -- Solving ended: time spent (104), best score ([0/0/0/0/0]hard/[0/-9000]soft), move evaluation speed (1807/sec), phase total (2), environment mode (FULL_ASSERT), move thread count (NONE).
19:44:07.383 [main] INFO ai.timefold.solver.core.impl.solver.DefaultSolver -- Solving started: time spent (1), best score ([0/0/-4/0/0]hard/[0/-3000]soft), environment mode (FULL_ASSERT), move thread count (NONE), random (seed 17).
19:44:07.383 [main] INFO ai.timefold.solver.core.impl.solver.DefaultSolver -- Problem scale: genuine entity count (3), genuine variable count (3), approximate value count (6), approximate problem scale (60,480).
19:44:07.390 [main] INFO ai.timefold.solver.core.impl.constructionheuristic.DefaultConstructionHeuristicPhase -- Construction Heuristic phase (0) ended: time spent (8), best score ([0/0/0/0/0]hard/[0/-9000]soft), move evaluation speed (3714/sec), step total (4).
19:44:07.482 [main] INFO ai.timefold.solver.core.impl.localsearch.DefaultLocalSearchPhase -- Local Search phase (1) ended: time spent (100), best score ([0/0/0/0/0]hard/[0/-9000]soft), move evaluation speed (1681/sec), step total (142).
19:44:07.482 [main] INFO ai.timefold.solver.core.impl.solver.DefaultSolver -- Solving ended: time spent (100), best score ([0/0/0/0/0]hard/[0/-9000]soft), move evaluation speed (1790/sec), phase total (2), environment mode (FULL_ASSERT), move thread count (NONE).
19:44:07.485 [main] INFO ai.timefold.solver.core.impl.solver.DefaultSolver -- Solving started: time spent (1), best score ([0/0/-4/0/0]hard/[0/-3000]soft), environment mode (FULL_ASSERT), move thread count (NONE), random (seed 17).
19:44:07.485 [main] INFO ai.timefold.solver.core.impl.solver.DefaultSolver -- Problem scale: genuine entity count (3), genuine variable count (3), approximate value count (6), approximate problem scale (60,480).
19:44:07.491 [main] INFO ai.timefold.solver.core.impl.constructionheuristic.DefaultConstructionHeuristicPhase -- Construction Heuristic phase (0) ended: time spent (7), best score ([0/0/0/0/0]hard/[0/-9000]soft), move evaluation speed (4333/sec), step total (4).
19:44:07.584 [main] INFO ai.timefold.solver.core.impl.localsearch.DefaultLocalSearchPhase -- Local Search phase (1) ended: time spent (100), best score ([0/0/0/0/0]hard/[0/-9000]soft), move evaluation speed (6924/sec), step total (1).
19:44:07.584 [main] INFO ai.timefold.solver.core.impl.solver.DefaultSolver -- Solving ended: time spent (100), best score ([0/0/0/0/0]hard/[0/-9000]soft), move evaluation speed (6700/sec), phase total (2), environment mode (FULL_ASSERT), move thread count (NONE).
19:44:07.636 [main] INFO ai.timefold.solver.core.impl.solver.DefaultSolver -- Solving started: time spent (1), best score ([0/0/-4/0/0]hard/[0/-3000]soft), environment mode (FULL_ASSERT), move thread count (NONE), random (seed 17).
19:44:07.636 [main] INFO ai.timefold.solver.core.impl.solver.DefaultSolver -- Problem scale: genuine entity count (3), genuine variable count (3), approximate value count (6), approximate problem scale (60,480).
19:44:07.643 [main] INFO ai.timefold.solver.core.impl.constructionheuristic.DefaultConstructionHeuristicPhase -- Construction Heuristic phase (0) ended: time spent (8), best score ([0/0/0/0/0]hard/[0/-9000]soft), move evaluation speed (3714/sec), step total (4).
19:44:07.735 [main] INFO ai.timefold.solver.core.impl.localsearch.DefaultLocalSearchPhase -- Local Search phase (1) ended: time spent (100), best score ([0/0/0/0/0]hard/[0/-9000]soft), move evaluation speed (1560/sec), step total (135).
19:44:07.735 [main] INFO ai.timefold.solver.core.impl.solver.DefaultSolver -- Solving ended: time spent (100), best score ([0/0/0/0/0]hard/[0/-9000]soft), move evaluation speed (1680/sec), phase total (2), environment mode (FULL_ASSERT), move thread count (NONE).
19:44:07.780 [main] INFO ai.timefold.solver.core.impl.solver.DefaultSolver -- Solving started: time spent (1), best score ([0/0/-4/0/0]hard/[0/-3000]soft), environment mode (FULL_ASSERT), move thread count (NONE), random (seed 17).
19:44:07.780 [main] INFO ai.timefold.solver.core.impl.solver.DefaultSolver -- Problem scale: genuine entity count (3), genuine variable count (3), approximate value count (6), approximate problem scale (60,480).
19:44:07.788 [main] INFO ai.timefold.solver.core.impl.constructionheuristic.DefaultConstructionHeuristicPhase -- Construction Heuristic phase (0) ended: time spent (9), best score ([0/0/0/0/0]hard/[0/-9000]soft), move evaluation speed (3250/sec), step total (4).
19:44:07.879 [main] INFO ai.timefold.solver.core.impl.localsearch.DefaultLocalSearchPhase -- Local Search phase (1) ended: time spent (100), best score ([0/0/0/0/0]hard/[0/-9000]soft), move evaluation speed (1395/sec), step total (122).
19:44:07.879 [main] INFO ai.timefold.solver.core.impl.solver.DefaultSolver -- Solving ended: time spent (100), best score ([0/0/0/0/0]hard/[0/-9000]soft), move evaluation speed (1530/sec), phase total (2), environment mode (FULL_ASSERT), move thread count (NONE).
[INFO] Tests run: 9, Failures: 0, Errors: 0, Skipped: 0, Time elapsed: 3.373 s -- in dev.waterflex.scheduler.optimizer.DailyConstructionTest
[INFO] Running dev.waterflex.scheduler.optimizer.DailyDatasetTest
[INFO] Tests run: 10, Failures: 0, Errors: 0, Skipped: 0, Time elapsed: 0.102 s -- in dev.waterflex.scheduler.optimizer.DailyDatasetTest
[INFO] Running dev.waterflex.scheduler.optimizer.DailyOperationTest
19:44:08.013 [daily-22b0360f-b685-42fd-acee-36b585929e36] INFO dev.waterflex.scheduler.optimizer.DailyOperation -- Daily operation Receipt[requestId=22b0360f-b685-42fd-acee-36b585929e36, outcome=COMPLETED, elapsedMs=1, queueMs=null, searchMs=0, cancellationElapsedMs=null, cleanupOvershootMs=null, phaseCleanupOvershootMs=0, searchOvershootMs=0, lateResult=false]
19:44:09.019 [daily-665f1f84-bbab-4b35-9a6b-00629a7c5e11] INFO dev.waterflex.scheduler.optimizer.DailyOperation -- Daily operation Receipt[requestId=665f1f84-bbab-4b35-9a6b-00629a7c5e11, outcome=FAILED, elapsedMs=0, queueMs=0, searchMs=0, cancellationElapsedMs=null, cleanupOvershootMs=null, phaseCleanupOvershootMs=0, searchOvershootMs=0, lateResult=false]
19:44:09.181 [daily-cancellation] INFO ai.timefold.solver.core.impl.solver.DefaultSolver -- Terminating solver early.
19:44:09.304 [daily-00667f08-c375-4eaa-9bb9-13fd503f232c] INFO ai.timefold.solver.core.impl.solver.DefaultSolver -- Solving started: time spent (0), best score ([0/0/0/0/0]hard/[0/-17241]soft), environment mode (NO_ASSERT), move thread count (NONE), random (seed 17).
19:44:09.304 [daily-00667f08-c375-4eaa-9bb9-13fd503f232c] INFO ai.timefold.solver.core.impl.solver.DefaultSolver -- Problem scale: genuine entity count (3), genuine variable count (3), approximate value count (6), approximate problem scale (60,480).
19:44:11.203 [daily-00667f08-c375-4eaa-9bb9-13fd503f232c] INFO ai.timefold.solver.core.impl.localsearch.DefaultLocalSearchPhase -- Local Search phase (0) ended: time spent (1899), best score ([0/0/0/0/0]hard/[0/-16541]soft), move evaluation speed (267365/sec), step total (52).
19:44:11.203 [daily-00667f08-c375-4eaa-9bb9-13fd503f232c] INFO ai.timefold.solver.core.impl.solver.DefaultSolver -- Solving ended: time spent (1899), best score ([0/0/0/0/0]hard/[0/-16541]soft), move evaluation speed (267365/sec), phase total (1), environment mode (NO_ASSERT), move thread count (NONE).
[INFO] Tests run: 10, Failures: 0, Errors: 0, Skipped: 0, Time elapsed: 3.296 s -- in dev.waterflex.scheduler.optimizer.DailyOperationTest
[INFO] Running dev.waterflex.scheduler.optimizer.DayConstraintProviderTest
19:44:11.327 [main] INFO ai.timefold.solver.core.impl.solver.DefaultSolver -- Solving started: time spent (1), best score ([0/0/0/0/0]hard/[-0.015625/-6000]soft), environment mode (FULL_ASSERT), move thread count (NONE), random (seed 17).
19:44:11.327 [main] INFO ai.timefold.solver.core.impl.solver.DefaultSolver -- Problem scale: genuine entity count (2), genuine variable count (2), approximate value count (2), approximate problem scale (12).
19:44:12.797 [main] INFO ai.timefold.solver.core.impl.localsearch.DefaultLocalSearchPhase -- Local Search phase (0) ended: time spent (1471), best score ([0/0/0/0/0]hard/[0E-8/-6000]soft), move evaluation speed (6802/sec), step total (100).
19:44:12.797 [main] INFO ai.timefold.solver.core.impl.solver.DefaultSolver -- Solving ended: time spent (1471), best score ([0/0/0/0/0]hard/[0E-8/-6000]soft), move evaluation speed (6798/sec), phase total (1), environment mode (FULL_ASSERT), move thread count (NONE).
19:44:12.817 [main] INFO ai.timefold.solver.core.impl.solver.DefaultSolver -- Solving started: time spent (0), best score ([0/0/0/0/0]hard/[0/-17241]soft), environment mode (FULL_ASSERT), move thread count (NONE), random (seed 17).
19:44:12.817 [main] INFO ai.timefold.solver.core.impl.solver.DefaultSolver -- Problem scale: genuine entity count (3), genuine variable count (3), approximate value count (6), approximate problem scale (60,480).
19:44:14.336 [main] INFO ai.timefold.solver.core.impl.localsearch.DefaultLocalSearchPhase -- Local Search phase (0) ended: time spent (1519), best score ([0/0/0/0/0]hard/[0/-16541]soft), move evaluation speed (6583/sec), step total (100).
19:44:14.336 [main] INFO ai.timefold.solver.core.impl.solver.DefaultSolver -- Solving ended: time spent (1519), best score ([0/0/0/0/0]hard/[0/-16541]soft), move evaluation speed (6583/sec), phase total (1), environment mode (FULL_ASSERT), move thread count (NONE).
19:44:14.357 [main] INFO ai.timefold.solver.core.impl.solver.DefaultSolver -- Solving started: time spent (0), best score ([0/0/0/0/0]hard/[-0.1039943683049779458097038437303088/-16541]soft), environment mode (FULL_ASSERT), move thread count (NONE), random (seed 17).
19:44:14.357 [main] INFO ai.timefold.solver.core.impl.solver.DefaultSolver -- Problem scale: genuine entity count (3), genuine variable count (3), approximate value count (6), approximate problem scale (60,480).
19:44:15.912 [main] INFO ai.timefold.solver.core.impl.localsearch.DefaultLocalSearchPhase -- Local Search phase (0) ended: time spent (1555), best score ([0/0/0/0/0]hard/[-0.1039943683049779458097038437303088/-16541]soft), move evaluation speed (6430/sec), step total (100).
19:44:15.912 [main] INFO ai.timefold.solver.core.impl.solver.DefaultSolver -- Solving ended: time spent (1555), best score ([0/0/0/0/0]hard/[-0.1039943683049779458097038437303088/-16541]soft), move evaluation speed (6430/sec), phase total (1), environment mode (FULL_ASSERT), move thread count (NONE).
19:44:15.935 [main] INFO ai.timefold.solver.core.impl.solver.DefaultSolver -- Solving started: time spent (1), best score ([0/0/0/0/0]hard/[0/-17241]soft), environment mode (FULL_ASSERT), move thread count (NONE), random (seed 17).
19:44:15.935 [main] INFO ai.timefold.solver.core.impl.solver.DefaultSolver -- Problem scale: genuine entity count (3), genuine variable count (3), approximate value count (6), approximate problem scale (60,480).
19:44:17.304 [main] INFO ai.timefold.solver.core.impl.localsearch.DefaultLocalSearchPhase -- Local Search phase (0) ended: time spent (1370), best score ([0/0/0/0/0]hard/[0/-16541]soft), move evaluation speed (7304/sec), step total (100).
19:44:17.305 [main] INFO ai.timefold.solver.core.impl.solver.DefaultSolver -- Solving ended: time spent (1371), best score ([0/0/0/0/0]hard/[0/-16541]soft), move evaluation speed (7293/sec), phase total (1), environment mode (FULL_ASSERT), move thread count (NONE).
19:44:17.324 [main] INFO ai.timefold.solver.core.impl.solver.DefaultSolver -- Solving started: time spent (1), best score ([0/0/0/0/0]hard/[-60/-7500]soft), environment mode (FULL_ASSERT), move thread count (NONE), random (seed 17).
19:44:17.324 [main] INFO ai.timefold.solver.core.impl.solver.DefaultSolver -- Problem scale: genuine entity count (2), genuine variable count (2), approximate value count (2), approximate problem scale (12).
19:44:18.643 [main] INFO ai.timefold.solver.core.impl.localsearch.DefaultLocalSearchPhase -- Local Search phase (0) ended: time spent (1320), best score ([0/0/0/0/0]hard/[0/-6000]soft), move evaluation speed (7581/sec), step total (100).
19:44:18.643 [main] INFO ai.timefold.solver.core.impl.solver.DefaultSolver -- Solving ended: time spent (1320), best score ([0/0/0/0/0]hard/[0/-6000]soft), move evaluation speed (7575/sec), phase total (1), environment mode (FULL_ASSERT), move thread count (NONE).
[INFO] Tests run: 4, Failures: 0, Errors: 0, Skipped: 0, Time elapsed: 7.337 s -- in dev.waterflex.scheduler.optimizer.DayConstraintProviderTest
[INFO] Running dev.waterflex.scheduler.optimizer.OptimizationControllerTest
19:44:18.649 [main] INFO org.springframework.mock.web.MockServletContext -- Initializing Spring TestDispatcherServlet ''
19:44:18.649 [main] INFO org.springframework.test.web.servlet.TestDispatcherServlet -- Initializing Servlet ''
19:44:18.649 [main] INFO org.springframework.test.web.servlet.TestDispatcherServlet -- Completed initialization in 0 ms
19:44:18.664 [main] INFO org.springframework.mock.web.MockServletContext -- Initializing Spring TestDispatcherServlet ''
19:44:18.664 [main] INFO org.springframework.test.web.servlet.TestDispatcherServlet -- Initializing Servlet ''
19:44:18.664 [main] INFO org.springframework.test.web.servlet.TestDispatcherServlet -- Completed initialization in 0 ms
[INFO] Tests run: 2, Failures: 0, Errors: 0, Skipped: 0, Time elapsed: 0.022 s -- in dev.waterflex.scheduler.optimizer.OptimizationControllerTest
[INFO] Running dev.waterflex.scheduler.optimizer.OptimizationServiceTest
19:44:20.732 [daily-c84186e3-1767-4529-be8b-277225b8c5eb] INFO dev.waterflex.scheduler.optimizer.DailyOperation -- Daily operation Receipt[requestId=c84186e3-1767-4529-be8b-277225b8c5eb, outcome=FAILED, elapsedMs=0, queueMs=null, searchMs=0, cancellationElapsedMs=null, cleanupOvershootMs=null, phaseCleanupOvershootMs=0, searchOvershootMs=0, lateResult=false]
[INFO] Tests run: 5, Failures: 0, Errors: 0, Skipped: 0, Time elapsed: 2.069 s -- in dev.waterflex.scheduler.optimizer.OptimizationServiceTest
[INFO] Running dev.waterflex.scheduler.optimizer.PlanFactsTest
[INFO] Tests run: 5, Failures: 0, Errors: 0, Skipped: 0, Time elapsed: 0.004 s -- in dev.waterflex.scheduler.optimizer.PlanFactsTest
[INFO] Running dev.waterflex.scheduler.optimizer.RouteTimelineTest
[INFO] Tests run: 10, Failures: 0, Errors: 0, Skipped: 0, Time elapsed: 0.005 s -- in dev.waterflex.scheduler.optimizer.RouteTimelineTest
[INFO] Running dev.waterflex.scheduler.optimizer.RouteTimingOracleTest
[INFO] Tests run: 1, Failures: 0, Errors: 0, Skipped: 0, Time elapsed: 0.048 s -- in dev.waterflex.scheduler.optimizer.RouteTimingOracleTest
[INFO] Running dev.waterflex.scheduler.optimizer.SchedulingPolicyTest
[INFO] Tests run: 8, Failures: 0, Errors: 0, Skipped: 0, Time elapsed: 0.026 s -- in dev.waterflex.scheduler.optimizer.SchedulingPolicyTest
[INFO] Running dev.waterflex.scheduler.optimizer.SolverBenchmarkTest
[INFO] Tests run: 1, Failures: 0, Errors: 0, Skipped: 0, Time elapsed: 0.015 s -- in dev.waterflex.scheduler.optimizer.SolverBenchmarkTest
[INFO] Running dev.waterflex.scheduler.optimizer.SolverEngineTest
19:44:20.902 [pool-3-thread-2] INFO ai.timefold.solver.core.impl.solver.DefaultSolver -- Solving started: time spent (0), best score ([0/0/0/0/0]hard/[0/-17241]soft), environment mode (NO_ASSERT), move thread count (NONE), random (seed 17).
19:44:20.902 [pool-3-thread-2] INFO ai.timefold.solver.core.impl.solver.DefaultSolver -- Problem scale: genuine entity count (3), genuine variable count (3), approximate value count (6), approximate problem scale (60,480).
19:44:20.903 [pool-3-thread-1] WARN io.micrometer.core.instrument.MeterRegistry -- This Gauge has been already registered (MeterId{name='timefold.solver.problem.entities', tags=[]}), the registration will be ignored. Note that subsequent logs will be logged at debug level.
19:44:20.903 [pool-3-thread-1] INFO ai.timefold.solver.core.impl.solver.DefaultSolver -- Solving started: time spent (1), best score ([0/0/0/0/0]hard/[0/-17241]soft), environment mode (NO_ASSERT), move thread count (NONE), random (seed 17).
19:44:20.903 [pool-3-thread-1] INFO ai.timefold.solver.core.impl.solver.DefaultSolver -- Problem scale: genuine entity count (3), genuine variable count (3), approximate value count (6), approximate problem scale (60,480).
19:44:21.052 [pool-3-thread-2] INFO ai.timefold.solver.core.impl.localsearch.DefaultLocalSearchPhase -- Local Search phase (0) ended: time spent (150), best score ([0/0/0/0/0]hard/[0/-16541]soft), move evaluation speed (104066/sec), step total (157).
19:44:21.052 [pool-3-thread-1] INFO ai.timefold.solver.core.impl.localsearch.DefaultLocalSearchPhase -- Local Search phase (0) ended: time spent (150), best score ([0/0/0/0/0]hard/[0/-16541]soft), move evaluation speed (111610/sec), step total (167).
19:44:21.052 [pool-3-thread-1] INFO ai.timefold.solver.core.impl.solver.DefaultSolver -- Solving ended: time spent (150), best score ([0/0/0/0/0]hard/[0/-16541]soft), move evaluation speed (110866/sec), phase total (1), environment mode (NO_ASSERT), move thread count (NONE).
19:44:21.052 [pool-3-thread-2] INFO ai.timefold.solver.core.impl.solver.DefaultSolver -- Solving ended: time spent (150), best score ([0/0/0/0/0]hard/[0/-16541]soft), move evaluation speed (104066/sec), phase total (1), environment mode (NO_ASSERT), move thread count (NONE).
19:44:21.057 [main] INFO ai.timefold.solver.core.impl.solver.DefaultSolver -- Solving started: time spent (1), best score ([0/0/0/0/0]hard/[0/-17241]soft), environment mode (NO_ASSERT), move thread count (NONE), random (seed 17).
19:44:21.057 [main] INFO ai.timefold.solver.core.impl.solver.DefaultSolver -- Problem scale: genuine entity count (3), genuine variable count (3), approximate value count (6), approximate problem scale (60,480).
19:44:21.495 [main] INFO ai.timefold.solver.core.impl.localsearch.DefaultLocalSearchPhase -- Local Search phase (0) ended: time spent (439), best score ([0/0/0/0/0]hard/[0/-16541]soft), move evaluation speed (228310/sec), step total (1000).
19:44:21.495 [main] INFO ai.timefold.solver.core.impl.solver.DefaultSolver -- Solving ended: time spent (439), best score ([0/0/0/0/0]hard/[0/-16541]soft), move evaluation speed (227790/sec), phase total (1), environment mode (NO_ASSERT), move thread count (NONE).
19:44:21.499 [main] INFO ai.timefold.solver.core.impl.solver.DefaultSolver -- Solving started: time spent (2), best score ([0/0/0/0/0]hard/[0/-17241]soft), environment mode (NO_ASSERT), move thread count (NONE), random (seed 17).
19:44:21.499 [main] INFO ai.timefold.solver.core.impl.solver.DefaultSolver -- Problem scale: genuine entity count (3), genuine variable count (3), approximate value count (6), approximate problem scale (60,480).
19:44:21.922 [main] INFO ai.timefold.solver.core.impl.localsearch.DefaultLocalSearchPhase -- Local Search phase (0) ended: time spent (425), best score ([0/0/0/0/0]hard/[0/-16541]soft), move evaluation speed (236406/sec), step total (1000).
19:44:21.922 [main] INFO ai.timefold.solver.core.impl.solver.DefaultSolver -- Solving ended: time spent (425), best score ([0/0/0/0/0]hard/[0/-16541]soft), move evaluation speed (235294/sec), phase total (1), environment mode (NO_ASSERT), move thread count (NONE).
19:44:21.924 [main] INFO ai.timefold.solver.core.impl.solver.DefaultSolver -- Solving started: time spent (0), best score ([0/0/0/0/0]hard/[0/-17241]soft), environment mode (NO_ASSERT), move thread count (NONE), random (seed 17).
19:44:21.924 [main] INFO ai.timefold.solver.core.impl.solver.DefaultSolver -- Problem scale: genuine entity count (3), genuine variable count (3), approximate value count (6), approximate problem scale (60,480).
19:44:22.024 [main] INFO ai.timefold.solver.core.impl.localsearch.DefaultLocalSearchPhase -- Local Search phase (0) ended: time spent (100), best score ([0/0/0/0/0]hard/[0/-16541]soft), move evaluation speed (239530/sec), step total (240).
19:44:22.024 [main] INFO ai.timefold.solver.core.impl.solver.DefaultSolver -- Solving ended: time spent (100), best score ([0/0/0/0/0]hard/[0/-16541]soft), move evaluation speed (239530/sec), phase total (1), environment mode (NO_ASSERT), move thread count (NONE).
19:44:22.030 [main] INFO ai.timefold.solver.core.impl.solver.DefaultSolver -- Solving started: time spent (0), best score ([0/0/0/0/0]hard/[0/-17241]soft), environment mode (NO_ASSERT), move thread count (NONE), random (seed 17).
19:44:22.031 [main] INFO ai.timefold.solver.core.impl.solver.DefaultSolver -- Problem scale: genuine entity count (3), genuine variable count (3), approximate value count (6), approximate problem scale (60,480).
19:44:22.130 [main] INFO ai.timefold.solver.core.impl.localsearch.DefaultLocalSearchPhase -- Local Search phase (0) ended: time spent (100), best score ([0/0/0/0/0]hard/[0/-16541]soft), move evaluation speed (233595/sec), step total (4).
19:44:22.130 [main] INFO ai.timefold.solver.core.impl.solver.DefaultSolver -- Solving ended: time spent (100), best score ([0/0/0/0/0]hard/[0/-16541]soft), move evaluation speed (231260/sec), phase total (1), environment mode (NO_ASSERT), move thread count (NONE).
19:44:22.134 [main] INFO ai.timefold.solver.core.impl.solver.DefaultSolver -- Solving started: time spent (1), best score ([0/0/0/0/0]hard/[0/-17241]soft), environment mode (NO_ASSERT), move thread count (NONE), random (seed 17).
19:44:22.134 [main] INFO ai.timefold.solver.core.impl.solver.DefaultSolver -- Problem scale: genuine entity count (3), genuine variable count (3), approximate value count (6), approximate problem scale (60,480).
19:44:22.233 [main] INFO ai.timefold.solver.core.impl.localsearch.DefaultLocalSearchPhase -- Local Search phase (0) ended: time spent (100), best score ([0/0/0/0/0]hard/[0/-16541]soft), move evaluation speed (275414/sec), step total (4).
19:44:22.233 [main] INFO ai.timefold.solver.core.impl.solver.DefaultSolver -- Solving ended: time spent (100), best score ([0/0/0/0/0]hard/[0/-16541]soft), move evaluation speed (272660/sec), phase total (1), environment mode (NO_ASSERT), move thread count (NONE).
19:44:22.236 [main] INFO ai.timefold.solver.core.impl.solver.DefaultSolver -- Solving started: time spent (1), best score ([0/0/0/0/0]hard/[0/-17241]soft), environment mode (NO_ASSERT), move thread count (NONE), random (seed 17).
19:44:22.236 [main] INFO ai.timefold.solver.core.impl.solver.DefaultSolver -- Problem scale: genuine entity count (3), genuine variable count (3), approximate value count (6), approximate problem scale (60,480).
19:44:22.336 [main] INFO ai.timefold.solver.core.impl.localsearch.DefaultLocalSearchPhase -- Local Search phase (0) ended: time spent (101), best score ([0/0/0/0/0]hard/[0/-16541]soft), move evaluation speed (268710/sec), step total (4).
19:44:22.336 [main] INFO ai.timefold.solver.core.impl.solver.DefaultSolver -- Solving ended: time spent (101), best score ([0/0/0/0/0]hard/[0/-16541]soft), move evaluation speed (266049/sec), phase total (1), environment mode (NO_ASSERT), move thread count (NONE).
19:44:22.338 [main] INFO ai.timefold.solver.core.impl.solver.DefaultSolver -- Solving started: time spent (1), best score ([0/0/0/0/0]hard/[0/-17241]soft), environment mode (NO_ASSERT), move thread count (NONE), random (seed 17).
19:44:22.338 [main] INFO ai.timefold.solver.core.impl.solver.DefaultSolver -- Problem scale: genuine entity count (3), genuine variable count (3), approximate value count (6), approximate problem scale (60,480).
19:44:22.437 [main] INFO ai.timefold.solver.core.impl.localsearch.DefaultLocalSearchPhase -- Local Search phase (0) ended: time spent (100), best score ([0/0/0/0/0]hard/[0/-16541]soft), move evaluation speed (253191/sec), step total (4).
19:44:22.437 [main] INFO ai.timefold.solver.core.impl.solver.DefaultSolver -- Solving ended: time spent (100), best score ([0/0/0/0/0]hard/[0/-16541]soft), move evaluation speed (250660/sec), phase total (1), environment mode (NO_ASSERT), move thread count (NONE).
19:44:22.440 [main] INFO ai.timefold.solver.core.impl.solver.DefaultSolver -- Solving started: time spent (0), best score ([0/0/0/0/0]hard/[0/-17241]soft), environment mode (NO_ASSERT), move thread count (NONE), random (seed 17).
19:44:22.440 [main] INFO ai.timefold.solver.core.impl.solver.DefaultSolver -- Problem scale: genuine entity count (3), genuine variable count (3), approximate value count (6), approximate problem scale (60,480).
19:44:22.540 [main] INFO ai.timefold.solver.core.impl.localsearch.DefaultLocalSearchPhase -- Local Search phase (0) ended: time spent (100), best score ([0/0/0/0/0]hard/[0/-16541]soft), move evaluation speed (238500/sec), step total (4).
19:44:22.540 [main] INFO ai.timefold.solver.core.impl.solver.DefaultSolver -- Solving ended: time spent (100), best score ([0/0/0/0/0]hard/[0/-16541]soft), move evaluation speed (238500/sec), phase total (1), environment mode (NO_ASSERT), move thread count (NONE).
[INFO] Tests run: 6, Failures: 0, Errors: 0, Skipped: 0, Time elapsed: 1.796 s -- in dev.waterflex.scheduler.optimizer.SolverEngineTest
[INFO] Running dev.waterflex.scheduler.optimizer.SolverExperimentTest
19:44:24.009 [main] INFO ai.timefold.solver.core.impl.solver.DefaultSolver -- Solving started: time spent (1), best score ([0/0/0/0/0]hard/[0/-17241]soft), environment mode (FULL_ASSERT), move thread count (NONE), random (seed 17).
19:44:24.009 [main] INFO ai.timefold.solver.core.impl.solver.DefaultSolver -- Problem scale: genuine entity count (3), genuine variable count (3), approximate value count (6), approximate problem scale (60,480).
19:44:24.108 [main] INFO ai.timefold.solver.core.impl.localsearch.DefaultLocalSearchPhase -- Local Search phase (0) ended: time spent (100), best score ([0/0/0/0/0]hard/[0/-16541]soft), move evaluation speed (5333/sec), step total (6).
19:44:24.108 [main] INFO ai.timefold.solver.core.impl.solver.DefaultSolver -- Solving ended: time spent (100), best score ([0/0/0/0/0]hard/[0/-16541]soft), move evaluation speed (5280/sec), phase total (1), environment mode (FULL_ASSERT), move thread count (NONE).
19:44:24.112 [main] INFO ai.timefold.solver.core.impl.solver.DefaultSolver -- Solving started: time spent (0), best score ([0/0/0/0/0]hard/[0/-17241]soft), environment mode (FULL_ASSERT), move thread count (NONE), random (seed 17).
19:44:24.112 [main] INFO ai.timefold.solver.core.impl.solver.DefaultSolver -- Problem scale: genuine entity count (3), genuine variable count (3), approximate value count (6), approximate problem scale (60,480).
19:44:24.212 [main] INFO ai.timefold.solver.core.impl.localsearch.DefaultLocalSearchPhase -- Local Search phase (0) ended: time spent (100), best score ([0/0/0/0/0]hard/[0/-16541]soft), move evaluation speed (6430/sec), step total (7).
19:44:24.212 [main] INFO ai.timefold.solver.core.impl.solver.DefaultSolver -- Solving ended: time spent (100), best score ([0/0/0/0/0]hard/[0/-16541]soft), move evaluation speed (6430/sec), phase total (1), environment mode (FULL_ASSERT), move thread count (NONE).
19:44:24.215 [main] INFO ai.timefold.solver.core.impl.solver.DefaultSolver -- Solving started: time spent (0), best score ([0/0/0/0/0]hard/[0/-17241]soft), environment mode (FULL_ASSERT), move thread count (NONE), random (seed 17).
19:44:24.216 [main] INFO ai.timefold.solver.core.impl.solver.DefaultSolver -- Problem scale: genuine entity count (3), genuine variable count (3), approximate value count (6), approximate problem scale (60,480).
19:44:24.315 [main] INFO ai.timefold.solver.core.impl.localsearch.DefaultLocalSearchPhase -- Local Search phase (0) ended: time spent (100), best score ([0/0/0/0/0]hard/[0/-16541]soft), move evaluation speed (5131/sec), step total (92).
19:44:24.315 [main] INFO ai.timefold.solver.core.impl.solver.DefaultSolver -- Solving ended: time spent (100), best score ([0/0/0/0/0]hard/[0/-16541]soft), move evaluation speed (5080/sec), phase total (1), environment mode (FULL_ASSERT), move thread count (NONE).
19:44:24.319 [main] INFO ai.timefold.solver.core.impl.solver.DefaultSolver -- Solving started: time spent (1), best score ([0/0/0/0/0]hard/[0/-17241]soft), environment mode (FULL_ASSERT), move thread count (NONE), random (seed 17).
19:44:24.319 [main] INFO ai.timefold.solver.core.impl.solver.DefaultSolver -- Problem scale: genuine entity count (3), genuine variable count (3), approximate value count (6), approximate problem scale (60,480).
19:44:24.418 [main] INFO ai.timefold.solver.core.impl.localsearch.DefaultLocalSearchPhase -- Local Search phase (0) ended: time spent (100), best score ([0/0/0/0/0]hard/[0/-16541]soft), move evaluation speed (5131/sec), step total (101).
19:44:24.418 [main] INFO ai.timefold.solver.core.impl.solver.DefaultSolver -- Solving ended: time spent (100), best score ([0/0/0/0/0]hard/[0/-16541]soft), move evaluation speed (5080/sec), phase total (1), environment mode (FULL_ASSERT), move thread count (NONE).
19:44:24.420 [main] INFO ai.timefold.solver.core.impl.solver.DefaultSolver -- Solving started: time spent (1), best score ([0/0/0/0/0]hard/[0/-17241]soft), environment mode (FULL_ASSERT), move thread count (NONE), random (seed 17).
19:44:24.420 [main] INFO ai.timefold.solver.core.impl.solver.DefaultSolver -- Problem scale: genuine entity count (3), genuine variable count (3), approximate value count (6), approximate problem scale (60,480).
19:44:24.519 [main] INFO ai.timefold.solver.core.impl.localsearch.DefaultLocalSearchPhase -- Local Search phase (0) ended: time spent (100), best score ([0/0/0/0/0]hard/[0/-16691]soft), move evaluation speed (7282/sec), step total (1).
19:44:24.519 [main] INFO ai.timefold.solver.core.impl.solver.DefaultSolver -- Solving ended: time spent (100), best score ([0/0/0/0/0]hard/[0/-16691]soft), move evaluation speed (7210/sec), phase total (1), environment mode (FULL_ASSERT), move thread count (NONE).
19:44:24.523 [main] INFO ai.timefold.solver.core.impl.solver.DefaultSolver -- Solving started: time spent (1), best score ([0/0/0/0/0]hard/[0/-17241]soft), environment mode (FULL_ASSERT), move thread count (NONE), random (seed 17).
19:44:24.523 [main] INFO ai.timefold.solver.core.impl.solver.DefaultSolver -- Problem scale: genuine entity count (3), genuine variable count (3), approximate value count (6), approximate problem scale (60,480).
19:44:24.622 [main] INFO ai.timefold.solver.core.impl.localsearch.DefaultLocalSearchPhase -- Local Search phase (0) ended: time spent (100), best score ([0/0/0/0/0]hard/[0/-16541]soft), move evaluation speed (5535/sec), step total (65).
19:44:24.622 [main] INFO ai.timefold.solver.core.impl.solver.DefaultSolver -- Solving ended: time spent (100), best score ([0/0/0/0/0]hard/[0/-16541]soft), move evaluation speed (5480/sec), phase total (1), environment mode (FULL_ASSERT), move thread count (NONE).
19:44:24.626 [main] INFO ai.timefold.solver.core.impl.solver.DefaultSolver -- Solving started: time spent (1), best score ([0/0/0/0/0]hard/[0/-17241]soft), environment mode (FULL_ASSERT), move thread count (NONE), random (seed 17).
19:44:24.626 [main] INFO ai.timefold.solver.core.impl.solver.DefaultSolver -- Problem scale: genuine entity count (3), genuine variable count (3), approximate value count (6), approximate problem scale (60,480).
19:44:24.725 [main] INFO ai.timefold.solver.core.impl.localsearch.DefaultLocalSearchPhase -- Local Search phase (0) ended: time spent (100), best score ([0/0/0/0/0]hard/[0/-16541]soft), move evaluation speed (5131/sec), step total (91).
19:44:24.725 [main] INFO ai.timefold.solver.core.impl.solver.DefaultSolver -- Solving ended: time spent (100), best score ([0/0/0/0/0]hard/[0/-16541]soft), move evaluation speed (5080/sec), phase total (1), environment mode (FULL_ASSERT), move thread count (NONE).
19:44:24.731 [main] INFO ai.timefold.solver.core.impl.solver.DefaultSolver -- Solving started: time spent (0), best score ([0/0/0/0/0]hard/[0/-17241]soft), environment mode (FULL_ASSERT), move thread count (NONE), random (seed 17).
19:44:24.731 [main] INFO ai.timefold.solver.core.impl.solver.DefaultSolver -- Problem scale: genuine entity count (3), genuine variable count (3), approximate value count (6), approximate problem scale (60,480).
19:44:24.831 [main] INFO ai.timefold.solver.core.impl.localsearch.DefaultLocalSearchPhase -- Local Search phase (0) ended: time spent (100), best score ([0/0/0/0/0]hard/[0/-16541]soft), move evaluation speed (4060/sec), step total (62).
19:44:24.831 [main] INFO ai.timefold.solver.core.impl.solver.DefaultSolver -- Solving ended: time spent (100), best score ([0/0/0/0/0]hard/[0/-16541]soft), move evaluation speed (4060/sec), phase total (1), environment mode (FULL_ASSERT), move thread count (NONE).
19:44:24.833 [main] INFO ai.timefold.solver.core.impl.solver.DefaultSolver -- Solving started: time spent (0), best score ([0/0/0/0/0]hard/[0/-17241]soft), environment mode (NO_ASSERT), move thread count (NONE), random (seed 17).
19:44:24.833 [main] INFO ai.timefold.solver.core.impl.solver.DefaultSolver -- Problem scale: genuine entity count (3), genuine variable count (3), approximate value count (6), approximate problem scale (60,480).
19:44:24.933 [main] INFO ai.timefold.solver.core.impl.localsearch.DefaultLocalSearchPhase -- Local Search phase (0) ended: time spent (100), best score ([0/0/0/0/0]hard/[0/-16541]soft), move evaluation speed (298190/sec), step total (299).
19:44:24.933 [main] INFO ai.timefold.solver.core.impl.solver.DefaultSolver -- Solving ended: time spent (100), best score ([0/0/0/0/0]hard/[0/-16541]soft), move evaluation speed (298190/sec), phase total (1), environment mode (NO_ASSERT), move thread count (NONE).
19:44:24.937 [main] INFO ai.timefold.solver.core.impl.solver.DefaultSolver -- Solving started: time spent (0), best score ([0/0/0/0/0]hard/[0/-17241]soft), environment mode (NO_ASSERT), move thread count (NONE), random (seed 17).
19:44:24.938 [main] INFO ai.timefold.solver.core.impl.solver.DefaultSolver -- Problem scale: genuine entity count (3), genuine variable count (3), approximate value count (6), approximate problem scale (60,480).
19:44:25.287 [main] INFO ai.timefold.solver.core.impl.localsearch.DefaultLocalSearchPhase -- Local Search phase (0) ended: time spent (350), best score ([0/0/0/0/0]hard/[0/-16541]soft), move evaluation speed (286532/sec), step total (1000).
19:44:25.288 [main] INFO ai.timefold.solver.core.impl.solver.DefaultSolver -- Solving ended: time spent (351), best score ([0/0/0/0/0]hard/[0/-16541]soft), move evaluation speed (284900/sec), phase total (1), environment mode (NO_ASSERT), move thread count (NONE).
[INFO] Tests run: 4, Failures: 0, Errors: 0, Skipped: 0, Time elapsed: 2.653 s -- in dev.waterflex.scheduler.optimizer.SolverExperimentTest
[INFO] Running dev.waterflex.scheduler.optimizer.TimefoldAuditEvidenceTest
19:44:25.295 [main] INFO ai.timefold.solver.core.impl.solver.DefaultSolver -- Solving started: time spent (0), best score ([0/0/-1/0/0]hard/[0/0]soft), environment mode (NO_ASSERT), move thread count (NONE), random (seed 17).
19:44:25.296 [main] INFO ai.timefold.solver.core.impl.solver.DefaultSolver -- Problem scale: genuine entity count (1), genuine variable count (1), approximate value count (1), approximate problem scale (2).
19:44:25.296 [main] INFO ai.timefold.solver.core.impl.constructionheuristic.DefaultConstructionHeuristicPhase -- Construction Heuristic phase (0) ended: time spent (1), best score ([0/0/0/0/0]hard/[0/-3000]soft), move evaluation speed (2000/sec), step total (1).
19:44:25.495 [main] INFO ai.timefold.solver.core.impl.localsearch.DefaultLocalSearchPhase -- Local Search phase (1) ended: time spent (200), best score ([0/0/0/0/0]hard/[0/-3000]soft), move evaluation speed (380030/sec), step total (44).
19:44:25.495 [main] INFO ai.timefold.solver.core.impl.solver.DefaultSolver -- Solving ended: time spent (200), best score ([0/0/0/0/0]hard/[0/-3000]soft), move evaluation speed (376240/sec), phase total (2), environment mode (NO_ASSERT), move thread count (NONE).
[INFO] Tests run: 7, Failures: 0, Errors: 0, Skipped: 0, Time elapsed: 0.209 s -- in dev.waterflex.scheduler.optimizer.TimefoldAuditEvidenceTest
[INFO] Running dev.waterflex.scheduler.optimizer.TravelBreakdownTest
[INFO] Tests run: 3, Failures: 0, Errors: 0, Skipped: 0, Time elapsed: 0.003 s -- in dev.waterflex.scheduler.optimizer.TravelBreakdownTest
[INFO] Running dev.waterflex.scheduler.PurgeRoutesControllerTest
[INFO] Tests run: 1, Failures: 0, Errors: 0, Skipped: 0, Time elapsed: 0.037 s -- in dev.waterflex.scheduler.PurgeRoutesControllerTest
[INFO] Running dev.waterflex.scheduler.ReservationDeletionTest
[INFO] Tests run: 1, Failures: 0, Errors: 0, Skipped: 0, Time elapsed: 0.004 s -- in dev.waterflex.scheduler.ReservationDeletionTest
[INFO] Running dev.waterflex.scheduler.ReservationStateTest
[INFO] Tests run: 4, Failures: 0, Errors: 0, Skipped: 0, Time elapsed: 0.011 s -- in dev.waterflex.scheduler.ReservationStateTest
[INFO] Running dev.waterflex.scheduler.ReservedOvertimeTest
19:44:25.557 [main] INFO dev.waterflex.scheduler.BookingOfferLimit -- Booking offer limit: 1
[INFO] Tests run: 2, Failures: 0, Errors: 0, Skipped: 0, Time elapsed: 0.006 s -- in dev.waterflex.scheduler.ReservedOvertimeTest
[INFO] Running dev.waterflex.scheduler.RoadClientTest
[INFO] Tests run: 4, Failures: 0, Errors: 0, Skipped: 0, Time elapsed: 0.555 s -- in dev.waterflex.scheduler.RoadClientTest
[INFO] Running dev.waterflex.scheduler.RoadPrewarmingTest
[INFO] Tests run: 4, Failures: 0, Errors: 0, Skipped: 0, Time elapsed: 0.018 s -- in dev.waterflex.scheduler.RoadPrewarmingTest
[INFO] Running dev.waterflex.scheduler.RouteEndpointsTest
[INFO] Tests run: 2, Failures: 0, Errors: 0, Skipped: 0, Time elapsed: 0.003 s -- in dev.waterflex.scheduler.RouteEndpointsTest
[INFO] Running dev.waterflex.scheduler.RoutingFailureAdviceTest
19:44:26.151 [main] INFO org.springframework.mock.web.MockServletContext -- Initializing Spring TestDispatcherServlet ''
19:44:26.151 [main] INFO org.springframework.test.web.servlet.TestDispatcherServlet -- Initializing Servlet ''
19:44:26.151 [main] INFO org.springframework.test.web.servlet.TestDispatcherServlet -- Completed initialization in 0 ms
19:44:26.152 [main] WARN dev.waterflex.scheduler.RoutingFailureAdvice -- Operator road routing unavailable
dev.waterflex.scheduler.RoadClient$RoadUnavailable: fixture routing unavailable
	at dev.waterflex.scheduler.RoutingFailureAdviceTest$Endpoint.operation(RoutingFailureAdviceTest.java:12)
	at java.base/jdk.internal.reflect.DirectMethodHandleAccessor.invoke(DirectMethodHandleAccessor.java:104)
	at java.base/java.lang.reflect.Method.invoke(Method.java:565)
	at org.springframework.web.method.support.InvocableHandlerMethod.doInvoke(InvocableHandlerMethod.java:252)
	at org.springframework.web.method.support.InvocableHandlerMethod.invokeForRequest(InvocableHandlerMethod.java:184)
	at org.springframework.web.servlet.mvc.method.annotation.ServletInvocableHandlerMethod.invokeAndHandle(ServletInvocableHandlerMethod.java:117)
	at org.springframework.web.servlet.mvc.method.annotation.RequestMappingHandlerAdapter.invokeHandlerMethod(RequestMappingHandlerAdapter.java:934)
	at org.springframework.web.servlet.mvc.method.annotation.RequestMappingHandlerAdapter.handleInternal(RequestMappingHandlerAdapter.java:853)
	at org.springframework.web.servlet.mvc.method.AbstractHandlerMethodAdapter.handle(AbstractHandlerMethodAdapter.java:86)
	at org.springframework.web.servlet.DispatcherServlet.doDispatch(DispatcherServlet.java:963)
	at org.springframework.web.servlet.DispatcherServlet.doService(DispatcherServlet.java:866)
	at org.springframework.web.servlet.FrameworkServlet.processRequest(FrameworkServlet.java:1000)
	at org.springframework.web.servlet.FrameworkServlet.doGet(FrameworkServlet.java:892)
	at jakarta.servlet.http.HttpServlet.service(HttpServlet.java:622)
	at org.springframework.web.servlet.FrameworkServlet.service(FrameworkServlet.java:874)
	at org.springframework.test.web.servlet.TestDispatcherServlet.service(TestDispatcherServlet.java:72)
	at jakarta.servlet.http.HttpServlet.service(HttpServlet.java:710)
	at org.springframework.mock.web.MockFilterChain$ServletFilterProxy.doFilter(MockFilterChain.java:160)
	at org.springframework.mock.web.MockFilterChain.doFilter(MockFilterChain.java:127)
	at org.springframework.test.web.servlet.MockMvc.perform(MockMvc.java:199)
	at dev.waterflex.scheduler.RoutingFailureAdviceTest.operatorFailureIsExplicitAndRetryable(RoutingFailureAdviceTest.java:16)
	at java.base/jdk.internal.reflect.DirectMethodHandleAccessor.invoke(DirectMethodHandleAccessor.java:104)
	at java.base/java.lang.reflect.Method.invoke(Method.java:565)
	at org.junit.platform.commons.util.ReflectionUtils.invokeMethod(ReflectionUtils.java:701)
	at org.junit.platform.commons.support.ReflectionSupport.invokeMethod(ReflectionSupport.java:502)
	at org.junit.jupiter.engine.support.MethodReflectionUtils.invoke(MethodReflectionUtils.java:45)
	at org.junit.jupiter.engine.execution.MethodInvocation.proceed(MethodInvocation.java:61)
	at org.junit.jupiter.engine.execution.InvocationInterceptorChain$ValidatingInvocation.proceed(InvocationInterceptorChain.java:124)
	at org.junit.jupiter.engine.extension.TimeoutExtension.intercept(TimeoutExtension.java:163)
	at org.junit.jupiter.engine.extension.TimeoutExtension.interceptTestableMethod(TimeoutExtension.java:148)
	at org.junit.jupiter.engine.extension.TimeoutExtension.interceptTestMethod(TimeoutExtension.java:86)
	at org.junit.jupiter.engine.execution.InterceptingExecutableInvoker$ReflectiveInterceptorCall.lambda$ofVoidMethod$0(InterceptingExecutableInvoker.java:123)
	at org.junit.jupiter.engine.execution.InterceptingExecutableInvoker.lambda$invoke$0(InterceptingExecutableInvoker.java:105)
	at org.junit.jupiter.engine.execution.InvocationInterceptorChain$InterceptedInvocation.proceed(InvocationInterceptorChain.java:99)
	at org.junit.jupiter.engine.execution.InvocationInterceptorChain.proceed(InvocationInterceptorChain.java:66)
	at org.junit.jupiter.engine.execution.InvocationInterceptorChain.chainAndInvoke(InvocationInterceptorChain.java:47)
	at org.junit.jupiter.engine.execution.InvocationInterceptorChain.invoke(InvocationInterceptorChain.java:39)
	at org.junit.jupiter.engine.execution.InterceptingExecutableInvoker.invoke(InterceptingExecutableInvoker.java:104)
	at org.junit.jupiter.engine.execution.InterceptingExecutableInvoker.invoke(InterceptingExecutableInvoker.java:98)
	at org.junit.jupiter.engine.execution.InterceptingExecutableInvoker.invokeVoid(InterceptingExecutableInvoker.java:71)
	at org.junit.jupiter.engine.descriptor.TestMethodTestDescriptor.lambda$invokeTestMethod$0(TestMethodTestDescriptor.java:219)
	at org.junit.platform.engine.support.hierarchical.ThrowableCollector.execute(ThrowableCollector.java:74)
	at org.junit.jupiter.engine.descriptor.TestMethodTestDescriptor.invokeTestMethod(TestMethodTestDescriptor.java:215)
	at org.junit.jupiter.engine.descriptor.TestMethodTestDescriptor.execute(TestMethodTestDescriptor.java:157)
	at org.junit.jupiter.engine.descriptor.TestMethodTestDescriptor.execute(TestMethodTestDescriptor.java:70)
	at org.junit.platform.engine.support.hierarchical.NodeTestTask.lambda$executeRecursively$2(NodeTestTask.java:176)
	at org.junit.platform.engine.support.hierarchical.ThrowableCollector.execute(ThrowableCollector.java:74)
	at org.junit.platform.engine.support.hierarchical.NodeTestTask.lambda$executeRecursively$1(NodeTestTask.java:166)
	at org.junit.platform.engine.support.hierarchical.Node.around(Node.java:138)
	at org.junit.platform.engine.support.hierarchical.NodeTestTask.lambda$executeRecursively$0(NodeTestTask.java:164)
	at org.junit.platform.engine.support.hierarchical.ThrowableCollector.execute(ThrowableCollector.java:74)
	at org.junit.platform.engine.support.hierarchical.NodeTestTask.executeRecursively(NodeTestTask.java:163)
	at org.junit.platform.engine.support.hierarchical.NodeTestTask.execute(NodeTestTask.java:116)
	at java.base/java.util.ArrayList.forEach(ArrayList.java:1604)
	at org.junit.platform.engine.support.hierarchical.SameThreadHierarchicalTestExecutorService.invokeAll(SameThreadHierarchicalTestExecutorService.java:42)
	at org.junit.platform.engine.support.hierarchical.NodeTestTask.lambda$executeRecursively$2(NodeTestTask.java:180)
	at org.junit.platform.engine.support.hierarchical.ThrowableCollector.execute(ThrowableCollector.java:74)
	at org.junit.platform.engine.support.hierarchical.NodeTestTask.lambda$executeRecursively$1(NodeTestTask.java:166)
	at org.junit.platform.engine.support.hierarchical.Node.around(Node.java:138)
	at org.junit.platform.engine.support.hierarchical.NodeTestTask.lambda$executeRecursively$0(NodeTestTask.java:164)
	at org.junit.platform.engine.support.hierarchical.ThrowableCollector.execute(ThrowableCollector.java:74)
	at org.junit.platform.engine.support.hierarchical.NodeTestTask.executeRecursively(NodeTestTask.java:163)
	at org.junit.platform.engine.support.hierarchical.NodeTestTask.execute(NodeTestTask.java:116)
	at java.base/java.util.ArrayList.forEach(ArrayList.java:1604)
	at org.junit.platform.engine.support.hierarchical.SameThreadHierarchicalTestExecutorService.invokeAll(SameThreadHierarchicalTestExecutorService.java:42)
	at org.junit.platform.engine.support.hierarchical.NodeTestTask.lambda$executeRecursively$2(NodeTestTask.java:180)
	at org.junit.platform.engine.support.hierarchical.ThrowableCollector.execute(ThrowableCollector.java:74)
	at org.junit.platform.engine.support.hierarchical.NodeTestTask.lambda$executeRecursively$1(NodeTestTask.java:166)
	at org.junit.platform.engine.support.hierarchical.Node.around(Node.java:138)
	at org.junit.platform.engine.support.hierarchical.NodeTestTask.lambda$executeRecursively$0(NodeTestTask.java:164)
	at org.junit.platform.engine.support.hierarchical.ThrowableCollector.execute(ThrowableCollector.java:74)
	at org.junit.platform.engine.support.hierarchical.NodeTestTask.executeRecursively(NodeTestTask.java:163)
	at org.junit.platform.engine.support.hierarchical.NodeTestTask.execute(NodeTestTask.java:116)
	at org.junit.platform.engine.support.hierarchical.SameThreadHierarchicalTestExecutorService.submit(SameThreadHierarchicalTestExecutorService.java:36)
	at org.junit.platform.engine.support.hierarchical.HierarchicalTestExecutor.execute(HierarchicalTestExecutor.java:52)
	at org.junit.platform.engine.support.hierarchical.HierarchicalTestEngine.execute(HierarchicalTestEngine.java:58)
	at org.junit.platform.launcher.core.EngineExecutionOrchestrator.executeEngine(EngineExecutionOrchestrator.java:246)
	at org.junit.platform.launcher.core.EngineExecutionOrchestrator.failOrExecuteEngine(EngineExecutionOrchestrator.java:218)
	at org.junit.platform.launcher.core.EngineExecutionOrchestrator.execute(EngineExecutionOrchestrator.java:179)
	at org.junit.platform.launcher.core.EngineExecutionOrchestrator.execute(EngineExecutionOrchestrator.java:108)
	at org.junit.platform.launcher.core.EngineExecutionOrchestrator.lambda$execute$0(EngineExecutionOrchestrator.java:66)
	at org.junit.platform.launcher.core.EngineExecutionOrchestrator.withInterceptedStreams(EngineExecutionOrchestrator.java:157)
	at org.junit.platform.launcher.core.EngineExecutionOrchestrator.execute(EngineExecutionOrchestrator.java:65)
	at org.junit.platform.launcher.core.DefaultLauncher.execute(DefaultLauncher.java:125)
	at org.junit.platform.launcher.core.DefaultLauncher.execute(DefaultLauncher.java:114)
	at org.junit.platform.launcher.core.DelegatingLauncher.execute(DelegatingLauncher.java:58)
	at org.junit.platform.launcher.core.InterceptingLauncher.lambda$execute$2(InterceptingLauncher.java:57)
	at org.junit.platform.launcher.core.ClasspathAlignmentCheckingLauncherInterceptor.intercept(ClasspathAlignmentCheckingLauncherInterceptor.java:25)
	at org.junit.platform.launcher.core.InterceptingLauncher.execute(InterceptingLauncher.java:56)
	at org.junit.platform.launcher.core.DelegatingLauncher.execute(DelegatingLauncher.java:58)
	at java.base/jdk.internal.reflect.DirectMethodHandleAccessor.invoke(DirectMethodHandleAccessor.java:104)
	at java.base/java.lang.reflect.Method.invoke(Method.java:565)
	at org.apache.maven.surefire.api.util.ReflectionUtils.invokeMethodWithArray(ReflectionUtils.java:125)
	at org.apache.maven.surefire.junitplatform.LauncherAdapter.executeWithCancellationToken(LauncherAdapter.java:68)
	at org.apache.maven.surefire.junitplatform.LauncherAdapter.execute(LauncherAdapter.java:54)
	at org.apache.maven.surefire.junitplatform.JUnitPlatformProvider.execute(JUnitPlatformProvider.java:203)
	at org.apache.maven.surefire.junitplatform.JUnitPlatformProvider.invokeAllTests(JUnitPlatformProvider.java:168)
	at org.apache.maven.surefire.junitplatform.JUnitPlatformProvider.invoke(JUnitPlatformProvider.java:136)
	at org.apache.maven.surefire.booter.ForkedBooter.runSuitesInProcess(ForkedBooter.java:385)
	at org.apache.maven.surefire.booter.ForkedBooter.execute(ForkedBooter.java:162)
	at org.apache.maven.surefire.booter.ForkedBooter.run(ForkedBooter.java:507)
	at org.apache.maven.surefire.booter.ForkedBooter.main(ForkedBooter.java:495)
[INFO] Tests run: 1, Failures: 0, Errors: 0, Skipped: 0, Time elapsed: 0.017 s -- in dev.waterflex.scheduler.RoutingFailureAdviceTest
[INFO] Running dev.waterflex.scheduler.ScheduleCutoffTest
[INFO] Tests run: 5, Failures: 0, Errors: 0, Skipped: 0, Time elapsed: 0.002 s -- in dev.waterflex.scheduler.ScheduleCutoffTest
[INFO] Running dev.waterflex.scheduler.ScheduleGuardServiceTest
[INFO] Tests run: 6, Failures: 0, Errors: 0, Skipped: 0, Time elapsed: 0.015 s -- in dev.waterflex.scheduler.ScheduleGuardServiceTest
[INFO] Running dev.waterflex.scheduler.ScheduleSegmentsTest
[INFO] Tests run: 1, Failures: 0, Errors: 0, Skipped: 0, Time elapsed: 0.001 s -- in dev.waterflex.scheduler.ScheduleSegmentsTest
[INFO] Running dev.waterflex.scheduler.SchedulingBenchmarkControllerTest
19:44:26.194 [main] INFO org.springframework.mock.web.MockServletContext -- Initializing Spring TestDispatcherServlet ''
19:44:26.194 [main] INFO org.springframework.test.web.servlet.TestDispatcherServlet -- Initializing Servlet ''
19:44:26.194 [main] INFO org.springframework.test.web.servlet.TestDispatcherServlet -- Completed initialization in 0 ms
19:44:26.195 [main] WARN org.springframework.web.servlet.mvc.support.DefaultHandlerExceptionResolver -- Resolved [org.springframework.http.converter.HttpMessageNotReadableException: Required request body is missing: public java.util.Map<java.lang.String, java.lang.Object> dev.waterflex.scheduler.SchedulingBenchmarkController.audit(dev.waterflex.scheduler.SchedulingBenchmarkController$Request)]
19:44:26.197 [main] WARN org.springframework.web.servlet.mvc.support.DefaultHandlerExceptionResolver -- Resolved [org.springframework.http.converter.HttpMessageNotReadableException: Required request body is missing: public dev.waterflex.scheduler.SchedulingBenchmarkController$Statistics dev.waterflex.scheduler.SchedulingBenchmarkController.statistics(dev.waterflex.scheduler.SchedulingBenchmarkController$StatisticsRequest)]
19:44:26.198 [main] WARN org.springframework.web.servlet.mvc.support.DefaultHandlerExceptionResolver -- Resolved [org.springframework.http.converter.HttpMessageNotReadableException: JSON parse error: Cannot coerce String value ("true") to `java.lang.Boolean` value (but might if coercion using `CoercionConfig` was enabled)]
[INFO] Tests run: 1, Failures: 0, Errors: 0, Skipped: 0, Time elapsed: 0.026 s -- in dev.waterflex.scheduler.SchedulingBenchmarkControllerTest
[INFO] Running dev.waterflex.scheduler.SearchAdmissionTest
[INFO] Tests run: 7, Failures: 0, Errors: 0, Skipped: 0, Time elapsed: 0.084 s -- in dev.waterflex.scheduler.SearchAdmissionTest
[INFO] Running dev.waterflex.scheduler.SearchDatabaseTelemetryTest
[INFO] Tests run: 3, Failures: 0, Errors: 0, Skipped: 0, Time elapsed: 0.241 s -- in dev.waterflex.scheduler.SearchDatabaseTelemetryTest
[INFO] Running dev.waterflex.scheduler.ServiceCalendarTest
[INFO] Tests run: 4, Failures: 0, Errors: 0, Skipped: 0, Time elapsed: 0.036 s -- in dev.waterflex.scheduler.ServiceCalendarTest
[INFO] Running dev.waterflex.scheduler.SnapshotRoutingTest
19:44:26.570 [main] INFO dev.waterflex.scheduler.BookingOfferLimit -- Booking offer limit: 1
19:44:26.570 [main] INFO dev.waterflex.scheduler.BookingOfferLimit -- Booking offer limit: 1
19:44:26.576 [main] INFO dev.waterflex.scheduler.BookingOfferLimit -- Booking offer limit: 1
19:44:26.576 [main] INFO dev.waterflex.scheduler.BookingOfferLimit -- Booking offer limit: 1
19:44:26.581 [main] INFO dev.waterflex.scheduler.BookingOfferLimit -- Booking offer limit: 1
19:44:26.581 [main] INFO dev.waterflex.scheduler.BookingOfferLimit -- Booking offer limit: 1
[INFO] Tests run: 5, Failures: 0, Errors: 0, Skipped: 0, Time elapsed: 0.029 s -- in dev.waterflex.scheduler.SnapshotRoutingTest
[INFO] Running dev.waterflex.scheduler.TestAddressRoutabilityServiceTest
[INFO] Tests run: 1, Failures: 0, Errors: 0, Skipped: 0, Time elapsed: 0.017 s -- in dev.waterflex.scheduler.TestAddressRoutabilityServiceTest
[INFO] Running dev.waterflex.scheduler.TimeOffEligibilityTest
[INFO] Tests run: 2, Failures: 0, Errors: 0, Skipped: 0, Time elapsed: 0.001 s -- in dev.waterflex.scheduler.TimeOffEligibilityTest
[INFO] Running dev.waterflex.scheduler.TimeOffPollingTest
19:44:26.628 [main] WARN org.springframework.context.annotation.AnnotationConfigApplicationContext -- Exception encountered during context initialization - cancelling refresh attempt: org.springframework.beans.factory.BeanCreationException: Error creating bean with name 'timeOffPolling': Failed to instantiate [dev.waterflex.scheduler.TimeOffPolling]: Constructor threw exception
19:44:26.631 [main] WARN org.springframework.context.annotation.AnnotationConfigApplicationContext -- Exception encountered during context initialization - cancelling refresh attempt: org.springframework.beans.factory.BeanCreationException: Error creating bean with name 'timeOffPolling': Failed to instantiate [dev.waterflex.scheduler.TimeOffPolling]: Constructor threw exception
19:44:26.634 [main] WARN org.springframework.context.annotation.AnnotationConfigApplicationContext -- Exception encountered during context initialization - cancelling refresh attempt: org.springframework.beans.factory.BeanCreationException: Error creating bean with name 'timeOffPolling': Failed to instantiate [dev.waterflex.scheduler.TimeOffPolling]: Constructor threw exception
19:44:26.636 [main] WARN org.springframework.context.annotation.AnnotationConfigApplicationContext -- Exception encountered during context initialization - cancelling refresh attempt: org.springframework.beans.factory.BeanCreationException: Error creating bean with name 'timeOffPolling': Failed to instantiate [dev.waterflex.scheduler.TimeOffPolling]: Constructor threw exception
19:44:26.639 [main] WARN org.springframework.context.annotation.AnnotationConfigApplicationContext -- Exception encountered during context initialization - cancelling refresh attempt: org.springframework.beans.factory.BeanCreationException: Error creating bean with name 'timeOffPolling': Failed to instantiate [dev.waterflex.scheduler.TimeOffPolling]: Constructor threw exception
19:44:26.641 [main] WARN org.springframework.context.annotation.AnnotationConfigApplicationContext -- Exception encountered during context initialization - cancelling refresh attempt: org.springframework.beans.factory.BeanCreationException: Error creating bean with name 'timeOffPolling': Failed to instantiate [dev.waterflex.scheduler.TimeOffPolling]: Constructor threw exception
19:44:26.644 [main] WARN org.springframework.context.annotation.AnnotationConfigApplicationContext -- Exception encountered during context initialization - cancelling refresh attempt: org.springframework.beans.factory.BeanCreationException: Error creating bean with name 'timeOffPolling': Failed to instantiate [dev.waterflex.scheduler.TimeOffPolling]: Constructor threw exception
19:44:26.646 [main] WARN org.springframework.context.annotation.AnnotationConfigApplicationContext -- Exception encountered during context initialization - cancelling refresh attempt: org.springframework.beans.factory.BeanCreationException: Error creating bean with name 'timeOffPolling': Failed to instantiate [dev.waterflex.scheduler.TimeOffPolling]: Constructor threw exception
[INFO] Tests run: 13, Failures: 0, Errors: 0, Skipped: 0, Time elapsed: 0.037 s -- in dev.waterflex.scheduler.TimeOffPollingTest
[INFO] Running dev.waterflex.scheduler.TimeOffTravelTest
[INFO] Tests run: 4, Failures: 0, Errors: 0, Skipped: 0, Time elapsed: 0.003 s -- in dev.waterflex.scheduler.TimeOffTravelTest
[INFO] 
[INFO] Results:
[INFO] 
[INFO] Tests run: 247, Failures: 0, Errors: 0, Skipped: 1
[INFO] 
[INFO] 
[INFO] --- jar:3.5.1:jar (default-jar) @ scheduler-service ---
[INFO] Building jar: C:\Users\mcgee\OneDrive\Desktop\waterflex\waterflex-scheduler-java\scheduler-service\target\scheduler-service-0.1.0-SNAPSHOT.jar
[INFO] 
[INFO] --- spring-boot:4.1.1:repackage (repackage) @ scheduler-service ---
[INFO] Replacing main artifact C:\Users\mcgee\OneDrive\Desktop\waterflex\waterflex-scheduler-java\scheduler-service\target\scheduler-service-0.1.0-SNAPSHOT.jar with repackaged archive, adding nested dependencies in BOOT-INF/.
[INFO] The original artifact has been renamed to C:\Users\mcgee\OneDrive\Desktop\waterflex\waterflex-scheduler-java\scheduler-service\target\scheduler-service-0.1.0-SNAPSHOT.jar.original
[INFO] 
[INFO] -------------------< dev.waterflex:routing-service >--------------------
[INFO] Building routing-service 0.1.0-SNAPSHOT                            [4/5]
[INFO]   from routing-service\pom.xml
[INFO] --------------------------------[ jar ]---------------------------------
[INFO] 
[INFO] --- clean:3.5.0:clean (default-clean) @ routing-service ---
[INFO] Deleting C:\Users\mcgee\OneDrive\Desktop\waterflex\waterflex-scheduler-java\routing-service\target
[INFO] 
[INFO] --- resources:3.5.0:resources (default-resources) @ routing-service ---
[INFO] Copying 1 resource from src\main\resources to target\classes
[INFO] Copying 0 resource from src\main\resources to target\classes
[INFO] 
[INFO] --- compiler:3.15.0:compile (default-compile) @ routing-service ---
[INFO] Recompiling the module because of changed source code.
[INFO] Compiling with eclipse [debug parameters release 25] to target\classes
[INFO] 
[INFO] --- resources:3.5.0:testResources (default-testResources) @ routing-service ---
[INFO] Copying 1 resource from src\test\resources to target\test-classes
[INFO] 
[INFO] --- compiler:3.15.0:testCompile (default-testCompile) @ routing-service ---
[INFO] Recompiling the module because of changed dependency.
[INFO] Compiling with eclipse [debug parameters release 25] to target\test-classes
[INFO] 
[INFO] --- surefire:3.5.6:test (default-test) @ routing-service ---
[INFO] Using auto detected provider org.apache.maven.surefire.junitplatform.JUnitPlatformProvider
[INFO] 
[INFO] -------------------------------------------------------
[INFO]  T E S T S
[INFO] -------------------------------------------------------
[INFO] Running dev.waterflex.routing.MatrixControllerTest
19:44:28.799 [main] INFO com.graphhopper.GraphHopper -- version 11.0|2025-10-14T14:28:00Z (9,24,7,5,2,9)
19:44:29.044 [main] INFO com.graphhopper.GraphHopper -- No custom areas are used, custom_areas.directory not given
19:44:29.051 [main] INFO com.graphhopper.GraphHopper -- No country rules available
19:44:29.051 [main] INFO com.graphhopper.GraphHopper -- start creating graph from C:\Users\mcgee\AppData\Local\Temp\junit-14022714743366847210\fixture-roads.osm
19:44:29.064 [main] INFO com.graphhopper.GraphHopper -- using car|RAM_STORE|2D|no_turn_cost|nodes:9,edges:24,geometry:7,location_index:5,string_index:2,nodesCH:0,shortcuts:9, memory:totalMB:1024, usedMB:80
19:44:29.072 [main] INFO com.graphhopper.reader.osm.WaySegmentParser -- Start reading OSM file: 'C:\Users\mcgee\AppData\Local\Temp\junit-14022714743366847210\fixture-roads.osm'
19:44:29.072 [main] INFO com.graphhopper.reader.osm.WaySegmentParser -- pass1 - start
19:44:29.099 [main] INFO com.graphhopper.reader.osm.WaySegmentParser -- pass1 - start reading OSM ways
19:44:29.101 [main] INFO com.graphhopper.reader.osm.WaySegmentParser -- pass1 - finished, processed ways: 2, accepted ways: 2, way nodes: 4, relations: 0, totalMB:1024, usedMB:90
19:44:29.102 [main] INFO com.graphhopper.reader.osm.WaySegmentParser -- pass1 - finished, took: 29.54ms
19:44:29.103 [main] INFO com.graphhopper.reader.osm.WaySegmentParser -- Creating graph. Node count (pillar+tower): 4, totalMB:1024, usedMB:90
19:44:29.103 [main] INFO com.graphhopper.reader.osm.WaySegmentParser -- pass2 - start
19:44:29.104 [main] INFO com.graphhopper.reader.osm.WaySegmentParser -- pass2 - start reading OSM nodes
19:44:29.105 [main] INFO com.graphhopper.reader.osm.WaySegmentParser -- pass2 - start reading OSM ways
19:44:29.112 [main] INFO com.graphhopper.reader.osm.WaySegmentParser -- pass2 - finished, processed ways: 2, way nodes: 4, nodes with tags: 0, node tag capacity: 1,056,768, ignored barriers at junctions: 0
19:44:29.112 [main] INFO com.graphhopper.reader.osm.WaySegmentParser -- pass2 - finished, took: 9.23ms
19:44:29.113 [main] INFO com.graphhopper.reader.osm.WaySegmentParser -- Finished reading OSM file. pass1: 0s,  pass2: 0s,  total: 0s
19:44:29.114 [main] INFO com.graphhopper.reader.osm.OSMReader -- Finished reading OSM file: C:\Users\mcgee\AppData\Local\Temp\junit-14022714743366847210\fixture-roads.osm, nodes: 2, edges: 2, zero distance edges: 0
19:44:29.117 [main] INFO com.graphhopper.GraphHopper -- sorting graph along Hilbert curve...
19:44:29.119 [main] INFO com.graphhopper.GraphHopper -- calculating sort order took: 2.05ms
19:44:29.119 [main] INFO com.graphhopper.GraphHopper -- sort graph for fixed ordering...
19:44:29.120 [main] INFO com.graphhopper.GraphHopper -- sorting 2 edges took: 395.40�s
19:44:29.120 [main] INFO com.graphhopper.GraphHopper -- sorting 2 nodes took: 102.10�s
19:44:29.127 [main] INFO com.graphhopper.routing.subnetwork.PrepareRoutingSubnetworks -- Start marking subnetworks, prepare.min_network_size: 200, threads: 1, nodes: 2, edges: 2, jobs: [car_subnetwork|com.graphhopper.routing.weighting.custom.CustomWeighting@6145b81e], totalMB:1024, usedMB:92
19:44:29.137 [ForkJoinPool-1-worker-1] INFO com.graphhopper.routing.subnetwork.PrepareRoutingSubnetworks -- car - Found 2 subnetworks (1 single edges and 1 components with more than one edge, total nodes: 4), took: 0.0035327s
19:44:29.138 [ForkJoinPool-1-worker-1] INFO com.graphhopper.routing.subnetwork.PrepareRoutingSubnetworks -- car - Marked 1 subnetworks (biggest: 1 edges) -> 1 components(s) remain (smallest: 3, biggest: 3 edges), total marked edges: 0, took: 2.195E-4s
19:44:29.139 [main] INFO com.graphhopper.routing.subnetwork.PrepareRoutingSubnetworks -- Finished finding and marking subnetworks for 1 jobs, took: 0.0175258s, totalMB:112, usedMB:23
19:44:29.139 [main] INFO com.graphhopper.GraphHopper -- nodes: 2, edges: 2
19:44:29.191 [main] INFO com.graphhopper.storage.index.LocationIndexTree -- location index created in 0.0084804s, size:4, leafs:2, precision:300, depth:7, checksum:0, entries:[16, 16, 16, 16, 16, 4, 4], entriesPerLeaf:2.0
19:44:29.195 [main] INFO com.graphhopper.GraphHopper -- flushing graph car|RAM_STORE|2D|no_turn_cost|nodes:9,edges:24,geometry:7,location_index:5,string_index:2,nodesCH:0,shortcuts:9, details:edges: 2(1MB), nodes: 2(1MB), bounds: 7.42,7.422,43.735,43.735, name:(1MB), geo:20/-1(1MB), totalMB:112, usedMB:41)
19:44:29.207 [main] INFO com.graphhopper.GraphHopper -- flushed graph totalMB:112, usedMB:41)
19:44:29.289 [main] INFO com.graphhopper.GraphHopper -- version 11.0|2025-10-14T14:28:00Z (9,24,7,5,2,9)
19:44:29.347 [main] INFO com.graphhopper.GraphHopper -- No custom areas are used, custom_areas.directory not given
19:44:29.349 [main] INFO com.graphhopper.GraphHopper -- No country rules available
19:44:29.349 [main] INFO com.graphhopper.GraphHopper -- start creating graph from C:\Users\mcgee\AppData\Local\Temp\junit-14022714743366847210\fixture-roads.osm
19:44:29.349 [main] INFO com.graphhopper.GraphHopper -- using car|RAM_STORE|2D|no_turn_cost|nodes:9,edges:24,geometry:7,location_index:5,string_index:2,nodesCH:0,shortcuts:9, memory:totalMB:112, usedMB:77
19:44:29.351 [main] INFO com.graphhopper.reader.osm.WaySegmentParser -- Start reading OSM file: 'C:\Users\mcgee\AppData\Local\Temp\junit-14022714743366847210\fixture-roads.osm'
19:44:29.351 [main] INFO com.graphhopper.reader.osm.WaySegmentParser -- pass1 - start
19:44:29.353 [main] INFO com.graphhopper.reader.osm.WaySegmentParser -- pass1 - start reading OSM ways
19:44:29.353 [main] INFO com.graphhopper.reader.osm.WaySegmentParser -- pass1 - finished, processed ways: 2, accepted ways: 2, way nodes: 4, relations: 0, totalMB:112, usedMB:83
19:44:29.353 [main] INFO com.graphhopper.reader.osm.WaySegmentParser -- pass1 - finished, took: 2.03ms
19:44:29.353 [main] INFO com.graphhopper.reader.osm.WaySegmentParser -- Creating graph. Node count (pillar+tower): 4, totalMB:112, usedMB:83
19:44:29.353 [main] INFO com.graphhopper.reader.osm.WaySegmentParser -- pass2 - start
19:44:29.354 [main] INFO com.graphhopper.reader.osm.WaySegmentParser -- pass2 - start reading OSM nodes
19:44:29.354 [main] INFO com.graphhopper.reader.osm.WaySegmentParser -- pass2 - start reading OSM ways
19:44:29.356 [main] INFO com.graphhopper.reader.osm.WaySegmentParser -- pass2 - finished, processed ways: 2, way nodes: 4, nodes with tags: 0, node tag capacity: 1,056,768, ignored barriers at junctions: 0
19:44:29.356 [main] INFO com.graphhopper.reader.osm.WaySegmentParser -- pass2 - finished, took: 2.62ms
19:44:29.356 [main] INFO com.graphhopper.reader.osm.WaySegmentParser -- Finished reading OSM file. pass1: 0s,  pass2: 0s,  total: 0s
19:44:29.356 [main] INFO com.graphhopper.reader.osm.OSMReader -- Finished reading OSM file: C:\Users\mcgee\AppData\Local\Temp\junit-14022714743366847210\fixture-roads.osm, nodes: 2, edges: 2, zero distance edges: 0
19:44:29.357 [main] INFO com.graphhopper.GraphHopper -- sorting graph along Hilbert curve...
19:44:29.357 [main] INFO com.graphhopper.GraphHopper -- calculating sort order took: 109.40�s
19:44:29.357 [main] INFO com.graphhopper.GraphHopper -- sort graph for fixed ordering...
19:44:29.357 [main] INFO com.graphhopper.GraphHopper -- sorting 2 edges took: 89.50�s
19:44:29.357 [main] INFO com.graphhopper.GraphHopper -- sorting 2 nodes took: 53.70�s
19:44:29.358 [main] INFO com.graphhopper.routing.subnetwork.PrepareRoutingSubnetworks -- Start marking subnetworks, prepare.min_network_size: 200, threads: 1, nodes: 2, edges: 2, jobs: [car_subnetwork|com.graphhopper.routing.weighting.custom.CustomWeighting@69228e85], totalMB:112, usedMB:83
19:44:29.358 [ForkJoinPool-2-worker-1] INFO com.graphhopper.routing.subnetwork.PrepareRoutingSubnetworks -- car - Found 2 subnetworks (1 single edges and 1 components with more than one edge, total nodes: 4), took: 8.72E-5s
19:44:29.358 [ForkJoinPool-2-worker-1] INFO com.graphhopper.routing.subnetwork.PrepareRoutingSubnetworks -- car - Marked 1 subnetworks (biggest: 1 edges) -> 1 components(s) remain (smallest: 3, biggest: 3 edges), total marked edges: 0, took: 6.1E-6s
19:44:29.358 [main] INFO com.graphhopper.routing.subnetwork.PrepareRoutingSubnetworks -- Finished finding and marking subnetworks for 1 jobs, took: 7.946E-4s, totalMB:112, usedMB:84
19:44:29.358 [main] INFO com.graphhopper.GraphHopper -- nodes: 2, edges: 2
19:44:29.363 [main] INFO com.graphhopper.storage.index.LocationIndexTree -- location index created in 0.0026741s, size:4, leafs:2, precision:300, depth:7, checksum:0, entries:[16, 16, 16, 16, 16, 4, 4], entriesPerLeaf:2.0
19:44:29.367 [main] INFO com.graphhopper.routing.ch.CHPreparationHandler -- Creating CH preparations, totalMB:112, usedMB:88
19:44:29.369 [main] INFO com.graphhopper.routing.ch.CHPreparationHandler -- 1/1 Setting up CH preparation for profile 'car' NODE_BASED ... (totalMB:112, usedMB:88)
19:44:29.373 [car] INFO com.graphhopper.routing.ch.PrepareContractionHierarchies -- Creating CH prepare graph, totalMB:112, usedMB:92
19:44:29.376 [car] INFO com.graphhopper.routing.ch.PrepareContractionHierarchies -- Building CH prepare graph, totalMB:112, usedMB:92
19:44:29.377 [car] INFO com.graphhopper.routing.ch.PrepareContractionHierarchies -- Finished building CH prepare graph, took: 5.449E-4s, totalMB:112, usedMB:92
19:44:29.378 [car] INFO com.graphhopper.routing.ch.PrepareContractionHierarchies -- Building initial queue of nodes to be contracted: 2 nodes, totalMB:112, usedMB:92
19:44:29.379 [car] INFO com.graphhopper.routing.ch.PrepareContractionHierarchies -- Finished building queue, took: 9.885E-4s, totalMB:112, usedMB:92
19:44:29.380 [car] INFO com.graphhopper.routing.ch.PrepareContractionHierarchies -- node, nodes:          2, shortcuts:          0, updates:  0, checked-nodes:          0, t(total):   0.01,  t(period):   0.00, t(lazy):   0.00, t(neighbor):   0.00, t(contr):   0.00, t(other) :   0.01, dijkstra-ratio:   0.00%, meanDegree: 1.00, dijkstras:          0, mem:        0MB, totalMB:112, usedMB:92
19:44:29.381 [car] INFO com.graphhopper.routing.ch.PrepareContractionHierarchies -- node, nodes:          0, shortcuts:          0, updates:  0, checked-nodes:          2, t(total):   0.01,  t(period):   0.00, t(lazy):   0.00, t(neighbor):   0.00, t(contr):   0.00, t(other) :   0.01, dijkstra-ratio:   0.00%, meanDegree: 0.89, dijkstras:          0, mem:        0MB, totalMB:112, usedMB:92
19:44:29.382 [car] INFO com.graphhopper.routing.ch.PrepareContractionHierarchies -- new shortcuts: 0, initSize:2, com.graphhopper.routing.weighting.custom.CustomWeighting@45de6fbd, periodic:0, lazy:100, neighbor:100, t(total):   0.01,  t(period):   0.00, t(lazy):   0.00, t(neighbor):   0.00, t(contr):   0.00, t(other) :   0.01, dijkstra-ratio:   0.00%, lazy-overhead: 0%, totalMB:112, usedMB:92
19:44:29.382 [car] INFO com.graphhopper.routing.ch.PrepareContractionHierarchies -- shortcuts that exceed maximum weight: 0
19:44:29.382 [car] INFO com.graphhopper.routing.ch.PrepareContractionHierarchies -- took: 0s, graph now - num edges: 2, num nodes: 2, num shortcuts: 0
19:44:29.387 [main] INFO com.graphhopper.routing.ch.CHPreparationHandler -- Finished CH preparation, totalMB:112, usedMB:94
19:44:29.388 [main] INFO com.graphhopper.GraphHopper -- flushing graph car|RAM_STORE|2D|no_turn_cost|nodes:9,edges:24,geometry:7,location_index:5,string_index:2,nodesCH:0,shortcuts:9, details:edges: 2(1MB), nodes: 2(1MB), bounds: 7.42,7.422,43.735,43.735, name:(1MB), geo:20/-1(1MB), totalMB:112, usedMB:94)
19:44:29.396 [main] INFO com.graphhopper.GraphHopper -- flushed graph totalMB:112, usedMB:95)
19:44:29.471 [main] INFO com.graphhopper.GraphHopper -- version 11.0|2025-10-14T14:28:00Z (9,24,7,5,2,9)
19:44:29.472 [main] INFO com.graphhopper.GraphHopper -- graph car|RAM_STORE|2D|no_turn_cost|nodes:9,edges:24,geometry:7,location_index:5,string_index:2,nodesCH:0,shortcuts:9, details:edges: 2(1MB), nodes: 2(1MB), bounds: 7.42,7.422,43.735,43.735, name:(1MB), geo:20/-1(1MB)
19:44:29.510 [main] INFO com.graphhopper.GraphHopper -- version 11.0|2025-10-14T14:28:00Z (9,24,7,5,2,9)
19:44:29.510 [main] INFO com.graphhopper.GraphHopper -- graph car|RAM_STORE|2D|no_turn_cost|nodes:9,edges:24,geometry:7,location_index:5,string_index:2,nodesCH:0,shortcuts:9, details:edges: 2(1MB), nodes: 2(1MB), bounds: 7.42,7.422,43.735,43.735, name:(1MB), geo:20/-1(1MB)
19:44:30.008 [main] INFO org.springframework.mock.web.MockServletContext -- Initializing Spring TestDispatcherServlet ''
19:44:30.009 [main] INFO org.springframework.test.web.servlet.TestDispatcherServlet -- Initializing Servlet ''
19:44:30.010 [main] INFO org.springframework.test.web.servlet.TestDispatcherServlet -- Completed initialization in 1 ms
19:44:30.097 [main] WARN org.springframework.web.servlet.mvc.support.DefaultHandlerExceptionResolver -- Resolved [org.springframework.http.converter.HttpMessageNotReadableException: Required request body is missing: public dev.waterflex.routing.MatrixController$Matrix dev.waterflex.routing.MatrixController.matrix(dev.waterflex.routing.MatrixController$Request)]
19:44:30.103 [main] WARN org.springframework.web.servlet.mvc.support.DefaultHandlerExceptionResolver -- Resolved [org.springframework.http.converter.HttpMessageNotReadableException: JSON parse error: Unexpected end-of-input: expected close marker for Object (start marker at [Source: REDACTED (`StreamReadFeature.INCLUDE_SOURCE_IN_LOCATION` disabled); byte offset: #UNKNOWN])]
19:44:30.106 [main] WARN org.springframework.web.servlet.mvc.support.DefaultHandlerExceptionResolver -- Resolved [org.springframework.http.converter.HttpMessageNotReadableException: JSON parse error: Cannot coerce String value ("0") to `java.lang.Double` value (but might if coercion using `CoercionConfig` was enabled)]
[INFO] Tests run: 2, Failures: 0, Errors: 0, Skipped: 0, Time elapsed: 1.690 s -- in dev.waterflex.routing.MatrixControllerTest
[INFO] 
[INFO] Results:
[INFO] 
[INFO] Tests run: 2, Failures: 0, Errors: 0, Skipped: 0
[INFO] 
[INFO] 
[INFO] --- jar:3.5.1:jar (default-jar) @ routing-service ---
[INFO] Building jar: C:\Users\mcgee\OneDrive\Desktop\waterflex\waterflex-scheduler-java\routing-service\target\routing-service-0.1.0-SNAPSHOT.jar
[INFO] 
[INFO] --- spring-boot:4.1.1:repackage (repackage) @ routing-service ---
[INFO] Replacing main artifact C:\Users\mcgee\OneDrive\Desktop\waterflex\waterflex-scheduler-java\routing-service\target\routing-service-0.1.0-SNAPSHOT.jar with repackaged archive, adding nested dependencies in BOOT-INF/.
[INFO] The original artifact has been renamed to C:\Users\mcgee\OneDrive\Desktop\waterflex\waterflex-scheduler-java\routing-service\target\routing-service-0.1.0-SNAPSHOT.jar.original
[INFO] 
[INFO] -----------------< dev.waterflex:waterflex-scheduler >------------------
[INFO] Building waterflex-scheduler 0.1.0-SNAPSHOT                        [5/5]
[INFO]   from pom.xml
[INFO] --------------------------------[ pom ]---------------------------------
[INFO] 
[INFO] --- clean:3.2.0:clean (default-clean) @ waterflex-scheduler ---
[INFO] ------------------------------------------------------------------------
[INFO] Reactor Summary for waterflex-scheduler 0.1.0-SNAPSHOT:
[INFO] 
[INFO] calculation-engine ................................. SUCCESS [  2.548 s]
[INFO] solver-service ..................................... SUCCESS [  7.032 s]
[INFO] scheduler-service .................................. SUCCESS [ 30.611 s]
[INFO] routing-service .................................... SUCCESS [  2.892 s]
[INFO] waterflex-scheduler ................................ SUCCESS [  0.037 s]
[INFO] ------------------------------------------------------------------------
[INFO] BUILD SUCCESS
[INFO] ------------------------------------------------------------------------
[INFO] Total time:  43.352 s
[INFO] Finished at: 2026-10-06T19:44:30-05:00
[INFO] ------------------------------------------------------------------------
