WARNING: A restricted method in java.lang.System has been called
WARNING: java.lang.System::load has been called by org.fusesource.jansi.internal.JansiLoader in an unnamed module (file:/C:/Users/mcgee/.m2/wrapper/dists/apache-maven-3.9.16-bin/4200fbc6/apache-maven-3.9.16/lib/jansi-2.4.3.jar)
WARNING: Use --enable-native-access=ALL-UNNAMED to avoid a warning for callers in this module
WARNING: Restricted methods will be blocked in a future release unless native access is enabled

[INFO] Scanning for projects...
[INFO] 
[INFO] ------------------< dev.waterflex:scheduler-service >-------------------
[INFO] Building scheduler-service 0.1.0-SNAPSHOT
[INFO]   from pom.xml
[INFO] --------------------------------[ jar ]---------------------------------
[INFO] 
[INFO] --- resources:3.5.0:resources (default-resources) @ scheduler-service ---
[INFO] Copying 2 resources from src\main\resources to target\classes
[INFO] Copying 0 resource from src\main\resources to target\classes
[INFO] 
[INFO] --- compiler:3.15.0:compile (default-compile) @ scheduler-service ---
[INFO] Nothing to compile - all classes are up to date.
[INFO] 
[INFO] --- resources:3.5.0:testResources (default-testResources) @ scheduler-service ---
[INFO] Copying 1 resource from src\test\resources to target\test-classes
[INFO] 
[INFO] --- compiler:3.15.0:testCompile (default-testCompile) @ scheduler-service ---
[INFO] Nothing to compile - all classes are up to date.
[INFO] 
[INFO] --- surefire:3.5.6:test (default-test) @ scheduler-service ---
[INFO] Using auto detected provider org.apache.maven.surefire.junitplatform.JUnitPlatformProvider
[WARNING] System property [assertions.mode] overwritten by user properties from Maven session
[INFO] 
[INFO] -------------------------------------------------------
[INFO]  T E S T S
[INFO] -------------------------------------------------------
[INFO] Running dev.waterflex.scheduler.optimizer.AssertionCampaignTest
19:49:31.376 [main] INFO ai.timefold.solver.core.impl.solver.DefaultSolver -- Solving started: time spent (8), best score ([0/0/0/0/0]hard/[0/-17241]soft), environment mode (NON_INTRUSIVE_FULL_ASSERT), move thread count (NONE), random (seed 17).
19:49:31.378 [main] INFO ai.timefold.solver.core.impl.solver.DefaultSolver -- Problem scale: genuine entity count (3), genuine variable count (3), approximate value count (6), approximate problem scale (60,480).
19:49:31.618 [main] INFO ai.timefold.solver.core.impl.localsearch.DefaultLocalSearchPhase -- Local Search phase (0) ended: time spent (251), best score ([0/0/0/0/0]hard/[0/-16541]soft), move evaluation speed (1757/sec), step total (5).
19:49:31.619 [main] INFO ai.timefold.solver.core.impl.solver.DefaultSolver -- Solving ended: time spent (251), best score ([0/0/0/0/0]hard/[0/-16541]soft), move evaluation speed (1673/sec), phase total (1), environment mode (NON_INTRUSIVE_FULL_ASSERT), move thread count (NONE).
19:49:31.685 [main] INFO ai.timefold.solver.core.impl.solver.DefaultSolver -- Solving started: time spent (1), best score ([0/0/-4/0/0]hard/[0/-3000]soft), environment mode (NON_INTRUSIVE_FULL_ASSERT), move thread count (NONE), random (seed 17).
19:49:31.685 [main] INFO ai.timefold.solver.core.impl.solver.DefaultSolver -- Problem scale: genuine entity count (3), genuine variable count (3), approximate value count (6), approximate problem scale (60,480).
19:49:31.701 [main] INFO ai.timefold.solver.core.impl.constructionheuristic.DefaultConstructionHeuristicPhase -- Construction Heuristic phase (0) ended: time spent (17), best score ([0/0/0/0/0]hard/[0/-9000]soft), move evaluation speed (1733/sec), step total (4).
19:49:31.934 [main] INFO ai.timefold.solver.core.impl.localsearch.DefaultLocalSearchPhase -- Local Search phase (1) ended: time spent (250), best score ([0/0/0/0/0]hard/[0/-9000]soft), move evaluation speed (4051/sec), step total (10).
19:49:31.935 [main] INFO ai.timefold.solver.core.impl.solver.DefaultSolver -- Solving ended: time spent (251), best score ([0/0/0/0/0]hard/[0/-9000]soft), move evaluation speed (3864/sec), phase total (2), environment mode (NON_INTRUSIVE_FULL_ASSERT), move thread count (NONE).
19:49:31.939 [main] INFO ai.timefold.solver.core.impl.solver.DefaultSolver -- Solving started: time spent (0), best score ([0/-21120/0/0/0]hard/[0/-17891]soft), environment mode (NON_INTRUSIVE_FULL_ASSERT), move thread count (NONE), random (seed 17).
19:49:31.940 [main] INFO ai.timefold.solver.core.impl.solver.DefaultSolver -- Problem scale: genuine entity count (3), genuine variable count (3), approximate value count (6), approximate problem scale (60,480).
19:49:32.190 [main] INFO ai.timefold.solver.core.impl.localsearch.DefaultLocalSearchPhase -- Local Search phase (0) ended: time spent (251), best score ([0/0/0/0/0]hard/[0/-17083]soft), move evaluation speed (4556/sec), step total (12).
19:49:32.190 [main] INFO ai.timefold.solver.core.impl.solver.DefaultSolver -- Solving ended: time spent (251), best score ([0/0/0/0/0]hard/[0/-17083]soft), move evaluation speed (4537/sec), phase total (1), environment mode (NON_INTRUSIVE_FULL_ASSERT), move thread count (NONE).
19:49:32.198 [main] INFO ai.timefold.solver.core.impl.solver.DefaultSolver -- Solving started: time spent (1), best score ([0/0/0/0/0]hard/[-0.1131468572778827977315689981096409/-17241]soft), environment mode (NON_INTRUSIVE_FULL_ASSERT), move thread count (NONE), random (seed 17).
19:49:32.199 [main] INFO ai.timefold.solver.core.impl.solver.DefaultSolver -- Problem scale: genuine entity count (3), genuine variable count (3), approximate value count (6), approximate problem scale (60,480).
19:49:32.447 [main] INFO ai.timefold.solver.core.impl.localsearch.DefaultLocalSearchPhase -- Local Search phase (0) ended: time spent (250), best score ([0/0/0/0/0]hard/[-0.03217804820415879017013232514177693/-17183]soft), move evaluation speed (4528/sec), step total (12).
19:49:32.448 [main] INFO ai.timefold.solver.core.impl.solver.DefaultSolver -- Solving ended: time spent (251), best score ([0/0/0/0/0]hard/[-0.03217804820415879017013232514177693/-17183]soft), move evaluation speed (4474/sec), phase total (1), environment mode (NON_INTRUSIVE_FULL_ASSERT), move thread count (NONE).
19:49:32.484 [main] INFO ai.timefold.solver.core.impl.solver.DefaultSolver -- Solving started: time spent (0), best score ([0/0/0/0/0]hard/[0/-17241]soft), environment mode (NON_INTRUSIVE_FULL_ASSERT), move thread count (NONE), random (seed 17).
19:49:32.485 [main] INFO ai.timefold.solver.core.impl.solver.DefaultSolver -- Problem scale: genuine entity count (3), genuine variable count (3), approximate value count (6), approximate problem scale (60,480).
19:49:32.734 [main] INFO ai.timefold.solver.core.impl.localsearch.DefaultLocalSearchPhase -- Local Search phase (0) ended: time spent (250), best score ([0/0/0/0/0]hard/[0/-16541]soft), move evaluation speed (6658/sec), step total (17).
19:49:32.734 [main] INFO ai.timefold.solver.core.impl.solver.DefaultSolver -- Solving ended: time spent (250), best score ([0/0/0/0/0]hard/[0/-16541]soft), move evaluation speed (6632/sec), phase total (1), environment mode (NON_INTRUSIVE_FULL_ASSERT), move thread count (NONE).
19:49:32.768 [main] INFO ai.timefold.solver.core.impl.solver.DefaultSolver -- Solving started: time spent (0), best score ([0/0/-4/0/0]hard/[0/-3000]soft), environment mode (NON_INTRUSIVE_FULL_ASSERT), move thread count (NONE), random (seed 17).
19:49:32.769 [main] INFO ai.timefold.solver.core.impl.solver.DefaultSolver -- Problem scale: genuine entity count (3), genuine variable count (3), approximate value count (6), approximate problem scale (60,480).
19:49:32.775 [main] INFO ai.timefold.solver.core.impl.constructionheuristic.DefaultConstructionHeuristicPhase -- Construction Heuristic phase (0) ended: time spent (7), best score ([0/0/0/0/0]hard/[0/-9000]soft), move evaluation speed (4333/sec), step total (4).
19:49:33.018 [main] INFO ai.timefold.solver.core.impl.localsearch.DefaultLocalSearchPhase -- Local Search phase (1) ended: time spent (250), best score ([0/0/0/0/0]hard/[0/-9000]soft), move evaluation speed (7637/sec), step total (19).
19:49:33.019 [main] INFO ai.timefold.solver.core.impl.solver.DefaultSolver -- Solving ended: time spent (251), best score ([0/0/0/0/0]hard/[0/-9000]soft), move evaluation speed (7498/sec), phase total (2), environment mode (NON_INTRUSIVE_FULL_ASSERT), move thread count (NONE).
19:49:33.022 [main] INFO ai.timefold.solver.core.impl.solver.DefaultSolver -- Solving started: time spent (0), best score ([0/-21120/0/0/0]hard/[0/-17891]soft), environment mode (NON_INTRUSIVE_FULL_ASSERT), move thread count (NONE), random (seed 17).
19:49:33.022 [main] INFO ai.timefold.solver.core.impl.solver.DefaultSolver -- Problem scale: genuine entity count (3), genuine variable count (3), approximate value count (6), approximate problem scale (60,480).
19:49:33.272 [main] INFO ai.timefold.solver.core.impl.localsearch.DefaultLocalSearchPhase -- Local Search phase (0) ended: time spent (250), best score ([0/0/0/0/0]hard/[0/-17083]soft), move evaluation speed (7296/sec), step total (19).
19:49:33.272 [main] INFO ai.timefold.solver.core.impl.solver.DefaultSolver -- Solving ended: time spent (250), best score ([0/0/0/0/0]hard/[0/-17083]soft), move evaluation speed (7296/sec), phase total (1), environment mode (NON_INTRUSIVE_FULL_ASSERT), move thread count (NONE).
19:49:33.276 [main] INFO ai.timefold.solver.core.impl.solver.DefaultSolver -- Solving started: time spent (0), best score ([0/0/0/0/0]hard/[-0.1131468572778827977315689981096409/-17241]soft), environment mode (NON_INTRUSIVE_FULL_ASSERT), move thread count (NONE), random (seed 17).
19:49:33.277 [main] INFO ai.timefold.solver.core.impl.solver.DefaultSolver -- Problem scale: genuine entity count (3), genuine variable count (3), approximate value count (6), approximate problem scale (60,480).
19:49:33.526 [main] INFO ai.timefold.solver.core.impl.localsearch.DefaultLocalSearchPhase -- Local Search phase (0) ended: time spent (250), best score ([0/0/0/0/0]hard/[-0.03217804820415879017013232514177693/-17183]soft), move evaluation speed (5919/sec), step total (15).
19:49:33.527 [main] INFO ai.timefold.solver.core.impl.solver.DefaultSolver -- Solving ended: time spent (251), best score ([0/0/0/0/0]hard/[-0.03217804820415879017013232514177693/-17183]soft), move evaluation speed (5872/sec), phase total (1), environment mode (NON_INTRUSIVE_FULL_ASSERT), move thread count (NONE).
19:49:33.564 [main] INFO ai.timefold.solver.core.impl.solver.DefaultSolver -- Solving started: time spent (1), best score ([0/0/0/0/0]hard/[0/-17241]soft), environment mode (NON_INTRUSIVE_FULL_ASSERT), move thread count (NONE), random (seed 17).
19:49:33.564 [main] INFO ai.timefold.solver.core.impl.solver.DefaultSolver -- Problem scale: genuine entity count (3), genuine variable count (3), approximate value count (6), approximate problem scale (60,480).
19:49:33.814 [main] INFO ai.timefold.solver.core.impl.localsearch.DefaultLocalSearchPhase -- Local Search phase (0) ended: time spent (251), best score ([0/0/0/0/0]hard/[0/-16541]soft), move evaluation speed (4804/sec), step total (212).
19:49:33.814 [main] INFO ai.timefold.solver.core.impl.solver.DefaultSolver -- Solving ended: time spent (251), best score ([0/0/0/0/0]hard/[0/-16541]soft), move evaluation speed (4784/sec), phase total (1), environment mode (NON_INTRUSIVE_FULL_ASSERT), move thread count (NONE).
19:49:33.849 [main] INFO ai.timefold.solver.core.impl.solver.DefaultSolver -- Solving started: time spent (1), best score ([0/0/-4/0/0]hard/[0/-3000]soft), environment mode (NON_INTRUSIVE_FULL_ASSERT), move thread count (NONE), random (seed 17).
19:49:33.849 [main] INFO ai.timefold.solver.core.impl.solver.DefaultSolver -- Problem scale: genuine entity count (3), genuine variable count (3), approximate value count (6), approximate problem scale (60,480).
19:49:33.855 [main] INFO ai.timefold.solver.core.impl.constructionheuristic.DefaultConstructionHeuristicPhase -- Construction Heuristic phase (0) ended: time spent (7), best score ([0/0/0/0/0]hard/[0/-9000]soft), move evaluation speed (4333/sec), step total (4).
19:49:34.098 [main] INFO ai.timefold.solver.core.impl.localsearch.DefaultLocalSearchPhase -- Local Search phase (1) ended: time spent (250), best score ([0/0/0/0/0]hard/[0/-9000]soft), move evaluation speed (2520/sec), step total (545).
19:49:34.098 [main] INFO ai.timefold.solver.core.impl.solver.DefaultSolver -- Solving ended: time spent (250), best score ([0/0/0/0/0]hard/[0/-9000]soft), move evaluation speed (2544/sec), phase total (2), environment mode (NON_INTRUSIVE_FULL_ASSERT), move thread count (NONE).
19:49:34.103 [main] INFO ai.timefold.solver.core.impl.solver.DefaultSolver -- Solving started: time spent (1), best score ([0/-21120/0/0/0]hard/[0/-17891]soft), environment mode (NON_INTRUSIVE_FULL_ASSERT), move thread count (NONE), random (seed 17).
19:49:34.103 [main] INFO ai.timefold.solver.core.impl.solver.DefaultSolver -- Problem scale: genuine entity count (3), genuine variable count (3), approximate value count (6), approximate problem scale (60,480).
19:49:34.352 [main] INFO ai.timefold.solver.core.impl.localsearch.DefaultLocalSearchPhase -- Local Search phase (0) ended: time spent (250), best score ([0/0/0/0/0]hard/[0/-16591]soft), move evaluation speed (5228/sec), step total (305).
19:49:34.352 [main] INFO ai.timefold.solver.core.impl.solver.DefaultSolver -- Solving ended: time spent (250), best score ([0/0/0/0/0]hard/[0/-16591]soft), move evaluation speed (5208/sec), phase total (1), environment mode (NON_INTRUSIVE_FULL_ASSERT), move thread count (NONE).
19:49:34.356 [main] INFO ai.timefold.solver.core.impl.solver.DefaultSolver -- Solving started: time spent (0), best score ([0/0/0/0/0]hard/[-0.1131468572778827977315689981096409/-17241]soft), environment mode (NON_INTRUSIVE_FULL_ASSERT), move thread count (NONE), random (seed 17).
19:49:34.356 [main] INFO ai.timefold.solver.core.impl.solver.DefaultSolver -- Problem scale: genuine entity count (3), genuine variable count (3), approximate value count (6), approximate problem scale (60,480).
19:49:34.606 [main] INFO ai.timefold.solver.core.impl.localsearch.DefaultLocalSearchPhase -- Local Search phase (0) ended: time spent (250), best score ([0/0/0/0/0]hard/[-0.03217804820415879017013232514177693/-17183]soft), move evaluation speed (5600/sec), step total (227).
19:49:34.606 [main] INFO ai.timefold.solver.core.impl.solver.DefaultSolver -- Solving ended: time spent (250), best score ([0/0/0/0/0]hard/[-0.03217804820415879017013232514177693/-17183]soft), move evaluation speed (5600/sec), phase total (1), environment mode (NON_INTRUSIVE_FULL_ASSERT), move thread count (NONE).
19:49:34.637 [main] INFO ai.timefold.solver.core.impl.solver.DefaultSolver -- Solving started: time spent (1), best score ([0/0/0/0/0]hard/[0/-17241]soft), environment mode (NON_INTRUSIVE_FULL_ASSERT), move thread count (NONE), random (seed 17).
19:49:34.637 [main] INFO ai.timefold.solver.core.impl.solver.DefaultSolver -- Problem scale: genuine entity count (3), genuine variable count (3), approximate value count (6), approximate problem scale (60,480).
19:49:34.886 [main] INFO ai.timefold.solver.core.impl.localsearch.DefaultLocalSearchPhase -- Local Search phase (0) ended: time spent (250), best score ([0/0/0/0/0]hard/[0/-16541]soft), move evaluation speed (5224/sec), step total (254).
19:49:34.886 [main] INFO ai.timefold.solver.core.impl.solver.DefaultSolver -- Solving ended: time spent (250), best score ([0/0/0/0/0]hard/[0/-16541]soft), move evaluation speed (5204/sec), phase total (1), environment mode (NON_INTRUSIVE_FULL_ASSERT), move thread count (NONE).
19:49:34.913 [main] INFO ai.timefold.solver.core.impl.solver.DefaultSolver -- Solving started: time spent (0), best score ([0/0/-4/0/0]hard/[0/-3000]soft), environment mode (NON_INTRUSIVE_FULL_ASSERT), move thread count (NONE), random (seed 17).
19:49:34.914 [main] INFO ai.timefold.solver.core.impl.solver.DefaultSolver -- Problem scale: genuine entity count (3), genuine variable count (3), approximate value count (6), approximate problem scale (60,480).
19:49:34.920 [main] INFO ai.timefold.solver.core.impl.constructionheuristic.DefaultConstructionHeuristicPhase -- Construction Heuristic phase (0) ended: time spent (7), best score ([0/0/0/0/0]hard/[0/-9000]soft), move evaluation speed (4333/sec), step total (4).
19:49:35.163 [main] INFO ai.timefold.solver.core.impl.localsearch.DefaultLocalSearchPhase -- Local Search phase (1) ended: time spent (250), best score ([0/0/0/0/0]hard/[0/-9000]soft), move evaluation speed (2456/sec), step total (563).
19:49:35.163 [main] INFO ai.timefold.solver.core.impl.solver.DefaultSolver -- Solving ended: time spent (250), best score ([0/0/0/0/0]hard/[0/-9000]soft), move evaluation speed (2492/sec), phase total (2), environment mode (NON_INTRUSIVE_FULL_ASSERT), move thread count (NONE).
19:49:35.166 [main] INFO ai.timefold.solver.core.impl.solver.DefaultSolver -- Solving started: time spent (1), best score ([0/-21120/0/0/0]hard/[0/-17891]soft), environment mode (NON_INTRUSIVE_FULL_ASSERT), move thread count (NONE), random (seed 17).
19:49:35.166 [main] INFO ai.timefold.solver.core.impl.solver.DefaultSolver -- Problem scale: genuine entity count (3), genuine variable count (3), approximate value count (6), approximate problem scale (60,480).
19:49:35.415 [main] INFO ai.timefold.solver.core.impl.localsearch.DefaultLocalSearchPhase -- Local Search phase (0) ended: time spent (250), best score ([0/0/0/0/0]hard/[0/-16591]soft), move evaluation speed (6550/sec), step total (152).
19:49:35.415 [main] INFO ai.timefold.solver.core.impl.solver.DefaultSolver -- Solving ended: time spent (250), best score ([0/0/0/0/0]hard/[0/-16591]soft), move evaluation speed (6524/sec), phase total (1), environment mode (NON_INTRUSIVE_FULL_ASSERT), move thread count (NONE).
19:49:35.418 [main] INFO ai.timefold.solver.core.impl.solver.DefaultSolver -- Solving started: time spent (0), best score ([0/0/0/0/0]hard/[-0.1131468572778827977315689981096409/-17241]soft), environment mode (NON_INTRUSIVE_FULL_ASSERT), move thread count (NONE), random (seed 17).
19:49:35.418 [main] INFO ai.timefold.solver.core.impl.solver.DefaultSolver -- Problem scale: genuine entity count (3), genuine variable count (3), approximate value count (6), approximate problem scale (60,480).
19:49:35.668 [main] INFO ai.timefold.solver.core.impl.localsearch.DefaultLocalSearchPhase -- Local Search phase (0) ended: time spent (250), best score ([0/0/0/0/0]hard/[-0.03217804820415879017013232514177693/-17183]soft), move evaluation speed (5452/sec), step total (196).
19:49:35.669 [main] INFO ai.timefold.solver.core.impl.solver.DefaultSolver -- Solving ended: time spent (251), best score ([0/0/0/0/0]hard/[-0.03217804820415879017013232514177693/-17183]soft), move evaluation speed (5430/sec), phase total (1), environment mode (NON_INTRUSIVE_FULL_ASSERT), move thread count (NONE).
19:49:35.701 [main] INFO ai.timefold.solver.core.impl.solver.DefaultSolver -- Solving started: time spent (1), best score ([0/0/0/0/0]hard/[0/-17241]soft), environment mode (NON_INTRUSIVE_FULL_ASSERT), move thread count (NONE), random (seed 17).
19:49:35.701 [main] INFO ai.timefold.solver.core.impl.solver.DefaultSolver -- Problem scale: genuine entity count (3), genuine variable count (3), approximate value count (6), approximate problem scale (60,480).
19:49:35.950 [main] INFO ai.timefold.solver.core.impl.localsearch.DefaultLocalSearchPhase -- Local Search phase (0) ended: time spent (250), best score ([0/0/0/0/0]hard/[0/-16541]soft), move evaluation speed (7931/sec), step total (2).
19:49:35.950 [main] INFO ai.timefold.solver.core.impl.solver.DefaultSolver -- Solving ended: time spent (250), best score ([0/0/0/0/0]hard/[0/-16541]soft), move evaluation speed (7900/sec), phase total (1), environment mode (NON_INTRUSIVE_FULL_ASSERT), move thread count (NONE).
19:49:35.976 [main] INFO ai.timefold.solver.core.impl.solver.DefaultSolver -- Solving started: time spent (0), best score ([0/0/-4/0/0]hard/[0/-3000]soft), environment mode (NON_INTRUSIVE_FULL_ASSERT), move thread count (NONE), random (seed 17).
19:49:35.976 [main] INFO ai.timefold.solver.core.impl.solver.DefaultSolver -- Problem scale: genuine entity count (3), genuine variable count (3), approximate value count (6), approximate problem scale (60,480).
19:49:35.981 [main] INFO ai.timefold.solver.core.impl.constructionheuristic.DefaultConstructionHeuristicPhase -- Construction Heuristic phase (0) ended: time spent (5), best score ([0/0/0/0/0]hard/[0/-9000]soft), move evaluation speed (5200/sec), step total (4).
19:49:36.226 [main] INFO ai.timefold.solver.core.impl.localsearch.DefaultLocalSearchPhase -- Local Search phase (1) ended: time spent (250), best score ([0/0/0/0/0]hard/[0/-9000]soft), move evaluation speed (8639/sec), step total (2).
19:49:36.226 [main] INFO ai.timefold.solver.core.impl.solver.DefaultSolver -- Solving ended: time spent (250), best score ([0/0/0/0/0]hard/[0/-9000]soft), move evaluation speed (8536/sec), phase total (2), environment mode (NON_INTRUSIVE_FULL_ASSERT), move thread count (NONE).
19:49:36.229 [main] INFO ai.timefold.solver.core.impl.solver.DefaultSolver -- Solving started: time spent (1), best score ([0/-21120/0/0/0]hard/[0/-17891]soft), environment mode (NON_INTRUSIVE_FULL_ASSERT), move thread count (NONE), random (seed 17).
19:49:36.229 [main] INFO ai.timefold.solver.core.impl.solver.DefaultSolver -- Problem scale: genuine entity count (3), genuine variable count (3), approximate value count (6), approximate problem scale (60,480).
19:49:36.478 [main] INFO ai.timefold.solver.core.impl.localsearch.DefaultLocalSearchPhase -- Local Search phase (0) ended: time spent (250), best score ([0/-13980/0/0/0]hard/[0/-17733]soft), move evaluation speed (7457/sec), step total (2).
19:49:36.478 [main] INFO ai.timefold.solver.core.impl.solver.DefaultSolver -- Solving ended: time spent (250), best score ([0/-13980/0/0/0]hard/[0/-17733]soft), move evaluation speed (7428/sec), phase total (1), environment mode (NON_INTRUSIVE_FULL_ASSERT), move thread count (NONE).
19:49:36.482 [main] INFO ai.timefold.solver.core.impl.solver.DefaultSolver -- Solving started: time spent (0), best score ([0/0/0/0/0]hard/[-0.1131468572778827977315689981096409/-17241]soft), environment mode (NON_INTRUSIVE_FULL_ASSERT), move thread count (NONE), random (seed 17).
19:49:36.482 [main] INFO ai.timefold.solver.core.impl.solver.DefaultSolver -- Problem scale: genuine entity count (3), genuine variable count (3), approximate value count (6), approximate problem scale (60,480).
19:49:36.732 [main] INFO ai.timefold.solver.core.impl.localsearch.DefaultLocalSearchPhase -- Local Search phase (0) ended: time spent (250), best score ([0/0/0/0/0]hard/[-0.1039943683049779458097038437303088/-16541]soft), move evaluation speed (7744/sec), step total (2).
19:49:36.732 [main] INFO ai.timefold.solver.core.impl.solver.DefaultSolver -- Solving ended: time spent (250), best score ([0/0/0/0/0]hard/[-0.1039943683049779458097038437303088/-16541]soft), move evaluation speed (7744/sec), phase total (1), environment mode (NON_INTRUSIVE_FULL_ASSERT), move thread count (NONE).
19:49:36.760 [main] INFO ai.timefold.solver.core.impl.solver.DefaultSolver -- Solving started: time spent (1), best score ([0/0/0/0/0]hard/[0/-17241]soft), environment mode (NON_INTRUSIVE_FULL_ASSERT), move thread count (NONE), random (seed 17).
19:49:36.760 [main] INFO ai.timefold.solver.core.impl.solver.DefaultSolver -- Problem scale: genuine entity count (3), genuine variable count (3), approximate value count (6), approximate problem scale (60,480).
19:49:37.009 [main] INFO ai.timefold.solver.core.impl.localsearch.DefaultLocalSearchPhase -- Local Search phase (0) ended: time spent (250), best score ([0/0/0/0/0]hard/[0/-16541]soft), move evaluation speed (5630/sec), step total (229).
19:49:37.009 [main] INFO ai.timefold.solver.core.impl.solver.DefaultSolver -- Solving ended: time spent (250), best score ([0/0/0/0/0]hard/[0/-16541]soft), move evaluation speed (5608/sec), phase total (1), environment mode (NON_INTRUSIVE_FULL_ASSERT), move thread count (NONE).
19:49:37.035 [main] INFO ai.timefold.solver.core.impl.solver.DefaultSolver -- Solving started: time spent (1), best score ([0/0/-4/0/0]hard/[0/-3000]soft), environment mode (NON_INTRUSIVE_FULL_ASSERT), move thread count (NONE), random (seed 17).
19:49:37.035 [main] INFO ai.timefold.solver.core.impl.solver.DefaultSolver -- Problem scale: genuine entity count (3), genuine variable count (3), approximate value count (6), approximate problem scale (60,480).
19:49:37.041 [main] INFO ai.timefold.solver.core.impl.constructionheuristic.DefaultConstructionHeuristicPhase -- Construction Heuristic phase (0) ended: time spent (7), best score ([0/0/0/0/0]hard/[0/-9000]soft), move evaluation speed (4333/sec), step total (4).
19:49:37.284 [main] INFO ai.timefold.solver.core.impl.localsearch.DefaultLocalSearchPhase -- Local Search phase (1) ended: time spent (250), best score ([0/0/0/0/0]hard/[0/-9000]soft), move evaluation speed (2481/sec), step total (576).
19:49:37.284 [main] INFO ai.timefold.solver.core.impl.solver.DefaultSolver -- Solving ended: time spent (250), best score ([0/0/0/0/0]hard/[0/-9000]soft), move evaluation speed (2516/sec), phase total (2), environment mode (NON_INTRUSIVE_FULL_ASSERT), move thread count (NONE).
19:49:37.287 [main] INFO ai.timefold.solver.core.impl.solver.DefaultSolver -- Solving started: time spent (0), best score ([0/-21120/0/0/0]hard/[0/-17891]soft), environment mode (NON_INTRUSIVE_FULL_ASSERT), move thread count (NONE), random (seed 17).
19:49:37.287 [main] INFO ai.timefold.solver.core.impl.solver.DefaultSolver -- Problem scale: genuine entity count (3), genuine variable count (3), approximate value count (6), approximate problem scale (60,480).
19:49:37.537 [main] INFO ai.timefold.solver.core.impl.localsearch.DefaultLocalSearchPhase -- Local Search phase (0) ended: time spent (250), best score ([0/0/0/0/0]hard/[0/-16591]soft), move evaluation speed (6648/sec), step total (164).
19:49:37.537 [main] INFO ai.timefold.solver.core.impl.solver.DefaultSolver -- Solving ended: time spent (250), best score ([0/0/0/0/0]hard/[0/-16591]soft), move evaluation speed (6648/sec), phase total (1), environment mode (NON_INTRUSIVE_FULL_ASSERT), move thread count (NONE).
19:49:37.542 [main] INFO ai.timefold.solver.core.impl.solver.DefaultSolver -- Solving started: time spent (3), best score ([0/0/0/0/0]hard/[-0.1131468572778827977315689981096409/-17241]soft), environment mode (NON_INTRUSIVE_FULL_ASSERT), move thread count (NONE), random (seed 17).
19:49:37.542 [main] INFO ai.timefold.solver.core.impl.solver.DefaultSolver -- Problem scale: genuine entity count (3), genuine variable count (3), approximate value count (6), approximate problem scale (60,480).
19:49:37.789 [main] INFO ai.timefold.solver.core.impl.localsearch.DefaultLocalSearchPhase -- Local Search phase (0) ended: time spent (250), best score ([0/0/0/0/0]hard/[-0.02640168819575719386683469859273262/-17283]soft), move evaluation speed (5919/sec), step total (148).
19:49:37.789 [main] INFO ai.timefold.solver.core.impl.solver.DefaultSolver -- Solving ended: time spent (250), best score ([0/0/0/0/0]hard/[-0.02640168819575719386683469859273262/-17283]soft), move evaluation speed (5848/sec), phase total (1), environment mode (NON_INTRUSIVE_FULL_ASSERT), move thread count (NONE).
19:49:37.817 [main] INFO ai.timefold.solver.core.impl.solver.DefaultSolver -- Solving started: time spent (0), best score ([0/0/0/0/0]hard/[0/-17241]soft), environment mode (NON_INTRUSIVE_FULL_ASSERT), move thread count (NONE), random (seed 17).
19:49:37.818 [main] INFO ai.timefold.solver.core.impl.solver.DefaultSolver -- Problem scale: genuine entity count (3), genuine variable count (3), approximate value count (6), approximate problem scale (60,480).
19:49:38.067 [main] INFO ai.timefold.solver.core.impl.localsearch.DefaultLocalSearchPhase -- Local Search phase (0) ended: time spent (250), best score ([0/0/0/0/0]hard/[0/-16541]soft), move evaluation speed (4931/sec), step total (207).
19:49:38.067 [main] INFO ai.timefold.solver.core.impl.solver.DefaultSolver -- Solving ended: time spent (250), best score ([0/0/0/0/0]hard/[0/-16541]soft), move evaluation speed (4912/sec), phase total (1), environment mode (NON_INTRUSIVE_FULL_ASSERT), move thread count (NONE).
19:49:38.092 [main] INFO ai.timefold.solver.core.impl.solver.DefaultSolver -- Solving started: time spent (1), best score ([0/0/-4/0/0]hard/[0/-3000]soft), environment mode (NON_INTRUSIVE_FULL_ASSERT), move thread count (NONE), random (seed 17).
19:49:38.092 [main] INFO ai.timefold.solver.core.impl.solver.DefaultSolver -- Problem scale: genuine entity count (3), genuine variable count (3), approximate value count (6), approximate problem scale (60,480).
19:49:38.098 [main] INFO ai.timefold.solver.core.impl.constructionheuristic.DefaultConstructionHeuristicPhase -- Construction Heuristic phase (0) ended: time spent (7), best score ([0/0/0/0/0]hard/[0/-9000]soft), move evaluation speed (4333/sec), step total (4).
19:49:38.341 [main] INFO ai.timefold.solver.core.impl.localsearch.DefaultLocalSearchPhase -- Local Search phase (1) ended: time spent (250), best score ([0/0/0/0/0]hard/[0/-9000]soft), move evaluation speed (2358/sec), step total (542).
19:49:38.341 [main] INFO ai.timefold.solver.core.impl.solver.DefaultSolver -- Solving ended: time spent (250), best score ([0/0/0/0/0]hard/[0/-9000]soft), move evaluation speed (2396/sec), phase total (2), environment mode (NON_INTRUSIVE_FULL_ASSERT), move thread count (NONE).
19:49:38.344 [main] INFO ai.timefold.solver.core.impl.solver.DefaultSolver -- Solving started: time spent (1), best score ([0/-21120/0/0/0]hard/[0/-17891]soft), environment mode (NON_INTRUSIVE_FULL_ASSERT), move thread count (NONE), random (seed 17).
19:49:38.344 [main] INFO ai.timefold.solver.core.impl.solver.DefaultSolver -- Problem scale: genuine entity count (3), genuine variable count (3), approximate value count (6), approximate problem scale (60,480).
19:49:38.593 [main] INFO ai.timefold.solver.core.impl.localsearch.DefaultLocalSearchPhase -- Local Search phase (0) ended: time spent (250), best score ([0/0/0/0/0]hard/[0/-16591]soft), move evaluation speed (5755/sec), step total (231).
19:49:38.593 [main] INFO ai.timefold.solver.core.impl.solver.DefaultSolver -- Solving ended: time spent (250), best score ([0/0/0/0/0]hard/[0/-16591]soft), move evaluation speed (5732/sec), phase total (1), environment mode (NON_INTRUSIVE_FULL_ASSERT), move thread count (NONE).
19:49:38.596 [main] INFO ai.timefold.solver.core.impl.solver.DefaultSolver -- Solving started: time spent (1), best score ([0/0/0/0/0]hard/[-0.1131468572778827977315689981096409/-17241]soft), environment mode (NON_INTRUSIVE_FULL_ASSERT), move thread count (NONE), random (seed 17).
19:49:38.596 [main] INFO ai.timefold.solver.core.impl.solver.DefaultSolver -- Problem scale: genuine entity count (3), genuine variable count (3), approximate value count (6), approximate problem scale (60,480).
19:49:38.845 [main] INFO ai.timefold.solver.core.impl.localsearch.DefaultLocalSearchPhase -- Local Search phase (0) ended: time spent (250), best score ([0/0/0/0/0]hard/[-0.02640168819575719386683469859273262/-17283]soft), move evaluation speed (5887/sec), step total (203).
19:49:38.845 [main] INFO ai.timefold.solver.core.impl.solver.DefaultSolver -- Solving ended: time spent (250), best score ([0/0/0/0/0]hard/[-0.02640168819575719386683469859273262/-17283]soft), move evaluation speed (5864/sec), phase total (1), environment mode (NON_INTRUSIVE_FULL_ASSERT), move thread count (NONE).
19:49:38.869 [main] INFO ai.timefold.solver.core.impl.solver.DefaultSolver -- Solving started: time spent (0), best score ([0/0/0/0/0]hard/[0/-17241]soft), environment mode (NON_INTRUSIVE_FULL_ASSERT), move thread count (NONE), random (seed 17).
19:49:38.869 [main] INFO ai.timefold.solver.core.impl.solver.DefaultSolver -- Problem scale: genuine entity count (3), genuine variable count (3), approximate value count (6), approximate problem scale (60,480).
19:49:39.119 [main] INFO ai.timefold.solver.core.impl.localsearch.DefaultLocalSearchPhase -- Local Search phase (0) ended: time spent (250), best score ([0/0/0/0/0]hard/[0/-16541]soft), move evaluation speed (5328/sec), step total (232).
19:49:39.119 [main] INFO ai.timefold.solver.core.impl.solver.DefaultSolver -- Solving ended: time spent (250), best score ([0/0/0/0/0]hard/[0/-16541]soft), move evaluation speed (5328/sec), phase total (1), environment mode (NON_INTRUSIVE_FULL_ASSERT), move thread count (NONE).
19:49:39.145 [main] INFO ai.timefold.solver.core.impl.solver.DefaultSolver -- Solving started: time spent (0), best score ([0/-21120/0/0/0]hard/[0/-17891]soft), environment mode (NON_INTRUSIVE_FULL_ASSERT), move thread count (NONE), random (seed 17).
19:49:39.146 [main] INFO ai.timefold.solver.core.impl.solver.DefaultSolver -- Problem scale: genuine entity count (3), genuine variable count (3), approximate value count (6), approximate problem scale (60,480).
19:49:39.395 [main] INFO ai.timefold.solver.core.impl.localsearch.DefaultLocalSearchPhase -- Local Search phase (0) ended: time spent (250), best score ([0/0/0/0/0]hard/[0/-16591]soft), move evaluation speed (7795/sec), step total (24).
19:49:39.395 [main] INFO ai.timefold.solver.core.impl.solver.DefaultSolver -- Solving ended: time spent (250), best score ([0/0/0/0/0]hard/[0/-16591]soft), move evaluation speed (7764/sec), phase total (1), environment mode (NON_INTRUSIVE_FULL_ASSERT), move thread count (NONE).
19:49:39.398 [main] INFO ai.timefold.solver.core.impl.solver.DefaultSolver -- Solving started: time spent (1), best score ([0/0/0/0/0]hard/[-0.1131468572778827977315689981096409/-17241]soft), environment mode (NON_INTRUSIVE_FULL_ASSERT), move thread count (NONE), random (seed 17).
19:49:39.399 [main] INFO ai.timefold.solver.core.impl.solver.DefaultSolver -- Problem scale: genuine entity count (3), genuine variable count (3), approximate value count (6), approximate problem scale (60,480).
19:49:39.647 [main] INFO ai.timefold.solver.core.impl.localsearch.DefaultLocalSearchPhase -- Local Search phase (0) ended: time spent (250), best score ([0/0/0/0/0]hard/[-0.02640168819575719386683469859273262/-17283]soft), move evaluation speed (5814/sec), step total (138).
19:49:39.647 [main] INFO ai.timefold.solver.core.impl.solver.DefaultSolver -- Solving ended: time spent (250), best score ([0/0/0/0/0]hard/[-0.02640168819575719386683469859273262/-17283]soft), move evaluation speed (5768/sec), phase total (1), environment mode (NON_INTRUSIVE_FULL_ASSERT), move thread count (NONE).
19:49:39.672 [main] INFO ai.timefold.solver.core.impl.solver.DefaultSolver -- Solving started: time spent (0), best score ([0/0/0/0/0]hard/[0/-17241]soft), environment mode (NON_INTRUSIVE_FULL_ASSERT), move thread count (NONE), random (seed 29).
19:49:39.672 [main] INFO ai.timefold.solver.core.impl.solver.DefaultSolver -- Problem scale: genuine entity count (3), genuine variable count (3), approximate value count (6), approximate problem scale (60,480).
19:49:39.921 [main] INFO ai.timefold.solver.core.impl.localsearch.DefaultLocalSearchPhase -- Local Search phase (0) ended: time spent (250), best score ([0/0/0/0/0]hard/[0/-16541]soft), move evaluation speed (8016/sec), step total (20).
19:49:39.922 [main] INFO ai.timefold.solver.core.impl.solver.DefaultSolver -- Solving ended: time spent (250), best score ([0/0/0/0/0]hard/[0/-16541]soft), move evaluation speed (7984/sec), phase total (1), environment mode (NON_INTRUSIVE_FULL_ASSERT), move thread count (NONE).
19:49:39.944 [main] INFO ai.timefold.solver.core.impl.solver.DefaultSolver -- Solving started: time spent (0), best score ([0/0/-4/0/0]hard/[0/-3000]soft), environment mode (NON_INTRUSIVE_FULL_ASSERT), move thread count (NONE), random (seed 29).
19:49:39.944 [main] INFO ai.timefold.solver.core.impl.solver.DefaultSolver -- Problem scale: genuine entity count (3), genuine variable count (3), approximate value count (6), approximate problem scale (60,480).
19:49:39.950 [main] INFO ai.timefold.solver.core.impl.constructionheuristic.DefaultConstructionHeuristicPhase -- Construction Heuristic phase (0) ended: time spent (6), best score ([0/0/0/0/0]hard/[0/-9000]soft), move evaluation speed (4333/sec), step total (4).
19:49:40.194 [main] INFO ai.timefold.solver.core.impl.localsearch.DefaultLocalSearchPhase -- Local Search phase (1) ended: time spent (250), best score ([0/0/0/0/0]hard/[0/-9000]soft), move evaluation speed (8094/sec), step total (20).
19:49:40.194 [main] INFO ai.timefold.solver.core.impl.solver.DefaultSolver -- Solving ended: time spent (250), best score ([0/0/0/0/0]hard/[0/-9000]soft), move evaluation speed (8004/sec), phase total (2), environment mode (NON_INTRUSIVE_FULL_ASSERT), move thread count (NONE).
19:49:40.197 [main] INFO ai.timefold.solver.core.impl.solver.DefaultSolver -- Solving started: time spent (1), best score ([0/-21120/0/0/0]hard/[0/-17891]soft), environment mode (NON_INTRUSIVE_FULL_ASSERT), move thread count (NONE), random (seed 29).
19:49:40.197 [main] INFO ai.timefold.solver.core.impl.solver.DefaultSolver -- Problem scale: genuine entity count (3), genuine variable count (3), approximate value count (6), approximate problem scale (60,480).
19:49:40.446 [main] INFO ai.timefold.solver.core.impl.localsearch.DefaultLocalSearchPhase -- Local Search phase (0) ended: time spent (250), best score ([0/0/0/0/0]hard/[0/-17083]soft), move evaluation speed (7566/sec), step total (19).
19:49:40.446 [main] INFO ai.timefold.solver.core.impl.solver.DefaultSolver -- Solving ended: time spent (250), best score ([0/0/0/0/0]hard/[0/-17083]soft), move evaluation speed (7536/sec), phase total (1), environment mode (NON_INTRUSIVE_FULL_ASSERT), move thread count (NONE).
19:49:40.451 [main] INFO ai.timefold.solver.core.impl.solver.DefaultSolver -- Solving started: time spent (3), best score ([0/0/0/0/0]hard/[-0.1131468572778827977315689981096409/-17241]soft), environment mode (NON_INTRUSIVE_FULL_ASSERT), move thread count (NONE), random (seed 29).
19:49:40.451 [main] INFO ai.timefold.solver.core.impl.solver.DefaultSolver -- Problem scale: genuine entity count (3), genuine variable count (3), approximate value count (6), approximate problem scale (60,480).
19:49:40.698 [main] INFO ai.timefold.solver.core.impl.localsearch.DefaultLocalSearchPhase -- Local Search phase (0) ended: time spent (250), best score ([0/0/0/0/0]hard/[-0.02640168819575719386683469859273262/-17283]soft), move evaluation speed (7578/sec), step total (19).
19:49:40.698 [main] INFO ai.timefold.solver.core.impl.solver.DefaultSolver -- Solving ended: time spent (250), best score ([0/0/0/0/0]hard/[-0.02640168819575719386683469859273262/-17283]soft), move evaluation speed (7488/sec), phase total (1), environment mode (NON_INTRUSIVE_FULL_ASSERT), move thread count (NONE).
19:49:40.716 [main] INFO ai.timefold.solver.core.impl.solver.DefaultSolver -- Solving started: time spent (0), best score ([0/0/0/0/0]hard/[0/-17241]soft), environment mode (NON_INTRUSIVE_FULL_ASSERT), move thread count (NONE), random (seed 29).
19:49:40.716 [main] INFO ai.timefold.solver.core.impl.solver.DefaultSolver -- Problem scale: genuine entity count (3), genuine variable count (3), approximate value count (6), approximate problem scale (60,480).
19:49:40.966 [main] INFO ai.timefold.solver.core.impl.localsearch.DefaultLocalSearchPhase -- Local Search phase (0) ended: time spent (250), best score ([0/0/0/0/0]hard/[0/-16541]soft), move evaluation speed (7964/sec), step total (20).
19:49:40.966 [main] INFO ai.timefold.solver.core.impl.solver.DefaultSolver -- Solving ended: time spent (250), best score ([0/0/0/0/0]hard/[0/-16541]soft), move evaluation speed (7964/sec), phase total (1), environment mode (NON_INTRUSIVE_FULL_ASSERT), move thread count (NONE).
19:49:40.989 [main] INFO ai.timefold.solver.core.impl.solver.DefaultSolver -- Solving started: time spent (0), best score ([0/0/-4/0/0]hard/[0/-3000]soft), environment mode (NON_INTRUSIVE_FULL_ASSERT), move thread count (NONE), random (seed 29).
19:49:40.989 [main] INFO ai.timefold.solver.core.impl.solver.DefaultSolver -- Problem scale: genuine entity count (3), genuine variable count (3), approximate value count (6), approximate problem scale (60,480).
19:49:40.995 [main] INFO ai.timefold.solver.core.impl.constructionheuristic.DefaultConstructionHeuristicPhase -- Construction Heuristic phase (0) ended: time spent (6), best score ([0/0/0/0/0]hard/[0/-9000]soft), move evaluation speed (5200/sec), step total (4).
19:49:41.239 [main] INFO ai.timefold.solver.core.impl.localsearch.DefaultLocalSearchPhase -- Local Search phase (1) ended: time spent (250), best score ([0/0/0/0/0]hard/[0/-9000]soft), move evaluation speed (7364/sec), step total (18).
19:49:41.239 [main] INFO ai.timefold.solver.core.impl.solver.DefaultSolver -- Solving ended: time spent (250), best score ([0/0/0/0/0]hard/[0/-9000]soft), move evaluation speed (7292/sec), phase total (2), environment mode (NON_INTRUSIVE_FULL_ASSERT), move thread count (NONE).
19:49:41.242 [main] INFO ai.timefold.solver.core.impl.solver.DefaultSolver -- Solving started: time spent (0), best score ([0/-21120/0/0/0]hard/[0/-17891]soft), environment mode (NON_INTRUSIVE_FULL_ASSERT), move thread count (NONE), random (seed 29).
19:49:41.242 [main] INFO ai.timefold.solver.core.impl.solver.DefaultSolver -- Problem scale: genuine entity count (3), genuine variable count (3), approximate value count (6), approximate problem scale (60,480).
19:49:41.492 [main] INFO ai.timefold.solver.core.impl.localsearch.DefaultLocalSearchPhase -- Local Search phase (0) ended: time spent (250), best score ([0/0/0/0/0]hard/[0/-17083]soft), move evaluation speed (7960/sec), step total (20).
19:49:41.492 [main] INFO ai.timefold.solver.core.impl.solver.DefaultSolver -- Solving ended: time spent (250), best score ([0/0/0/0/0]hard/[0/-17083]soft), move evaluation speed (7960/sec), phase total (1), environment mode (NON_INTRUSIVE_FULL_ASSERT), move thread count (NONE).
19:49:41.496 [main] INFO ai.timefold.solver.core.impl.solver.DefaultSolver -- Solving started: time spent (2), best score ([0/0/0/0/0]hard/[-0.1131468572778827977315689981096409/-17241]soft), environment mode (NON_INTRUSIVE_FULL_ASSERT), move thread count (NONE), random (seed 29).
19:49:41.496 [main] INFO ai.timefold.solver.core.impl.solver.DefaultSolver -- Problem scale: genuine entity count (3), genuine variable count (3), approximate value count (6), approximate problem scale (60,480).
19:49:41.744 [main] INFO ai.timefold.solver.core.impl.localsearch.DefaultLocalSearchPhase -- Local Search phase (0) ended: time spent (250), best score ([0/0/0/0/0]hard/[-0.02640168819575719386683469859273262/-17283]soft), move evaluation speed (7552/sec), step total (19).
19:49:41.744 [main] INFO ai.timefold.solver.core.impl.solver.DefaultSolver -- Solving ended: time spent (250), best score ([0/0/0/0/0]hard/[-0.02640168819575719386683469859273262/-17283]soft), move evaluation speed (7492/sec), phase total (1), environment mode (NON_INTRUSIVE_FULL_ASSERT), move thread count (NONE).
19:49:41.764 [main] INFO ai.timefold.solver.core.impl.solver.DefaultSolver -- Solving started: time spent (0), best score ([0/0/0/0/0]hard/[0/-17241]soft), environment mode (NON_INTRUSIVE_FULL_ASSERT), move thread count (NONE), random (seed 29).
19:49:41.764 [main] INFO ai.timefold.solver.core.impl.solver.DefaultSolver -- Problem scale: genuine entity count (3), genuine variable count (3), approximate value count (6), approximate problem scale (60,480).
19:49:42.014 [main] INFO ai.timefold.solver.core.impl.localsearch.DefaultLocalSearchPhase -- Local Search phase (0) ended: time spent (250), best score ([0/0/0/0/0]hard/[0/-16541]soft), move evaluation speed (5852/sec), step total (232).
19:49:42.014 [main] INFO ai.timefold.solver.core.impl.solver.DefaultSolver -- Solving ended: time spent (250), best score ([0/0/0/0/0]hard/[0/-16541]soft), move evaluation speed (5852/sec), phase total (1), environment mode (NON_INTRUSIVE_FULL_ASSERT), move thread count (NONE).
19:49:42.032 [main] INFO ai.timefold.solver.core.impl.solver.DefaultSolver -- Solving started: time spent (0), best score ([0/0/-4/0/0]hard/[0/-3000]soft), environment mode (NON_INTRUSIVE_FULL_ASSERT), move thread count (NONE), random (seed 29).
19:49:42.033 [main] INFO ai.timefold.solver.core.impl.solver.DefaultSolver -- Problem scale: genuine entity count (3), genuine variable count (3), approximate value count (6), approximate problem scale (60,480).
19:49:42.038 [main] INFO ai.timefold.solver.core.impl.constructionheuristic.DefaultConstructionHeuristicPhase -- Construction Heuristic phase (0) ended: time spent (6), best score ([0/0/0/0/0]hard/[0/-9000]soft), move evaluation speed (5200/sec), step total (4).
19:49:42.282 [main] INFO ai.timefold.solver.core.impl.localsearch.DefaultLocalSearchPhase -- Local Search phase (1) ended: time spent (250), best score ([0/0/0/0/0]hard/[0/-9000]soft), move evaluation speed (2840/sec), step total (599).
19:49:42.282 [main] INFO ai.timefold.solver.core.impl.solver.DefaultSolver -- Solving ended: time spent (250), best score ([0/0/0/0/0]hard/[0/-9000]soft), move evaluation speed (2876/sec), phase total (2), environment mode (NON_INTRUSIVE_FULL_ASSERT), move thread count (NONE).
19:49:42.284 [main] INFO ai.timefold.solver.core.impl.solver.DefaultSolver -- Solving started: time spent (0), best score ([0/-21120/0/0/0]hard/[0/-17891]soft), environment mode (NON_INTRUSIVE_FULL_ASSERT), move thread count (NONE), random (seed 29).
19:49:42.285 [main] INFO ai.timefold.solver.core.impl.solver.DefaultSolver -- Problem scale: genuine entity count (3), genuine variable count (3), approximate value count (6), approximate problem scale (60,480).
19:49:42.534 [main] INFO ai.timefold.solver.core.impl.localsearch.DefaultLocalSearchPhase -- Local Search phase (0) ended: time spent (250), best score ([0/0/0/0/0]hard/[0/-16591]soft), move evaluation speed (5437/sec), step total (235).
19:49:42.534 [main] INFO ai.timefold.solver.core.impl.solver.DefaultSolver -- Solving ended: time spent (250), best score ([0/0/0/0/0]hard/[0/-16591]soft), move evaluation speed (5416/sec), phase total (1), environment mode (NON_INTRUSIVE_FULL_ASSERT), move thread count (NONE).
19:49:42.537 [main] INFO ai.timefold.solver.core.impl.solver.DefaultSolver -- Solving started: time spent (1), best score ([0/0/0/0/0]hard/[-0.1131468572778827977315689981096409/-17241]soft), environment mode (NON_INTRUSIVE_FULL_ASSERT), move thread count (NONE), random (seed 29).
19:49:42.537 [main] INFO ai.timefold.solver.core.impl.solver.DefaultSolver -- Problem scale: genuine entity count (3), genuine variable count (3), approximate value count (6), approximate problem scale (60,480).
19:49:42.786 [main] INFO ai.timefold.solver.core.impl.localsearch.DefaultLocalSearchPhase -- Local Search phase (0) ended: time spent (250), best score ([0/0/0/0/0]hard/[-0.03217804820415879017013232514177693/-17183]soft), move evaluation speed (6104/sec), step total (240).
19:49:42.786 [main] INFO ai.timefold.solver.core.impl.solver.DefaultSolver -- Solving ended: time spent (250), best score ([0/0/0/0/0]hard/[-0.03217804820415879017013232514177693/-17183]soft), move evaluation speed (6080/sec), phase total (1), environment mode (NON_INTRUSIVE_FULL_ASSERT), move thread count (NONE).
19:49:42.808 [main] INFO ai.timefold.solver.core.impl.solver.DefaultSolver -- Solving started: time spent (0), best score ([0/0/0/0/0]hard/[0/-17241]soft), environment mode (NON_INTRUSIVE_FULL_ASSERT), move thread count (NONE), random (seed 29).
19:49:42.808 [main] INFO ai.timefold.solver.core.impl.solver.DefaultSolver -- Problem scale: genuine entity count (3), genuine variable count (3), approximate value count (6), approximate problem scale (60,480).
19:49:43.058 [main] INFO ai.timefold.solver.core.impl.localsearch.DefaultLocalSearchPhase -- Local Search phase (0) ended: time spent (250), best score ([0/0/0/0/0]hard/[0/-16541]soft), move evaluation speed (5512/sec), step total (232).
19:49:43.058 [main] INFO ai.timefold.solver.core.impl.solver.DefaultSolver -- Solving ended: time spent (250), best score ([0/0/0/0/0]hard/[0/-16541]soft), move evaluation speed (5512/sec), phase total (1), environment mode (NON_INTRUSIVE_FULL_ASSERT), move thread count (NONE).
19:49:43.076 [main] INFO ai.timefold.solver.core.impl.solver.DefaultSolver -- Solving started: time spent (0), best score ([0/0/-4/0/0]hard/[0/-3000]soft), environment mode (NON_INTRUSIVE_FULL_ASSERT), move thread count (NONE), random (seed 29).
19:49:43.076 [main] INFO ai.timefold.solver.core.impl.solver.DefaultSolver -- Problem scale: genuine entity count (3), genuine variable count (3), approximate value count (6), approximate problem scale (60,480).
19:49:43.081 [main] INFO ai.timefold.solver.core.impl.constructionheuristic.DefaultConstructionHeuristicPhase -- Construction Heuristic phase (0) ended: time spent (5), best score ([0/0/0/0/0]hard/[0/-9000]soft), move evaluation speed (5200/sec), step total (4).
19:49:43.326 [main] INFO ai.timefold.solver.core.impl.localsearch.DefaultLocalSearchPhase -- Local Search phase (1) ended: time spent (250), best score ([0/0/0/0/0]hard/[0/-9000]soft), move evaluation speed (2604/sec), step total (594).
19:49:43.326 [main] INFO ai.timefold.solver.core.impl.solver.DefaultSolver -- Solving ended: time spent (250), best score ([0/0/0/0/0]hard/[0/-9000]soft), move evaluation speed (2656/sec), phase total (2), environment mode (NON_INTRUSIVE_FULL_ASSERT), move thread count (NONE).
19:49:43.329 [main] INFO ai.timefold.solver.core.impl.solver.DefaultSolver -- Solving started: time spent (1), best score ([0/-21120/0/0/0]hard/[0/-17891]soft), environment mode (NON_INTRUSIVE_FULL_ASSERT), move thread count (NONE), random (seed 29).
19:49:43.329 [main] INFO ai.timefold.solver.core.impl.solver.DefaultSolver -- Problem scale: genuine entity count (3), genuine variable count (3), approximate value count (6), approximate problem scale (60,480).
19:49:43.578 [main] INFO ai.timefold.solver.core.impl.localsearch.DefaultLocalSearchPhase -- Local Search phase (0) ended: time spent (250), best score ([0/0/0/0/0]hard/[0/-17083]soft), move evaluation speed (5485/sec), step total (327).
19:49:43.578 [main] INFO ai.timefold.solver.core.impl.solver.DefaultSolver -- Solving ended: time spent (250), best score ([0/0/0/0/0]hard/[0/-17083]soft), move evaluation speed (5464/sec), phase total (1), environment mode (NON_INTRUSIVE_FULL_ASSERT), move thread count (NONE).
19:49:43.580 [main] INFO ai.timefold.solver.core.impl.solver.DefaultSolver -- Solving started: time spent (0), best score ([0/0/0/0/0]hard/[-0.1131468572778827977315689981096409/-17241]soft), environment mode (NON_INTRUSIVE_FULL_ASSERT), move thread count (NONE), random (seed 29).
19:49:43.580 [main] INFO ai.timefold.solver.core.impl.solver.DefaultSolver -- Problem scale: genuine entity count (3), genuine variable count (3), approximate value count (6), approximate problem scale (60,480).
19:49:43.830 [main] INFO ai.timefold.solver.core.impl.localsearch.DefaultLocalSearchPhase -- Local Search phase (0) ended: time spent (250), best score ([0/0/0/0/0]hard/[-0.03217804820415879017013232514177693/-17183]soft), move evaluation speed (6512/sec), step total (142).
19:49:43.830 [main] INFO ai.timefold.solver.core.impl.solver.DefaultSolver -- Solving ended: time spent (250), best score ([0/0/0/0/0]hard/[-0.03217804820415879017013232514177693/-17183]soft), move evaluation speed (6512/sec), phase total (1), environment mode (NON_INTRUSIVE_FULL_ASSERT), move thread count (NONE).
19:49:43.851 [main] INFO ai.timefold.solver.core.impl.solver.DefaultSolver -- Solving started: time spent (0), best score ([0/0/0/0/0]hard/[0/-17241]soft), environment mode (NON_INTRUSIVE_FULL_ASSERT), move thread count (NONE), random (seed 29).
19:49:43.851 [main] INFO ai.timefold.solver.core.impl.solver.DefaultSolver -- Problem scale: genuine entity count (3), genuine variable count (3), approximate value count (6), approximate problem scale (60,480).
19:49:44.101 [main] INFO ai.timefold.solver.core.impl.localsearch.DefaultLocalSearchPhase -- Local Search phase (0) ended: time spent (250), best score ([0/0/0/0/0]hard/[0/-16541]soft), move evaluation speed (8272/sec), step total (2).
19:49:44.101 [main] INFO ai.timefold.solver.core.impl.solver.DefaultSolver -- Solving ended: time spent (250), best score ([0/0/0/0/0]hard/[0/-16541]soft), move evaluation speed (8272/sec), phase total (1), environment mode (NON_INTRUSIVE_FULL_ASSERT), move thread count (NONE).
19:49:44.121 [main] INFO ai.timefold.solver.core.impl.solver.DefaultSolver -- Solving started: time spent (0), best score ([0/0/-4/0/0]hard/[0/-3000]soft), environment mode (NON_INTRUSIVE_FULL_ASSERT), move thread count (NONE), random (seed 29).
19:49:44.121 [main] INFO ai.timefold.solver.core.impl.solver.DefaultSolver -- Problem scale: genuine entity count (3), genuine variable count (3), approximate value count (6), approximate problem scale (60,480).
19:49:44.126 [main] INFO ai.timefold.solver.core.impl.constructionheuristic.DefaultConstructionHeuristicPhase -- Construction Heuristic phase (0) ended: time spent (5), best score ([0/0/0/0/0]hard/[0/-9000]soft), move evaluation speed (5200/sec), step total (4).
19:49:44.371 [main] INFO ai.timefold.solver.core.impl.localsearch.DefaultLocalSearchPhase -- Local Search phase (1) ended: time spent (250), best score ([0/0/0/0/0]hard/[0/-9000]soft), move evaluation speed (9000/sec), step total (2).
19:49:44.372 [main] INFO ai.timefold.solver.core.impl.solver.DefaultSolver -- Solving ended: time spent (251), best score ([0/0/0/0/0]hard/[0/-9000]soft), move evaluation speed (8852/sec), phase total (2), environment mode (NON_INTRUSIVE_FULL_ASSERT), move thread count (NONE).
19:49:44.374 [main] INFO ai.timefold.solver.core.impl.solver.DefaultSolver -- Solving started: time spent (0), best score ([0/-21120/0/0/0]hard/[0/-17891]soft), environment mode (NON_INTRUSIVE_FULL_ASSERT), move thread count (NONE), random (seed 29).
19:49:44.374 [main] INFO ai.timefold.solver.core.impl.solver.DefaultSolver -- Problem scale: genuine entity count (3), genuine variable count (3), approximate value count (6), approximate problem scale (60,480).
19:49:44.624 [main] INFO ai.timefold.solver.core.impl.localsearch.DefaultLocalSearchPhase -- Local Search phase (0) ended: time spent (250), best score ([0/-13980/0/0/0]hard/[0/-17733]soft), move evaluation speed (8424/sec), step total (2).
19:49:44.624 [main] INFO ai.timefold.solver.core.impl.solver.DefaultSolver -- Solving ended: time spent (250), best score ([0/-13980/0/0/0]hard/[0/-17733]soft), move evaluation speed (8424/sec), phase total (1), environment mode (NON_INTRUSIVE_FULL_ASSERT), move thread count (NONE).
19:49:44.626 [main] INFO ai.timefold.solver.core.impl.solver.DefaultSolver -- Solving started: time spent (0), best score ([0/0/0/0/0]hard/[-0.1131468572778827977315689981096409/-17241]soft), environment mode (NON_INTRUSIVE_FULL_ASSERT), move thread count (NONE), random (seed 29).
19:49:44.626 [main] INFO ai.timefold.solver.core.impl.solver.DefaultSolver -- Problem scale: genuine entity count (3), genuine variable count (3), approximate value count (6), approximate problem scale (60,480).
19:49:44.876 [main] INFO ai.timefold.solver.core.impl.localsearch.DefaultLocalSearchPhase -- Local Search phase (0) ended: time spent (250), best score ([0/0/0/0/0]hard/[-0.1039943683049779458097038437303088/-16541]soft), move evaluation speed (7352/sec), step total (2).
19:49:44.876 [main] INFO ai.timefold.solver.core.impl.solver.DefaultSolver -- Solving ended: time spent (250), best score ([0/0/0/0/0]hard/[-0.1039943683049779458097038437303088/-16541]soft), move evaluation speed (7352/sec), phase total (1), environment mode (NON_INTRUSIVE_FULL_ASSERT), move thread count (NONE).
19:49:44.893 [main] INFO ai.timefold.solver.core.impl.solver.DefaultSolver -- Solving started: time spent (0), best score ([0/0/0/0/0]hard/[0/-17241]soft), environment mode (NON_INTRUSIVE_FULL_ASSERT), move thread count (NONE), random (seed 29).
19:49:44.894 [main] INFO ai.timefold.solver.core.impl.solver.DefaultSolver -- Problem scale: genuine entity count (3), genuine variable count (3), approximate value count (6), approximate problem scale (60,480).
19:49:45.143 [main] INFO ai.timefold.solver.core.impl.localsearch.DefaultLocalSearchPhase -- Local Search phase (0) ended: time spent (250), best score ([0/0/0/0/0]hard/[0/-16541]soft), move evaluation speed (6634/sec), step total (201).
19:49:45.143 [main] INFO ai.timefold.solver.core.impl.solver.DefaultSolver -- Solving ended: time spent (250), best score ([0/0/0/0/0]hard/[0/-16541]soft), move evaluation speed (6608/sec), phase total (1), environment mode (NON_INTRUSIVE_FULL_ASSERT), move thread count (NONE).
19:49:45.160 [main] INFO ai.timefold.solver.core.impl.solver.DefaultSolver -- Solving started: time spent (0), best score ([0/0/-4/0/0]hard/[0/-3000]soft), environment mode (NON_INTRUSIVE_FULL_ASSERT), move thread count (NONE), random (seed 29).
19:49:45.161 [main] INFO ai.timefold.solver.core.impl.solver.DefaultSolver -- Problem scale: genuine entity count (3), genuine variable count (3), approximate value count (6), approximate problem scale (60,480).
19:49:45.167 [main] INFO ai.timefold.solver.core.impl.constructionheuristic.DefaultConstructionHeuristicPhase -- Construction Heuristic phase (0) ended: time spent (7), best score ([0/0/0/0/0]hard/[0/-9000]soft), move evaluation speed (4333/sec), step total (4).
19:49:45.410 [main] INFO ai.timefold.solver.core.impl.localsearch.DefaultLocalSearchPhase -- Local Search phase (1) ended: time spent (250), best score ([0/0/0/0/0]hard/[0/-9000]soft), move evaluation speed (2905/sec), step total (658).
19:49:45.410 [main] INFO ai.timefold.solver.core.impl.solver.DefaultSolver -- Solving ended: time spent (250), best score ([0/0/0/0/0]hard/[0/-9000]soft), move evaluation speed (2928/sec), phase total (2), environment mode (NON_INTRUSIVE_FULL_ASSERT), move thread count (NONE).
19:49:45.412 [main] INFO ai.timefold.solver.core.impl.solver.DefaultSolver -- Solving started: time spent (0), best score ([0/-21120/0/0/0]hard/[0/-17891]soft), environment mode (NON_INTRUSIVE_FULL_ASSERT), move thread count (NONE), random (seed 29).
19:49:45.412 [main] INFO ai.timefold.solver.core.impl.solver.DefaultSolver -- Problem scale: genuine entity count (3), genuine variable count (3), approximate value count (6), approximate problem scale (60,480).
19:49:45.662 [main] INFO ai.timefold.solver.core.impl.localsearch.DefaultLocalSearchPhase -- Local Search phase (0) ended: time spent (250), best score ([0/0/0/0/0]hard/[0/-16591]soft), move evaluation speed (5880/sec), step total (310).
19:49:45.662 [main] INFO ai.timefold.solver.core.impl.solver.DefaultSolver -- Solving ended: time spent (250), best score ([0/0/0/0/0]hard/[0/-16591]soft), move evaluation speed (5880/sec), phase total (1), environment mode (NON_INTRUSIVE_FULL_ASSERT), move thread count (NONE).
19:49:45.664 [main] INFO ai.timefold.solver.core.impl.solver.DefaultSolver -- Solving started: time spent (0), best score ([0/0/0/0/0]hard/[-0.1131468572778827977315689981096409/-17241]soft), environment mode (NON_INTRUSIVE_FULL_ASSERT), move thread count (NONE), random (seed 29).
19:49:45.664 [main] INFO ai.timefold.solver.core.impl.solver.DefaultSolver -- Problem scale: genuine entity count (3), genuine variable count (3), approximate value count (6), approximate problem scale (60,480).
19:49:45.914 [main] INFO ai.timefold.solver.core.impl.localsearch.DefaultLocalSearchPhase -- Local Search phase (0) ended: time spent (250), best score ([0/0/0/0/0]hard/[-0.03664432179614126684069973294926036/-17033]soft), move evaluation speed (5652/sec), step total (237).
19:49:45.914 [main] INFO ai.timefold.solver.core.impl.solver.DefaultSolver -- Solving ended: time spent (250), best score ([0/0/0/0/0]hard/[-0.03664432179614126684069973294926036/-17033]soft), move evaluation speed (5652/sec), phase total (1), environment mode (NON_INTRUSIVE_FULL_ASSERT), move thread count (NONE).
19:49:45.940 [main] INFO ai.timefold.solver.core.impl.solver.DefaultSolver -- Solving started: time spent (1), best score ([0/0/0/0/0]hard/[0/-17241]soft), environment mode (NON_INTRUSIVE_FULL_ASSERT), move thread count (NONE), random (seed 29).
19:49:45.940 [main] INFO ai.timefold.solver.core.impl.solver.DefaultSolver -- Problem scale: genuine entity count (3), genuine variable count (3), approximate value count (6), approximate problem scale (60,480).
19:49:46.189 [main] INFO ai.timefold.solver.core.impl.localsearch.DefaultLocalSearchPhase -- Local Search phase (0) ended: time spent (250), best score ([0/0/0/0/0]hard/[0/-16541]soft), move evaluation speed (6164/sec), step total (193).
19:49:46.189 [main] INFO ai.timefold.solver.core.impl.solver.DefaultSolver -- Solving ended: time spent (250), best score ([0/0/0/0/0]hard/[0/-16541]soft), move evaluation speed (6140/sec), phase total (1), environment mode (NON_INTRUSIVE_FULL_ASSERT), move thread count (NONE).
19:49:46.211 [main] INFO ai.timefold.solver.core.impl.solver.DefaultSolver -- Solving started: time spent (1), best score ([0/0/-4/0/0]hard/[0/-3000]soft), environment mode (NON_INTRUSIVE_FULL_ASSERT), move thread count (NONE), random (seed 29).
19:49:46.211 [main] INFO ai.timefold.solver.core.impl.solver.DefaultSolver -- Problem scale: genuine entity count (3), genuine variable count (3), approximate value count (6), approximate problem scale (60,480).
19:49:46.216 [main] INFO ai.timefold.solver.core.impl.constructionheuristic.DefaultConstructionHeuristicPhase -- Construction Heuristic phase (0) ended: time spent (6), best score ([0/0/0/0/0]hard/[0/-9000]soft), move evaluation speed (5200/sec), step total (4).
19:49:46.460 [main] INFO ai.timefold.solver.core.impl.localsearch.DefaultLocalSearchPhase -- Local Search phase (1) ended: time spent (250), best score ([0/0/0/0/0]hard/[0/-9000]soft), move evaluation speed (2372/sec), step total (542).
19:49:46.460 [main] INFO ai.timefold.solver.core.impl.solver.DefaultSolver -- Solving ended: time spent (250), best score ([0/0/0/0/0]hard/[0/-9000]soft), move evaluation speed (2420/sec), phase total (2), environment mode (NON_INTRUSIVE_FULL_ASSERT), move thread count (NONE).
19:49:46.463 [main] INFO ai.timefold.solver.core.impl.solver.DefaultSolver -- Solving started: time spent (1), best score ([0/-21120/0/0/0]hard/[0/-17891]soft), environment mode (NON_INTRUSIVE_FULL_ASSERT), move thread count (NONE), random (seed 29).
19:49:46.463 [main] INFO ai.timefold.solver.core.impl.solver.DefaultSolver -- Problem scale: genuine entity count (3), genuine variable count (3), approximate value count (6), approximate problem scale (60,480).
19:49:46.712 [main] INFO ai.timefold.solver.core.impl.localsearch.DefaultLocalSearchPhase -- Local Search phase (0) ended: time spent (250), best score ([0/0/0/0/0]hard/[0/-16591]soft), move evaluation speed (5389/sec), step total (318).
19:49:46.713 [main] INFO ai.timefold.solver.core.impl.solver.DefaultSolver -- Solving ended: time spent (251), best score ([0/0/0/0/0]hard/[0/-16591]soft), move evaluation speed (5346/sec), phase total (1), environment mode (NON_INTRUSIVE_FULL_ASSERT), move thread count (NONE).
19:49:46.715 [main] INFO ai.timefold.solver.core.impl.solver.DefaultSolver -- Solving started: time spent (1), best score ([0/0/0/0/0]hard/[-0.1131468572778827977315689981096409/-17241]soft), environment mode (NON_INTRUSIVE_FULL_ASSERT), move thread count (NONE), random (seed 29).
19:49:46.715 [main] INFO ai.timefold.solver.core.impl.solver.DefaultSolver -- Problem scale: genuine entity count (3), genuine variable count (3), approximate value count (6), approximate problem scale (60,480).
19:49:46.965 [main] INFO ai.timefold.solver.core.impl.localsearch.DefaultLocalSearchPhase -- Local Search phase (0) ended: time spent (251), best score ([0/0/0/0/0]hard/[-0.02640168819575719386683469859273262/-17283]soft), move evaluation speed (6012/sec), step total (131).
19:49:46.965 [main] INFO ai.timefold.solver.core.impl.solver.DefaultSolver -- Solving ended: time spent (251), best score ([0/0/0/0/0]hard/[-0.02640168819575719386683469859273262/-17283]soft), move evaluation speed (5988/sec), phase total (1), environment mode (NON_INTRUSIVE_FULL_ASSERT), move thread count (NONE).
19:49:46.983 [main] INFO ai.timefold.solver.core.impl.solver.DefaultSolver -- Solving started: time spent (0), best score ([0/0/0/0/0]hard/[0/-17241]soft), environment mode (NON_INTRUSIVE_FULL_ASSERT), move thread count (NONE), random (seed 29).
19:49:46.984 [main] INFO ai.timefold.solver.core.impl.solver.DefaultSolver -- Problem scale: genuine entity count (3), genuine variable count (3), approximate value count (6), approximate problem scale (60,480).
19:49:47.233 [main] INFO ai.timefold.solver.core.impl.localsearch.DefaultLocalSearchPhase -- Local Search phase (0) ended: time spent (250), best score ([0/0/0/0/0]hard/[0/-16541]soft), move evaluation speed (5610/sec), step total (246).
19:49:47.233 [main] INFO ai.timefold.solver.core.impl.solver.DefaultSolver -- Solving ended: time spent (250), best score ([0/0/0/0/0]hard/[0/-16541]soft), move evaluation speed (5588/sec), phase total (1), environment mode (NON_INTRUSIVE_FULL_ASSERT), move thread count (NONE).
19:49:47.254 [main] INFO ai.timefold.solver.core.impl.solver.DefaultSolver -- Solving started: time spent (1), best score ([0/-21120/0/0/0]hard/[0/-17891]soft), environment mode (NON_INTRUSIVE_FULL_ASSERT), move thread count (NONE), random (seed 29).
19:49:47.254 [main] INFO ai.timefold.solver.core.impl.solver.DefaultSolver -- Problem scale: genuine entity count (3), genuine variable count (3), approximate value count (6), approximate problem scale (60,480).
19:49:47.503 [main] INFO ai.timefold.solver.core.impl.localsearch.DefaultLocalSearchPhase -- Local Search phase (0) ended: time spent (250), best score ([0/0/0/0/0]hard/[0/-16591]soft), move evaluation speed (5409/sec), step total (232).
19:49:47.503 [main] INFO ai.timefold.solver.core.impl.solver.DefaultSolver -- Solving ended: time spent (250), best score ([0/0/0/0/0]hard/[0/-16591]soft), move evaluation speed (5388/sec), phase total (1), environment mode (NON_INTRUSIVE_FULL_ASSERT), move thread count (NONE).
19:49:47.506 [main] INFO ai.timefold.solver.core.impl.solver.DefaultSolver -- Solving started: time spent (0), best score ([0/0/0/0/0]hard/[-0.1131468572778827977315689981096409/-17241]soft), environment mode (NON_INTRUSIVE_FULL_ASSERT), move thread count (NONE), random (seed 29).
19:49:47.506 [main] INFO ai.timefold.solver.core.impl.solver.DefaultSolver -- Problem scale: genuine entity count (3), genuine variable count (3), approximate value count (6), approximate problem scale (60,480).
19:49:47.756 [main] INFO ai.timefold.solver.core.impl.localsearch.DefaultLocalSearchPhase -- Local Search phase (0) ended: time spent (250), best score ([0/0/0/0/0]hard/[-0.02640168819575719386683469859273262/-17283]soft), move evaluation speed (5844/sec), step total (180).
19:49:47.756 [main] INFO ai.timefold.solver.core.impl.solver.DefaultSolver -- Solving ended: time spent (250), best score ([0/0/0/0/0]hard/[-0.02640168819575719386683469859273262/-17283]soft), move evaluation speed (5844/sec), phase total (1), environment mode (NON_INTRUSIVE_FULL_ASSERT), move thread count (NONE).
19:49:47.774 [main] INFO ai.timefold.solver.core.impl.solver.DefaultSolver -- Solving started: time spent (0), best score ([0/0/0/0/0]hard/[0/-17241]soft), environment mode (NON_INTRUSIVE_FULL_ASSERT), move thread count (NONE), random (seed 41).
19:49:47.775 [main] INFO ai.timefold.solver.core.impl.solver.DefaultSolver -- Problem scale: genuine entity count (3), genuine variable count (3), approximate value count (6), approximate problem scale (60,480).
19:49:48.024 [main] INFO ai.timefold.solver.core.impl.localsearch.DefaultLocalSearchPhase -- Local Search phase (0) ended: time spent (250), best score ([0/0/0/0/0]hard/[0/-16541]soft), move evaluation speed (7730/sec), step total (20).
19:49:48.024 [main] INFO ai.timefold.solver.core.impl.solver.DefaultSolver -- Solving ended: time spent (250), best score ([0/0/0/0/0]hard/[0/-16541]soft), move evaluation speed (7700/sec), phase total (1), environment mode (NON_INTRUSIVE_FULL_ASSERT), move thread count (NONE).
19:49:48.044 [main] INFO ai.timefold.solver.core.impl.solver.DefaultSolver -- Solving started: time spent (0), best score ([0/0/-4/0/0]hard/[0/-3000]soft), environment mode (NON_INTRUSIVE_FULL_ASSERT), move thread count (NONE), random (seed 41).
19:49:48.044 [main] INFO ai.timefold.solver.core.impl.solver.DefaultSolver -- Problem scale: genuine entity count (3), genuine variable count (3), approximate value count (6), approximate problem scale (60,480).
19:49:48.051 [main] INFO ai.timefold.solver.core.impl.constructionheuristic.DefaultConstructionHeuristicPhase -- Construction Heuristic phase (0) ended: time spent (7), best score ([0/0/0/0/0]hard/[0/-9000]soft), move evaluation speed (3714/sec), step total (4).
19:49:48.294 [main] INFO ai.timefold.solver.core.impl.localsearch.DefaultLocalSearchPhase -- Local Search phase (1) ended: time spent (250), best score ([0/0/0/0/0]hard/[0/-9000]soft), move evaluation speed (8279/sec), step total (21).
19:49:48.294 [main] INFO ai.timefold.solver.core.impl.solver.DefaultSolver -- Solving ended: time spent (250), best score ([0/0/0/0/0]hard/[0/-9000]soft), move evaluation speed (8152/sec), phase total (2), environment mode (NON_INTRUSIVE_FULL_ASSERT), move thread count (NONE).
19:49:48.296 [main] INFO ai.timefold.solver.core.impl.solver.DefaultSolver -- Solving started: time spent (0), best score ([0/-21120/0/0/0]hard/[0/-17891]soft), environment mode (NON_INTRUSIVE_FULL_ASSERT), move thread count (NONE), random (seed 41).
19:49:48.296 [main] INFO ai.timefold.solver.core.impl.solver.DefaultSolver -- Problem scale: genuine entity count (3), genuine variable count (3), approximate value count (6), approximate problem scale (60,480).
19:49:48.546 [main] INFO ai.timefold.solver.core.impl.localsearch.DefaultLocalSearchPhase -- Local Search phase (0) ended: time spent (250), best score ([0/0/0/0/0]hard/[0/-17083]soft), move evaluation speed (7736/sec), step total (20).
19:49:48.546 [main] INFO ai.timefold.solver.core.impl.solver.DefaultSolver -- Solving ended: time spent (250), best score ([0/0/0/0/0]hard/[0/-17083]soft), move evaluation speed (7736/sec), phase total (1), environment mode (NON_INTRUSIVE_FULL_ASSERT), move thread count (NONE).
19:49:48.548 [main] INFO ai.timefold.solver.core.impl.solver.DefaultSolver -- Solving started: time spent (0), best score ([0/0/0/0/0]hard/[-0.1131468572778827977315689981096409/-17241]soft), environment mode (NON_INTRUSIVE_FULL_ASSERT), move thread count (NONE), random (seed 41).
19:49:48.548 [main] INFO ai.timefold.solver.core.impl.solver.DefaultSolver -- Problem scale: genuine entity count (3), genuine variable count (3), approximate value count (6), approximate problem scale (60,480).
19:49:48.798 [main] INFO ai.timefold.solver.core.impl.localsearch.DefaultLocalSearchPhase -- Local Search phase (0) ended: time spent (250), best score ([0/0/0/0/0]hard/[-0.03664432179614126684069973294926036/-17033]soft), move evaluation speed (7376/sec), step total (19).
19:49:48.799 [main] INFO ai.timefold.solver.core.impl.solver.DefaultSolver -- Solving ended: time spent (251), best score ([0/0/0/0/0]hard/[-0.03664432179614126684069973294926036/-17033]soft), move evaluation speed (7346/sec), phase total (1), environment mode (NON_INTRUSIVE_FULL_ASSERT), move thread count (NONE).
19:49:48.816 [main] INFO ai.timefold.solver.core.impl.solver.DefaultSolver -- Solving started: time spent (0), best score ([0/0/0/0/0]hard/[0/-17241]soft), environment mode (NON_INTRUSIVE_FULL_ASSERT), move thread count (NONE), random (seed 41).
19:49:48.816 [main] INFO ai.timefold.solver.core.impl.solver.DefaultSolver -- Problem scale: genuine entity count (3), genuine variable count (3), approximate value count (6), approximate problem scale (60,480).
19:49:49.066 [main] INFO ai.timefold.solver.core.impl.localsearch.DefaultLocalSearchPhase -- Local Search phase (0) ended: time spent (250), best score ([0/0/0/0/0]hard/[0/-16541]soft), move evaluation speed (7680/sec), step total (20).
19:49:49.066 [main] INFO ai.timefold.solver.core.impl.solver.DefaultSolver -- Solving ended: time spent (250), best score ([0/0/0/0/0]hard/[0/-16541]soft), move evaluation speed (7680/sec), phase total (1), environment mode (NON_INTRUSIVE_FULL_ASSERT), move thread count (NONE).
19:49:49.080 [main] INFO ai.timefold.solver.core.impl.solver.DefaultSolver -- Solving started: time spent (0), best score ([0/0/-4/0/0]hard/[0/-3000]soft), environment mode (NON_INTRUSIVE_FULL_ASSERT), move thread count (NONE), random (seed 41).
19:49:49.081 [main] INFO ai.timefold.solver.core.impl.solver.DefaultSolver -- Problem scale: genuine entity count (3), genuine variable count (3), approximate value count (6), approximate problem scale (60,480).
19:49:49.084 [main] INFO ai.timefold.solver.core.impl.constructionheuristic.DefaultConstructionHeuristicPhase -- Construction Heuristic phase (0) ended: time spent (4), best score ([0/0/0/0/0]hard/[0/-9000]soft), move evaluation speed (8666/sec), step total (4).
19:49:49.330 [main] INFO ai.timefold.solver.core.impl.localsearch.DefaultLocalSearchPhase -- Local Search phase (1) ended: time spent (250), best score ([0/0/0/0/0]hard/[0/-9000]soft), move evaluation speed (7939/sec), step total (20).
19:49:49.330 [main] INFO ai.timefold.solver.core.impl.solver.DefaultSolver -- Solving ended: time spent (250), best score ([0/0/0/0/0]hard/[0/-9000]soft), move evaluation speed (7916/sec), phase total (2), environment mode (NON_INTRUSIVE_FULL_ASSERT), move thread count (NONE).
19:49:49.332 [main] INFO ai.timefold.solver.core.impl.solver.DefaultSolver -- Solving started: time spent (0), best score ([0/-21120/0/0/0]hard/[0/-17891]soft), environment mode (NON_INTRUSIVE_FULL_ASSERT), move thread count (NONE), random (seed 41).
19:49:49.332 [main] INFO ai.timefold.solver.core.impl.solver.DefaultSolver -- Problem scale: genuine entity count (3), genuine variable count (3), approximate value count (6), approximate problem scale (60,480).
19:49:49.582 [main] INFO ai.timefold.solver.core.impl.localsearch.DefaultLocalSearchPhase -- Local Search phase (0) ended: time spent (250), best score ([0/0/0/0/0]hard/[0/-17083]soft), move evaluation speed (8000/sec), step total (20).
19:49:49.582 [main] INFO ai.timefold.solver.core.impl.solver.DefaultSolver -- Solving ended: time spent (250), best score ([0/0/0/0/0]hard/[0/-17083]soft), move evaluation speed (8000/sec), phase total (1), environment mode (NON_INTRUSIVE_FULL_ASSERT), move thread count (NONE).
19:49:49.584 [main] INFO ai.timefold.solver.core.impl.solver.DefaultSolver -- Solving started: time spent (1), best score ([0/0/0/0/0]hard/[-0.1131468572778827977315689981096409/-17241]soft), environment mode (NON_INTRUSIVE_FULL_ASSERT), move thread count (NONE), random (seed 41).
19:49:49.584 [main] INFO ai.timefold.solver.core.impl.solver.DefaultSolver -- Problem scale: genuine entity count (3), genuine variable count (3), approximate value count (6), approximate problem scale (60,480).
19:49:49.833 [main] INFO ai.timefold.solver.core.impl.localsearch.DefaultLocalSearchPhase -- Local Search phase (0) ended: time spent (250), best score ([0/0/0/0/0]hard/[-0.03664432179614126684069973294926036/-17033]soft), move evaluation speed (7485/sec), step total (19).
19:49:49.833 [main] INFO ai.timefold.solver.core.impl.solver.DefaultSolver -- Solving ended: time spent (250), best score ([0/0/0/0/0]hard/[-0.03664432179614126684069973294926036/-17033]soft), move evaluation speed (7456/sec), phase total (1), environment mode (NON_INTRUSIVE_FULL_ASSERT), move thread count (NONE).
19:49:49.851 [main] INFO ai.timefold.solver.core.impl.solver.DefaultSolver -- Solving started: time spent (1), best score ([0/0/0/0/0]hard/[0/-17241]soft), environment mode (NON_INTRUSIVE_FULL_ASSERT), move thread count (NONE), random (seed 41).
19:49:49.851 [main] INFO ai.timefold.solver.core.impl.solver.DefaultSolver -- Problem scale: genuine entity count (3), genuine variable count (3), approximate value count (6), approximate problem scale (60,480).
19:49:50.100 [main] INFO ai.timefold.solver.core.impl.localsearch.DefaultLocalSearchPhase -- Local Search phase (0) ended: time spent (250), best score ([0/0/0/0/0]hard/[0/-16541]soft), move evaluation speed (6329/sec), step total (259).
19:49:50.100 [main] INFO ai.timefold.solver.core.impl.solver.DefaultSolver -- Solving ended: time spent (250), best score ([0/0/0/0/0]hard/[0/-16541]soft), move evaluation speed (6304/sec), phase total (1), environment mode (NON_INTRUSIVE_FULL_ASSERT), move thread count (NONE).
19:49:50.116 [main] INFO ai.timefold.solver.core.impl.solver.DefaultSolver -- Solving started: time spent (0), best score ([0/0/-4/0/0]hard/[0/-3000]soft), environment mode (NON_INTRUSIVE_FULL_ASSERT), move thread count (NONE), random (seed 41).
19:49:50.116 [main] INFO ai.timefold.solver.core.impl.solver.DefaultSolver -- Problem scale: genuine entity count (3), genuine variable count (3), approximate value count (6), approximate problem scale (60,480).
19:49:50.121 [main] INFO ai.timefold.solver.core.impl.constructionheuristic.DefaultConstructionHeuristicPhase -- Construction Heuristic phase (0) ended: time spent (5), best score ([0/0/0/0/0]hard/[0/-9000]soft), move evaluation speed (5200/sec), step total (4).
19:49:50.366 [main] INFO ai.timefold.solver.core.impl.localsearch.DefaultLocalSearchPhase -- Local Search phase (1) ended: time spent (250), best score ([0/0/0/0/0]hard/[0/-9000]soft), move evaluation speed (3269/sec), step total (707).
19:49:50.366 [main] INFO ai.timefold.solver.core.impl.solver.DefaultSolver -- Solving ended: time spent (250), best score ([0/0/0/0/0]hard/[0/-9000]soft), move evaluation speed (3308/sec), phase total (2), environment mode (NON_INTRUSIVE_FULL_ASSERT), move thread count (NONE).
19:49:50.368 [main] INFO ai.timefold.solver.core.impl.solver.DefaultSolver -- Solving started: time spent (0), best score ([0/-21120/0/0/0]hard/[0/-17891]soft), environment mode (NON_INTRUSIVE_FULL_ASSERT), move thread count (NONE), random (seed 41).
19:49:50.368 [main] INFO ai.timefold.solver.core.impl.solver.DefaultSolver -- Problem scale: genuine entity count (3), genuine variable count (3), approximate value count (6), approximate problem scale (60,480).
19:49:50.618 [main] INFO ai.timefold.solver.core.impl.localsearch.DefaultLocalSearchPhase -- Local Search phase (0) ended: time spent (250), best score ([0/0/0/0/0]hard/[0/-16591]soft), move evaluation speed (5812/sec), step total (338).
19:49:50.618 [main] INFO ai.timefold.solver.core.impl.solver.DefaultSolver -- Solving ended: time spent (250), best score ([0/0/0/0/0]hard/[0/-16591]soft), move evaluation speed (5812/sec), phase total (1), environment mode (NON_INTRUSIVE_FULL_ASSERT), move thread count (NONE).
19:49:50.620 [main] INFO ai.timefold.solver.core.impl.solver.DefaultSolver -- Solving started: time spent (0), best score ([0/0/0/0/0]hard/[-0.1131468572778827977315689981096409/-17241]soft), environment mode (NON_INTRUSIVE_FULL_ASSERT), move thread count (NONE), random (seed 41).
19:49:50.621 [main] INFO ai.timefold.solver.core.impl.solver.DefaultSolver -- Problem scale: genuine entity count (3), genuine variable count (3), approximate value count (6), approximate problem scale (60,480).
19:49:50.870 [main] INFO ai.timefold.solver.core.impl.localsearch.DefaultLocalSearchPhase -- Local Search phase (0) ended: time spent (250), best score ([0/0/0/0/0]hard/[-0.03217804820415879017013232514177693/-17183]soft), move evaluation speed (6485/sec), step total (170).
19:49:50.870 [main] INFO ai.timefold.solver.core.impl.solver.DefaultSolver -- Solving ended: time spent (250), best score ([0/0/0/0/0]hard/[-0.03217804820415879017013232514177693/-17183]soft), move evaluation speed (6460/sec), phase total (1), environment mode (NON_INTRUSIVE_FULL_ASSERT), move thread count (NONE).
19:49:50.888 [main] INFO ai.timefold.solver.core.impl.solver.DefaultSolver -- Solving started: time spent (1), best score ([0/0/0/0/0]hard/[0/-17241]soft), environment mode (NON_INTRUSIVE_FULL_ASSERT), move thread count (NONE), random (seed 41).
19:49:50.888 [main] INFO ai.timefold.solver.core.impl.solver.DefaultSolver -- Problem scale: genuine entity count (3), genuine variable count (3), approximate value count (6), approximate problem scale (60,480).
19:49:51.137 [main] INFO ai.timefold.solver.core.impl.localsearch.DefaultLocalSearchPhase -- Local Search phase (0) ended: time spent (250), best score ([0/0/0/0/0]hard/[0/-16541]soft), move evaluation speed (6253/sec), step total (290).
19:49:51.137 [main] INFO ai.timefold.solver.core.impl.solver.DefaultSolver -- Solving ended: time spent (250), best score ([0/0/0/0/0]hard/[0/-16541]soft), move evaluation speed (6228/sec), phase total (1), environment mode (NON_INTRUSIVE_FULL_ASSERT), move thread count (NONE).
19:49:51.152 [main] INFO ai.timefold.solver.core.impl.solver.DefaultSolver -- Solving started: time spent (0), best score ([0/0/-4/0/0]hard/[0/-3000]soft), environment mode (NON_INTRUSIVE_FULL_ASSERT), move thread count (NONE), random (seed 41).
19:49:51.152 [main] INFO ai.timefold.solver.core.impl.solver.DefaultSolver -- Problem scale: genuine entity count (3), genuine variable count (3), approximate value count (6), approximate problem scale (60,480).
19:49:51.158 [main] INFO ai.timefold.solver.core.impl.constructionheuristic.DefaultConstructionHeuristicPhase -- Construction Heuristic phase (0) ended: time spent (6), best score ([0/0/0/0/0]hard/[0/-9000]soft), move evaluation speed (4333/sec), step total (4).
19:49:51.402 [main] INFO ai.timefold.solver.core.impl.localsearch.DefaultLocalSearchPhase -- Local Search phase (1) ended: time spent (250), best score ([0/0/0/0/0]hard/[0/-9000]soft), move evaluation speed (3086/sec), step total (712).
19:49:51.402 [main] INFO ai.timefold.solver.core.impl.solver.DefaultSolver -- Solving ended: time spent (250), best score ([0/0/0/0/0]hard/[0/-9000]soft), move evaluation speed (3116/sec), phase total (2), environment mode (NON_INTRUSIVE_FULL_ASSERT), move thread count (NONE).
19:49:51.405 [main] INFO ai.timefold.solver.core.impl.solver.DefaultSolver -- Solving started: time spent (1), best score ([0/-21120/0/0/0]hard/[0/-17891]soft), environment mode (NON_INTRUSIVE_FULL_ASSERT), move thread count (NONE), random (seed 41).
19:49:51.405 [main] INFO ai.timefold.solver.core.impl.solver.DefaultSolver -- Problem scale: genuine entity count (3), genuine variable count (3), approximate value count (6), approximate problem scale (60,480).
19:49:51.654 [main] INFO ai.timefold.solver.core.impl.localsearch.DefaultLocalSearchPhase -- Local Search phase (0) ended: time spent (250), best score ([0/0/0/0/0]hard/[0/-16591]soft), move evaluation speed (6313/sec), step total (208).
19:49:51.654 [main] INFO ai.timefold.solver.core.impl.solver.DefaultSolver -- Solving ended: time spent (250), best score ([0/0/0/0/0]hard/[0/-16591]soft), move evaluation speed (6288/sec), phase total (1), environment mode (NON_INTRUSIVE_FULL_ASSERT), move thread count (NONE).
19:49:51.657 [main] INFO ai.timefold.solver.core.impl.solver.DefaultSolver -- Solving started: time spent (2), best score ([0/0/0/0/0]hard/[-0.1131468572778827977315689981096409/-17241]soft), environment mode (NON_INTRUSIVE_FULL_ASSERT), move thread count (NONE), random (seed 41).
19:49:51.657 [main] INFO ai.timefold.solver.core.impl.solver.DefaultSolver -- Problem scale: genuine entity count (3), genuine variable count (3), approximate value count (6), approximate problem scale (60,480).
19:49:51.905 [main] INFO ai.timefold.solver.core.impl.localsearch.DefaultLocalSearchPhase -- Local Search phase (0) ended: time spent (250), best score ([0/0/0/0/0]hard/[-0.03664432179614126684069973294926036/-17033]soft), move evaluation speed (6040/sec), step total (244).
19:49:51.905 [main] INFO ai.timefold.solver.core.impl.solver.DefaultSolver -- Solving ended: time spent (250), best score ([0/0/0/0/0]hard/[-0.03664432179614126684069973294926036/-17033]soft), move evaluation speed (5992/sec), phase total (1), environment mode (NON_INTRUSIVE_FULL_ASSERT), move thread count (NONE).
19:49:51.919 [main] INFO ai.timefold.solver.core.impl.solver.DefaultSolver -- Solving started: time spent (0), best score ([0/0/0/0/0]hard/[0/-17241]soft), environment mode (NON_INTRUSIVE_FULL_ASSERT), move thread count (NONE), random (seed 41).
19:49:51.920 [main] INFO ai.timefold.solver.core.impl.solver.DefaultSolver -- Problem scale: genuine entity count (3), genuine variable count (3), approximate value count (6), approximate problem scale (60,480).
19:49:52.169 [main] INFO ai.timefold.solver.core.impl.localsearch.DefaultLocalSearchPhase -- Local Search phase (0) ended: time spent (250), best score ([0/0/0/0/0]hard/[0/-16541]soft), move evaluation speed (8293/sec), step total (2).
19:49:52.169 [main] INFO ai.timefold.solver.core.impl.solver.DefaultSolver -- Solving ended: time spent (250), best score ([0/0/0/0/0]hard/[0/-16541]soft), move evaluation speed (8260/sec), phase total (1), environment mode (NON_INTRUSIVE_FULL_ASSERT), move thread count (NONE).
19:49:52.183 [main] INFO ai.timefold.solver.core.impl.solver.DefaultSolver -- Solving started: time spent (0), best score ([0/0/-4/0/0]hard/[0/-3000]soft), environment mode (NON_INTRUSIVE_FULL_ASSERT), move thread count (NONE), random (seed 41).
19:49:52.183 [main] INFO ai.timefold.solver.core.impl.solver.DefaultSolver -- Problem scale: genuine entity count (3), genuine variable count (3), approximate value count (6), approximate problem scale (60,480).
19:49:52.189 [main] INFO ai.timefold.solver.core.impl.constructionheuristic.DefaultConstructionHeuristicPhase -- Construction Heuristic phase (0) ended: time spent (6), best score ([0/0/0/0/0]hard/[0/-9000]soft), move evaluation speed (4333/sec), step total (4).
19:49:52.433 [main] INFO ai.timefold.solver.core.impl.localsearch.DefaultLocalSearchPhase -- Local Search phase (1) ended: time spent (250), best score ([0/0/0/0/0]hard/[0/-9000]soft), move evaluation speed (8651/sec), step total (2).
19:49:52.433 [main] INFO ai.timefold.solver.core.impl.solver.DefaultSolver -- Solving ended: time spent (250), best score ([0/0/0/0/0]hard/[0/-9000]soft), move evaluation speed (8548/sec), phase total (2), environment mode (NON_INTRUSIVE_FULL_ASSERT), move thread count (NONE).
19:49:52.435 [main] INFO ai.timefold.solver.core.impl.solver.DefaultSolver -- Solving started: time spent (0), best score ([0/-21120/0/0/0]hard/[0/-17891]soft), environment mode (NON_INTRUSIVE_FULL_ASSERT), move thread count (NONE), random (seed 41).
19:49:52.435 [main] INFO ai.timefold.solver.core.impl.solver.DefaultSolver -- Problem scale: genuine entity count (3), genuine variable count (3), approximate value count (6), approximate problem scale (60,480).
19:49:52.685 [main] INFO ai.timefold.solver.core.impl.localsearch.DefaultLocalSearchPhase -- Local Search phase (0) ended: time spent (250), best score ([0/-13980/0/0/0]hard/[0/-17733]soft), move evaluation speed (8260/sec), step total (2).
19:49:52.685 [main] INFO ai.timefold.solver.core.impl.solver.DefaultSolver -- Solving ended: time spent (250), best score ([0/-13980/0/0/0]hard/[0/-17733]soft), move evaluation speed (8260/sec), phase total (1), environment mode (NON_INTRUSIVE_FULL_ASSERT), move thread count (NONE).
19:49:52.687 [main] INFO ai.timefold.solver.core.impl.solver.DefaultSolver -- Solving started: time spent (0), best score ([0/0/0/0/0]hard/[-0.1131468572778827977315689981096409/-17241]soft), environment mode (NON_INTRUSIVE_FULL_ASSERT), move thread count (NONE), random (seed 41).
19:49:52.687 [main] INFO ai.timefold.solver.core.impl.solver.DefaultSolver -- Problem scale: genuine entity count (3), genuine variable count (3), approximate value count (6), approximate problem scale (60,480).
19:49:52.937 [main] INFO ai.timefold.solver.core.impl.localsearch.DefaultLocalSearchPhase -- Local Search phase (0) ended: time spent (250), best score ([0/0/0/0/0]hard/[-0.1039943683049779458097038437303088/-16541]soft), move evaluation speed (7904/sec), step total (2).
19:49:52.937 [main] INFO ai.timefold.solver.core.impl.solver.DefaultSolver -- Solving ended: time spent (250), best score ([0/0/0/0/0]hard/[-0.1039943683049779458097038437303088/-16541]soft), move evaluation speed (7904/sec), phase total (1), environment mode (NON_INTRUSIVE_FULL_ASSERT), move thread count (NONE).
19:49:52.954 [main] INFO ai.timefold.solver.core.impl.solver.DefaultSolver -- Solving started: time spent (1), best score ([0/0/0/0/0]hard/[0/-17241]soft), environment mode (NON_INTRUSIVE_FULL_ASSERT), move thread count (NONE), random (seed 41).
19:49:52.954 [main] INFO ai.timefold.solver.core.impl.solver.DefaultSolver -- Problem scale: genuine entity count (3), genuine variable count (3), approximate value count (6), approximate problem scale (60,480).
19:49:53.203 [main] INFO ai.timefold.solver.core.impl.localsearch.DefaultLocalSearchPhase -- Local Search phase (0) ended: time spent (250), best score ([0/0/0/0/0]hard/[0/-16541]soft), move evaluation speed (6024/sec), step total (304).
19:49:53.203 [main] INFO ai.timefold.solver.core.impl.solver.DefaultSolver -- Solving ended: time spent (250), best score ([0/0/0/0/0]hard/[0/-16541]soft), move evaluation speed (6000/sec), phase total (1), environment mode (NON_INTRUSIVE_FULL_ASSERT), move thread count (NONE).
19:49:53.219 [main] INFO ai.timefold.solver.core.impl.solver.DefaultSolver -- Solving started: time spent (0), best score ([0/0/-4/0/0]hard/[0/-3000]soft), environment mode (NON_INTRUSIVE_FULL_ASSERT), move thread count (NONE), random (seed 41).
19:49:53.219 [main] INFO ai.timefold.solver.core.impl.solver.DefaultSolver -- Problem scale: genuine entity count (3), genuine variable count (3), approximate value count (6), approximate problem scale (60,480).
19:49:53.224 [main] INFO ai.timefold.solver.core.impl.constructionheuristic.DefaultConstructionHeuristicPhase -- Construction Heuristic phase (0) ended: time spent (5), best score ([0/0/0/0/0]hard/[0/-9000]soft), move evaluation speed (5200/sec), step total (4).
19:49:53.469 [main] INFO ai.timefold.solver.core.impl.localsearch.DefaultLocalSearchPhase -- Local Search phase (1) ended: time spent (250), best score ([0/0/0/0/0]hard/[0/-9000]soft), move evaluation speed (3102/sec), step total (707).
19:49:53.469 [main] INFO ai.timefold.solver.core.impl.solver.DefaultSolver -- Solving ended: time spent (250), best score ([0/0/0/0/0]hard/[0/-9000]soft), move evaluation speed (3144/sec), phase total (2), environment mode (NON_INTRUSIVE_FULL_ASSERT), move thread count (NONE).
19:49:53.471 [main] INFO ai.timefold.solver.core.impl.solver.DefaultSolver -- Solving started: time spent (0), best score ([0/-21120/0/0/0]hard/[0/-17891]soft), environment mode (NON_INTRUSIVE_FULL_ASSERT), move thread count (NONE), random (seed 41).
19:49:53.471 [main] INFO ai.timefold.solver.core.impl.solver.DefaultSolver -- Problem scale: genuine entity count (3), genuine variable count (3), approximate value count (6), approximate problem scale (60,480).
19:49:53.722 [main] INFO ai.timefold.solver.core.impl.localsearch.DefaultLocalSearchPhase -- Local Search phase (0) ended: time spent (251), best score ([0/0/0/0/0]hard/[0/-16591]soft), move evaluation speed (5565/sec), step total (274).
19:49:53.722 [main] INFO ai.timefold.solver.core.impl.solver.DefaultSolver -- Solving ended: time spent (251), best score ([0/0/0/0/0]hard/[0/-16591]soft), move evaluation speed (5565/sec), phase total (1), environment mode (NON_INTRUSIVE_FULL_ASSERT), move thread count (NONE).
19:49:53.724 [main] INFO ai.timefold.solver.core.impl.solver.DefaultSolver -- Solving started: time spent (0), best score ([0/0/0/0/0]hard/[-0.1131468572778827977315689981096409/-17241]soft), environment mode (NON_INTRUSIVE_FULL_ASSERT), move thread count (NONE), random (seed 41).
19:49:53.724 [main] INFO ai.timefold.solver.core.impl.solver.DefaultSolver -- Problem scale: genuine entity count (3), genuine variable count (3), approximate value count (6), approximate problem scale (60,480).
19:49:53.975 [main] INFO ai.timefold.solver.core.impl.localsearch.DefaultLocalSearchPhase -- Local Search phase (0) ended: time spent (251), best score ([0/0/0/0/0]hard/[-0.03664432179614126684069973294926036/-17033]soft), move evaluation speed (5749/sec), step total (224).
19:49:53.975 [main] INFO ai.timefold.solver.core.impl.solver.DefaultSolver -- Solving ended: time spent (251), best score ([0/0/0/0/0]hard/[-0.03664432179614126684069973294926036/-17033]soft), move evaluation speed (5749/sec), phase total (1), environment mode (NON_INTRUSIVE_FULL_ASSERT), move thread count (NONE).
19:49:53.987 [main] INFO ai.timefold.solver.core.impl.solver.DefaultSolver -- Solving started: time spent (0), best score ([0/0/0/0/0]hard/[0/-17241]soft), environment mode (NON_INTRUSIVE_FULL_ASSERT), move thread count (NONE), random (seed 41).
19:49:53.988 [main] INFO ai.timefold.solver.core.impl.solver.DefaultSolver -- Problem scale: genuine entity count (3), genuine variable count (3), approximate value count (6), approximate problem scale (60,480).
19:49:54.237 [main] INFO ai.timefold.solver.core.impl.localsearch.DefaultLocalSearchPhase -- Local Search phase (0) ended: time spent (250), best score ([0/0/0/0/0]hard/[0/-16541]soft), move evaluation speed (7000/sec), step total (140).
19:49:54.237 [main] INFO ai.timefold.solver.core.impl.solver.DefaultSolver -- Solving ended: time spent (250), best score ([0/0/0/0/0]hard/[0/-16541]soft), move evaluation speed (6972/sec), phase total (1), environment mode (NON_INTRUSIVE_FULL_ASSERT), move thread count (NONE).
19:49:54.262 [main] INFO ai.timefold.solver.core.impl.solver.DefaultSolver -- Solving started: time spent (1), best score ([0/0/-4/0/0]hard/[0/-3000]soft), environment mode (NON_INTRUSIVE_FULL_ASSERT), move thread count (NONE), random (seed 41).
19:49:54.262 [main] INFO ai.timefold.solver.core.impl.solver.DefaultSolver -- Problem scale: genuine entity count (3), genuine variable count (3), approximate value count (6), approximate problem scale (60,480).
19:49:54.267 [main] INFO ai.timefold.solver.core.impl.constructionheuristic.DefaultConstructionHeuristicPhase -- Construction Heuristic phase (0) ended: time spent (6), best score ([0/0/0/0/0]hard/[0/-9000]soft), move evaluation speed (5200/sec), step total (4).
19:49:54.511 [main] INFO ai.timefold.solver.core.impl.localsearch.DefaultLocalSearchPhase -- Local Search phase (1) ended: time spent (250), best score ([0/0/0/0/0]hard/[0/-9000]soft), move evaluation speed (2618/sec), step total (601).
19:49:54.511 [main] INFO ai.timefold.solver.core.impl.solver.DefaultSolver -- Solving ended: time spent (250), best score ([0/0/0/0/0]hard/[0/-9000]soft), move evaluation speed (2660/sec), phase total (2), environment mode (NON_INTRUSIVE_FULL_ASSERT), move thread count (NONE).
19:49:54.514 [main] INFO ai.timefold.solver.core.impl.solver.DefaultSolver -- Solving started: time spent (0), best score ([0/-21120/0/0/0]hard/[0/-17891]soft), environment mode (NON_INTRUSIVE_FULL_ASSERT), move thread count (NONE), random (seed 41).
19:49:54.515 [main] INFO ai.timefold.solver.core.impl.solver.DefaultSolver -- Problem scale: genuine entity count (3), genuine variable count (3), approximate value count (6), approximate problem scale (60,480).
19:49:54.764 [main] INFO ai.timefold.solver.core.impl.localsearch.DefaultLocalSearchPhase -- Local Search phase (0) ended: time spent (250), best score ([0/0/0/0/0]hard/[0/-16591]soft), move evaluation speed (5469/sec), step total (245).
19:49:54.764 [main] INFO ai.timefold.solver.core.impl.solver.DefaultSolver -- Solving ended: time spent (250), best score ([0/0/0/0/0]hard/[0/-16591]soft), move evaluation speed (5448/sec), phase total (1), environment mode (NON_INTRUSIVE_FULL_ASSERT), move thread count (NONE).
19:49:54.766 [main] INFO ai.timefold.solver.core.impl.solver.DefaultSolver -- Solving started: time spent (0), best score ([0/0/0/0/0]hard/[-0.1131468572778827977315689981096409/-17241]soft), environment mode (NON_INTRUSIVE_FULL_ASSERT), move thread count (NONE), random (seed 41).
19:49:54.766 [main] INFO ai.timefold.solver.core.impl.solver.DefaultSolver -- Problem scale: genuine entity count (3), genuine variable count (3), approximate value count (6), approximate problem scale (60,480).
19:49:55.016 [main] INFO ai.timefold.solver.core.impl.localsearch.DefaultLocalSearchPhase -- Local Search phase (0) ended: time spent (250), best score ([0/0/0/0/0]hard/[-0.03378898865784499054820415879017014/-17133]soft), move evaluation speed (5988/sec), step total (164).
19:49:55.017 [main] INFO ai.timefold.solver.core.impl.solver.DefaultSolver -- Solving ended: time spent (251), best score ([0/0/0/0/0]hard/[-0.03378898865784499054820415879017014/-17133]soft), move evaluation speed (5964/sec), phase total (1), environment mode (NON_INTRUSIVE_FULL_ASSERT), move thread count (NONE).
19:49:55.033 [main] INFO ai.timefold.solver.core.impl.solver.DefaultSolver -- Solving started: time spent (0), best score ([0/0/0/0/0]hard/[0/-17241]soft), environment mode (NON_INTRUSIVE_FULL_ASSERT), move thread count (NONE), random (seed 41).
19:49:55.033 [main] INFO ai.timefold.solver.core.impl.solver.DefaultSolver -- Problem scale: genuine entity count (3), genuine variable count (3), approximate value count (6), approximate problem scale (60,480).
19:49:55.283 [main] INFO ai.timefold.solver.core.impl.localsearch.DefaultLocalSearchPhase -- Local Search phase (0) ended: time spent (250), best score ([0/0/0/0/0]hard/[0/-16541]soft), move evaluation speed (6192/sec), step total (198).
19:49:55.283 [main] INFO ai.timefold.solver.core.impl.solver.DefaultSolver -- Solving ended: time spent (250), best score ([0/0/0/0/0]hard/[0/-16541]soft), move evaluation speed (6192/sec), phase total (1), environment mode (NON_INTRUSIVE_FULL_ASSERT), move thread count (NONE).
19:49:55.300 [main] INFO ai.timefold.solver.core.impl.solver.DefaultSolver -- Solving started: time spent (1), best score ([0/-21120/0/0/0]hard/[0/-17891]soft), environment mode (NON_INTRUSIVE_FULL_ASSERT), move thread count (NONE), random (seed 41).
19:49:55.300 [main] INFO ai.timefold.solver.core.impl.solver.DefaultSolver -- Problem scale: genuine entity count (3), genuine variable count (3), approximate value count (6), approximate problem scale (60,480).
19:49:55.549 [main] INFO ai.timefold.solver.core.impl.localsearch.DefaultLocalSearchPhase -- Local Search phase (0) ended: time spent (250), best score ([0/0/0/0/0]hard/[0/-16591]soft), move evaluation speed (5068/sec), step total (248).
19:49:55.549 [main] INFO ai.timefold.solver.core.impl.solver.DefaultSolver -- Solving ended: time spent (250), best score ([0/0/0/0/0]hard/[0/-16591]soft), move evaluation speed (5048/sec), phase total (1), environment mode (NON_INTRUSIVE_FULL_ASSERT), move thread count (NONE).
19:49:55.551 [main] INFO ai.timefold.solver.core.impl.solver.DefaultSolver -- Solving started: time spent (0), best score ([0/0/0/0/0]hard/[-0.1131468572778827977315689981096409/-17241]soft), environment mode (NON_INTRUSIVE_FULL_ASSERT), move thread count (NONE), random (seed 41).
19:49:55.551 [main] INFO ai.timefold.solver.core.impl.solver.DefaultSolver -- Problem scale: genuine entity count (3), genuine variable count (3), approximate value count (6), approximate problem scale (60,480).
19:49:55.801 [main] INFO ai.timefold.solver.core.impl.localsearch.DefaultLocalSearchPhase -- Local Search phase (0) ended: time spent (250), best score ([0/0/0/0/0]hard/[-0.02640168819575719386683469859273262/-17283]soft), move evaluation speed (5944/sec), step total (151).
19:49:55.801 [main] INFO ai.timefold.solver.core.impl.solver.DefaultSolver -- Solving ended: time spent (250), best score ([0/0/0/0/0]hard/[-0.02640168819575719386683469859273262/-17283]soft), move evaluation speed (5944/sec), phase total (1), environment mode (NON_INTRUSIVE_FULL_ASSERT), move thread count (NONE).
[INFO] Tests run: 1, Failures: 0, Errors: 0, Skipped: 0, Time elapsed: 25.17 s -- in dev.waterflex.scheduler.optimizer.AssertionCampaignTest
[INFO] 
[INFO] Results:
[INFO] 
[INFO] Tests run: 1, Failures: 0, Errors: 0, Skipped: 0
[INFO] 
[INFO] ------------------------------------------------------------------------
[INFO] BUILD SUCCESS
[INFO] ------------------------------------------------------------------------
[INFO] Total time:  27.082 s
[INFO] Finished at: 2026-10-06T19:49:55-05:00
[INFO] ------------------------------------------------------------------------
