WARNING: A restricted method in java.lang.System has been called
WARNING: java.lang.System::load has been called by org.fusesource.jansi.internal.JansiLoader in an unnamed module (file:/C:/Users/mcgee/.m2/wrapper/dists/apache-maven-3.9.16-bin/4200fbc6/apache-maven-3.9.16/lib/jansi-2.4.3.jar)
WARNING: Use --enable-native-access=ALL-UNNAMED to avoid a warning for callers in this module
WARNING: Restricted methods will be blocked in a future release unless native access is enabled

[INFO] Scanning for projects...
[INFO] ------------------------------------------------------------------------
[INFO] Reactor Build Order:
[INFO] 
[INFO] calculation-engine                                                 [jar]
[INFO] solver-service                                                     [jar]
[INFO] scheduler-service                                                  [jar]
[INFO] routing-service                                                    [jar]
[INFO] waterflex-scheduler                                                [pom]
[INFO] 
[INFO] ------------------< dev.waterflex:calculation-engine >------------------
[INFO] Building calculation-engine 0.1.0-SNAPSHOT                         [1/5]
[INFO]   from calculation-engine\pom.xml
[INFO] --------------------------------[ jar ]---------------------------------
[INFO] 
[INFO] --- clean:3.5.0:clean (default-clean) @ calculation-engine ---
[INFO] Deleting C:\Users\mcgee\OneDrive\Desktop\waterflex\waterflex-scheduler-java\calculation-engine\target
[INFO] 
[INFO] --- resources:3.5.0:resources (default-resources) @ calculation-engine ---
[INFO] Copying 0 resource from src\main\resources to target\classes
[INFO] Copying 1 resource from src\main\resources to target\classes
[INFO] 
[INFO] --- compiler:3.15.0:compile (default-compile) @ calculation-engine ---
[INFO] Recompiling the module because of changed source code.
[INFO] Compiling with eclipse [debug parameters release 25] to target\classes
[INFO] C:\Users\mcgee\OneDrive\Desktop\waterflex\waterflex-scheduler-java\calculation-engine\src\main\java\dev\waterflex\scheduler\BookingSnapshot.java:[190,26] Unsafe null type conversion (type annotations): The value of type 'java.util.AbstractMap.@NonNull SimpleImmutableEntry<java.lang.@NonNull String,dev.waterflex.scheduler.BookingSnapshot.@NonNull Visit>' is made accessible using the less-annotated type 'java.util.Map.Entry<java.lang.String,dev.waterflex.scheduler.BookingSnapshot.Visit>', corresponding supertype is 'java.util.Map.Entry<java.lang.@NonNull String,dev.waterflex.scheduler.BookingSnapshot.@NonNull Visit>'
[INFO] C:\Users\mcgee\OneDrive\Desktop\waterflex\waterflex-scheduler-java\calculation-engine\src\main\java\dev\waterflex\scheduler\BoundedBookingSearch.java:[489,34] Unsafe null type conversion (type annotations): The value of type 'java.util.Optional<dev.waterflex.scheduler.BoundedBookingSearch.@NonNull Ranked>' is made accessible using the less-annotated type 'java.util.Optional<dev.waterflex.scheduler.BoundedBookingSearch.Ranked>'
[INFO] C:\Users\mcgee\OneDrive\Desktop\waterflex\waterflex-scheduler-java\calculation-engine\src\main\java\dev\waterflex\scheduler\optimizer\DailyCalculation.java:[16,100] Unsafe null type conversion (type annotations): The value of type 'java.util.List<dev.waterflex.scheduler.optimizer.DailySolver.@NonNull Phase>' is made accessible using the less-annotated type 'java.util.@Nullable List<dev.waterflex.scheduler.optimizer.DailySolver.Phase>'
[INFO] C:\Users\mcgee\OneDrive\Desktop\waterflex\waterflex-scheduler-java\calculation-engine\src\main\java\dev\waterflex\scheduler\optimizer\DailyOutcome.java:[13,33] Unsafe null type conversion (type annotations): The value of type 'java.util.@NonNull List<java.lang.@NonNull String>' is made accessible using the less-annotated type 'java.util.List<java.lang.String>'
[INFO] C:\Users\mcgee\OneDrive\Desktop\waterflex\waterflex-scheduler-java\calculation-engine\src\main\java\dev\waterflex\scheduler\optimizer\DayPlan.java:[64,16] Unsafe null type conversion (type annotations): The value of type 'java.util.@NonNull List<java.lang.@NonNull String>' is made accessible using the less-annotated type 'java.util.@NonNull List<java.lang.String>'
[INFO] C:\Users\mcgee\OneDrive\Desktop\waterflex\waterflex-scheduler-java\calculation-engine\src\main\java\dev\waterflex\scheduler\optimizer\TechRoute.java:[53,17] Unsafe null type conversion (type annotations): The value of type 'java.util.@NonNull List<java.lang.@NonNull String>' is made accessible using the less-annotated type 'java.util.@NonNull List<java.lang.String>'
[INFO] 
[INFO] --- resources:3.5.0:testResources (default-testResources) @ calculation-engine ---
[INFO] skip non existing resourceDirectory C:\Users\mcgee\OneDrive\Desktop\waterflex\waterflex-scheduler-java\calculation-engine\src\test\resources
[INFO] 
[INFO] --- compiler:3.15.0:testCompile (default-testCompile) @ calculation-engine ---
[INFO] No sources to compile
[INFO] 
[INFO] --- surefire:3.5.6:test (default-test) @ calculation-engine ---
[INFO] No tests to run.
[INFO] 
[INFO] --- jar:3.5.1:jar (default-jar) @ calculation-engine ---
[INFO] Building jar: C:\Users\mcgee\OneDrive\Desktop\waterflex\waterflex-scheduler-java\calculation-engine\target\calculation-engine-0.1.0-SNAPSHOT.jar
[INFO] 
[INFO] --------------------< dev.waterflex:solver-service >--------------------
[INFO] Building solver-service 0.1.0-SNAPSHOT                             [2/5]
[INFO]   from solver-service\pom.xml
[INFO] --------------------------------[ jar ]---------------------------------
[INFO] 
[INFO] --- clean:3.5.0:clean (default-clean) @ solver-service ---
[INFO] Deleting C:\Users\mcgee\OneDrive\Desktop\waterflex\waterflex-scheduler-java\solver-service\target
[INFO] 
[INFO] --- resources:3.5.0:resources (default-resources) @ solver-service ---
[INFO] Copying 1 resource from src\main\resources to target\classes
[INFO] Copying 0 resource from src\main\resources to target\classes
[INFO] 
[INFO] --- compiler:3.15.0:compile (default-compile) @ solver-service ---
[INFO] Recompiling the module because of changed dependency.
[INFO] Compiling with eclipse [debug parameters release 25] to target\classes
[INFO] 
[INFO] --- resources:3.5.0:testResources (default-testResources) @ solver-service ---
[INFO] Copying 1 resource from src\test\resources to target\test-classes
[INFO] 
[INFO] --- compiler:3.15.0:testCompile (default-testCompile) @ solver-service ---
[INFO] Recompiling the module because of changed dependency.
[INFO] Compiling with eclipse [debug parameters release 25] to target\test-classes
[INFO] C:\Users\mcgee\OneDrive\Desktop\waterflex\waterflex-scheduler-java\solver-service\src\test\java\dev\waterflex\solver\ReplayFixture.java:[18,42] Unsafe null type conversion (type annotations): The value of type 'java.util.Map<java.lang.String,dev.waterflex.scheduler.BookingSnapshot.@NonNull Technician>' is made accessible using the less-annotated type 'java.util.@Nullable Map<java.lang.String,dev.waterflex.scheduler.BookingSnapshot.Technician>'
[INFO] C:\Users\mcgee\OneDrive\Desktop\waterflex\waterflex-scheduler-java\solver-service\src\test\java\dev\waterflex\solver\ReplayFixture.java:[18,75] Unsafe null type conversion (type annotations): The value of type 'java.util.Map<java.lang.String,dev.waterflex.scheduler.BookingSnapshot.@NonNull Visit>' is made accessible using the less-annotated type 'java.util.@Nullable Map<java.lang.String,dev.waterflex.scheduler.BookingSnapshot.Visit>'
[INFO] C:\Users\mcgee\OneDrive\Desktop\waterflex\waterflex-scheduler-java\solver-service\src\test\java\dev\waterflex\solver\SolverReplayTest.java:[45,58] Unsafe null type conversion (type annotations): The value of type 'java.util.Map<java.lang.String,dev.waterflex.scheduler.BookingSnapshot.@NonNull Technician>' is made accessible using the less-annotated type 'java.util.@Nullable Map<java.lang.String,dev.waterflex.scheduler.BookingSnapshot.Technician>'
[INFO] C:\Users\mcgee\OneDrive\Desktop\waterflex\waterflex-scheduler-java\solver-service\src\test\java\dev\waterflex\solver\SolverReplayTest.java:[45,94] Unsafe null type conversion (type annotations): The value of type 'java.util.Map<java.lang.String,dev.waterflex.scheduler.BookingSnapshot.@NonNull Visit>' is made accessible using the less-annotated type 'java.util.@Nullable Map<java.lang.String,dev.waterflex.scheduler.BookingSnapshot.Visit>'
[INFO] C:\Users\mcgee\OneDrive\Desktop\waterflex\waterflex-scheduler-java\solver-service\src\test\java\dev\waterflex\solver\SolverReplayTest.java:[102,70] Unsafe null type conversion (type annotations): The value of type 'java.util.List<dev.waterflex.scheduler.BoundedBookingSearch.@NonNull Candidate>' is made accessible using the less-annotated type 'java.util.@Nullable List<dev.waterflex.scheduler.BoundedBookingSearch.Candidate>'
[INFO] 
[INFO] --- surefire:3.5.6:test (default-test) @ solver-service ---
[INFO] Using auto detected provider org.apache.maven.surefire.junitplatform.JUnitPlatformProvider
[INFO] 
[INFO] -------------------------------------------------------
[INFO]  T E S T S
[INFO] -------------------------------------------------------
[INFO] Running dev.waterflex.solver.HttpCalculationCancellationTest
[INFO] Tests run: 1, Failures: 0, Errors: 0, Skipped: 0, Time elapsed: 0.454 s -- in dev.waterflex.solver.HttpCalculationCancellationTest
[INFO] Running dev.waterflex.solver.SolverCancellationTest
Mockito is currently self-attaching to enable the inline-mock-maker. This will no longer work in future releases of the JDK. Please add Mockito as an agent to your build as described in Mockito's documentation: https://javadoc.io/doc/org.mockito/mockito-core/latest/org.mockito/org/mockito/Mockito.html#0.3
WARNING: A Java agent has been loaded dynamically (C:\Users\mcgee\.m2\repository\net\bytebuddy\byte-buddy-agent\1.18.11\byte-buddy-agent-1.18.11.jar)
WARNING: If a serviceability tool is in use, please run with -XX:+EnableDynamicAgentLoading to hide this warning
WARNING: If a serviceability tool is not in use, please run with -Djdk.instrument.traceUsage for more information
WARNING: Dynamic loading of agents will be disallowed by default in a future release
Java HotSpot(TM) 64-Bit Server VM warning: Sharing is only supported for boot loader classes because bootstrap classpath has been appended
[INFO] Tests run: 2, Failures: 0, Errors: 0, Skipped: 0, Time elapsed: 0.697 s -- in dev.waterflex.solver.SolverCancellationTest
[INFO] Running dev.waterflex.solver.SolverReplayTest
20:14:23.893 [main] INFO org.springframework.test.context.support.AnnotationConfigContextLoaderUtils -- Could not detect default configuration classes for test class [dev.waterflex.solver.SolverReplayTest]: SolverReplayTest does not declare any static, non-private, non-final, nested classes annotated with @Configuration.
20:14:24.024 [main] INFO org.springframework.boot.test.context.SpringBootTestContextBootstrapper -- Found @SpringBootConfiguration dev.waterflex.solver.SolverApplication for test class dev.waterflex.solver.SolverReplayTest
20:14:24.088 [main] INFO org.springframework.test.context.support.AnnotationConfigContextLoaderUtils -- Could not detect default configuration classes for test class [dev.waterflex.solver.SolverReplayTest]: SolverReplayTest does not declare any static, non-private, non-final, nested classes annotated with @Configuration.
20:14:24.090 [main] INFO org.springframework.boot.test.context.SpringBootTestContextBootstrapper -- Found @SpringBootConfiguration dev.waterflex.solver.SolverApplication for test class dev.waterflex.solver.SolverReplayTest

  .   ____          _            __ _ _
 /\\ / ___'_ __ _ _(_)_ __  __ _ \ \ \ \
( ( )\___ | '_ | '_| | '_ \/ _` | \ \ \ \
 \\/  ___)| |_)| | | | | || (_| |  ) ) ) )
  '  |____| .__|_| |_|_| |_\__, | / / / /
 =========|_|==============|___/=/_/_/_/

 :: Spring Boot ::                (v4.1.1)

2026-10-06T20:14:24.288-05:00  INFO 53100 --- [           main] dev.waterflex.solver.SolverReplayTest    : Starting SolverReplayTest using Java 25.0.1 with PID 53100 (started by mcgee in C:\Users\mcgee\OneDrive\Desktop\waterflex\waterflex-scheduler-java\solver-service)
2026-10-06T20:14:24.288-05:00  INFO 53100 --- [           main] dev.waterflex.solver.SolverReplayTest    : No active profile set, falling back to 1 default profile: "default"
2026-10-06T20:14:24.799-05:00  INFO 53100 --- [           main] o.s.boot.tomcat.TomcatWebServer          : Tomcat initialized with port 0 (http)
2026-10-06T20:14:24.808-05:00  INFO 53100 --- [           main] o.apache.catalina.core.StandardService   : Starting service [Tomcat]
2026-10-06T20:14:24.808-05:00  INFO 53100 --- [           main] o.apache.catalina.core.StandardEngine    : Starting Servlet engine: [Apache Tomcat/11.0.24]
2026-10-06T20:14:24.844-05:00  INFO 53100 --- [           main] b.w.c.s.WebApplicationContextInitializer : Root WebApplicationContext: initialization completed in 544 ms
2026-10-06T20:14:25.546-05:00  INFO 53100 --- [           main] o.s.boot.tomcat.TomcatWebServer          : Tomcat started on port 57017 (http) with context path '/'
2026-10-06T20:14:25.549-05:00  INFO 53100 --- [           main] dev.waterflex.solver.SolverReplayTest    : Started SolverReplayTest in 1.43 seconds (process running for 3.273)
2026-10-06T20:14:25.648-05:00  INFO 53100 --- [1-auto-1-exec-2] o.a.c.c.C.[Tomcat].[localhost].[/]       : Initializing Spring DispatcherServlet 'dispatcherServlet'
2026-10-06T20:14:25.648-05:00  INFO 53100 --- [1-auto-1-exec-2] o.s.web.servlet.DispatcherServlet        : Initializing Servlet 'dispatcherServlet'
2026-10-06T20:14:25.649-05:00  INFO 53100 --- [1-auto-1-exec-2] o.s.web.servlet.DispatcherServlet        : Completed initialization in 1 ms
2026-10-06T20:14:25.892-05:00  INFO 53100 --- [0b-abfc580d3e6d] a.t.s.core.impl.solver.DefaultSolver     : Solving started: time spent (3), best score ([0/0/-2/0/0]hard/[0/0]soft), environment mode (NO_ASSERT), move thread count (NONE), random (seed 17).
2026-10-06T20:14:25.893-05:00  INFO 53100 --- [0b-abfc580d3e6d] a.t.s.core.impl.solver.DefaultSolver     : Problem scale: genuine entity count (2), genuine variable count (2), approximate value count (2), approximate problem scale (12).
2026-10-06T20:14:25.903-05:00  INFO 53100 --- [0b-abfc580d3e6d] .c.i.c.DefaultConstructionHeuristicPhase : Construction Heuristic phase (0) ended: time spent (14), best score ([0/0/0/0/0]hard/[0/-4604]soft), move evaluation speed (777/sec), step total (2).
2026-10-06T20:14:26.397-05:00  INFO 53100 --- [0b-abfc580d3e6d] a.t.s.c.i.l.DefaultLocalSearchPhase      : Local Search phase (1) ended: time spent (508), best score ([0/0/0/0/0]hard/[0/-4604]soft), move evaluation speed (203252/sec), step total (1000).
2026-10-06T20:14:26.399-05:00  INFO 53100 --- [0b-abfc580d3e6d] a.t.s.core.impl.solver.DefaultSolver     : Solving ended: time spent (509), best score ([0/0/0/0/0]hard/[0/-4604]soft), move evaluation speed (196477/sec), phase total (2), environment mode (NO_ASSERT), move thread count (NONE).
2026-10-06T20:14:26.413-05:00  INFO 53100 --- [0b-abfc580d3e6d] a.t.s.core.impl.solver.DefaultSolver     : Solving started: time spent (2), best score ([0/0/0/0/0]hard/[-0.03567901234567901234567901234567903/-4604]soft), environment mode (NO_ASSERT), move thread count (NONE), random (seed 17).
2026-10-06T20:14:26.413-05:00  INFO 53100 --- [0b-abfc580d3e6d] a.t.s.core.impl.solver.DefaultSolver     : Problem scale: genuine entity count (2), genuine variable count (2), approximate value count (2), approximate problem scale (12).
2026-10-06T20:14:27.180-05:00  INFO 53100 --- [0b-abfc580d3e6d] a.t.s.c.i.l.DefaultLocalSearchPhase      : Local Search phase (0) ended: time spent (769), best score ([0/0/0/0/0]hard/[-0.000007716049382716049382716049382715894/-4680]soft), move evaluation speed (130378/sec), step total (1000).
2026-10-06T20:14:27.180-05:00  INFO 53100 --- [0b-abfc580d3e6d] a.t.s.core.impl.solver.DefaultSolver     : Solving ended: time spent (769), best score ([0/0/0/0/0]hard/[-0.000007716049382716049382716049382715894/-4680]soft), move evaluation speed (130039/sec), phase total (1), environment mode (NO_ASSERT), move thread count (NONE).
2026-10-06T20:14:27.321-05:00  INFO 53100 --- [67-998311d6954f] a.t.s.core.impl.solver.DefaultSolver     : Solving started: time spent (1), best score ([0/0/0/0/0]hard/[0/-4680]soft), environment mode (NO_ASSERT), move thread count (NONE), random (seed 17).
2026-10-06T20:14:27.322-05:00  INFO 53100 --- [67-998311d6954f] a.t.s.core.impl.solver.DefaultSolver     : Problem scale: genuine entity count (2), genuine variable count (2), approximate value count (2), approximate problem scale (12).
2026-10-06T20:14:27.572-05:00  INFO 53100 --- [67-998311d6954f] a.t.s.c.i.l.DefaultLocalSearchPhase      : Local Search phase (0) ended: time spent (252), best score ([0/0/0/0/0]hard/[0/-4604]soft), move evaluation speed (400000/sec), step total (1000).
2026-10-06T20:14:27.572-05:00  INFO 53100 --- [67-998311d6954f] a.t.s.core.impl.solver.DefaultSolver     : Solving ended: time spent (252), best score ([0/0/0/0/0]hard/[0/-4604]soft), move evaluation speed (396825/sec), phase total (1), environment mode (NO_ASSERT), move thread count (NONE).
2026-10-06T20:14:27.576-05:00  INFO 53100 --- [67-998311d6954f] a.t.s.core.impl.solver.DefaultSolver     : Solving started: time spent (1), best score ([0/0/0/0/0]hard/[-0.03567901234567901234567901234567903/-4604]soft), environment mode (NO_ASSERT), move thread count (NONE), random (seed 17).
2026-10-06T20:14:27.576-05:00  INFO 53100 --- [67-998311d6954f] a.t.s.core.impl.solver.DefaultSolver     : Problem scale: genuine entity count (2), genuine variable count (2), approximate value count (2), approximate problem scale (12).
2026-10-06T20:14:28.030-05:00  INFO 53100 --- [67-998311d6954f] a.t.s.c.i.l.DefaultLocalSearchPhase      : Local Search phase (0) ended: time spent (455), best score ([0/0/0/0/0]hard/[-0.000007716049382716049382716049382715894/-4680]soft), move evaluation speed (220264/sec), step total (1000).
2026-10-06T20:14:28.030-05:00  INFO 53100 --- [67-998311d6954f] a.t.s.core.impl.solver.DefaultSolver     : Solving ended: time spent (455), best score ([0/0/0/0/0]hard/[-0.000007716049382716049382716049382715894/-4680]soft), move evaluation speed (219780/sec), phase total (1), environment mode (NO_ASSERT), move thread count (NONE).
2026-10-06T20:14:28.037-05:00  INFO 53100 --- [2a-5fab4c8eeab1] a.t.s.core.impl.solver.DefaultSolver     : Solving started: time spent (1), best score ([0/0/0/0/0]hard/[0/-4680]soft), environment mode (NO_ASSERT), move thread count (NONE), random (seed 17).
2026-10-06T20:14:28.037-05:00  INFO 53100 --- [2a-5fab4c8eeab1] a.t.s.core.impl.solver.DefaultSolver     : Problem scale: genuine entity count (2), genuine variable count (2), approximate value count (2), approximate problem scale (12).
2026-10-06T20:14:28.244-05:00  INFO 53100 --- [2a-5fab4c8eeab1] a.t.s.c.i.l.DefaultLocalSearchPhase      : Local Search phase (0) ended: time spent (208), best score ([0/0/0/0/0]hard/[0/-4604]soft), move evaluation speed (483091/sec), step total (1000).
2026-10-06T20:14:28.244-05:00  INFO 53100 --- [2a-5fab4c8eeab1] a.t.s.core.impl.solver.DefaultSolver     : Solving ended: time spent (208), best score ([0/0/0/0/0]hard/[0/-4604]soft), move evaluation speed (480769/sec), phase total (1), environment mode (NO_ASSERT), move thread count (NONE).
2026-10-06T20:14:28.248-05:00  INFO 53100 --- [2a-5fab4c8eeab1] a.t.s.core.impl.solver.DefaultSolver     : Solving started: time spent (1), best score ([0/0/0/0/0]hard/[-0.03567901234567901234567901234567903/-4604]soft), environment mode (NO_ASSERT), move thread count (NONE), random (seed 17).
2026-10-06T20:14:28.248-05:00  INFO 53100 --- [2a-5fab4c8eeab1] a.t.s.core.impl.solver.DefaultSolver     : Problem scale: genuine entity count (2), genuine variable count (2), approximate value count (2), approximate problem scale (12).
2026-10-06T20:14:28.704-05:00  INFO 53100 --- [2a-5fab4c8eeab1] a.t.s.c.i.l.DefaultLocalSearchPhase      : Local Search phase (0) ended: time spent (456), best score ([0/0/0/0/0]hard/[-0.000007716049382716049382716049382715894/-4680]soft), move evaluation speed (219780/sec), step total (1000).
2026-10-06T20:14:28.704-05:00  INFO 53100 --- [2a-5fab4c8eeab1] a.t.s.core.impl.solver.DefaultSolver     : Solving ended: time spent (457), best score ([0/0/0/0/0]hard/[-0.000007716049382716049382716049382715894/-4680]soft), move evaluation speed (218818/sec), phase total (1), environment mode (NO_ASSERT), move thread count (NONE).
[INFO] Tests run: 8, Failures: 0, Errors: 0, Skipped: 0, Time elapsed: 4.897 s -- in dev.waterflex.solver.SolverReplayTest
[INFO] 
[INFO] Results:
[INFO] 
[INFO] Tests run: 11, Failures: 0, Errors: 0, Skipped: 0
[INFO] 
[INFO] 
[INFO] --- jar:3.5.1:jar (default-jar) @ solver-service ---
[INFO] Building jar: C:\Users\mcgee\OneDrive\Desktop\waterflex\waterflex-scheduler-java\solver-service\target\solver-service-0.1.0-SNAPSHOT.jar
[INFO] 
[INFO] --- spring-boot:4.1.1:repackage (repackage) @ solver-service ---
[INFO] Replacing main artifact C:\Users\mcgee\OneDrive\Desktop\waterflex\waterflex-scheduler-java\solver-service\target\solver-service-0.1.0-SNAPSHOT.jar with repackaged archive, adding nested dependencies in BOOT-INF/.
[INFO] The original artifact has been renamed to C:\Users\mcgee\OneDrive\Desktop\waterflex\waterflex-scheduler-java\solver-service\target\solver-service-0.1.0-SNAPSHOT.jar.original
[INFO] 
[INFO] ------------------< dev.waterflex:scheduler-service >-------------------
[INFO] Building scheduler-service 0.1.0-SNAPSHOT                          [3/5]
[INFO]   from scheduler-service\pom.xml
[INFO] --------------------------------[ jar ]---------------------------------
[INFO] 
[INFO] --- clean:3.5.0:clean (default-clean) @ scheduler-service ---
[INFO] Deleting C:\Users\mcgee\OneDrive\Desktop\waterflex\waterflex-scheduler-java\scheduler-service\target
[INFO] 
[INFO] --- resources:3.5.0:resources (default-resources) @ scheduler-service ---
[INFO] Copying 2 resources from src\main\resources to target\classes
[INFO] Copying 0 resource from src\main\resources to target\classes
[INFO] 
[INFO] --- compiler:3.15.0:compile (default-compile) @ scheduler-service ---
[INFO] Recompiling the module because of changed dependency.
[INFO] Compiling with eclipse [debug parameters release 25] to target\classes
[INFO] 
[INFO] --- resources:3.5.0:testResources (default-testResources) @ scheduler-service ---
[INFO] Copying 1 resource from src\test\resources to target\test-classes
[INFO] 
[INFO] --- compiler:3.15.0:testCompile (default-testCompile) @ scheduler-service ---
[INFO] Recompiling the module because of changed dependency.
[INFO] Compiling with eclipse [debug parameters release 25] to target\test-classes
[INFO] C:\Users\mcgee\OneDrive\Desktop\waterflex\waterflex-scheduler-java\scheduler-service\src\test\java\dev\waterflex\scheduler\BookingSnapshotDatabaseIT.java:[200,36] Unsafe null type conversion (type annotations): The value of type 'java.util.List<dev.waterflex.scheduler.BookingSnapshot.@NonNull Arrangement>' is made accessible using the less-annotated type 'java.util.@Nullable List<dev.waterflex.scheduler.BookingSnapshot.Arrangement>'
[INFO] C:\Users\mcgee\OneDrive\Desktop\waterflex\waterflex-scheduler-java\scheduler-service\src\test\java\dev\waterflex\scheduler\CalculationFixture.java:[17,42] Unsafe null type conversion (type annotations): The value of type 'java.util.Map<java.lang.String,dev.waterflex.scheduler.BookingSnapshot.@NonNull Technician>' is made accessible using the less-annotated type 'java.util.@Nullable Map<java.lang.String,dev.waterflex.scheduler.BookingSnapshot.Technician>'
[INFO] C:\Users\mcgee\OneDrive\Desktop\waterflex\waterflex-scheduler-java\scheduler-service\src\test\java\dev\waterflex\scheduler\CalculationFixture.java:[17,75] Unsafe null type conversion (type annotations): The value of type 'java.util.Map<java.lang.String,dev.waterflex.scheduler.BookingSnapshot.@NonNull Visit>' is made accessible using the less-annotated type 'java.util.@Nullable Map<java.lang.String,dev.waterflex.scheduler.BookingSnapshot.Visit>'
[INFO] C:\Users\mcgee\OneDrive\Desktop\waterflex\waterflex-scheduler-java\scheduler-service\src\test\java\dev\waterflex\scheduler\FieldScenarioTest.java:[64,60] Unsafe null type conversion (type annotations): The value of type 'java.util.Map<java.lang.String,java.lang.@NonNull Object>' is made accessible using the less-annotated type 'java.util.Map<java.lang.String,java.lang.Object>'
[INFO] C:\Users\mcgee\OneDrive\Desktop\waterflex\waterflex-scheduler-java\scheduler-service\src\test\java\dev\waterflex\scheduler\FieldScenarioTest.java:[93,55] Unsafe null type conversion (type annotations): The value of type 'java.util.Map<java.lang.String,dev.waterflex.scheduler.BookingSnapshot.@NonNull Visit>' is made accessible using the less-annotated type 'java.util.@Nullable Map<java.lang.String,dev.waterflex.scheduler.BookingSnapshot.Visit>'
[INFO] C:\Users\mcgee\OneDrive\Desktop\waterflex\waterflex-scheduler-java\scheduler-service\src\test\java\dev\waterflex\scheduler\FieldScenarioTest.java:[103,55] Unsafe null type conversion (type annotations): The value of type 'java.util.Map<java.lang.String,dev.waterflex.scheduler.BookingSnapshot.@NonNull Visit>' is made accessible using the less-annotated type 'java.util.@Nullable Map<java.lang.String,dev.waterflex.scheduler.BookingSnapshot.Visit>'
[INFO] C:\Users\mcgee\OneDrive\Desktop\waterflex\waterflex-scheduler-java\scheduler-service\src\test\java\dev\waterflex\scheduler\FieldScenarioTest.java:[112,17] Unsafe null type conversion (type annotations): The value of type 'java.util.Map<java.lang.String,@NonNull java.lang.Object & java.io.Serializable & java.lang.Comparable<?> & java.lang.constant.Constable & java.lang.constant.ConstantDesc>' is made accessible using the less-annotated type 'java.util.Map<java.lang.String,java.lang.Object & java.io.Serializable & java.lang.Comparable<?> & java.lang.constant.Constable & java.lang.constant.ConstantDesc>'
[INFO] C:\Users\mcgee\OneDrive\Desktop\waterflex\waterflex-scheduler-java\scheduler-service\src\test\java\dev\waterflex\scheduler\FieldScenarioTest.java:[128,67] Unsafe null type conversion (type annotations): The value of type 'java.util.Map<java.lang.String,dev.waterflex.scheduler.BookingSnapshot.@NonNull Visit>' is made accessible using the less-annotated type 'java.util.@Nullable Map<java.lang.String,dev.waterflex.scheduler.BookingSnapshot.Visit>'
[INFO] C:\Users\mcgee\OneDrive\Desktop\waterflex\waterflex-scheduler-java\scheduler-service\src\test\java\dev\waterflex\scheduler\FieldScenarioTest.java:[138,70] Unsafe null type conversion (type annotations): The value of type 'java.util.Map<java.lang.String,dev.waterflex.scheduler.BookingSnapshot.@NonNull Visit>' is made accessible using the less-annotated type 'java.util.@Nullable Map<java.lang.String,dev.waterflex.scheduler.BookingSnapshot.Visit>'
[INFO] C:\Users\mcgee\OneDrive\Desktop\waterflex\waterflex-scheduler-java\scheduler-service\src\test\java\dev\waterflex\scheduler\FieldScenarioTest.java:[155,53] Unsafe null type conversion (type annotations): The value of type 'java.util.Map<java.lang.String,dev.waterflex.scheduler.BookingSnapshot.@NonNull Visit>' is made accessible using the less-annotated type 'java.util.@Nullable Map<java.lang.String,dev.waterflex.scheduler.BookingSnapshot.Visit>'
[INFO] C:\Users\mcgee\OneDrive\Desktop\waterflex\waterflex-scheduler-java\scheduler-service\src\test\java\dev\waterflex\scheduler\FieldScenarioTest.java:[215,42] Unsafe null type conversion (type annotations): The value of type 'java.util.List<dev.waterflex.scheduler.optimizer.TechRoute.@NonNull Unavailable>' is made accessible using the less-annotated type 'java.util.@Nullable List<dev.waterflex.scheduler.optimizer.TechRoute.Unavailable>'
[INFO] C:\Users\mcgee\OneDrive\Desktop\waterflex\waterflex-scheduler-java\scheduler-service\src\test\java\dev\waterflex\scheduler\ReservationDeletionTest.java:[25,50] Unsafe null type conversion (type annotations): The value of type 'java.util.Map<java.lang.String,dev.waterflex.scheduler.optimizer.DayPlan.@NonNull RoadLeg>' is made accessible using the less-annotated type 'java.util.@Nullable Map<java.lang.String,dev.waterflex.scheduler.optimizer.DayPlan.RoadLeg>'
[INFO] C:\Users\mcgee\OneDrive\Desktop\waterflex\waterflex-scheduler-java\scheduler-service\src\test\java\dev\waterflex\scheduler\ReservationDeletionTest.java:[28,46] Unsafe null type conversion (type annotations): The value of type 'java.util.Map<java.lang.String,dev.waterflex.scheduler.BookingSnapshot.@NonNull Technician>' is made accessible using the less-annotated type 'java.util.@Nullable Map<java.lang.String,dev.waterflex.scheduler.BookingSnapshot.Technician>'
[INFO] C:\Users\mcgee\OneDrive\Desktop\waterflex\waterflex-scheduler-java\scheduler-service\src\test\java\dev\waterflex\scheduler\ReservationDeletionTest.java:[28,90] Unsafe null type conversion (type annotations): The value of type 'java.util.Map<java.lang.String,dev.waterflex.scheduler.BookingSnapshot.@NonNull Visit>' is made accessible using the less-annotated type 'java.util.@Nullable Map<java.lang.String,dev.waterflex.scheduler.BookingSnapshot.Visit>'
[INFO] C:\Users\mcgee\OneDrive\Desktop\waterflex\waterflex-scheduler-java\scheduler-service\src\test\java\dev\waterflex\scheduler\ReservationDeletionTest.java:[38,43] Unsafe null type conversion (type annotations): The value of type 'java.util.Map<java.time.@NonNull LocalDate,dev.waterflex.scheduler.BookingSnapshot.@NonNull Day>' is made accessible using the less-annotated type 'java.util.@Nullable Map<java.time.LocalDate,dev.waterflex.scheduler.BookingSnapshot.Day>'
[INFO] C:\Users\mcgee\OneDrive\Desktop\waterflex\waterflex-scheduler-java\scheduler-service\src\test\java\dev\waterflex\scheduler\ReservationDeletionTest.java:[38,78] Unsafe null type conversion (type annotations): The value of type 'java.util.Map<java.time.@NonNull LocalDate,java.util.Map<java.lang.String,dev.waterflex.scheduler.ReservationState.Hold>>' is made accessible using the less-annotated type 'java.util.@Nullable Map<java.time.LocalDate,java.util.Map<java.lang.String,dev.waterflex.scheduler.ReservationState.Hold>>'
[INFO] C:\Users\mcgee\OneDrive\Desktop\waterflex\waterflex-scheduler-java\scheduler-service\src\test\java\dev\waterflex\scheduler\ReservedOvertimeTest.java:[40,42] Unsafe null type conversion (type annotations): The value of type 'java.util.Map<java.lang.String,dev.waterflex.scheduler.BookingSnapshot.@NonNull Technician>' is made accessible using the less-annotated type 'java.util.@Nullable Map<java.lang.String,dev.waterflex.scheduler.BookingSnapshot.Technician>'
[INFO] C:\Users\mcgee\OneDrive\Desktop\waterflex\waterflex-scheduler-java\scheduler-service\src\test\java\dev\waterflex\scheduler\ReservedOvertimeTest.java:[40,82] Unsafe null type conversion (type annotations): The value of type 'java.util.Map<java.lang.String,dev.waterflex.scheduler.BookingSnapshot.@NonNull Visit>' is made accessible using the less-annotated type 'java.util.@Nullable Map<java.lang.String,dev.waterflex.scheduler.BookingSnapshot.Visit>'
[INFO] C:\Users\mcgee\OneDrive\Desktop\waterflex\waterflex-scheduler-java\scheduler-service\src\test\java\dev\waterflex\scheduler\ReservedOvertimeTest.java:[45,44] Unsafe null type conversion (type annotations): The value of type 'java.util.@NonNull Map<java.lang.String,dev.waterflex.scheduler.BookingSnapshot.@NonNull Visit>' is made accessible using the less-annotated type 'java.util.@NonNull Map<java.lang.String,dev.waterflex.scheduler.BookingSnapshot.Visit>'
[INFO] C:\Users\mcgee\OneDrive\Desktop\waterflex\waterflex-scheduler-java\scheduler-service\src\test\java\dev\waterflex\scheduler\ReservedOvertimeTest.java:[54,69] Unsafe null type conversion (type annotations): The value of type 'java.util.List<dev.waterflex.scheduler.BoundedBookingSearch.@NonNull Candidate>' is made accessible using the less-annotated type 'java.util.@Nullable List<dev.waterflex.scheduler.BoundedBookingSearch.Candidate>'
[INFO] C:\Users\mcgee\OneDrive\Desktop\waterflex\waterflex-scheduler-java\scheduler-service\src\test\java\dev\waterflex\scheduler\ReservedOvertimeTest.java:[56,32] Unsafe null type conversion (type annotations): The value of type 'java.util.Map<java.time.@NonNull LocalDate,java.util.Map<java.lang.String,dev.waterflex.scheduler.ReservationState.Hold>>' is made accessible using the less-annotated type 'java.util.@Nullable Map<java.time.LocalDate,java.util.Map<java.lang.String,dev.waterflex.scheduler.ReservationState.Hold>>'
[INFO] C:\Users\mcgee\OneDrive\Desktop\waterflex\waterflex-scheduler-java\scheduler-service\src\test\java\dev\waterflex\scheduler\ReservedOvertimeTest.java:[69,50] Unsafe null type conversion (type annotations): The value of type 'java.util.Map<java.lang.String,dev.waterflex.scheduler.optimizer.DayPlan.@NonNull RoadLeg>' is made accessible using the less-annotated type 'java.util.@Nullable Map<java.lang.String,dev.waterflex.scheduler.optimizer.DayPlan.RoadLeg>'
[INFO] C:\Users\mcgee\OneDrive\Desktop\waterflex\waterflex-scheduler-java\scheduler-service\src\test\java\dev\waterflex\scheduler\ReservedOvertimeTest.java:[72,46] Unsafe null type conversion (type annotations): The value of type 'java.util.Map<java.lang.String,dev.waterflex.scheduler.BookingSnapshot.@NonNull Technician>' is made accessible using the less-annotated type 'java.util.@Nullable Map<java.lang.String,dev.waterflex.scheduler.BookingSnapshot.Technician>'
[INFO] C:\Users\mcgee\OneDrive\Desktop\waterflex\waterflex-scheduler-java\scheduler-service\src\test\java\dev\waterflex\scheduler\ReservedOvertimeTest.java:[72,90] Unsafe null type conversion (type annotations): The value of type 'java.util.Map<java.lang.String,dev.waterflex.scheduler.BookingSnapshot.@NonNull Visit>' is made accessible using the less-annotated type 'java.util.@Nullable Map<java.lang.String,dev.waterflex.scheduler.BookingSnapshot.Visit>'
[INFO] C:\Users\mcgee\OneDrive\Desktop\waterflex\waterflex-scheduler-java\scheduler-service\src\test\java\dev\waterflex\scheduler\ReservedOvertimeTest.java:[78,64] Unsafe null type conversion (type annotations): The value of type 'java.util.Map<java.time.@NonNull LocalDate,dev.waterflex.scheduler.BookingSnapshot.@NonNull Day>' is made accessible using the less-annotated type 'java.util.@Nullable Map<java.time.LocalDate,dev.waterflex.scheduler.BookingSnapshot.Day>'
[INFO] C:\Users\mcgee\OneDrive\Desktop\waterflex\waterflex-scheduler-java\scheduler-service\src\test\java\dev\waterflex\scheduler\ReservedOvertimeTest.java:[78,99] Unsafe null type conversion (type annotations): The value of type 'java.util.Map<java.time.@NonNull LocalDate,java.util.Map<java.lang.String,dev.waterflex.scheduler.ReservationState.Hold>>' is made accessible using the less-annotated type 'java.util.@Nullable Map<java.time.LocalDate,java.util.Map<java.lang.String,dev.waterflex.scheduler.ReservationState.Hold>>'
[INFO] C:\Users\mcgee\OneDrive\Desktop\waterflex\waterflex-scheduler-java\scheduler-service\src\test\java\dev\waterflex\scheduler\ReservedOvertimeTest.java:[78,112] Unsafe null type conversion (type annotations): The value of type 'java.util.Map<java.lang.String,dev.waterflex.scheduler.ReservationState.@NonNull Hold>' is made accessible using the less-annotated type 'java.util.Map<java.lang.String,dev.waterflex.scheduler.ReservationState.Hold>'
[INFO] C:\Users\mcgee\OneDrive\Desktop\waterflex\waterflex-scheduler-java\scheduler-service\src\test\java\dev\waterflex\scheduler\RoadPrewarmingTest.java:[36,27] Unsafe null type conversion (type annotations): The value of type 'java.util.@NonNull List<dev.waterflex.scheduler.RoadClient.@NonNull Pair>' is made accessible using the less-annotated type 'java.util.@NonNull List<dev.waterflex.scheduler.RoadClient.Pair>'
[INFO] C:\Users\mcgee\OneDrive\Desktop\waterflex\waterflex-scheduler-java\scheduler-service\src\test\java\dev\waterflex\scheduler\RoadPrewarmingTest.java:[37,48] Unsafe null type conversion (type annotations): The value of type 'java.util.@NonNull List<dev.waterflex.scheduler.RoadClient.@NonNull Pair>' is made accessible using the less-annotated type 'java.util.@NonNull List<dev.waterflex.scheduler.RoadClient.Pair>'
[INFO] C:\Users\mcgee\OneDrive\Desktop\waterflex\waterflex-scheduler-java\scheduler-service\src\test\java\dev\waterflex\scheduler\RoadPrewarmingTest.java:[38,27] Unsafe null type conversion (type annotations): The value of type 'java.util.@NonNull List<dev.waterflex.scheduler.RoadClient.@NonNull Pair>' is made accessible using the less-annotated type 'java.util.@NonNull List<dev.waterflex.scheduler.RoadClient.Pair>'
[INFO] C:\Users\mcgee\OneDrive\Desktop\waterflex\waterflex-scheduler-java\scheduler-service\src\test\java\dev\waterflex\scheduler\RoadPrewarmingTest.java:[41,48] Unsafe null type conversion (type annotations): The value of type 'java.util.@NonNull List<dev.waterflex.scheduler.RoadClient.@NonNull Pair>' is made accessible using the less-annotated type 'java.util.@NonNull List<dev.waterflex.scheduler.RoadClient.Pair>'
[INFO] C:\Users\mcgee\OneDrive\Desktop\waterflex\waterflex-scheduler-java\scheduler-service\src\test\java\dev\waterflex\scheduler\RoadPrewarmingTest.java:[43,47] Unsafe null type conversion (type annotations): The value of type 'java.util.@NonNull List<dev.waterflex.scheduler.RoadClient.@NonNull Pair>' is made accessible using the less-annotated type 'java.util.@NonNull List<dev.waterflex.scheduler.RoadClient.Pair>'
[INFO] C:\Users\mcgee\OneDrive\Desktop\waterflex\waterflex-scheduler-java\scheduler-service\src\test\java\dev\waterflex\scheduler\optimizer\DailyConstructionTest.java:[64,36] Unsafe null type conversion (type annotations): The value of type 'java.util.Map<java.lang.String,dev.waterflex.scheduler.optimizer.DayPlan.@NonNull RoadLeg>' is made accessible using the less-annotated type 'java.util.@Nullable Map<java.lang.String,dev.waterflex.scheduler.optimizer.DayPlan.RoadLeg>'
[INFO] C:\Users\mcgee\OneDrive\Desktop\waterflex\waterflex-scheduler-java\scheduler-service\src\test\java\dev\waterflex\scheduler\optimizer\DailyConstructionTest.java:[104,68] Unsafe null type conversion (type annotations): The value of type 'java.util.List<dev.waterflex.scheduler.optimizer.TechRoute.@NonNull Unavailable>' is made accessible using the less-annotated type 'java.util.@Nullable List<dev.waterflex.scheduler.optimizer.TechRoute.Unavailable>'
[INFO] C:\Users\mcgee\OneDrive\Desktop\waterflex\waterflex-scheduler-java\scheduler-service\src\test\java\dev\waterflex\scheduler\optimizer\DailyConstructionTest.java:[107,40] Unsafe null type conversion (type annotations): The value of type 'java.util.Map<java.lang.String,dev.waterflex.scheduler.optimizer.DayPlan.@NonNull RoadLeg>' is made accessible using the less-annotated type 'java.util.@Nullable Map<java.lang.String,dev.waterflex.scheduler.optimizer.DayPlan.RoadLeg>'
[INFO] C:\Users\mcgee\OneDrive\Desktop\waterflex\waterflex-scheduler-java\scheduler-service\src\test\java\dev\waterflex\scheduler\optimizer\DailyConstructionTest.java:[144,32] Unsafe null type conversion (type annotations): The value of type 'java.util.List<dev.waterflex.scheduler.optimizer.@NonNull PlanVisit>' is made accessible using the less-annotated type 'java.util.@Nullable List<dev.waterflex.scheduler.optimizer.PlanVisit>'
[INFO] C:\Users\mcgee\OneDrive\Desktop\waterflex\waterflex-scheduler-java\scheduler-service\src\test\java\dev\waterflex\scheduler\optimizer\TimefoldAuditEvidenceTest.java:[49,50] Unsafe null type conversion (type annotations): The value of type 'java.util.List<dev.waterflex.scheduler.optimizer.@NonNull TechRoute>' is made accessible using the less-annotated type 'java.util.@Nullable List<dev.waterflex.scheduler.optimizer.TechRoute>'
[INFO] C:\Users\mcgee\OneDrive\Desktop\waterflex\waterflex-scheduler-java\scheduler-service\src\test\java\dev\waterflex\scheduler\optimizer\TimefoldAuditEvidenceTest.java:[49,84] Unsafe null type conversion (type annotations): The value of type 'java.util.List<dev.waterflex.scheduler.optimizer.@NonNull PlanVisit>' is made accessible using the less-annotated type 'java.util.@Nullable List<dev.waterflex.scheduler.optimizer.PlanVisit>'
[INFO] C:\Users\mcgee\OneDrive\Desktop\waterflex\waterflex-scheduler-java\scheduler-service\src\test\java\dev\waterflex\scheduler\optimizer\TimefoldAuditEvidenceTest.java:[71,36] Unsafe null type conversion (type annotations): The value of type 'java.util.Map<java.lang.String,dev.waterflex.scheduler.optimizer.DayPlan.@NonNull RoadLeg>' is made accessible using the less-annotated type 'java.util.@Nullable Map<java.lang.String,dev.waterflex.scheduler.optimizer.DayPlan.RoadLeg>'
[INFO] 
[INFO] --- surefire:3.5.6:test (default-test) @ scheduler-service ---
[INFO] Using auto detected provider org.apache.maven.surefire.junitplatform.JUnitPlatformProvider
[INFO] 
[INFO] -------------------------------------------------------
[INFO]  T E S T S
[INFO] -------------------------------------------------------
[INFO] Running dev.waterflex.scheduler.BenchmarkIsolationTest
Mockito is currently self-attaching to enable the inline-mock-maker. This will no longer work in future releases of the JDK. Please add Mockito as an agent to your build as described in Mockito's documentation: https://javadoc.io/doc/org.mockito/mockito-core/latest/org.mockito/org/mockito/Mockito.html#0.3
WARNING: A Java agent has been loaded dynamically (C:\Users\mcgee\.m2\repository\net\bytebuddy\byte-buddy-agent\1.18.11\byte-buddy-agent-1.18.11.jar)
WARNING: If a serviceability tool is in use, please run with -XX:+EnableDynamicAgentLoading to hide this warning
WARNING: If a serviceability tool is not in use, please run with -Djdk.instrument.traceUsage for more information
WARNING: Dynamic loading of agents will be disallowed by default in a future release
Java HotSpot(TM) 64-Bit Server VM warning: Sharing is only supported for boot loader classes because bootstrap classpath has been appended
20:14:32.654 [main] INFO org.springframework.scheduling.config.TaskSchedulerRouter -- No TaskScheduler/ScheduledExecutorService bean found for scheduled processing
[INFO] Tests run: 2, Failures: 0, Errors: 0, Skipped: 0, Time elapsed: 0.982 s -- in dev.waterflex.scheduler.BenchmarkIsolationTest
[INFO] Running dev.waterflex.scheduler.BookingLocationTest
[INFO] Tests run: 4, Failures: 0, Errors: 0, Skipped: 0, Time elapsed: 0.041 s -- in dev.waterflex.scheduler.BookingLocationTest
[INFO] Running dev.waterflex.scheduler.BookingMoneyTest
[INFO] Tests run: 1, Failures: 0, Errors: 0, Skipped: 0, Time elapsed: 0.282 s -- in dev.waterflex.scheduler.BookingMoneyTest
[INFO] Running dev.waterflex.scheduler.BookingOfferLimitTest
20:14:33.363 [main] INFO dev.waterflex.scheduler.BookingOfferLimit -- Booking offer limit: 1
20:14:33.399 [main] INFO dev.waterflex.scheduler.BookingOfferLimit -- Booking offer limit: 1
20:14:33.403 [main] INFO dev.waterflex.scheduler.BookingOfferLimit -- Booking offer limit: 1
20:14:33.408 [main] INFO dev.waterflex.scheduler.BookingOfferLimit -- Booking offer limit: 1
20:14:33.415 [main] WARN org.springframework.context.annotation.AnnotationConfigApplicationContext -- Exception encountered during context initialization - cancelling refresh attempt: org.springframework.beans.factory.BeanCreationException: Error creating bean with name 'bookingOfferLimit': Failed to instantiate [dev.waterflex.scheduler.BookingOfferLimit]: Constructor threw exception
20:14:33.419 [main] WARN org.springframework.context.annotation.AnnotationConfigApplicationContext -- Exception encountered during context initialization - cancelling refresh attempt: org.springframework.beans.factory.BeanCreationException: Error creating bean with name 'bookingOfferLimit': Failed to instantiate [dev.waterflex.scheduler.BookingOfferLimit]: Constructor threw exception
20:14:33.422 [main] WARN org.springframework.context.annotation.AnnotationConfigApplicationContext -- Exception encountered during context initialization - cancelling refresh attempt: org.springframework.beans.factory.BeanCreationException: Error creating bean with name 'bookingOfferLimit': Failed to instantiate [dev.waterflex.scheduler.BookingOfferLimit]: Constructor threw exception
20:14:33.425 [main] WARN org.springframework.context.annotation.AnnotationConfigApplicationContext -- Exception encountered during context initialization - cancelling refresh attempt: org.springframework.beans.factory.BeanCreationException: Error creating bean with name 'bookingOfferLimit': Failed to instantiate [dev.waterflex.scheduler.BookingOfferLimit]: Constructor threw exception
20:14:33.430 [main] WARN org.springframework.context.annotation.AnnotationConfigApplicationContext -- Exception encountered during context initialization - cancelling refresh attempt: org.springframework.beans.factory.BeanCreationException: Error creating bean with name 'bookingOfferLimit': Failed to instantiate [dev.waterflex.scheduler.BookingOfferLimit]: Constructor threw exception
20:14:33.433 [main] WARN org.springframework.context.annotation.AnnotationConfigApplicationContext -- Exception encountered during context initialization - cancelling refresh attempt: org.springframework.beans.factory.BeanCreationException: Error creating bean with name 'bookingOfferLimit': Failed to instantiate [dev.waterflex.scheduler.BookingOfferLimit]: Constructor threw exception
20:14:33.436 [main] WARN org.springframework.context.annotation.AnnotationConfigApplicationContext -- Exception encountered during context initialization - cancelling refresh attempt: org.springframework.beans.factory.BeanCreationException: Error creating bean with name 'bookingOfferLimit': Failed to instantiate [dev.waterflex.scheduler.BookingOfferLimit]: Constructor threw exception
20:14:33.441 [main] WARN org.springframework.context.annotation.AnnotationConfigApplicationContext -- Exception encountered during context initialization - cancelling refresh attempt: org.springframework.beans.factory.BeanCreationException: Error creating bean with name 'bookingOfferLimit': Failed to instantiate [dev.waterflex.scheduler.BookingOfferLimit]: Constructor threw exception
20:14:33.444 [main] WARN org.springframework.context.annotation.AnnotationConfigApplicationContext -- Exception encountered during context initialization - cancelling refresh attempt: org.springframework.beans.factory.BeanCreationException: Error creating bean with name 'bookingOfferLimit': Failed to instantiate [dev.waterflex.scheduler.BookingOfferLimit]: Constructor threw exception
20:14:33.448 [main] WARN org.springframework.context.annotation.AnnotationConfigApplicationContext -- Exception encountered during context initialization - cancelling refresh attempt: org.springframework.beans.factory.BeanCreationException: Error creating bean with name 'bookingOfferLimit': Failed to instantiate [dev.waterflex.scheduler.BookingOfferLimit]: Constructor threw exception
[INFO] Tests run: 15, Failures: 0, Errors: 0, Skipped: 0, Time elapsed: 0.204 s -- in dev.waterflex.scheduler.BookingOfferLimitTest
[INFO] Running dev.waterflex.scheduler.BookingRefinementTransportTest
20:14:33.567 [main] INFO dev.waterflex.scheduler.BookingOfferLimit -- Booking offer limit: 1
20:14:33.636 [main] INFO dev.waterflex.scheduler.BookingOfferLimit -- Booking offer limit: 1
[INFO] Tests run: 1, Failures: 0, Errors: 0, Skipped: 0, Time elapsed: 0.196 s -- in dev.waterflex.scheduler.BookingRefinementTransportTest
[INFO] Running dev.waterflex.scheduler.BookingRouteBoundsTest
[INFO] Tests run: 1, Failures: 0, Errors: 0, Skipped: 0, Time elapsed: 0.313 s -- in dev.waterflex.scheduler.BookingRouteBoundsTest
[INFO] Running dev.waterflex.scheduler.BookingSearchOutcomeTest
20:14:34.233 [main] WARN dev.waterflex.scheduler.BookingController -- Booking routing failure for job job
dev.waterflex.scheduler.RoadClient$RoadUnavailable: Road unavailable
	at dev.waterflex.scheduler.BookingCoordinator.offers(BookingCoordinator.java:32)
	at dev.waterflex.scheduler.BookingController.search(BookingController.java:87)
	at dev.waterflex.scheduler.BookingController.lambda$0(BookingController.java:66)
	at dev.waterflex.scheduler.SearchDeadline.within(SearchDeadline.java:78)
	at dev.waterflex.scheduler.BookingController.offers(BookingController.java:64)
	at dev.waterflex.scheduler.BookingSearchOutcomeTest.failuresRemainDistinctAndDoNotProduceOffers(BookingSearchOutcomeTest.java:54)
	at java.base/jdk.internal.reflect.DirectMethodHandleAccessor.invoke(DirectMethodHandleAccessor.java:104)
	at java.base/java.lang.reflect.Method.invoke(Method.java:565)
	at org.junit.platform.commons.util.ReflectionUtils.invokeMethod(ReflectionUtils.java:701)
	at org.junit.platform.commons.support.ReflectionSupport.invokeMethod(ReflectionSupport.java:502)
	at org.junit.jupiter.engine.support.MethodReflectionUtils.invoke(MethodReflectionUtils.java:45)
	at org.junit.jupiter.engine.execution.MethodInvocation.proceed(MethodInvocation.java:61)
	at org.junit.jupiter.engine.execution.InvocationInterceptorChain$ValidatingInvocation.proceed(InvocationInterceptorChain.java:124)
	at org.junit.jupiter.engine.extension.TimeoutExtension.intercept(TimeoutExtension.java:163)
	at org.junit.jupiter.engine.extension.TimeoutExtension.interceptTestableMethod(TimeoutExtension.java:148)
	at org.junit.jupiter.engine.extension.TimeoutExtension.interceptTestMethod(TimeoutExtension.java:86)
	at org.junit.jupiter.engine.execution.InterceptingExecutableInvoker$ReflectiveInterceptorCall.lambda$ofVoidMethod$0(InterceptingExecutableInvoker.java:123)
	at org.junit.jupiter.engine.execution.InterceptingExecutableInvoker.lambda$invoke$0(InterceptingExecutableInvoker.java:105)
	at org.junit.jupiter.engine.execution.InvocationInterceptorChain$InterceptedInvocation.proceed(InvocationInterceptorChain.java:99)
	at org.junit.jupiter.engine.execution.InvocationInterceptorChain.proceed(InvocationInterceptorChain.java:66)
	at org.junit.jupiter.engine.execution.InvocationInterceptorChain.chainAndInvoke(InvocationInterceptorChain.java:47)
	at org.junit.jupiter.engine.execution.InvocationInterceptorChain.invoke(InvocationInterceptorChain.java:39)
	at org.junit.jupiter.engine.execution.InterceptingExecutableInvoker.invoke(InterceptingExecutableInvoker.java:104)
	at org.junit.jupiter.engine.execution.InterceptingExecutableInvoker.invoke(InterceptingExecutableInvoker.java:98)
	at org.junit.jupiter.engine.execution.InterceptingExecutableInvoker.invokeVoid(InterceptingExecutableInvoker.java:71)
	at org.junit.jupiter.engine.descriptor.TestMethodTestDescriptor.lambda$invokeTestMethod$0(TestMethodTestDescriptor.java:219)
	at org.junit.platform.engine.support.hierarchical.ThrowableCollector.execute(ThrowableCollector.java:74)
	at org.junit.jupiter.engine.descriptor.TestMethodTestDescriptor.invokeTestMethod(TestMethodTestDescriptor.java:215)
	at org.junit.jupiter.engine.descriptor.TestMethodTestDescriptor.execute(TestMethodTestDescriptor.java:157)
	at org.junit.jupiter.engine.descriptor.TestMethodTestDescriptor.execute(TestMethodTestDescriptor.java:70)
	at org.junit.platform.engine.support.hierarchical.NodeTestTask.lambda$executeRecursively$2(NodeTestTask.java:176)
	at org.junit.platform.engine.support.hierarchical.ThrowableCollector.execute(ThrowableCollector.java:74)
	at org.junit.platform.engine.support.hierarchical.NodeTestTask.lambda$executeRecursively$1(NodeTestTask.java:166)
	at org.junit.platform.engine.support.hierarchical.Node.around(Node.java:138)
	at org.junit.platform.engine.support.hierarchical.NodeTestTask.lambda$executeRecursively$0(NodeTestTask.java:164)
	at org.junit.platform.engine.support.hierarchical.ThrowableCollector.execute(ThrowableCollector.java:74)
	at org.junit.platform.engine.support.hierarchical.NodeTestTask.executeRecursively(NodeTestTask.java:163)
	at org.junit.platform.engine.support.hierarchical.NodeTestTask.execute(NodeTestTask.java:116)
	at java.base/java.util.ArrayList.forEach(ArrayList.java:1604)
	at org.junit.platform.engine.support.hierarchical.SameThreadHierarchicalTestExecutorService.invokeAll(SameThreadHierarchicalTestExecutorService.java:42)
	at org.junit.platform.engine.support.hierarchical.NodeTestTask.lambda$executeRecursively$2(NodeTestTask.java:180)
	at org.junit.platform.engine.support.hierarchical.ThrowableCollector.execute(ThrowableCollector.java:74)
	at org.junit.platform.engine.support.hierarchical.NodeTestTask.lambda$executeRecursively$1(NodeTestTask.java:166)
	at org.junit.platform.engine.support.hierarchical.Node.around(Node.java:138)
	at org.junit.platform.engine.support.hierarchical.NodeTestTask.lambda$executeRecursively$0(NodeTestTask.java:164)
	at org.junit.platform.engine.support.hierarchical.ThrowableCollector.execute(ThrowableCollector.java:74)
	at org.junit.platform.engine.support.hierarchical.NodeTestTask.executeRecursively(NodeTestTask.java:163)
	at org.junit.platform.engine.support.hierarchical.NodeTestTask.execute(NodeTestTask.java:116)
	at java.base/java.util.ArrayList.forEach(ArrayList.java:1604)
	at org.junit.platform.engine.support.hierarchical.SameThreadHierarchicalTestExecutorService.invokeAll(SameThreadHierarchicalTestExecutorService.java:42)
	at org.junit.platform.engine.support.hierarchical.NodeTestTask.lambda$executeRecursively$2(NodeTestTask.java:180)
	at org.junit.platform.engine.support.hierarchical.ThrowableCollector.execute(ThrowableCollector.java:74)
	at org.junit.platform.engine.support.hierarchical.NodeTestTask.lambda$executeRecursively$1(NodeTestTask.java:166)
	at org.junit.platform.engine.support.hierarchical.Node.around(Node.java:138)
	at org.junit.platform.engine.support.hierarchical.NodeTestTask.lambda$executeRecursively$0(NodeTestTask.java:164)
	at org.junit.platform.engine.support.hierarchical.ThrowableCollector.execute(ThrowableCollector.java:74)
	at org.junit.platform.engine.support.hierarchical.NodeTestTask.executeRecursively(NodeTestTask.java:163)
	at org.junit.platform.engine.support.hierarchical.NodeTestTask.execute(NodeTestTask.java:116)
	at org.junit.platform.engine.support.hierarchical.SameThreadHierarchicalTestExecutorService.submit(SameThreadHierarchicalTestExecutorService.java:36)
	at org.junit.platform.engine.support.hierarchical.HierarchicalTestExecutor.execute(HierarchicalTestExecutor.java:52)
	at org.junit.platform.engine.support.hierarchical.HierarchicalTestEngine.execute(HierarchicalTestEngine.java:58)
	at org.junit.platform.launcher.core.EngineExecutionOrchestrator.executeEngine(EngineExecutionOrchestrator.java:246)
	at org.junit.platform.launcher.core.EngineExecutionOrchestrator.failOrExecuteEngine(EngineExecutionOrchestrator.java:218)
	at org.junit.platform.launcher.core.EngineExecutionOrchestrator.execute(EngineExecutionOrchestrator.java:179)
	at org.junit.platform.launcher.core.EngineExecutionOrchestrator.execute(EngineExecutionOrchestrator.java:108)
	at org.junit.platform.launcher.core.EngineExecutionOrchestrator.lambda$execute$0(EngineExecutionOrchestrator.java:66)
	at org.junit.platform.launcher.core.EngineExecutionOrchestrator.withInterceptedStreams(EngineExecutionOrchestrator.java:157)
	at org.junit.platform.launcher.core.EngineExecutionOrchestrator.execute(EngineExecutionOrchestrator.java:65)
	at org.junit.platform.launcher.core.DefaultLauncher.execute(DefaultLauncher.java:125)
	at org.junit.platform.launcher.core.DefaultLauncher.execute(DefaultLauncher.java:114)
	at org.junit.platform.launcher.core.DelegatingLauncher.execute(DelegatingLauncher.java:58)
	at org.junit.platform.launcher.core.InterceptingLauncher.lambda$execute$2(InterceptingLauncher.java:57)
	at org.junit.platform.launcher.core.ClasspathAlignmentCheckingLauncherInterceptor.intercept(ClasspathAlignmentCheckingLauncherInterceptor.java:25)
	at org.junit.platform.launcher.core.InterceptingLauncher.execute(InterceptingLauncher.java:56)
	at org.junit.platform.launcher.core.DelegatingLauncher.execute(DelegatingLauncher.java:58)
	at java.base/jdk.internal.reflect.DirectMethodHandleAccessor.invoke(DirectMethodHandleAccessor.java:104)
	at java.base/java.lang.reflect.Method.invoke(Method.java:565)
	at org.apache.maven.surefire.api.util.ReflectionUtils.invokeMethodWithArray(ReflectionUtils.java:125)
	at org.apache.maven.surefire.junitplatform.LauncherAdapter.executeWithCancellationToken(LauncherAdapter.java:68)
	at org.apache.maven.surefire.junitplatform.LauncherAdapter.execute(LauncherAdapter.java:54)
	at org.apache.maven.surefire.junitplatform.JUnitPlatformProvider.execute(JUnitPlatformProvider.java:203)
	at org.apache.maven.surefire.junitplatform.JUnitPlatformProvider.invokeAllTests(JUnitPlatformProvider.java:168)
	at org.apache.maven.surefire.junitplatform.JUnitPlatformProvider.invoke(JUnitPlatformProvider.java:136)
	at org.apache.maven.surefire.booter.ForkedBooter.runSuitesInProcess(ForkedBooter.java:385)
	at org.apache.maven.surefire.booter.ForkedBooter.execute(ForkedBooter.java:162)
	at org.apache.maven.surefire.booter.ForkedBooter.run(ForkedBooter.java:507)
	at org.apache.maven.surefire.booter.ForkedBooter.main(ForkedBooter.java:495)
20:14:34.236 [main] WARN dev.waterflex.scheduler.BookingController -- Booking conflict for job job: Changed
[INFO] Tests run: 5, Failures: 0, Errors: 0, Skipped: 0, Time elapsed: 0.281 s -- in dev.waterflex.scheduler.BookingSearchOutcomeTest
[INFO] Running dev.waterflex.scheduler.BookingWeeklyAvailabilityTest
[INFO] Tests run: 6, Failures: 0, Errors: 0, Skipped: 0, Time elapsed: 0.106 s -- in dev.waterflex.scheduler.BookingWeeklyAvailabilityTest
[INFO] Running dev.waterflex.scheduler.BoundedBookingSearchTest
[INFO] Tests run: 17, Failures: 0, Errors: 0, Skipped: 0, Time elapsed: 0.075 s -- in dev.waterflex.scheduler.BoundedBookingSearchTest
[INFO] Running dev.waterflex.scheduler.DepotRequestValidationTest
[INFO] Tests run: 3, Failures: 0, Errors: 0, Skipped: 0, Time elapsed: 0.032 s -- in dev.waterflex.scheduler.DepotRequestValidationTest
[INFO] Running dev.waterflex.scheduler.DirectedLegFlightsTest
[INFO] Tests run: 2, Failures: 0, Errors: 0, Skipped: 0, Time elapsed: 0.124 s -- in dev.waterflex.scheduler.DirectedLegFlightsTest
[INFO] Running dev.waterflex.scheduler.DispatchGeometryControllerTest
20:14:34.897 [main] INFO org.springframework.mock.web.MockServletContext -- Initializing Spring TestDispatcherServlet ''
20:14:34.897 [main] INFO org.springframework.test.web.servlet.TestDispatcherServlet -- Initializing Servlet ''
20:14:34.899 [main] INFO org.springframework.test.web.servlet.TestDispatcherServlet -- Completed initialization in 2 ms
20:14:35.010 [main] INFO org.springframework.mock.web.MockServletContext -- Initializing Spring TestDispatcherServlet ''
20:14:35.010 [main] INFO org.springframework.test.web.servlet.TestDispatcherServlet -- Initializing Servlet ''
20:14:35.010 [main] INFO org.springframework.test.web.servlet.TestDispatcherServlet -- Completed initialization in 0 ms
20:14:35.036 [main] INFO org.springframework.mock.web.MockServletContext -- Initializing Spring TestDispatcherServlet ''
20:14:35.036 [main] INFO org.springframework.test.web.servlet.TestDispatcherServlet -- Initializing Servlet ''
20:14:35.036 [main] INFO org.springframework.test.web.servlet.TestDispatcherServlet -- Completed initialization in 0 ms
20:14:35.090 [main] INFO org.springframework.mock.web.MockServletContext -- Initializing Spring TestDispatcherServlet ''
20:14:35.090 [main] INFO org.springframework.test.web.servlet.TestDispatcherServlet -- Initializing Servlet ''
20:14:35.091 [main] INFO org.springframework.test.web.servlet.TestDispatcherServlet -- Completed initialization in 1 ms
20:14:35.100 [main] INFO org.springframework.mock.web.MockServletContext -- Initializing Spring TestDispatcherServlet ''
20:14:35.100 [main] INFO org.springframework.test.web.servlet.TestDispatcherServlet -- Initializing Servlet ''
20:14:35.100 [main] INFO org.springframework.test.web.servlet.TestDispatcherServlet -- Completed initialization in 0 ms
20:14:35.152 [main] INFO org.springframework.mock.web.MockServletContext -- Initializing Spring TestDispatcherServlet ''
20:14:35.152 [main] INFO org.springframework.test.web.servlet.TestDispatcherServlet -- Initializing Servlet ''
20:14:35.152 [main] INFO org.springframework.test.web.servlet.TestDispatcherServlet -- Completed initialization in 0 ms
20:14:35.168 [main] INFO org.springframework.mock.web.MockServletContext -- Initializing Spring TestDispatcherServlet ''
20:14:35.168 [main] INFO org.springframework.test.web.servlet.TestDispatcherServlet -- Initializing Servlet ''
20:14:35.168 [main] INFO org.springframework.test.web.servlet.TestDispatcherServlet -- Completed initialization in 0 ms
20:14:35.206 [main] INFO org.springframework.mock.web.MockServletContext -- Initializing Spring TestDispatcherServlet ''
20:14:35.206 [main] INFO org.springframework.test.web.servlet.TestDispatcherServlet -- Initializing Servlet ''
20:14:35.206 [main] INFO org.springframework.test.web.servlet.TestDispatcherServlet -- Completed initialization in 0 ms
20:14:35.215 [main] INFO org.springframework.mock.web.MockServletContext -- Initializing Spring TestDispatcherServlet ''
20:14:35.215 [main] INFO org.springframework.test.web.servlet.TestDispatcherServlet -- Initializing Servlet ''
20:14:35.215 [main] INFO org.springframework.test.web.servlet.TestDispatcherServlet -- Completed initialization in 0 ms
[INFO] Tests run: 9, Failures: 0, Errors: 0, Skipped: 0, Time elapsed: 0.644 s -- in dev.waterflex.scheduler.DispatchGeometryControllerTest
[INFO] Running dev.waterflex.scheduler.FieldScenarioTest
[INFO] Tests run: 6, Failures: 0, Errors: 0, Skipped: 0, Time elapsed: 0.989 s -- in dev.waterflex.scheduler.FieldScenarioTest
[INFO] Running dev.waterflex.scheduler.MonetaryTest
[INFO] Tests run: 6, Failures: 0, Errors: 0, Skipped: 0, Time elapsed: 0.023 s -- in dev.waterflex.scheduler.MonetaryTest
[INFO] Running dev.waterflex.scheduler.NullabilityTest
20:14:36.260 [main] INFO org.springframework.mock.web.MockServletContext -- Initializing Spring TestDispatcherServlet ''
20:14:36.260 [main] INFO org.springframework.test.web.servlet.TestDispatcherServlet -- Initializing Servlet ''
20:14:36.260 [main] INFO org.springframework.test.web.servlet.TestDispatcherServlet -- Completed initialization in 0 ms
20:14:36.299 [main] WARN org.springframework.web.servlet.mvc.support.DefaultHandlerExceptionResolver -- Resolved [org.springframework.http.converter.HttpMessageNotReadableException: Required request body is missing: public dev.waterflex.scheduler.BookingController$SearchResponse dev.waterflex.scheduler.BookingController.offers(dev.waterflex.scheduler.BookingController$JobRequest)]
20:14:36.300 [main] WARN org.springframework.web.servlet.mvc.support.DefaultHandlerExceptionResolver -- Resolved [org.springframework.http.converter.HttpMessageNotReadableException: JSON parse error: Cannot deserialize value of type `dev.waterflex.scheduler.BookingController$JobRequest` from Array value (token `JsonToken.START_ARRAY`)]
20:14:36.304 [main] WARN org.springframework.web.servlet.mvc.support.DefaultHandlerExceptionResolver -- Resolved [org.springframework.http.converter.HttpMessageNotReadableException: JSON parse error: Unexpected end-of-input: expected close marker for Object (start marker at [Source: REDACTED (`StreamReadFeature.INCLUDE_SOURCE_IN_LOCATION` disabled); byte offset: #UNKNOWN])]
20:14:36.305 [main] WARN org.springframework.web.servlet.mvc.support.DefaultHandlerExceptionResolver -- Resolved [org.springframework.http.converter.HttpMessageNotReadableException: JSON parse error: Cannot construct instance of `dev.waterflex.scheduler.BookingController$JobRequest` (although at least one Creator exists): no boolean/Boolean-argument constructor/factory method to deserialize from boolean value (false)]
20:14:36.305 [main] WARN org.springframework.web.servlet.mvc.support.DefaultHandlerExceptionResolver -- Resolved [org.springframework.http.converter.HttpMessageNotReadableException: JSON parse error: Cannot coerce Integer value (12) to `java.lang.String` value (but could if coercion was enabled using `CoercionConfig`)]
20:14:36.310 [main] WARN org.springframework.web.servlet.mvc.support.DefaultHandlerExceptionResolver -- Resolved [org.springframework.http.converter.HttpMessageNotReadableException: Required request body is missing: public dev.waterflex.scheduler.BookingService$Selection dev.waterflex.scheduler.BookingController.select(dev.waterflex.scheduler.BookingController$SelectRequest)]
20:14:36.310 [main] WARN org.springframework.web.servlet.mvc.support.DefaultHandlerExceptionResolver -- Resolved [org.springframework.http.converter.HttpMessageNotReadableException: JSON parse error: Cannot deserialize value of type `dev.waterflex.scheduler.BookingController$SelectRequest` from Array value (token `JsonToken.START_ARRAY`)]
20:14:36.311 [main] WARN org.springframework.web.servlet.mvc.support.DefaultHandlerExceptionResolver -- Resolved [org.springframework.http.converter.HttpMessageNotReadableException: JSON parse error: Unexpected end-of-input: expected close marker for Object (start marker at [Source: REDACTED (`StreamReadFeature.INCLUDE_SOURCE_IN_LOCATION` disabled); byte offset: #UNKNOWN])]
20:14:36.311 [main] WARN org.springframework.web.servlet.mvc.support.DefaultHandlerExceptionResolver -- Resolved [org.springframework.http.converter.HttpMessageNotReadableException: JSON parse error: Cannot construct instance of `dev.waterflex.scheduler.BookingController$SelectRequest` (although at least one Creator exists): no boolean/Boolean-argument constructor/factory method to deserialize from boolean value (false)]
20:14:36.311 [main] WARN org.springframework.web.servlet.mvc.support.DefaultHandlerExceptionResolver -- Resolved [org.springframework.http.converter.HttpMessageNotReadableException: JSON parse error: Cannot coerce Integer value (12) to `java.lang.String` value (but could if coercion was enabled using `CoercionConfig`)]
20:14:36.314 [main] WARN org.springframework.web.servlet.mvc.support.DefaultHandlerExceptionResolver -- Resolved [org.springframework.http.converter.HttpMessageNotReadableException: Required request body is missing: public dev.waterflex.scheduler.BookingService$Confirmation dev.waterflex.scheduler.BookingController.confirm(dev.waterflex.scheduler.BookingController$ConfirmRequest)]
20:14:36.314 [main] WARN org.springframework.web.servlet.mvc.support.DefaultHandlerExceptionResolver -- Resolved [org.springframework.http.converter.HttpMessageNotReadableException: JSON parse error: Cannot deserialize value of type `dev.waterflex.scheduler.BookingController$ConfirmRequest` from Array value (token `JsonToken.START_ARRAY`)]
20:14:36.315 [main] WARN org.springframework.web.servlet.mvc.support.DefaultHandlerExceptionResolver -- Resolved [org.springframework.http.converter.HttpMessageNotReadableException: JSON parse error: Unexpected end-of-input: expected close marker for Object (start marker at [Source: REDACTED (`StreamReadFeature.INCLUDE_SOURCE_IN_LOCATION` disabled); byte offset: #UNKNOWN])]
20:14:36.316 [main] WARN org.springframework.web.servlet.mvc.support.DefaultHandlerExceptionResolver -- Resolved [org.springframework.http.converter.HttpMessageNotReadableException: JSON parse error: Cannot construct instance of `dev.waterflex.scheduler.BookingController$ConfirmRequest` (although at least one Creator exists): no boolean/Boolean-argument constructor/factory method to deserialize from boolean value (false)]
20:14:36.316 [main] WARN org.springframework.web.servlet.mvc.support.DefaultHandlerExceptionResolver -- Resolved [org.springframework.http.converter.HttpMessageNotReadableException: JSON parse error: Cannot coerce Boolean value (false) to `java.lang.String` value (but could if coercion was enabled using `CoercionConfig`)]
20:14:36.317 [main] WARN org.springframework.web.servlet.mvc.support.DefaultHandlerExceptionResolver -- Resolved [org.springframework.http.converter.HttpMessageNotReadableException: Required request body is missing: public java.util.Map<java.lang.String, java.lang.Object> dev.waterflex.scheduler.BookingController.cancel(dev.waterflex.scheduler.BookingController$CancelRequest)]
20:14:36.317 [main] WARN org.springframework.web.servlet.mvc.support.DefaultHandlerExceptionResolver -- Resolved [org.springframework.http.converter.HttpMessageNotReadableException: JSON parse error: Cannot deserialize value of type `dev.waterflex.scheduler.BookingController$CancelRequest` from Array value (token `JsonToken.START_ARRAY`)]
20:14:36.319 [main] WARN org.springframework.web.servlet.mvc.support.DefaultHandlerExceptionResolver -- Resolved [org.springframework.http.converter.HttpMessageNotReadableException: JSON parse error: Unexpected end-of-input: expected close marker for Object (start marker at [Source: REDACTED (`StreamReadFeature.INCLUDE_SOURCE_IN_LOCATION` disabled); byte offset: #UNKNOWN])]
20:14:36.320 [main] WARN org.springframework.web.servlet.mvc.support.DefaultHandlerExceptionResolver -- Resolved [org.springframework.http.converter.HttpMessageNotReadableException: JSON parse error: Cannot construct instance of `dev.waterflex.scheduler.BookingController$CancelRequest` (although at least one Creator exists): no boolean/Boolean-argument constructor/factory method to deserialize from boolean value (false)]
20:14:36.394 [main] INFO org.springframework.mock.web.MockServletContext -- Initializing Spring TestDispatcherServlet ''
20:14:36.394 [main] INFO org.springframework.test.web.servlet.TestDispatcherServlet -- Initializing Servlet ''
20:14:36.394 [main] INFO org.springframework.test.web.servlet.TestDispatcherServlet -- Completed initialization in 0 ms
20:14:36.431 [main] INFO org.springframework.mock.web.MockServletContext -- Initializing Spring TestDispatcherServlet ''
20:14:36.431 [main] INFO org.springframework.test.web.servlet.TestDispatcherServlet -- Initializing Servlet ''
20:14:36.431 [main] INFO org.springframework.test.web.servlet.TestDispatcherServlet -- Completed initialization in 0 ms
20:14:36.433 [main] WARN org.springframework.web.servlet.mvc.support.DefaultHandlerExceptionResolver -- Resolved [org.springframework.http.converter.HttpMessageNotReadableException: Required request body is missing: public void dev.waterflex.scheduler.optimizer.OptimizationController.preview(dev.waterflex.scheduler.optimizer.OptimizationService$Request,jakarta.servlet.http.HttpServletResponse) throws java.io.IOException]
20:14:36.435 [main] WARN org.springframework.web.servlet.mvc.support.DefaultHandlerExceptionResolver -- Resolved [org.springframework.http.converter.HttpMessageNotReadableException: JSON parse error: Cannot deserialize value of type `dev.waterflex.scheduler.optimizer.OptimizationService$Request` from Array value (token `JsonToken.START_ARRAY`)]
20:14:36.435 [main] WARN org.springframework.web.servlet.mvc.support.DefaultHandlerExceptionResolver -- Resolved [org.springframework.http.converter.HttpMessageNotReadableException: JSON parse error: Unexpected end-of-input: expected close marker for Object (start marker at [Source: REDACTED (`StreamReadFeature.INCLUDE_SOURCE_IN_LOCATION` disabled); byte offset: #UNKNOWN])]
20:14:36.437 [main] WARN org.springframework.web.servlet.mvc.support.DefaultHandlerExceptionResolver -- Resolved [org.springframework.http.converter.HttpMessageNotReadableException: JSON parse error: Cannot construct instance of `dev.waterflex.scheduler.optimizer.OptimizationService$Request` (although at least one Creator exists): no boolean/Boolean-argument constructor/factory method to deserialize from boolean value (false)]
20:14:36.437 [main] WARN org.springframework.web.servlet.mvc.support.DefaultHandlerExceptionResolver -- Resolved [org.springframework.http.converter.HttpMessageNotReadableException: JSON parse error: Cannot construct instance of `dev.waterflex.scheduler.optimizer.OptimizationService$Request` (although at least one Creator exists): no String-argument constructor/factory method to deserialize from String value ('text')]
20:14:36.438 [main] WARN org.springframework.web.servlet.mvc.support.DefaultHandlerExceptionResolver -- Resolved [org.springframework.http.converter.HttpMessageNotReadableException: Required request body is missing: public java.util.Map<java.lang.String, java.lang.Object> dev.waterflex.scheduler.optimizer.OptimizationController.apply(java.lang.String,dev.waterflex.scheduler.RequestChecks$Empty)]
20:14:36.439 [main] WARN org.springframework.web.servlet.mvc.support.DefaultHandlerExceptionResolver -- Resolved [org.springframework.http.converter.HttpMessageNotReadableException: JSON parse error: Cannot deserialize value of type `dev.waterflex.scheduler.RequestChecks$Empty` from Array value (token `JsonToken.START_ARRAY`)]
20:14:36.439 [main] WARN org.springframework.web.servlet.mvc.support.DefaultHandlerExceptionResolver -- Resolved [org.springframework.http.converter.HttpMessageNotReadableException: JSON parse error: Unexpected end-of-input: expected close marker for Object (start marker at [Source: REDACTED (`StreamReadFeature.INCLUDE_SOURCE_IN_LOCATION` disabled); byte offset: #UNKNOWN])]
20:14:36.440 [main] WARN org.springframework.web.servlet.mvc.support.DefaultHandlerExceptionResolver -- Resolved [org.springframework.http.converter.HttpMessageNotReadableException: JSON parse error: Cannot construct instance of `dev.waterflex.scheduler.RequestChecks$Empty` (although at least one Creator exists): no boolean/Boolean-argument constructor/factory method to deserialize from boolean value (false)]
20:14:36.440 [main] WARN org.springframework.web.servlet.mvc.support.DefaultHandlerExceptionResolver -- Resolved [org.springframework.http.converter.HttpMessageNotReadableException: JSON parse error: Cannot construct instance of `dev.waterflex.scheduler.RequestChecks$Empty` (although at least one Creator exists): no String-argument constructor/factory method to deserialize from String value ('text')]
20:14:36.441 [main] WARN org.springframework.web.servlet.mvc.support.DefaultHandlerExceptionResolver -- Resolved [org.springframework.http.converter.HttpMessageNotReadableException: Required request body is missing: public java.util.Map<java.lang.String, java.lang.Object> dev.waterflex.scheduler.TimeOffController.submit(dev.waterflex.scheduler.TimeOffService$Request)]
20:14:36.442 [main] WARN org.springframework.web.servlet.mvc.support.DefaultHandlerExceptionResolver -- Resolved [org.springframework.http.converter.HttpMessageNotReadableException: JSON parse error: Cannot deserialize value of type `dev.waterflex.scheduler.TimeOffService$Request` from Array value (token `JsonToken.START_ARRAY`)]
20:14:36.443 [main] WARN org.springframework.web.servlet.mvc.support.DefaultHandlerExceptionResolver -- Resolved [org.springframework.http.converter.HttpMessageNotReadableException: JSON parse error: Unexpected end-of-input: expected close marker for Object (start marker at [Source: REDACTED (`StreamReadFeature.INCLUDE_SOURCE_IN_LOCATION` disabled); byte offset: #UNKNOWN])]
20:14:36.443 [main] WARN org.springframework.web.servlet.mvc.support.DefaultHandlerExceptionResolver -- Resolved [org.springframework.http.converter.HttpMessageNotReadableException: JSON parse error: Cannot construct instance of `dev.waterflex.scheduler.TimeOffService$Request` (although at least one Creator exists): no boolean/Boolean-argument constructor/factory method to deserialize from boolean value (false)]
20:14:36.444 [main] WARN org.springframework.web.servlet.mvc.support.DefaultHandlerExceptionResolver -- Resolved [org.springframework.http.converter.HttpMessageNotReadableException: JSON parse error: Cannot construct instance of `dev.waterflex.scheduler.TimeOffService$Request` (although at least one Creator exists): no String-argument constructor/factory method to deserialize from String value ('text')]
20:14:36.444 [main] WARN org.springframework.web.servlet.mvc.support.DefaultHandlerExceptionResolver -- Resolved [org.springframework.http.converter.HttpMessageNotReadableException: Required request body is missing: public java.util.Map<java.lang.String, java.lang.Object> dev.waterflex.scheduler.TimeOffController.approve(java.lang.String,dev.waterflex.scheduler.TimeOffController$Approval)]
20:14:36.445 [main] WARN org.springframework.web.servlet.mvc.support.DefaultHandlerExceptionResolver -- Resolved [org.springframework.http.converter.HttpMessageNotReadableException: JSON parse error: Cannot deserialize value of type `dev.waterflex.scheduler.TimeOffController$Approval` from Array value (token `JsonToken.START_ARRAY`)]
20:14:36.445 [main] WARN org.springframework.web.servlet.mvc.support.DefaultHandlerExceptionResolver -- Resolved [org.springframework.http.converter.HttpMessageNotReadableException: JSON parse error: Unexpected end-of-input: expected close marker for Object (start marker at [Source: REDACTED (`StreamReadFeature.INCLUDE_SOURCE_IN_LOCATION` disabled); byte offset: #UNKNOWN])]
20:14:36.446 [main] WARN org.springframework.web.servlet.mvc.support.DefaultHandlerExceptionResolver -- Resolved [org.springframework.http.converter.HttpMessageNotReadableException: JSON parse error: Cannot construct instance of `dev.waterflex.scheduler.TimeOffController$Approval` (although at least one Creator exists): no boolean/Boolean-argument constructor/factory method to deserialize from boolean value (false)]
20:14:36.446 [main] WARN org.springframework.web.servlet.mvc.support.DefaultHandlerExceptionResolver -- Resolved [org.springframework.http.converter.HttpMessageNotReadableException: JSON parse error: Cannot construct instance of `dev.waterflex.scheduler.TimeOffController$Approval` (although at least one Creator exists): no String-argument constructor/factory method to deserialize from String value ('text')]
20:14:36.447 [main] WARN org.springframework.web.servlet.mvc.support.DefaultHandlerExceptionResolver -- Resolved [org.springframework.http.converter.HttpMessageNotReadableException: Required request body is missing: public java.util.Map<java.lang.String, java.lang.Object> dev.waterflex.scheduler.TimeOffController.retry(java.lang.String,dev.waterflex.scheduler.RequestChecks$Empty)]
20:14:36.447 [main] WARN org.springframework.web.servlet.mvc.support.DefaultHandlerExceptionResolver -- Resolved [org.springframework.http.converter.HttpMessageNotReadableException: JSON parse error: Cannot deserialize value of type `dev.waterflex.scheduler.RequestChecks$Empty` from Array value (token `JsonToken.START_ARRAY`)]
20:14:36.447 [main] WARN org.springframework.web.servlet.mvc.support.DefaultHandlerExceptionResolver -- Resolved [org.springframework.http.converter.HttpMessageNotReadableException: JSON parse error: Unexpected end-of-input: expected close marker for Object (start marker at [Source: REDACTED (`StreamReadFeature.INCLUDE_SOURCE_IN_LOCATION` disabled); byte offset: #UNKNOWN])]
20:14:36.447 [main] WARN org.springframework.web.servlet.mvc.support.DefaultHandlerExceptionResolver -- Resolved [org.springframework.http.converter.HttpMessageNotReadableException: JSON parse error: Cannot construct instance of `dev.waterflex.scheduler.RequestChecks$Empty` (although at least one Creator exists): no boolean/Boolean-argument constructor/factory method to deserialize from boolean value (false)]
20:14:36.448 [main] WARN org.springframework.web.servlet.mvc.support.DefaultHandlerExceptionResolver -- Resolved [org.springframework.http.converter.HttpMessageNotReadableException: JSON parse error: Cannot construct instance of `dev.waterflex.scheduler.RequestChecks$Empty` (although at least one Creator exists): no String-argument constructor/factory method to deserialize from String value ('text')]
20:14:36.449 [main] WARN org.springframework.web.servlet.mvc.support.DefaultHandlerExceptionResolver -- Resolved [org.springframework.http.converter.HttpMessageNotReadableException: Required request body is missing: public java.util.Map<java.lang.String, java.lang.Object> dev.waterflex.scheduler.TimeOffController.deny(java.lang.String,dev.waterflex.scheduler.RequestChecks$Empty)]
20:14:36.450 [main] WARN org.springframework.web.servlet.mvc.support.DefaultHandlerExceptionResolver -- Resolved [org.springframework.http.converter.HttpMessageNotReadableException: JSON parse error: Cannot deserialize value of type `dev.waterflex.scheduler.RequestChecks$Empty` from Array value (token `JsonToken.START_ARRAY`)]
20:14:36.450 [main] WARN org.springframework.web.servlet.mvc.support.DefaultHandlerExceptionResolver -- Resolved [org.springframework.http.converter.HttpMessageNotReadableException: JSON parse error: Unexpected end-of-input: expected close marker for Object (start marker at [Source: REDACTED (`StreamReadFeature.INCLUDE_SOURCE_IN_LOCATION` disabled); byte offset: #UNKNOWN])]
20:14:36.450 [main] WARN org.springframework.web.servlet.mvc.support.DefaultHandlerExceptionResolver -- Resolved [org.springframework.http.converter.HttpMessageNotReadableException: JSON parse error: Cannot construct instance of `dev.waterflex.scheduler.RequestChecks$Empty` (although at least one Creator exists): no boolean/Boolean-argument constructor/factory method to deserialize from boolean value (false)]
20:14:36.450 [main] WARN org.springframework.web.servlet.mvc.support.DefaultHandlerExceptionResolver -- Resolved [org.springframework.http.converter.HttpMessageNotReadableException: JSON parse error: Cannot construct instance of `dev.waterflex.scheduler.RequestChecks$Empty` (although at least one Creator exists): no String-argument constructor/factory method to deserialize from String value ('text')]
20:14:36.453 [main] WARN org.springframework.web.servlet.mvc.support.DefaultHandlerExceptionResolver -- Resolved [org.springframework.http.converter.HttpMessageNotReadableException: Required request body is missing: public java.util.Map<java.lang.String, java.lang.Object> dev.waterflex.scheduler.ScheduleGuardController.availability(dev.waterflex.scheduler.ScheduleGuardController$AvailabilityRequest)]
20:14:36.453 [main] WARN org.springframework.web.servlet.mvc.support.DefaultHandlerExceptionResolver -- Resolved [org.springframework.http.converter.HttpMessageNotReadableException: JSON parse error: Cannot deserialize value of type `dev.waterflex.scheduler.ScheduleGuardController$AvailabilityRequest` from Array value (token `JsonToken.START_ARRAY`)]
20:14:36.453 [main] WARN org.springframework.web.servlet.mvc.support.DefaultHandlerExceptionResolver -- Resolved [org.springframework.http.converter.HttpMessageNotReadableException: JSON parse error: Unexpected end-of-input: expected close marker for Object (start marker at [Source: REDACTED (`StreamReadFeature.INCLUDE_SOURCE_IN_LOCATION` disabled); byte offset: #UNKNOWN])]
20:14:36.454 [main] WARN org.springframework.web.servlet.mvc.support.DefaultHandlerExceptionResolver -- Resolved [org.springframework.http.converter.HttpMessageNotReadableException: JSON parse error: Cannot construct instance of `dev.waterflex.scheduler.ScheduleGuardController$AvailabilityRequest` (although at least one Creator exists): no boolean/Boolean-argument constructor/factory method to deserialize from boolean value (false)]
20:14:36.454 [main] WARN org.springframework.web.servlet.mvc.support.DefaultHandlerExceptionResolver -- Resolved [org.springframework.http.converter.HttpMessageNotReadableException: JSON parse error: Cannot construct instance of `dev.waterflex.scheduler.ScheduleGuardController$AvailabilityRequest` (although at least one Creator exists): no String-argument constructor/factory method to deserialize from String value ('text')]
20:14:36.455 [main] WARN org.springframework.web.servlet.mvc.support.DefaultHandlerExceptionResolver -- Resolved [org.springframework.http.converter.HttpMessageNotReadableException: Required request body is missing: public java.util.Map<java.lang.String, java.lang.Object> dev.waterflex.scheduler.ScheduleGuardController.qualification(dev.waterflex.scheduler.ScheduleGuardController$QualificationRequest)]
20:14:36.456 [main] WARN org.springframework.web.servlet.mvc.support.DefaultHandlerExceptionResolver -- Resolved [org.springframework.http.converter.HttpMessageNotReadableException: JSON parse error: Cannot deserialize value of type `dev.waterflex.scheduler.ScheduleGuardController$QualificationRequest` from Array value (token `JsonToken.START_ARRAY`)]
20:14:36.457 [main] WARN org.springframework.web.servlet.mvc.support.DefaultHandlerExceptionResolver -- Resolved [org.springframework.http.converter.HttpMessageNotReadableException: JSON parse error: Unexpected end-of-input: expected close marker for Object (start marker at [Source: REDACTED (`StreamReadFeature.INCLUDE_SOURCE_IN_LOCATION` disabled); byte offset: #UNKNOWN])]
20:14:36.457 [main] WARN org.springframework.web.servlet.mvc.support.DefaultHandlerExceptionResolver -- Resolved [org.springframework.http.converter.HttpMessageNotReadableException: JSON parse error: Cannot construct instance of `dev.waterflex.scheduler.ScheduleGuardController$QualificationRequest` (although at least one Creator exists): no boolean/Boolean-argument constructor/factory method to deserialize from boolean value (false)]
20:14:36.458 [main] WARN org.springframework.web.servlet.mvc.support.DefaultHandlerExceptionResolver -- Resolved [org.springframework.http.converter.HttpMessageNotReadableException: JSON parse error: Cannot construct instance of `dev.waterflex.scheduler.ScheduleGuardController$QualificationRequest` (although at least one Creator exists): no String-argument constructor/factory method to deserialize from String value ('text')]
[INFO] Tests run: 7, Failures: 0, Errors: 0, Skipped: 0, Time elapsed: 0.220 s -- in dev.waterflex.scheduler.NullabilityTest
[INFO] Running dev.waterflex.scheduler.optimizer.AssertionCampaignTest
[WARNING] Tests run: 1, Failures: 0, Errors: 0, Skipped: 1, Time elapsed: 0.001 s -- in dev.waterflex.scheduler.optimizer.AssertionCampaignTest
[INFO] Running dev.waterflex.scheduler.optimizer.ConstraintRulesTest
[INFO] Tests run: 5, Failures: 0, Errors: 0, Skipped: 0, Time elapsed: 0.070 s -- in dev.waterflex.scheduler.optimizer.ConstraintRulesTest
[INFO] Running dev.waterflex.scheduler.optimizer.DailyConstructionTest
20:14:36.956 [main] INFO ai.timefold.solver.core.impl.solver.DefaultSolver -- Solving started: time spent (6), best score ([0/0/-3/0/0]hard/[0/0]soft), environment mode (FULL_ASSERT), move thread count (NONE), random (seed 17).
20:14:36.957 [main] INFO ai.timefold.solver.core.impl.solver.DefaultSolver -- Problem scale: genuine entity count (2), genuine variable count (2), approximate value count (3), approximate problem scale (60).
20:14:36.988 [main] INFO ai.timefold.solver.core.impl.constructionheuristic.DefaultConstructionHeuristicPhase -- Construction Heuristic phase (0) ended: time spent (38), best score ([0/0/0/0/0]hard/[0/-4500]soft), move evaluation speed (387/sec), step total (3).
20:14:37.201 [main] INFO ai.timefold.solver.core.impl.localsearch.DefaultLocalSearchPhase -- Local Search phase (1) ended: time spent (251), best score ([0/0/0/0/0]hard/[0/-4500]soft), move evaluation speed (1625/sec), step total (1).
20:14:37.202 [main] INFO ai.timefold.solver.core.impl.solver.DefaultSolver -- Solving ended: time spent (251), best score ([0/0/0/0/0]hard/[0/-4500]soft), move evaluation speed (1414/sec), phase total (2), environment mode (FULL_ASSERT), move thread count (NONE).
20:14:37.206 [main] INFO ai.timefold.solver.core.impl.solver.DefaultSolver -- Solving started: time spent (0), best score ([0/0/-2/0/0]hard/[0/-1500]soft), environment mode (FULL_ASSERT), move thread count (NONE), random (seed 17).
20:14:37.207 [main] INFO ai.timefold.solver.core.impl.solver.DefaultSolver -- Problem scale: genuine entity count (2), genuine variable count (2), approximate value count (3), approximate problem scale (60).
20:14:37.211 [main] INFO ai.timefold.solver.core.impl.constructionheuristic.DefaultConstructionHeuristicPhase -- Construction Heuristic phase (0) ended: time spent (5), best score ([0/0/0/0/0]hard/[0/-4500]soft), move evaluation speed (1750/sec), step total (2).
20:14:37.456 [main] INFO ai.timefold.solver.core.impl.localsearch.DefaultLocalSearchPhase -- Local Search phase (1) ended: time spent (250), best score ([0/0/0/0/0]hard/[0/-4500]soft), move evaluation speed (3155/sec), step total (1).
20:14:37.456 [main] INFO ai.timefold.solver.core.impl.solver.DefaultSolver -- Solving ended: time spent (250), best score ([0/0/0/0/0]hard/[0/-4500]soft), move evaluation speed (3108/sec), phase total (2), environment mode (FULL_ASSERT), move thread count (NONE).
20:14:37.508 [main] INFO ai.timefold.solver.core.impl.solver.DefaultSolver -- Solving started: time spent (1), best score ([0/0/-1/0/0]hard/[0/0]soft), environment mode (FULL_ASSERT), move thread count (NONE), random (seed 17).
20:14:37.509 [main] INFO ai.timefold.solver.core.impl.solver.DefaultSolver -- Problem scale: genuine entity count (1), genuine variable count (1), approximate value count (1), approximate problem scale (2).
20:14:37.511 [main] INFO ai.timefold.solver.core.impl.constructionheuristic.DefaultConstructionHeuristicPhase -- Construction Heuristic phase (0) ended: time spent (4), best score ([0/0/-1/0/0]hard/[0/0]soft), move evaluation speed (2000/sec), step total (2).
20:14:37.757 [main] INFO ai.timefold.solver.core.impl.localsearch.DefaultLocalSearchPhase -- Local Search phase (1) ended: time spent (250), best score ([0/0/-1/0/0]hard/[0/0]soft), move evaluation speed (3760/sec), step total (1).
20:14:37.758 [main] INFO ai.timefold.solver.core.impl.solver.DefaultSolver -- Solving ended: time spent (251), best score ([0/0/-1/0/0]hard/[0/0]soft), move evaluation speed (3701/sec), phase total (2), environment mode (FULL_ASSERT), move thread count (NONE).
20:14:37.761 [main] INFO ai.timefold.solver.core.impl.solver.DefaultSolver -- Solving started: time spent (1), best score ([0/0/-1/0/0]hard/[0/0]soft), environment mode (FULL_ASSERT), move thread count (NONE), random (seed 17).
20:14:37.761 [main] INFO ai.timefold.solver.core.impl.solver.DefaultSolver -- Problem scale: genuine entity count (1), genuine variable count (1), approximate value count (1), approximate problem scale (2).
20:14:37.764 [main] INFO ai.timefold.solver.core.impl.constructionheuristic.DefaultConstructionHeuristicPhase -- Construction Heuristic phase (0) ended: time spent (4), best score ([0/0/-1/0/0]hard/[0/0]soft), move evaluation speed (1333/sec), step total (2).
20:14:38.010 [main] INFO ai.timefold.solver.core.impl.localsearch.DefaultLocalSearchPhase -- Local Search phase (1) ended: time spent (250), best score ([0/0/-1/0/0]hard/[0/0]soft), move evaluation speed (4524/sec), step total (3).
20:14:38.011 [main] INFO ai.timefold.solver.core.impl.solver.DefaultSolver -- Solving ended: time spent (251), best score ([0/0/-1/0/0]hard/[0/0]soft), move evaluation speed (4450/sec), phase total (2), environment mode (FULL_ASSERT), move thread count (NONE).
20:14:38.019 [main] INFO ai.timefold.solver.core.impl.solver.DefaultSolver -- Solving started: time spent (1), best score ([0/-1800/0/0/0]hard/[0/-1500]soft), environment mode (FULL_ASSERT), move thread count (NONE), random (seed 17).
20:14:38.019 [main] INFO ai.timefold.solver.core.impl.solver.DefaultSolver -- Problem scale: genuine entity count (1), genuine variable count (1), approximate value count (1), approximate problem scale (2).
20:14:38.268 [main] INFO ai.timefold.solver.core.impl.localsearch.DefaultLocalSearchPhase -- Local Search phase (0) ended: time spent (250), best score ([0/0/-1/0/0]hard/[0/0]soft), move evaluation speed (5510/sec), step total (2).
20:14:38.268 [main] INFO ai.timefold.solver.core.impl.solver.DefaultSolver -- Solving ended: time spent (250), best score ([0/0/-1/0/0]hard/[0/0]soft), move evaluation speed (5488/sec), phase total (1), environment mode (FULL_ASSERT), move thread count (NONE).
20:14:38.271 [main] INFO ai.timefold.solver.core.impl.solver.DefaultSolver -- Solving started: time spent (2), best score ([0/-1800/0/0/0]hard/[0/-1500]soft), environment mode (FULL_ASSERT), move thread count (NONE), random (seed 17).
20:14:38.271 [main] INFO ai.timefold.solver.core.impl.solver.DefaultSolver -- Problem scale: genuine entity count (2), genuine variable count (2), approximate value count (1), approximate problem scale (3).
20:14:38.519 [main] INFO ai.timefold.solver.core.impl.localsearch.DefaultLocalSearchPhase -- Local Search phase (0) ended: time spent (250), best score ([0/0/0/0/0]hard/[0/-1500]soft), move evaluation speed (5298/sec), step total (2).
20:14:38.520 [main] INFO ai.timefold.solver.core.impl.solver.DefaultSolver -- Solving ended: time spent (251), best score ([0/0/0/0/0]hard/[0/-1500]soft), move evaluation speed (5235/sec), phase total (1), environment mode (FULL_ASSERT), move thread count (NONE).
20:14:38.523 [main] INFO ai.timefold.solver.core.impl.solver.DefaultSolver -- Solving started: time spent (0), best score ([0/0/-1/0/0]hard/[0/0]soft), environment mode (FULL_ASSERT), move thread count (NONE), random (seed 17).
20:14:38.524 [main] INFO ai.timefold.solver.core.impl.solver.DefaultSolver -- Problem scale: genuine entity count (1), genuine variable count (1), approximate value count (1), approximate problem scale (2).
20:14:38.526 [main] INFO ai.timefold.solver.core.impl.constructionheuristic.DefaultConstructionHeuristicPhase -- Construction Heuristic phase (0) ended: time spent (3), best score ([0/0/-1/0/0]hard/[0/0]soft), move evaluation speed (2000/sec), step total (2).
20:14:38.773 [main] INFO ai.timefold.solver.core.impl.localsearch.DefaultLocalSearchPhase -- Local Search phase (1) ended: time spent (250), best score ([0/0/-1/0/0]hard/[0/0]soft), move evaluation speed (5607/sec), step total (3).
20:14:38.773 [main] INFO ai.timefold.solver.core.impl.solver.DefaultSolver -- Solving ended: time spent (250), best score ([0/0/-1/0/0]hard/[0/0]soft), move evaluation speed (5556/sec), phase total (2), environment mode (FULL_ASSERT), move thread count (NONE).
20:14:38.775 [main] INFO ai.timefold.solver.core.impl.solver.DefaultSolver -- Solving started: time spent (0), best score ([0/-3601/0/0/0]hard/[0/-1500]soft), environment mode (FULL_ASSERT), move thread count (NONE), random (seed 17).
20:14:38.775 [main] INFO ai.timefold.solver.core.impl.solver.DefaultSolver -- Problem scale: genuine entity count (1), genuine variable count (1), approximate value count (1), approximate problem scale (2).
20:14:38.775 [main] WARN ai.timefold.solver.core.impl.localsearch.DefaultLocalSearchPhase --     No doable selected move at step index (0), time spent (0). Terminating phase early.
20:14:38.776 [main] INFO ai.timefold.solver.core.impl.localsearch.DefaultLocalSearchPhase -- Local Search phase (0) ended: time spent (1), best score ([0/-3601/0/0/0]hard/[0/-1500]soft), move evaluation speed (0/sec), step total (0).
20:14:38.776 [main] INFO ai.timefold.solver.core.impl.solver.DefaultSolver -- Solving ended: time spent (1), best score ([0/-3601/0/0/0]hard/[0/-1500]soft), move evaluation speed (0/sec), phase total (1), environment mode (FULL_ASSERT), move thread count (NONE).
20:14:38.853 [main] INFO ai.timefold.solver.core.impl.solver.DefaultSolver -- Solving started: time spent (1), best score ([0/0/-4/0/0]hard/[0/-3000]soft), environment mode (FULL_ASSERT), move thread count (NONE), random (seed 17).
20:14:38.853 [main] INFO ai.timefold.solver.core.impl.solver.DefaultSolver -- Problem scale: genuine entity count (3), genuine variable count (3), approximate value count (6), approximate problem scale (60,480).
20:14:38.863 [main] INFO ai.timefold.solver.core.impl.constructionheuristic.DefaultConstructionHeuristicPhase -- Construction Heuristic phase (0) ended: time spent (11), best score ([0/0/0/0/0]hard/[0/-9000]soft), move evaluation speed (2600/sec), step total (4).
20:14:38.952 [main] INFO ai.timefold.solver.core.impl.localsearch.DefaultLocalSearchPhase -- Local Search phase (1) ended: time spent (100), best score ([0/0/0/0/0]hard/[0/-9000]soft), move evaluation speed (4258/sec), step total (4).
20:14:38.953 [main] INFO ai.timefold.solver.core.impl.solver.DefaultSolver -- Solving ended: time spent (100), best score ([0/0/0/0/0]hard/[0/-9000]soft), move evaluation speed (4050/sec), phase total (2), environment mode (FULL_ASSERT), move thread count (NONE).
20:14:39.030 [main] INFO ai.timefold.solver.core.impl.solver.DefaultSolver -- Solving started: time spent (1), best score ([0/0/-4/0/0]hard/[0/-3000]soft), environment mode (FULL_ASSERT), move thread count (NONE), random (seed 17).
20:14:39.030 [main] INFO ai.timefold.solver.core.impl.solver.DefaultSolver -- Problem scale: genuine entity count (3), genuine variable count (3), approximate value count (6), approximate problem scale (60,480).
20:14:39.039 [main] INFO ai.timefold.solver.core.impl.constructionheuristic.DefaultConstructionHeuristicPhase -- Construction Heuristic phase (0) ended: time spent (10), best score ([0/0/0/0/0]hard/[0/-9000]soft), move evaluation speed (2888/sec), step total (4).
20:14:39.129 [main] INFO ai.timefold.solver.core.impl.localsearch.DefaultLocalSearchPhase -- Local Search phase (1) ended: time spent (100), best score ([0/0/0/0/0]hard/[0/-9000]soft), move evaluation speed (4629/sec), step total (5).
20:14:39.130 [main] INFO ai.timefold.solver.core.impl.solver.DefaultSolver -- Solving ended: time spent (101), best score ([0/0/0/0/0]hard/[0/-9000]soft), move evaluation speed (4336/sec), phase total (2), environment mode (FULL_ASSERT), move thread count (NONE).
20:14:39.193 [main] INFO ai.timefold.solver.core.impl.solver.DefaultSolver -- Solving started: time spent (1), best score ([0/0/-4/0/0]hard/[0/-3000]soft), environment mode (FULL_ASSERT), move thread count (NONE), random (seed 17).
20:14:39.193 [main] INFO ai.timefold.solver.core.impl.solver.DefaultSolver -- Problem scale: genuine entity count (3), genuine variable count (3), approximate value count (6), approximate problem scale (60,480).
20:14:39.200 [main] INFO ai.timefold.solver.core.impl.constructionheuristic.DefaultConstructionHeuristicPhase -- Construction Heuristic phase (0) ended: time spent (8), best score ([0/0/0/0/0]hard/[0/-9000]soft), move evaluation speed (3714/sec), step total (4).
20:14:39.292 [main] INFO ai.timefold.solver.core.impl.localsearch.DefaultLocalSearchPhase -- Local Search phase (1) ended: time spent (100), best score ([0/0/0/0/0]hard/[0/-9000]soft), move evaluation speed (1461/sec), step total (120).
20:14:39.292 [main] INFO ai.timefold.solver.core.impl.solver.DefaultSolver -- Solving ended: time spent (100), best score ([0/0/0/0/0]hard/[0/-9000]soft), move evaluation speed (1590/sec), phase total (2), environment mode (FULL_ASSERT), move thread count (NONE).
20:14:39.337 [main] INFO ai.timefold.solver.core.impl.solver.DefaultSolver -- Solving started: time spent (0), best score ([0/0/-4/0/0]hard/[0/-3000]soft), environment mode (FULL_ASSERT), move thread count (NONE), random (seed 17).
20:14:39.337 [main] INFO ai.timefold.solver.core.impl.solver.DefaultSolver -- Problem scale: genuine entity count (3), genuine variable count (3), approximate value count (6), approximate problem scale (60,480).
20:14:39.345 [main] INFO ai.timefold.solver.core.impl.constructionheuristic.DefaultConstructionHeuristicPhase -- Construction Heuristic phase (0) ended: time spent (8), best score ([0/0/0/0/0]hard/[0/-9000]soft), move evaluation speed (3250/sec), step total (4).
20:14:39.437 [main] INFO ai.timefold.solver.core.impl.localsearch.DefaultLocalSearchPhase -- Local Search phase (1) ended: time spent (100), best score ([0/0/0/0/0]hard/[0/-9000]soft), move evaluation speed (1593/sec), step total (135).
20:14:39.438 [main] INFO ai.timefold.solver.core.impl.solver.DefaultSolver -- Solving ended: time spent (101), best score ([0/0/0/0/0]hard/[0/-9000]soft), move evaluation speed (1693/sec), phase total (2), environment mode (FULL_ASSERT), move thread count (NONE).
20:14:39.439 [main] INFO ai.timefold.solver.core.impl.solver.DefaultSolver -- Solving started: time spent (0), best score ([0/0/-4/0/0]hard/[0/-3000]soft), environment mode (FULL_ASSERT), move thread count (NONE), random (seed 17).
20:14:39.439 [main] INFO ai.timefold.solver.core.impl.solver.DefaultSolver -- Problem scale: genuine entity count (3), genuine variable count (3), approximate value count (6), approximate problem scale (60,480).
20:14:39.447 [main] INFO ai.timefold.solver.core.impl.constructionheuristic.DefaultConstructionHeuristicPhase -- Construction Heuristic phase (0) ended: time spent (8), best score ([0/0/0/0/0]hard/[0/-9000]soft), move evaluation speed (3250/sec), step total (4).
20:14:39.539 [main] INFO ai.timefold.solver.core.impl.localsearch.DefaultLocalSearchPhase -- Local Search phase (1) ended: time spent (100), best score ([0/0/0/0/0]hard/[0/-9000]soft), move evaluation speed (6217/sec), step total (1).
20:14:39.539 [main] INFO ai.timefold.solver.core.impl.solver.DefaultSolver -- Solving ended: time spent (100), best score ([0/0/0/0/0]hard/[0/-9000]soft), move evaluation speed (5980/sec), phase total (2), environment mode (FULL_ASSERT), move thread count (NONE).
20:14:39.591 [main] INFO ai.timefold.solver.core.impl.solver.DefaultSolver -- Solving started: time spent (1), best score ([0/0/-4/0/0]hard/[0/-3000]soft), environment mode (FULL_ASSERT), move thread count (NONE), random (seed 17).
20:14:39.591 [main] INFO ai.timefold.solver.core.impl.solver.DefaultSolver -- Problem scale: genuine entity count (3), genuine variable count (3), approximate value count (6), approximate problem scale (60,480).
20:14:39.598 [main] INFO ai.timefold.solver.core.impl.constructionheuristic.DefaultConstructionHeuristicPhase -- Construction Heuristic phase (0) ended: time spent (8), best score ([0/0/0/0/0]hard/[0/-9000]soft), move evaluation speed (3714/sec), step total (4).
20:14:39.690 [main] INFO ai.timefold.solver.core.impl.localsearch.DefaultLocalSearchPhase -- Local Search phase (1) ended: time spent (100), best score ([0/0/0/0/0]hard/[0/-9000]soft), move evaluation speed (1494/sec), step total (129).
20:14:39.691 [main] INFO ai.timefold.solver.core.impl.solver.DefaultSolver -- Solving ended: time spent (100), best score ([0/0/0/0/0]hard/[0/-9000]soft), move evaluation speed (1620/sec), phase total (2), environment mode (FULL_ASSERT), move thread count (NONE).
20:14:39.736 [main] INFO ai.timefold.solver.core.impl.solver.DefaultSolver -- Solving started: time spent (1), best score ([0/0/-4/0/0]hard/[0/-3000]soft), environment mode (FULL_ASSERT), move thread count (NONE), random (seed 17).
20:14:39.736 [main] INFO ai.timefold.solver.core.impl.solver.DefaultSolver -- Problem scale: genuine entity count (3), genuine variable count (3), approximate value count (6), approximate problem scale (60,480).
20:14:39.744 [main] INFO ai.timefold.solver.core.impl.constructionheuristic.DefaultConstructionHeuristicPhase -- Construction Heuristic phase (0) ended: time spent (9), best score ([0/0/0/0/0]hard/[0/-9000]soft), move evaluation speed (3250/sec), step total (4).
20:14:39.835 [main] INFO ai.timefold.solver.core.impl.localsearch.DefaultLocalSearchPhase -- Local Search phase (1) ended: time spent (100), best score ([0/0/0/0/0]hard/[0/-9000]soft), move evaluation speed (1252/sec), step total (112).
20:14:39.835 [main] INFO ai.timefold.solver.core.impl.solver.DefaultSolver -- Solving ended: time spent (100), best score ([0/0/0/0/0]hard/[0/-9000]soft), move evaluation speed (1400/sec), phase total (2), environment mode (FULL_ASSERT), move thread count (NONE).
[INFO] Tests run: 9, Failures: 0, Errors: 0, Skipped: 0, Time elapsed: 3.328 s -- in dev.waterflex.scheduler.optimizer.DailyConstructionTest
[INFO] Running dev.waterflex.scheduler.optimizer.DailyDatasetTest
[INFO] Tests run: 10, Failures: 0, Errors: 0, Skipped: 0, Time elapsed: 0.100 s -- in dev.waterflex.scheduler.optimizer.DailyDatasetTest
[INFO] Running dev.waterflex.scheduler.optimizer.DailyOperationTest
20:14:39.964 [daily-e3987f99-d83c-4ab4-a086-8029f80a970a] INFO dev.waterflex.scheduler.optimizer.DailyOperation -- Daily operation Receipt[requestId=e3987f99-d83c-4ab4-a086-8029f80a970a, outcome=COMPLETED, elapsedMs=1, queueMs=null, searchMs=0, cancellationElapsedMs=null, cleanupOvershootMs=null, phaseCleanupOvershootMs=0, searchOvershootMs=0, lateResult=false]
20:14:40.970 [daily-3bc71d4f-d8fd-4996-bccc-b3b362529f1e] INFO dev.waterflex.scheduler.optimizer.DailyOperation -- Daily operation Receipt[requestId=3bc71d4f-d8fd-4996-bccc-b3b362529f1e, outcome=FAILED, elapsedMs=0, queueMs=0, searchMs=0, cancellationElapsedMs=null, cleanupOvershootMs=null, phaseCleanupOvershootMs=0, searchOvershootMs=0, lateResult=false]
20:14:41.131 [daily-cancellation] INFO ai.timefold.solver.core.impl.solver.DefaultSolver -- Terminating solver early.
20:14:41.257 [daily-57693ba7-40ef-4f11-aeac-72c09e3b6f89] INFO ai.timefold.solver.core.impl.solver.DefaultSolver -- Solving started: time spent (0), best score ([0/0/0/0/0]hard/[0/-17241]soft), environment mode (NO_ASSERT), move thread count (NONE), random (seed 17).
20:14:41.257 [daily-57693ba7-40ef-4f11-aeac-72c09e3b6f89] INFO ai.timefold.solver.core.impl.solver.DefaultSolver -- Problem scale: genuine entity count (3), genuine variable count (3), approximate value count (6), approximate problem scale (60,480).
20:14:43.154 [daily-cancellation] INFO ai.timefold.solver.core.impl.solver.DefaultSolver -- Terminating solver early.
20:14:43.154 [daily-57693ba7-40ef-4f11-aeac-72c09e3b6f89] INFO ai.timefold.solver.core.impl.localsearch.DefaultLocalSearchPhase -- Local Search phase (0) ended: time spent (1897), best score ([0/0/0/0/0]hard/[0/-16541]soft), move evaluation speed (300602/sec), step total (59).
20:14:43.154 [daily-57693ba7-40ef-4f11-aeac-72c09e3b6f89] INFO ai.timefold.solver.core.impl.solver.DefaultSolver -- Solving ended: time spent (1897), best score ([0/0/0/0/0]hard/[0/-16541]soft), move evaluation speed (300602/sec), phase total (1), environment mode (NO_ASSERT), move thread count (NONE).
[INFO] Tests run: 10, Failures: 0, Errors: 0, Skipped: 0, Time elapsed: 3.296 s -- in dev.waterflex.scheduler.optimizer.DailyOperationTest
[INFO] Running dev.waterflex.scheduler.optimizer.DailyProposalBoundaryTest
[INFO] Tests run: 1, Failures: 0, Errors: 0, Skipped: 0, Time elapsed: 0.004 s -- in dev.waterflex.scheduler.optimizer.DailyProposalBoundaryTest
[INFO] Running dev.waterflex.scheduler.optimizer.DayConstraintProviderTest
20:14:43.286 [main] INFO ai.timefold.solver.core.impl.solver.DefaultSolver -- Solving started: time spent (0), best score ([0/0/0/0/0]hard/[-0.015625/-6000]soft), environment mode (FULL_ASSERT), move thread count (NONE), random (seed 17).
20:14:43.287 [main] INFO ai.timefold.solver.core.impl.solver.DefaultSolver -- Problem scale: genuine entity count (2), genuine variable count (2), approximate value count (2), approximate problem scale (12).
20:14:44.805 [main] INFO ai.timefold.solver.core.impl.localsearch.DefaultLocalSearchPhase -- Local Search phase (0) ended: time spent (1519), best score ([0/0/0/0/0]hard/[0E-8/-6000]soft), move evaluation speed (6587/sec), step total (100).
20:14:44.805 [main] INFO ai.timefold.solver.core.impl.solver.DefaultSolver -- Solving ended: time spent (1519), best score ([0/0/0/0/0]hard/[0E-8/-6000]soft), move evaluation speed (6583/sec), phase total (1), environment mode (FULL_ASSERT), move thread count (NONE).
20:14:44.825 [main] INFO ai.timefold.solver.core.impl.solver.DefaultSolver -- Solving started: time spent (0), best score ([0/0/0/0/0]hard/[0/-17241]soft), environment mode (FULL_ASSERT), move thread count (NONE), random (seed 17).
20:14:44.825 [main] INFO ai.timefold.solver.core.impl.solver.DefaultSolver -- Problem scale: genuine entity count (3), genuine variable count (3), approximate value count (6), approximate problem scale (60,480).
20:14:46.282 [main] INFO ai.timefold.solver.core.impl.localsearch.DefaultLocalSearchPhase -- Local Search phase (0) ended: time spent (1457), best score ([0/0/0/0/0]hard/[0/-16541]soft), move evaluation speed (6863/sec), step total (100).
20:14:46.282 [main] INFO ai.timefold.solver.core.impl.solver.DefaultSolver -- Solving ended: time spent (1457), best score ([0/0/0/0/0]hard/[0/-16541]soft), move evaluation speed (6863/sec), phase total (1), environment mode (FULL_ASSERT), move thread count (NONE).
20:14:46.303 [main] INFO ai.timefold.solver.core.impl.solver.DefaultSolver -- Solving started: time spent (0), best score ([0/0/0/0/0]hard/[-0.1039943683049779458097038437303088/-16541]soft), environment mode (FULL_ASSERT), move thread count (NONE), random (seed 17).
20:14:46.304 [main] INFO ai.timefold.solver.core.impl.solver.DefaultSolver -- Problem scale: genuine entity count (3), genuine variable count (3), approximate value count (6), approximate problem scale (60,480).
20:14:48.116 [main] INFO ai.timefold.solver.core.impl.localsearch.DefaultLocalSearchPhase -- Local Search phase (0) ended: time spent (1813), best score ([0/0/0/0/0]hard/[-0.1039943683049779458097038437303088/-16541]soft), move evaluation speed (5518/sec), step total (100).
20:14:48.116 [main] INFO ai.timefold.solver.core.impl.solver.DefaultSolver -- Solving ended: time spent (1813), best score ([0/0/0/0/0]hard/[-0.1039943683049779458097038437303088/-16541]soft), move evaluation speed (5515/sec), phase total (1), environment mode (FULL_ASSERT), move thread count (NONE).
20:14:48.140 [main] INFO ai.timefold.solver.core.impl.solver.DefaultSolver -- Solving started: time spent (0), best score ([0/0/0/0/0]hard/[0/-17241]soft), environment mode (FULL_ASSERT), move thread count (NONE), random (seed 17).
20:14:48.141 [main] INFO ai.timefold.solver.core.impl.solver.DefaultSolver -- Problem scale: genuine entity count (3), genuine variable count (3), approximate value count (6), approximate problem scale (60,480).
20:14:49.828 [main] INFO ai.timefold.solver.core.impl.localsearch.DefaultLocalSearchPhase -- Local Search phase (0) ended: time spent (1688), best score ([0/0/0/0/0]hard/[0/-16541]soft), move evaluation speed (5927/sec), step total (100).
20:14:49.829 [main] INFO ai.timefold.solver.core.impl.solver.DefaultSolver -- Solving ended: time spent (1689), best score ([0/0/0/0/0]hard/[0/-16541]soft), move evaluation speed (5920/sec), phase total (1), environment mode (FULL_ASSERT), move thread count (NONE).
20:14:49.853 [main] INFO ai.timefold.solver.core.impl.solver.DefaultSolver -- Solving started: time spent (0), best score ([0/0/0/0/0]hard/[-60/-7500]soft), environment mode (FULL_ASSERT), move thread count (NONE), random (seed 17).
20:14:49.853 [main] INFO ai.timefold.solver.core.impl.solver.DefaultSolver -- Problem scale: genuine entity count (2), genuine variable count (2), approximate value count (2), approximate problem scale (12).
20:14:51.241 [main] INFO ai.timefold.solver.core.impl.localsearch.DefaultLocalSearchPhase -- Local Search phase (0) ended: time spent (1388), best score ([0/0/0/0/0]hard/[0/-6000]soft), move evaluation speed (7204/sec), step total (100).
20:14:51.241 [main] INFO ai.timefold.solver.core.impl.solver.DefaultSolver -- Solving ended: time spent (1388), best score ([0/0/0/0/0]hard/[0/-6000]soft), move evaluation speed (7204/sec), phase total (1), environment mode (FULL_ASSERT), move thread count (NONE).
[INFO] Tests run: 4, Failures: 0, Errors: 0, Skipped: 0, Time elapsed: 7.980 s -- in dev.waterflex.scheduler.optimizer.DayConstraintProviderTest
[INFO] Running dev.waterflex.scheduler.optimizer.OptimizationControllerTest
20:14:51.247 [main] INFO org.springframework.mock.web.MockServletContext -- Initializing Spring TestDispatcherServlet ''
20:14:51.247 [main] INFO org.springframework.test.web.servlet.TestDispatcherServlet -- Initializing Servlet ''
20:14:51.247 [main] INFO org.springframework.test.web.servlet.TestDispatcherServlet -- Completed initialization in 0 ms
20:14:51.261 [main] INFO org.springframework.mock.web.MockServletContext -- Initializing Spring TestDispatcherServlet ''
20:14:51.261 [main] INFO org.springframework.test.web.servlet.TestDispatcherServlet -- Initializing Servlet ''
20:14:51.262 [main] INFO org.springframework.test.web.servlet.TestDispatcherServlet -- Completed initialization in 0 ms
[INFO] Tests run: 2, Failures: 0, Errors: 0, Skipped: 0, Time elapsed: 0.021 s -- in dev.waterflex.scheduler.optimizer.OptimizationControllerTest
[INFO] Running dev.waterflex.scheduler.optimizer.OptimizationServiceTest
20:14:53.319 [daily-b0a39e3c-5710-4243-b5e7-f4717d92143d] INFO dev.waterflex.scheduler.optimizer.DailyOperation -- Daily operation Receipt[requestId=b0a39e3c-5710-4243-b5e7-f4717d92143d, outcome=FAILED, elapsedMs=0, queueMs=null, searchMs=0, cancellationElapsedMs=null, cleanupOvershootMs=null, phaseCleanupOvershootMs=0, searchOvershootMs=0, lateResult=false]
[INFO] Tests run: 5, Failures: 0, Errors: 0, Skipped: 0, Time elapsed: 2.057 s -- in dev.waterflex.scheduler.optimizer.OptimizationServiceTest
[INFO] Running dev.waterflex.scheduler.optimizer.PlanFactsTest
[INFO] Tests run: 5, Failures: 0, Errors: 0, Skipped: 0, Time elapsed: 0.005 s -- in dev.waterflex.scheduler.optimizer.PlanFactsTest
[INFO] Running dev.waterflex.scheduler.optimizer.RouteTimelineTest
[INFO] Tests run: 10, Failures: 0, Errors: 0, Skipped: 0, Time elapsed: 0.007 s -- in dev.waterflex.scheduler.optimizer.RouteTimelineTest
[INFO] Running dev.waterflex.scheduler.optimizer.RouteTimingOracleTest
[INFO] Tests run: 1, Failures: 0, Errors: 0, Skipped: 0, Time elapsed: 0.040 s -- in dev.waterflex.scheduler.optimizer.RouteTimingOracleTest
[INFO] Running dev.waterflex.scheduler.optimizer.SchedulingPolicyTest
[INFO] Tests run: 8, Failures: 0, Errors: 0, Skipped: 0, Time elapsed: 0.023 s -- in dev.waterflex.scheduler.optimizer.SchedulingPolicyTest
[INFO] Running dev.waterflex.scheduler.optimizer.SolverBenchmarkTest
[INFO] Tests run: 1, Failures: 0, Errors: 0, Skipped: 0, Time elapsed: 0.014 s -- in dev.waterflex.scheduler.optimizer.SolverBenchmarkTest
[INFO] Running dev.waterflex.scheduler.optimizer.SolverEngineTest
20:14:53.474 [pool-3-thread-1] INFO ai.timefold.solver.core.impl.solver.DefaultSolver -- Solving started: time spent (0), best score ([0/0/0/0/0]hard/[0/-17241]soft), environment mode (NO_ASSERT), move thread count (NONE), random (seed 17).
20:14:53.474 [pool-3-thread-1] INFO ai.timefold.solver.core.impl.solver.DefaultSolver -- Problem scale: genuine entity count (3), genuine variable count (3), approximate value count (6), approximate problem scale (60,480).
20:14:53.475 [pool-3-thread-2] WARN io.micrometer.core.instrument.MeterRegistry -- This Gauge has been already registered (MeterId{name='timefold.solver.problem.entities', tags=[]}), the registration will be ignored. Note that subsequent logs will be logged at debug level.
20:14:53.475 [pool-3-thread-2] INFO ai.timefold.solver.core.impl.solver.DefaultSolver -- Solving started: time spent (1), best score ([0/0/0/0/0]hard/[0/-17241]soft), environment mode (NO_ASSERT), move thread count (NONE), random (seed 17).
20:14:53.475 [pool-3-thread-2] INFO ai.timefold.solver.core.impl.solver.DefaultSolver -- Problem scale: genuine entity count (3), genuine variable count (3), approximate value count (6), approximate problem scale (60,480).
20:14:53.624 [pool-3-thread-1] INFO ai.timefold.solver.core.impl.localsearch.DefaultLocalSearchPhase -- Local Search phase (0) ended: time spent (150), best score ([0/0/0/0/0]hard/[0/-16541]soft), move evaluation speed (189686/sec), step total (285).
20:14:53.624 [pool-3-thread-2] INFO ai.timefold.solver.core.impl.localsearch.DefaultLocalSearchPhase -- Local Search phase (0) ended: time spent (150), best score ([0/0/0/0/0]hard/[0/-16541]soft), move evaluation speed (167389/sec), step total (250).
20:14:53.624 [pool-3-thread-2] INFO ai.timefold.solver.core.impl.solver.DefaultSolver -- Solving ended: time spent (150), best score ([0/0/0/0/0]hard/[0/-16541]soft), move evaluation speed (166273/sec), phase total (1), environment mode (NO_ASSERT), move thread count (NONE).
20:14:53.624 [pool-3-thread-1] INFO ai.timefold.solver.core.impl.solver.DefaultSolver -- Solving ended: time spent (150), best score ([0/0/0/0/0]hard/[0/-16541]soft), move evaluation speed (189686/sec), phase total (1), environment mode (NO_ASSERT), move thread count (NONE).
20:14:53.628 [main] INFO ai.timefold.solver.core.impl.solver.DefaultSolver -- Solving started: time spent (0), best score ([0/0/0/0/0]hard/[0/-17241]soft), environment mode (NO_ASSERT), move thread count (NONE), random (seed 17).
20:14:53.628 [main] INFO ai.timefold.solver.core.impl.solver.DefaultSolver -- Problem scale: genuine entity count (3), genuine variable count (3), approximate value count (6), approximate problem scale (60,480).
20:14:53.940 [main] INFO ai.timefold.solver.core.impl.localsearch.DefaultLocalSearchPhase -- Local Search phase (0) ended: time spent (312), best score ([0/0/0/0/0]hard/[0/-16541]soft), move evaluation speed (320512/sec), step total (1000).
20:14:53.940 [main] INFO ai.timefold.solver.core.impl.solver.DefaultSolver -- Solving ended: time spent (312), best score ([0/0/0/0/0]hard/[0/-16541]soft), move evaluation speed (320512/sec), phase total (1), environment mode (NO_ASSERT), move thread count (NONE).
20:14:53.942 [main] INFO ai.timefold.solver.core.impl.solver.DefaultSolver -- Solving started: time spent (1), best score ([0/0/0/0/0]hard/[0/-17241]soft), environment mode (NO_ASSERT), move thread count (NONE), random (seed 17).
20:14:53.942 [main] INFO ai.timefold.solver.core.impl.solver.DefaultSolver -- Problem scale: genuine entity count (3), genuine variable count (3), approximate value count (6), approximate problem scale (60,480).
20:14:54.261 [main] INFO ai.timefold.solver.core.impl.localsearch.DefaultLocalSearchPhase -- Local Search phase (0) ended: time spent (320), best score ([0/0/0/0/0]hard/[0/-16541]soft), move evaluation speed (313479/sec), step total (1000).
20:14:54.262 [main] INFO ai.timefold.solver.core.impl.solver.DefaultSolver -- Solving ended: time spent (321), best score ([0/0/0/0/0]hard/[0/-16541]soft), move evaluation speed (311526/sec), phase total (1), environment mode (NO_ASSERT), move thread count (NONE).
20:14:54.264 [main] INFO ai.timefold.solver.core.impl.solver.DefaultSolver -- Solving started: time spent (1), best score ([0/0/0/0/0]hard/[0/-17241]soft), environment mode (NO_ASSERT), move thread count (NONE), random (seed 17).
20:14:54.264 [main] INFO ai.timefold.solver.core.impl.solver.DefaultSolver -- Problem scale: genuine entity count (3), genuine variable count (3), approximate value count (6), approximate problem scale (60,480).
20:14:54.363 [main] INFO ai.timefold.solver.core.impl.localsearch.DefaultLocalSearchPhase -- Local Search phase (0) ended: time spent (100), best score ([0/0/0/0/0]hard/[0/-16541]soft), move evaluation speed (315262/sec), step total (313).
20:14:54.363 [main] INFO ai.timefold.solver.core.impl.solver.DefaultSolver -- Solving ended: time spent (100), best score ([0/0/0/0/0]hard/[0/-16541]soft), move evaluation speed (312110/sec), phase total (1), environment mode (NO_ASSERT), move thread count (NONE).
20:14:54.368 [main] INFO ai.timefold.solver.core.impl.solver.DefaultSolver -- Solving started: time spent (0), best score ([0/0/0/0/0]hard/[0/-17241]soft), environment mode (NO_ASSERT), move thread count (NONE), random (seed 17).
20:14:54.368 [main] INFO ai.timefold.solver.core.impl.solver.DefaultSolver -- Problem scale: genuine entity count (3), genuine variable count (3), approximate value count (6), approximate problem scale (60,480).
20:14:54.468 [main] INFO ai.timefold.solver.core.impl.localsearch.DefaultLocalSearchPhase -- Local Search phase (0) ended: time spent (100), best score ([0/0/0/0/0]hard/[0/-16541]soft), move evaluation speed (312292/sec), step total (5).
20:14:54.468 [main] INFO ai.timefold.solver.core.impl.solver.DefaultSolver -- Solving ended: time spent (100), best score ([0/0/0/0/0]hard/[0/-16541]soft), move evaluation speed (309170/sec), phase total (1), environment mode (NO_ASSERT), move thread count (NONE).
20:14:54.470 [main] INFO ai.timefold.solver.core.impl.solver.DefaultSolver -- Solving started: time spent (0), best score ([0/0/0/0/0]hard/[0/-17241]soft), environment mode (NO_ASSERT), move thread count (NONE), random (seed 17).
20:14:54.470 [main] INFO ai.timefold.solver.core.impl.solver.DefaultSolver -- Problem scale: genuine entity count (3), genuine variable count (3), approximate value count (6), approximate problem scale (60,480).
20:14:54.570 [main] INFO ai.timefold.solver.core.impl.localsearch.DefaultLocalSearchPhase -- Local Search phase (0) ended: time spent (100), best score ([0/0/0/0/0]hard/[0/-16541]soft), move evaluation speed (308120/sec), step total (5).
20:14:54.570 [main] INFO ai.timefold.solver.core.impl.solver.DefaultSolver -- Solving ended: time spent (100), best score ([0/0/0/0/0]hard/[0/-16541]soft), move evaluation speed (308120/sec), phase total (1), environment mode (NO_ASSERT), move thread count (NONE).
20:14:54.573 [main] INFO ai.timefold.solver.core.impl.solver.DefaultSolver -- Solving started: time spent (1), best score ([0/0/0/0/0]hard/[0/-17241]soft), environment mode (NO_ASSERT), move thread count (NONE), random (seed 17).
20:14:54.573 [main] INFO ai.timefold.solver.core.impl.solver.DefaultSolver -- Problem scale: genuine entity count (3), genuine variable count (3), approximate value count (6), approximate problem scale (60,480).
20:14:54.672 [main] INFO ai.timefold.solver.core.impl.localsearch.DefaultLocalSearchPhase -- Local Search phase (0) ended: time spent (100), best score ([0/0/0/0/0]hard/[0/-16541]soft), move evaluation speed (300898/sec), step total (4).
20:14:54.672 [main] INFO ai.timefold.solver.core.impl.solver.DefaultSolver -- Solving ended: time spent (100), best score ([0/0/0/0/0]hard/[0/-16541]soft), move evaluation speed (297890/sec), phase total (1), environment mode (NO_ASSERT), move thread count (NONE).
20:14:54.674 [main] INFO ai.timefold.solver.core.impl.solver.DefaultSolver -- Solving started: time spent (0), best score ([0/0/0/0/0]hard/[0/-17241]soft), environment mode (NO_ASSERT), move thread count (NONE), random (seed 17).
20:14:54.674 [main] INFO ai.timefold.solver.core.impl.solver.DefaultSolver -- Problem scale: genuine entity count (3), genuine variable count (3), approximate value count (6), approximate problem scale (60,480).
20:14:54.774 [main] INFO ai.timefold.solver.core.impl.localsearch.DefaultLocalSearchPhase -- Local Search phase (0) ended: time spent (100), best score ([0/0/0/0/0]hard/[0/-16541]soft), move evaluation speed (294929/sec), step total (4).
20:14:54.774 [main] INFO ai.timefold.solver.core.impl.solver.DefaultSolver -- Solving ended: time spent (100), best score ([0/0/0/0/0]hard/[0/-16541]soft), move evaluation speed (291980/sec), phase total (1), environment mode (NO_ASSERT), move thread count (NONE).
20:14:54.776 [main] INFO ai.timefold.solver.core.impl.solver.DefaultSolver -- Solving started: time spent (0), best score ([0/0/0/0/0]hard/[0/-17241]soft), environment mode (NO_ASSERT), move thread count (NONE), random (seed 17).
20:14:54.776 [main] INFO ai.timefold.solver.core.impl.solver.DefaultSolver -- Problem scale: genuine entity count (3), genuine variable count (3), approximate value count (6), approximate problem scale (60,480).
20:14:54.876 [main] INFO ai.timefold.solver.core.impl.localsearch.DefaultLocalSearchPhase -- Local Search phase (0) ended: time spent (100), best score ([0/0/0/0/0]hard/[0/-16541]soft), move evaluation speed (307080/sec), step total (5).
20:14:54.876 [main] INFO ai.timefold.solver.core.impl.solver.DefaultSolver -- Solving ended: time spent (100), best score ([0/0/0/0/0]hard/[0/-16541]soft), move evaluation speed (307080/sec), phase total (1), environment mode (NO_ASSERT), move thread count (NONE).
[INFO] Tests run: 6, Failures: 0, Errors: 0, Skipped: 0, Time elapsed: 1.540 s -- in dev.waterflex.scheduler.optimizer.SolverEngineTest
[INFO] Running dev.waterflex.scheduler.optimizer.SolverExperimentTest
20:14:56.264 [main] INFO ai.timefold.solver.core.impl.solver.DefaultSolver -- Solving started: time spent (1), best score ([0/0/0/0/0]hard/[0/-17241]soft), environment mode (FULL_ASSERT), move thread count (NONE), random (seed 17).
20:14:56.264 [main] INFO ai.timefold.solver.core.impl.solver.DefaultSolver -- Problem scale: genuine entity count (3), genuine variable count (3), approximate value count (6), approximate problem scale (60,480).
20:14:56.363 [main] INFO ai.timefold.solver.core.impl.localsearch.DefaultLocalSearchPhase -- Local Search phase (0) ended: time spent (100), best score ([0/0/0/0/0]hard/[0/-16541]soft), move evaluation speed (6848/sec), step total (7).
20:14:56.363 [main] INFO ai.timefold.solver.core.impl.solver.DefaultSolver -- Solving ended: time spent (100), best score ([0/0/0/0/0]hard/[0/-16541]soft), move evaluation speed (6780/sec), phase total (1), environment mode (FULL_ASSERT), move thread count (NONE).
20:14:56.366 [main] INFO ai.timefold.solver.core.impl.solver.DefaultSolver -- Solving started: time spent (0), best score ([0/0/0/0/0]hard/[0/-17241]soft), environment mode (FULL_ASSERT), move thread count (NONE), random (seed 17).
20:14:56.367 [main] INFO ai.timefold.solver.core.impl.solver.DefaultSolver -- Problem scale: genuine entity count (3), genuine variable count (3), approximate value count (6), approximate problem scale (60,480).
20:14:56.466 [main] INFO ai.timefold.solver.core.impl.localsearch.DefaultLocalSearchPhase -- Local Search phase (0) ended: time spent (100), best score ([0/0/0/0/0]hard/[0/-16541]soft), move evaluation speed (6868/sec), step total (7).
20:14:56.466 [main] INFO ai.timefold.solver.core.impl.solver.DefaultSolver -- Solving ended: time spent (100), best score ([0/0/0/0/0]hard/[0/-16541]soft), move evaluation speed (6800/sec), phase total (1), environment mode (FULL_ASSERT), move thread count (NONE).
20:14:56.470 [main] INFO ai.timefold.solver.core.impl.solver.DefaultSolver -- Solving started: time spent (0), best score ([0/0/0/0/0]hard/[0/-17241]soft), environment mode (FULL_ASSERT), move thread count (NONE), random (seed 17).
20:14:56.470 [main] INFO ai.timefold.solver.core.impl.solver.DefaultSolver -- Problem scale: genuine entity count (3), genuine variable count (3), approximate value count (6), approximate problem scale (60,480).
20:14:56.570 [main] INFO ai.timefold.solver.core.impl.localsearch.DefaultLocalSearchPhase -- Local Search phase (0) ended: time spent (100), best score ([0/0/0/0/0]hard/[0/-16541]soft), move evaluation speed (5410/sec), step total (97).
20:14:56.570 [main] INFO ai.timefold.solver.core.impl.solver.DefaultSolver -- Solving ended: time spent (100), best score ([0/0/0/0/0]hard/[0/-16541]soft), move evaluation speed (5410/sec), phase total (1), environment mode (FULL_ASSERT), move thread count (NONE).
20:14:56.573 [main] INFO ai.timefold.solver.core.impl.solver.DefaultSolver -- Solving started: time spent (0), best score ([0/0/0/0/0]hard/[0/-17241]soft), environment mode (FULL_ASSERT), move thread count (NONE), random (seed 17).
20:14:56.573 [main] INFO ai.timefold.solver.core.impl.solver.DefaultSolver -- Problem scale: genuine entity count (3), genuine variable count (3), approximate value count (6), approximate problem scale (60,480).
20:14:56.673 [main] INFO ai.timefold.solver.core.impl.localsearch.DefaultLocalSearchPhase -- Local Search phase (0) ended: time spent (100), best score ([0/0/0/0/0]hard/[0/-16541]soft), move evaluation speed (5160/sec), step total (104).
20:14:56.673 [main] INFO ai.timefold.solver.core.impl.solver.DefaultSolver -- Solving ended: time spent (100), best score ([0/0/0/0/0]hard/[0/-16541]soft), move evaluation speed (5160/sec), phase total (1), environment mode (FULL_ASSERT), move thread count (NONE).
20:14:56.675 [main] INFO ai.timefold.solver.core.impl.solver.DefaultSolver -- Solving started: time spent (0), best score ([0/0/0/0/0]hard/[0/-17241]soft), environment mode (FULL_ASSERT), move thread count (NONE), random (seed 17).
20:14:56.675 [main] INFO ai.timefold.solver.core.impl.solver.DefaultSolver -- Problem scale: genuine entity count (3), genuine variable count (3), approximate value count (6), approximate problem scale (60,480).
20:14:56.775 [main] INFO ai.timefold.solver.core.impl.localsearch.DefaultLocalSearchPhase -- Local Search phase (0) ended: time spent (100), best score ([0/0/0/0/0]hard/[0/-16691]soft), move evaluation speed (7380/sec), step total (1).
20:14:56.775 [main] INFO ai.timefold.solver.core.impl.solver.DefaultSolver -- Solving ended: time spent (100), best score ([0/0/0/0/0]hard/[0/-16691]soft), move evaluation speed (7380/sec), phase total (1), environment mode (FULL_ASSERT), move thread count (NONE).
20:14:56.779 [main] INFO ai.timefold.solver.core.impl.solver.DefaultSolver -- Solving started: time spent (0), best score ([0/0/0/0/0]hard/[0/-17241]soft), environment mode (FULL_ASSERT), move thread count (NONE), random (seed 17).
20:14:56.779 [main] INFO ai.timefold.solver.core.impl.solver.DefaultSolver -- Problem scale: genuine entity count (3), genuine variable count (3), approximate value count (6), approximate problem scale (60,480).
20:14:56.879 [main] INFO ai.timefold.solver.core.impl.localsearch.DefaultLocalSearchPhase -- Local Search phase (0) ended: time spent (100), best score ([0/0/0/0/0]hard/[0/-16541]soft), move evaluation speed (5300/sec), step total (61).
20:14:56.879 [main] INFO ai.timefold.solver.core.impl.solver.DefaultSolver -- Solving ended: time spent (100), best score ([0/0/0/0/0]hard/[0/-16541]soft), move evaluation speed (5300/sec), phase total (1), environment mode (FULL_ASSERT), move thread count (NONE).
20:14:56.883 [main] INFO ai.timefold.solver.core.impl.solver.DefaultSolver -- Solving started: time spent (1), best score ([0/0/0/0/0]hard/[0/-17241]soft), environment mode (FULL_ASSERT), move thread count (NONE), random (seed 17).
20:14:56.883 [main] INFO ai.timefold.solver.core.impl.solver.DefaultSolver -- Problem scale: genuine entity count (3), genuine variable count (3), approximate value count (6), approximate problem scale (60,480).
20:14:56.982 [main] INFO ai.timefold.solver.core.impl.localsearch.DefaultLocalSearchPhase -- Local Search phase (0) ended: time spent (100), best score ([0/0/0/0/0]hard/[0/-16541]soft), move evaluation speed (4717/sec), step total (82).
20:14:56.982 [main] INFO ai.timefold.solver.core.impl.solver.DefaultSolver -- Solving ended: time spent (100), best score ([0/0/0/0/0]hard/[0/-16541]soft), move evaluation speed (4670/sec), phase total (1), environment mode (FULL_ASSERT), move thread count (NONE).
20:14:56.987 [main] INFO ai.timefold.solver.core.impl.solver.DefaultSolver -- Solving started: time spent (0), best score ([0/0/0/0/0]hard/[0/-17241]soft), environment mode (FULL_ASSERT), move thread count (NONE), random (seed 17).
20:14:56.987 [main] INFO ai.timefold.solver.core.impl.solver.DefaultSolver -- Problem scale: genuine entity count (3), genuine variable count (3), approximate value count (6), approximate problem scale (60,480).
20:14:57.087 [main] INFO ai.timefold.solver.core.impl.localsearch.DefaultLocalSearchPhase -- Local Search phase (0) ended: time spent (100), best score ([0/0/0/0/0]hard/[0/-16541]soft), move evaluation speed (4410/sec), step total (69).
20:14:57.087 [main] INFO ai.timefold.solver.core.impl.solver.DefaultSolver -- Solving ended: time spent (100), best score ([0/0/0/0/0]hard/[0/-16541]soft), move evaluation speed (4410/sec), phase total (1), environment mode (FULL_ASSERT), move thread count (NONE).
20:14:57.089 [main] INFO ai.timefold.solver.core.impl.solver.DefaultSolver -- Solving started: time spent (0), best score ([0/0/0/0/0]hard/[0/-17241]soft), environment mode (NO_ASSERT), move thread count (NONE), random (seed 17).
20:14:57.089 [main] INFO ai.timefold.solver.core.impl.solver.DefaultSolver -- Problem scale: genuine entity count (3), genuine variable count (3), approximate value count (6), approximate problem scale (60,480).
20:14:57.189 [main] INFO ai.timefold.solver.core.impl.localsearch.DefaultLocalSearchPhase -- Local Search phase (0) ended: time spent (100), best score ([0/0/0/0/0]hard/[0/-16541]soft), move evaluation speed (268840/sec), step total (269).
20:14:57.189 [main] INFO ai.timefold.solver.core.impl.solver.DefaultSolver -- Solving ended: time spent (100), best score ([0/0/0/0/0]hard/[0/-16541]soft), move evaluation speed (268840/sec), phase total (1), environment mode (NO_ASSERT), move thread count (NONE).
20:14:57.193 [main] INFO ai.timefold.solver.core.impl.solver.DefaultSolver -- Solving started: time spent (0), best score ([0/0/0/0/0]hard/[0/-17241]soft), environment mode (NO_ASSERT), move thread count (NONE), random (seed 17).
20:14:57.193 [main] INFO ai.timefold.solver.core.impl.solver.DefaultSolver -- Problem scale: genuine entity count (3), genuine variable count (3), approximate value count (6), approximate problem scale (60,480).
20:14:57.586 [main] INFO ai.timefold.solver.core.impl.localsearch.DefaultLocalSearchPhase -- Local Search phase (0) ended: time spent (393), best score ([0/0/0/0/0]hard/[0/-16541]soft), move evaluation speed (254452/sec), step total (1000).
20:14:57.586 [main] INFO ai.timefold.solver.core.impl.solver.DefaultSolver -- Solving ended: time spent (393), best score ([0/0/0/0/0]hard/[0/-16541]soft), move evaluation speed (254452/sec), phase total (1), environment mode (NO_ASSERT), move thread count (NONE).
[INFO] Tests run: 4, Failures: 0, Errors: 0, Skipped: 0, Time elapsed: 2.633 s -- in dev.waterflex.scheduler.optimizer.SolverExperimentTest
[INFO] Running dev.waterflex.scheduler.optimizer.TimefoldAuditEvidenceTest
20:14:57.594 [main] INFO ai.timefold.solver.core.impl.solver.DefaultSolver -- Solving started: time spent (0), best score ([0/0/-1/0/0]hard/[0/0]soft), environment mode (NO_ASSERT), move thread count (NONE), random (seed 17).
20:14:57.594 [main] INFO ai.timefold.solver.core.impl.solver.DefaultSolver -- Problem scale: genuine entity count (1), genuine variable count (1), approximate value count (1), approximate problem scale (2).
20:14:57.594 [main] INFO ai.timefold.solver.core.impl.constructionheuristic.DefaultConstructionHeuristicPhase -- Construction Heuristic phase (0) ended: time spent (0), best score ([0/0/0/0/0]hard/[0/-3000]soft), move evaluation speed (2000/sec), step total (1).
20:14:57.794 [main] INFO ai.timefold.solver.core.impl.localsearch.DefaultLocalSearchPhase -- Local Search phase (1) ended: time spent (200), best score ([0/0/0/0/0]hard/[0/-3000]soft), move evaluation speed (474475/sec), step total (52).
20:14:57.794 [main] INFO ai.timefold.solver.core.impl.solver.DefaultSolver -- Solving ended: time spent (200), best score ([0/0/0/0/0]hard/[0/-3000]soft), move evaluation speed (474485/sec), phase total (2), environment mode (NO_ASSERT), move thread count (NONE).
[INFO] Tests run: 7, Failures: 0, Errors: 0, Skipped: 0, Time elapsed: 0.208 s -- in dev.waterflex.scheduler.optimizer.TimefoldAuditEvidenceTest
[INFO] Running dev.waterflex.scheduler.optimizer.TravelBreakdownTest
[INFO] Tests run: 3, Failures: 0, Errors: 0, Skipped: 0, Time elapsed: 0.003 s -- in dev.waterflex.scheduler.optimizer.TravelBreakdownTest
[INFO] Running dev.waterflex.scheduler.PurgeRoutesControllerTest
[INFO] Tests run: 1, Failures: 0, Errors: 0, Skipped: 0, Time elapsed: 0.031 s -- in dev.waterflex.scheduler.PurgeRoutesControllerTest
[INFO] Running dev.waterflex.scheduler.ReservationDeletionTest
[INFO] Tests run: 1, Failures: 0, Errors: 0, Skipped: 0, Time elapsed: 0.004 s -- in dev.waterflex.scheduler.ReservationDeletionTest
[INFO] Running dev.waterflex.scheduler.ReservationStateTest
[INFO] Tests run: 4, Failures: 0, Errors: 0, Skipped: 0, Time elapsed: 0.011 s -- in dev.waterflex.scheduler.ReservationStateTest
[INFO] Running dev.waterflex.scheduler.ReservedOvertimeTest
20:14:57.850 [main] INFO dev.waterflex.scheduler.BookingOfferLimit -- Booking offer limit: 1
[INFO] Tests run: 2, Failures: 0, Errors: 0, Skipped: 0, Time elapsed: 0.006 s -- in dev.waterflex.scheduler.ReservedOvertimeTest
[INFO] Running dev.waterflex.scheduler.RoadClientTest
[INFO] Tests run: 4, Failures: 0, Errors: 0, Skipped: 0, Time elapsed: 0.533 s -- in dev.waterflex.scheduler.RoadClientTest
[INFO] Running dev.waterflex.scheduler.RoadPrewarmingTest
[INFO] Tests run: 4, Failures: 0, Errors: 0, Skipped: 0, Time elapsed: 0.017 s -- in dev.waterflex.scheduler.RoadPrewarmingTest
[INFO] Running dev.waterflex.scheduler.RouteEndpointsTest
[INFO] Tests run: 2, Failures: 0, Errors: 0, Skipped: 0, Time elapsed: 0.001 s -- in dev.waterflex.scheduler.RouteEndpointsTest
[INFO] Running dev.waterflex.scheduler.RoutingFailureAdviceTest
20:14:58.414 [main] INFO org.springframework.mock.web.MockServletContext -- Initializing Spring TestDispatcherServlet ''
20:14:58.414 [main] INFO org.springframework.test.web.servlet.TestDispatcherServlet -- Initializing Servlet ''
20:14:58.414 [main] INFO org.springframework.test.web.servlet.TestDispatcherServlet -- Completed initialization in 0 ms
20:14:58.414 [main] WARN dev.waterflex.scheduler.RoutingFailureAdvice -- Operator road routing unavailable
dev.waterflex.scheduler.RoadClient$RoadUnavailable: fixture routing unavailable
	at dev.waterflex.scheduler.RoutingFailureAdviceTest$Endpoint.operation(RoutingFailureAdviceTest.java:12)
	at java.base/jdk.internal.reflect.DirectMethodHandleAccessor.invoke(DirectMethodHandleAccessor.java:104)
	at java.base/java.lang.reflect.Method.invoke(Method.java:565)
	at org.springframework.web.method.support.InvocableHandlerMethod.doInvoke(InvocableHandlerMethod.java:252)
	at org.springframework.web.method.support.InvocableHandlerMethod.invokeForRequest(InvocableHandlerMethod.java:184)
	at org.springframework.web.servlet.mvc.method.annotation.ServletInvocableHandlerMethod.invokeAndHandle(ServletInvocableHandlerMethod.java:117)
	at org.springframework.web.servlet.mvc.method.annotation.RequestMappingHandlerAdapter.invokeHandlerMethod(RequestMappingHandlerAdapter.java:934)
	at org.springframework.web.servlet.mvc.method.annotation.RequestMappingHandlerAdapter.handleInternal(RequestMappingHandlerAdapter.java:853)
	at org.springframework.web.servlet.mvc.method.AbstractHandlerMethodAdapter.handle(AbstractHandlerMethodAdapter.java:86)
	at org.springframework.web.servlet.DispatcherServlet.doDispatch(DispatcherServlet.java:963)
	at org.springframework.web.servlet.DispatcherServlet.doService(DispatcherServlet.java:866)
	at org.springframework.web.servlet.FrameworkServlet.processRequest(FrameworkServlet.java:1000)
	at org.springframework.web.servlet.FrameworkServlet.doGet(FrameworkServlet.java:892)
	at jakarta.servlet.http.HttpServlet.service(HttpServlet.java:622)
	at org.springframework.web.servlet.FrameworkServlet.service(FrameworkServlet.java:874)
	at org.springframework.test.web.servlet.TestDispatcherServlet.service(TestDispatcherServlet.java:72)
	at jakarta.servlet.http.HttpServlet.service(HttpServlet.java:710)
	at org.springframework.mock.web.MockFilterChain$ServletFilterProxy.doFilter(MockFilterChain.java:160)
	at org.springframework.mock.web.MockFilterChain.doFilter(MockFilterChain.java:127)
	at org.springframework.test.web.servlet.MockMvc.perform(MockMvc.java:199)
	at dev.waterflex.scheduler.RoutingFailureAdviceTest.operatorFailureIsExplicitAndRetryable(RoutingFailureAdviceTest.java:16)
	at java.base/jdk.internal.reflect.DirectMethodHandleAccessor.invoke(DirectMethodHandleAccessor.java:104)
	at java.base/java.lang.reflect.Method.invoke(Method.java:565)
	at org.junit.platform.commons.util.ReflectionUtils.invokeMethod(ReflectionUtils.java:701)
	at org.junit.platform.commons.support.ReflectionSupport.invokeMethod(ReflectionSupport.java:502)
	at org.junit.jupiter.engine.support.MethodReflectionUtils.invoke(MethodReflectionUtils.java:45)
	at org.junit.jupiter.engine.execution.MethodInvocation.proceed(MethodInvocation.java:61)
	at org.junit.jupiter.engine.execution.InvocationInterceptorChain$ValidatingInvocation.proceed(InvocationInterceptorChain.java:124)
	at org.junit.jupiter.engine.extension.TimeoutExtension.intercept(TimeoutExtension.java:163)
	at org.junit.jupiter.engine.extension.TimeoutExtension.interceptTestableMethod(TimeoutExtension.java:148)
	at org.junit.jupiter.engine.extension.TimeoutExtension.interceptTestMethod(TimeoutExtension.java:86)
	at org.junit.jupiter.engine.execution.InterceptingExecutableInvoker$ReflectiveInterceptorCall.lambda$ofVoidMethod$0(InterceptingExecutableInvoker.java:123)
	at org.junit.jupiter.engine.execution.InterceptingExecutableInvoker.lambda$invoke$0(InterceptingExecutableInvoker.java:105)
	at org.junit.jupiter.engine.execution.InvocationInterceptorChain$InterceptedInvocation.proceed(InvocationInterceptorChain.java:99)
	at org.junit.jupiter.engine.execution.InvocationInterceptorChain.proceed(InvocationInterceptorChain.java:66)
	at org.junit.jupiter.engine.execution.InvocationInterceptorChain.chainAndInvoke(InvocationInterceptorChain.java:47)
	at org.junit.jupiter.engine.execution.InvocationInterceptorChain.invoke(InvocationInterceptorChain.java:39)
	at org.junit.jupiter.engine.execution.InterceptingExecutableInvoker.invoke(InterceptingExecutableInvoker.java:104)
	at org.junit.jupiter.engine.execution.InterceptingExecutableInvoker.invoke(InterceptingExecutableInvoker.java:98)
	at org.junit.jupiter.engine.execution.InterceptingExecutableInvoker.invokeVoid(InterceptingExecutableInvoker.java:71)
	at org.junit.jupiter.engine.descriptor.TestMethodTestDescriptor.lambda$invokeTestMethod$0(TestMethodTestDescriptor.java:219)
	at org.junit.platform.engine.support.hierarchical.ThrowableCollector.execute(ThrowableCollector.java:74)
	at org.junit.jupiter.engine.descriptor.TestMethodTestDescriptor.invokeTestMethod(TestMethodTestDescriptor.java:215)
	at org.junit.jupiter.engine.descriptor.TestMethodTestDescriptor.execute(TestMethodTestDescriptor.java:157)
	at org.junit.jupiter.engine.descriptor.TestMethodTestDescriptor.execute(TestMethodTestDescriptor.java:70)
	at org.junit.platform.engine.support.hierarchical.NodeTestTask.lambda$executeRecursively$2(NodeTestTask.java:176)
	at org.junit.platform.engine.support.hierarchical.ThrowableCollector.execute(ThrowableCollector.java:74)
	at org.junit.platform.engine.support.hierarchical.NodeTestTask.lambda$executeRecursively$1(NodeTestTask.java:166)
	at org.junit.platform.engine.support.hierarchical.Node.around(Node.java:138)
	at org.junit.platform.engine.support.hierarchical.NodeTestTask.lambda$executeRecursively$0(NodeTestTask.java:164)
	at org.junit.platform.engine.support.hierarchical.ThrowableCollector.execute(ThrowableCollector.java:74)
	at org.junit.platform.engine.support.hierarchical.NodeTestTask.executeRecursively(NodeTestTask.java:163)
	at org.junit.platform.engine.support.hierarchical.NodeTestTask.execute(NodeTestTask.java:116)
	at java.base/java.util.ArrayList.forEach(ArrayList.java:1604)
	at org.junit.platform.engine.support.hierarchical.SameThreadHierarchicalTestExecutorService.invokeAll(SameThreadHierarchicalTestExecutorService.java:42)
	at org.junit.platform.engine.support.hierarchical.NodeTestTask.lambda$executeRecursively$2(NodeTestTask.java:180)
	at org.junit.platform.engine.support.hierarchical.ThrowableCollector.execute(ThrowableCollector.java:74)
	at org.junit.platform.engine.support.hierarchical.NodeTestTask.lambda$executeRecursively$1(NodeTestTask.java:166)
	at org.junit.platform.engine.support.hierarchical.Node.around(Node.java:138)
	at org.junit.platform.engine.support.hierarchical.NodeTestTask.lambda$executeRecursively$0(NodeTestTask.java:164)
	at org.junit.platform.engine.support.hierarchical.ThrowableCollector.execute(ThrowableCollector.java:74)
	at org.junit.platform.engine.support.hierarchical.NodeTestTask.executeRecursively(NodeTestTask.java:163)
	at org.junit.platform.engine.support.hierarchical.NodeTestTask.execute(NodeTestTask.java:116)
	at java.base/java.util.ArrayList.forEach(ArrayList.java:1604)
	at org.junit.platform.engine.support.hierarchical.SameThreadHierarchicalTestExecutorService.invokeAll(SameThreadHierarchicalTestExecutorService.java:42)
	at org.junit.platform.engine.support.hierarchical.NodeTestTask.lambda$executeRecursively$2(NodeTestTask.java:180)
	at org.junit.platform.engine.support.hierarchical.ThrowableCollector.execute(ThrowableCollector.java:74)
	at org.junit.platform.engine.support.hierarchical.NodeTestTask.lambda$executeRecursively$1(NodeTestTask.java:166)
	at org.junit.platform.engine.support.hierarchical.Node.around(Node.java:138)
	at org.junit.platform.engine.support.hierarchical.NodeTestTask.lambda$executeRecursively$0(NodeTestTask.java:164)
	at org.junit.platform.engine.support.hierarchical.ThrowableCollector.execute(ThrowableCollector.java:74)
	at org.junit.platform.engine.support.hierarchical.NodeTestTask.executeRecursively(NodeTestTask.java:163)
	at org.junit.platform.engine.support.hierarchical.NodeTestTask.execute(NodeTestTask.java:116)
	at org.junit.platform.engine.support.hierarchical.SameThreadHierarchicalTestExecutorService.submit(SameThreadHierarchicalTestExecutorService.java:36)
	at org.junit.platform.engine.support.hierarchical.HierarchicalTestExecutor.execute(HierarchicalTestExecutor.java:52)
	at org.junit.platform.engine.support.hierarchical.HierarchicalTestEngine.execute(HierarchicalTestEngine.java:58)
	at org.junit.platform.launcher.core.EngineExecutionOrchestrator.executeEngine(EngineExecutionOrchestrator.java:246)
	at org.junit.platform.launcher.core.EngineExecutionOrchestrator.failOrExecuteEngine(EngineExecutionOrchestrator.java:218)
	at org.junit.platform.launcher.core.EngineExecutionOrchestrator.execute(EngineExecutionOrchestrator.java:179)
	at org.junit.platform.launcher.core.EngineExecutionOrchestrator.execute(EngineExecutionOrchestrator.java:108)
	at org.junit.platform.launcher.core.EngineExecutionOrchestrator.lambda$execute$0(EngineExecutionOrchestrator.java:66)
	at org.junit.platform.launcher.core.EngineExecutionOrchestrator.withInterceptedStreams(EngineExecutionOrchestrator.java:157)
	at org.junit.platform.launcher.core.EngineExecutionOrchestrator.execute(EngineExecutionOrchestrator.java:65)
	at org.junit.platform.launcher.core.DefaultLauncher.execute(DefaultLauncher.java:125)
	at org.junit.platform.launcher.core.DefaultLauncher.execute(DefaultLauncher.java:114)
	at org.junit.platform.launcher.core.DelegatingLauncher.execute(DelegatingLauncher.java:58)
	at org.junit.platform.launcher.core.InterceptingLauncher.lambda$execute$2(InterceptingLauncher.java:57)
	at org.junit.platform.launcher.core.ClasspathAlignmentCheckingLauncherInterceptor.intercept(ClasspathAlignmentCheckingLauncherInterceptor.java:25)
	at org.junit.platform.launcher.core.InterceptingLauncher.execute(InterceptingLauncher.java:56)
	at org.junit.platform.launcher.core.DelegatingLauncher.execute(DelegatingLauncher.java:58)
	at java.base/jdk.internal.reflect.DirectMethodHandleAccessor.invoke(DirectMethodHandleAccessor.java:104)
	at java.base/java.lang.reflect.Method.invoke(Method.java:565)
	at org.apache.maven.surefire.api.util.ReflectionUtils.invokeMethodWithArray(ReflectionUtils.java:125)
	at org.apache.maven.surefire.junitplatform.LauncherAdapter.executeWithCancellationToken(LauncherAdapter.java:68)
	at org.apache.maven.surefire.junitplatform.LauncherAdapter.execute(LauncherAdapter.java:54)
	at org.apache.maven.surefire.junitplatform.JUnitPlatformProvider.execute(JUnitPlatformProvider.java:203)
	at org.apache.maven.surefire.junitplatform.JUnitPlatformProvider.invokeAllTests(JUnitPlatformProvider.java:168)
	at org.apache.maven.surefire.junitplatform.JUnitPlatformProvider.invoke(JUnitPlatformProvider.java:136)
	at org.apache.maven.surefire.booter.ForkedBooter.runSuitesInProcess(ForkedBooter.java:385)
	at org.apache.maven.surefire.booter.ForkedBooter.execute(ForkedBooter.java:162)
	at org.apache.maven.surefire.booter.ForkedBooter.run(ForkedBooter.java:507)
	at org.apache.maven.surefire.booter.ForkedBooter.main(ForkedBooter.java:495)
[INFO] Tests run: 1, Failures: 0, Errors: 0, Skipped: 0, Time elapsed: 0.013 s -- in dev.waterflex.scheduler.RoutingFailureAdviceTest
[INFO] Running dev.waterflex.scheduler.ScheduleCutoffTest
[INFO] Tests run: 5, Failures: 0, Errors: 0, Skipped: 0, Time elapsed: 0.002 s -- in dev.waterflex.scheduler.ScheduleCutoffTest
[INFO] Running dev.waterflex.scheduler.ScheduleGuardServiceTest
[INFO] Tests run: 6, Failures: 0, Errors: 0, Skipped: 0, Time elapsed: 0.013 s -- in dev.waterflex.scheduler.ScheduleGuardServiceTest
[INFO] Running dev.waterflex.scheduler.ScheduleSegmentsTest
[INFO] Tests run: 1, Failures: 0, Errors: 0, Skipped: 0, Time elapsed: 0 s -- in dev.waterflex.scheduler.ScheduleSegmentsTest
[INFO] Running dev.waterflex.scheduler.SchedulingBenchmarkControllerTest
20:14:58.453 [main] INFO org.springframework.mock.web.MockServletContext -- Initializing Spring TestDispatcherServlet ''
20:14:58.453 [main] INFO org.springframework.test.web.servlet.TestDispatcherServlet -- Initializing Servlet ''
20:14:58.453 [main] INFO org.springframework.test.web.servlet.TestDispatcherServlet -- Completed initialization in 0 ms
20:14:58.455 [main] WARN org.springframework.web.servlet.mvc.support.DefaultHandlerExceptionResolver -- Resolved [org.springframework.http.converter.HttpMessageNotReadableException: Required request body is missing: public java.util.Map<java.lang.String, java.lang.Object> dev.waterflex.scheduler.SchedulingBenchmarkController.audit(dev.waterflex.scheduler.SchedulingBenchmarkController$Request)]
20:14:58.458 [main] WARN org.springframework.web.servlet.mvc.support.DefaultHandlerExceptionResolver -- Resolved [org.springframework.http.converter.HttpMessageNotReadableException: Required request body is missing: public dev.waterflex.scheduler.SchedulingBenchmarkController$Statistics dev.waterflex.scheduler.SchedulingBenchmarkController.statistics(dev.waterflex.scheduler.SchedulingBenchmarkController$StatisticsRequest)]
20:14:58.460 [main] WARN org.springframework.web.servlet.mvc.support.DefaultHandlerExceptionResolver -- Resolved [org.springframework.http.converter.HttpMessageNotReadableException: JSON parse error: Cannot coerce String value ("true") to `java.lang.Boolean` value (but might if coercion using `CoercionConfig` was enabled)]
[INFO] Tests run: 1, Failures: 0, Errors: 0, Skipped: 0, Time elapsed: 0.027 s -- in dev.waterflex.scheduler.SchedulingBenchmarkControllerTest
[INFO] Running dev.waterflex.scheduler.SearchAdmissionTest
[INFO] Tests run: 7, Failures: 0, Errors: 0, Skipped: 0, Time elapsed: 0.086 s -- in dev.waterflex.scheduler.SearchAdmissionTest
[INFO] Running dev.waterflex.scheduler.SearchDatabaseTelemetryTest
[INFO] Tests run: 3, Failures: 0, Errors: 0, Skipped: 0, Time elapsed: 0.277 s -- in dev.waterflex.scheduler.SearchDatabaseTelemetryTest
[INFO] Running dev.waterflex.scheduler.ServiceCalendarTest
[INFO] Tests run: 4, Failures: 0, Errors: 0, Skipped: 0, Time elapsed: 0.037 s -- in dev.waterflex.scheduler.ServiceCalendarTest
[INFO] Running dev.waterflex.scheduler.SnapshotRoutingTest
20:14:58.868 [main] INFO dev.waterflex.scheduler.BookingOfferLimit -- Booking offer limit: 1
20:14:58.869 [main] INFO dev.waterflex.scheduler.BookingOfferLimit -- Booking offer limit: 1
20:14:58.875 [main] INFO dev.waterflex.scheduler.BookingOfferLimit -- Booking offer limit: 1
20:14:58.875 [main] INFO dev.waterflex.scheduler.BookingOfferLimit -- Booking offer limit: 1
20:14:58.882 [main] INFO dev.waterflex.scheduler.BookingOfferLimit -- Booking offer limit: 1
20:14:58.882 [main] INFO dev.waterflex.scheduler.BookingOfferLimit -- Booking offer limit: 1
[INFO] Tests run: 5, Failures: 0, Errors: 0, Skipped: 0, Time elapsed: 0.029 s -- in dev.waterflex.scheduler.SnapshotRoutingTest
[INFO] Running dev.waterflex.scheduler.TestAddressRoutabilityServiceTest
[INFO] Tests run: 1, Failures: 0, Errors: 0, Skipped: 0, Time elapsed: 0.017 s -- in dev.waterflex.scheduler.TestAddressRoutabilityServiceTest
[INFO] Running dev.waterflex.scheduler.TimeOffEligibilityTest
[INFO] Tests run: 2, Failures: 0, Errors: 0, Skipped: 0, Time elapsed: 0.001 s -- in dev.waterflex.scheduler.TimeOffEligibilityTest
[INFO] Running dev.waterflex.scheduler.TimeOffPollingTest
20:14:58.929 [main] WARN org.springframework.context.annotation.AnnotationConfigApplicationContext -- Exception encountered during context initialization - cancelling refresh attempt: org.springframework.beans.factory.BeanCreationException: Error creating bean with name 'timeOffPolling': Failed to instantiate [dev.waterflex.scheduler.TimeOffPolling]: Constructor threw exception
20:14:58.931 [main] WARN org.springframework.context.annotation.AnnotationConfigApplicationContext -- Exception encountered during context initialization - cancelling refresh attempt: org.springframework.beans.factory.BeanCreationException: Error creating bean with name 'timeOffPolling': Failed to instantiate [dev.waterflex.scheduler.TimeOffPolling]: Constructor threw exception
20:14:58.934 [main] WARN org.springframework.context.annotation.AnnotationConfigApplicationContext -- Exception encountered during context initialization - cancelling refresh attempt: org.springframework.beans.factory.BeanCreationException: Error creating bean with name 'timeOffPolling': Failed to instantiate [dev.waterflex.scheduler.TimeOffPolling]: Constructor threw exception
20:14:58.936 [main] WARN org.springframework.context.annotation.AnnotationConfigApplicationContext -- Exception encountered during context initialization - cancelling refresh attempt: org.springframework.beans.factory.BeanCreationException: Error creating bean with name 'timeOffPolling': Failed to instantiate [dev.waterflex.scheduler.TimeOffPolling]: Constructor threw exception
20:14:58.939 [main] WARN org.springframework.context.annotation.AnnotationConfigApplicationContext -- Exception encountered during context initialization - cancelling refresh attempt: org.springframework.beans.factory.BeanCreationException: Error creating bean with name 'timeOffPolling': Failed to instantiate [dev.waterflex.scheduler.TimeOffPolling]: Constructor threw exception
20:14:58.941 [main] WARN org.springframework.context.annotation.AnnotationConfigApplicationContext -- Exception encountered during context initialization - cancelling refresh attempt: org.springframework.beans.factory.BeanCreationException: Error creating bean with name 'timeOffPolling': Failed to instantiate [dev.waterflex.scheduler.TimeOffPolling]: Constructor threw exception
20:14:58.943 [main] WARN org.springframework.context.annotation.AnnotationConfigApplicationContext -- Exception encountered during context initialization - cancelling refresh attempt: org.springframework.beans.factory.BeanCreationException: Error creating bean with name 'timeOffPolling': Failed to instantiate [dev.waterflex.scheduler.TimeOffPolling]: Constructor threw exception
20:14:58.945 [main] WARN org.springframework.context.annotation.AnnotationConfigApplicationContext -- Exception encountered during context initialization - cancelling refresh attempt: org.springframework.beans.factory.BeanCreationException: Error creating bean with name 'timeOffPolling': Failed to instantiate [dev.waterflex.scheduler.TimeOffPolling]: Constructor threw exception
[INFO] Tests run: 13, Failures: 0, Errors: 0, Skipped: 0, Time elapsed: 0.035 s -- in dev.waterflex.scheduler.TimeOffPollingTest
[INFO] Running dev.waterflex.scheduler.TimeOffTravelTest
[INFO] Tests run: 4, Failures: 0, Errors: 0, Skipped: 0, Time elapsed: 0.003 s -- in dev.waterflex.scheduler.TimeOffTravelTest
[INFO] 
[INFO] Results:
[INFO] 
[INFO] Tests run: 248, Failures: 0, Errors: 0, Skipped: 1
[INFO] 
[INFO] 
[INFO] --- jar:3.5.1:jar (default-jar) @ scheduler-service ---
[INFO] Building jar: C:\Users\mcgee\OneDrive\Desktop\waterflex\waterflex-scheduler-java\scheduler-service\target\scheduler-service-0.1.0-SNAPSHOT.jar
[INFO] 
[INFO] --- spring-boot:4.1.1:repackage (repackage) @ scheduler-service ---
[INFO] Replacing main artifact C:\Users\mcgee\OneDrive\Desktop\waterflex\waterflex-scheduler-java\scheduler-service\target\scheduler-service-0.1.0-SNAPSHOT.jar with repackaged archive, adding nested dependencies in BOOT-INF/.
[INFO] The original artifact has been renamed to C:\Users\mcgee\OneDrive\Desktop\waterflex\waterflex-scheduler-java\scheduler-service\target\scheduler-service-0.1.0-SNAPSHOT.jar.original
[INFO] 
[INFO] -------------------< dev.waterflex:routing-service >--------------------
[INFO] Building routing-service 0.1.0-SNAPSHOT                            [4/5]
[INFO]   from routing-service\pom.xml
[INFO] --------------------------------[ jar ]---------------------------------
[INFO] 
[INFO] --- clean:3.5.0:clean (default-clean) @ routing-service ---
[INFO] Deleting C:\Users\mcgee\OneDrive\Desktop\waterflex\waterflex-scheduler-java\routing-service\target
[INFO] 
[INFO] --- resources:3.5.0:resources (default-resources) @ routing-service ---
[INFO] Copying 1 resource from src\main\resources to target\classes
[INFO] Copying 0 resource from src\main\resources to target\classes
[INFO] 
[INFO] --- compiler:3.15.0:compile (default-compile) @ routing-service ---
[INFO] Recompiling the module because of changed source code.
[INFO] Compiling with eclipse [debug parameters release 25] to target\classes
[INFO] 
[INFO] --- resources:3.5.0:testResources (default-testResources) @ routing-service ---
[INFO] Copying 1 resource from src\test\resources to target\test-classes
[INFO] 
[INFO] --- compiler:3.15.0:testCompile (default-testCompile) @ routing-service ---
[INFO] Recompiling the module because of changed dependency.
[INFO] Compiling with eclipse [debug parameters release 25] to target\test-classes
[INFO] 
[INFO] --- surefire:3.5.6:test (default-test) @ routing-service ---
[INFO] Using auto detected provider org.apache.maven.surefire.junitplatform.JUnitPlatformProvider
[INFO] 
[INFO] -------------------------------------------------------
[INFO]  T E S T S
[INFO] -------------------------------------------------------
[INFO] Running dev.waterflex.routing.MatrixControllerTest
20:15:00.790 [main] INFO com.graphhopper.GraphHopper -- version 11.0|2025-10-14T14:28:00Z (9,24,7,5,2,9)
20:15:01.033 [main] INFO com.graphhopper.GraphHopper -- No custom areas are used, custom_areas.directory not given
20:15:01.040 [main] INFO com.graphhopper.GraphHopper -- No country rules available
20:15:01.040 [main] INFO com.graphhopper.GraphHopper -- start creating graph from C:\Users\mcgee\AppData\Local\Temp\junit-16692429186541710604\fixture-roads.osm
20:15:01.052 [main] INFO com.graphhopper.GraphHopper -- using car|RAM_STORE|2D|no_turn_cost|nodes:9,edges:24,geometry:7,location_index:5,string_index:2,nodesCH:0,shortcuts:9, memory:totalMB:1024, usedMB:80
20:15:01.059 [main] INFO com.graphhopper.reader.osm.WaySegmentParser -- Start reading OSM file: 'C:\Users\mcgee\AppData\Local\Temp\junit-16692429186541710604\fixture-roads.osm'
20:15:01.059 [main] INFO com.graphhopper.reader.osm.WaySegmentParser -- pass1 - start
20:15:01.086 [main] INFO com.graphhopper.reader.osm.WaySegmentParser -- pass1 - start reading OSM ways
20:15:01.088 [main] INFO com.graphhopper.reader.osm.WaySegmentParser -- pass1 - finished, processed ways: 2, accepted ways: 2, way nodes: 4, relations: 0, totalMB:1024, usedMB:90
20:15:01.089 [main] INFO com.graphhopper.reader.osm.WaySegmentParser -- pass1 - finished, took: 28.83ms
20:15:01.090 [main] INFO com.graphhopper.reader.osm.WaySegmentParser -- Creating graph. Node count (pillar+tower): 4, totalMB:1024, usedMB:90
20:15:01.090 [main] INFO com.graphhopper.reader.osm.WaySegmentParser -- pass2 - start
20:15:01.092 [main] INFO com.graphhopper.reader.osm.WaySegmentParser -- pass2 - start reading OSM nodes
20:15:01.093 [main] INFO com.graphhopper.reader.osm.WaySegmentParser -- pass2 - start reading OSM ways
20:15:01.100 [main] INFO com.graphhopper.reader.osm.WaySegmentParser -- pass2 - finished, processed ways: 2, way nodes: 4, nodes with tags: 0, node tag capacity: 1,056,768, ignored barriers at junctions: 0
20:15:01.100 [main] INFO com.graphhopper.reader.osm.WaySegmentParser -- pass2 - finished, took: 9.15ms
20:15:01.101 [main] INFO com.graphhopper.reader.osm.WaySegmentParser -- Finished reading OSM file. pass1: 0s,  pass2: 0s,  total: 0s
20:15:01.101 [main] INFO com.graphhopper.reader.osm.OSMReader -- Finished reading OSM file: C:\Users\mcgee\AppData\Local\Temp\junit-16692429186541710604\fixture-roads.osm, nodes: 2, edges: 2, zero distance edges: 0
20:15:01.103 [main] INFO com.graphhopper.GraphHopper -- sorting graph along Hilbert curve...
20:15:01.105 [main] INFO com.graphhopper.GraphHopper -- calculating sort order took: 1.57ms
20:15:01.105 [main] INFO com.graphhopper.GraphHopper -- sort graph for fixed ordering...
20:15:01.106 [main] INFO com.graphhopper.GraphHopper -- sorting 2 edges took: 295.80�s
20:15:01.106 [main] INFO com.graphhopper.GraphHopper -- sorting 2 nodes took: 97.20�s
20:15:01.112 [main] INFO com.graphhopper.routing.subnetwork.PrepareRoutingSubnetworks -- Start marking subnetworks, prepare.min_network_size: 200, threads: 1, nodes: 2, edges: 2, jobs: [car_subnetwork|com.graphhopper.routing.weighting.custom.CustomWeighting@6145b81e], totalMB:1024, usedMB:92
20:15:01.122 [ForkJoinPool-1-worker-1] INFO com.graphhopper.routing.subnetwork.PrepareRoutingSubnetworks -- car - Found 2 subnetworks (1 single edges and 1 components with more than one edge, total nodes: 4), took: 0.0035253s
20:15:01.123 [ForkJoinPool-1-worker-1] INFO com.graphhopper.routing.subnetwork.PrepareRoutingSubnetworks -- car - Marked 1 subnetworks (biggest: 1 edges) -> 1 components(s) remain (smallest: 3, biggest: 3 edges), total marked edges: 0, took: 2.108E-4s
20:15:01.124 [main] INFO com.graphhopper.routing.subnetwork.PrepareRoutingSubnetworks -- Finished finding and marking subnetworks for 1 jobs, took: 0.0169536s, totalMB:80, usedMB:24
20:15:01.124 [main] INFO com.graphhopper.GraphHopper -- nodes: 2, edges: 2
20:15:01.170 [main] INFO com.graphhopper.storage.index.LocationIndexTree -- location index created in 0.0068092s, size:4, leafs:2, precision:300, depth:7, checksum:0, entries:[16, 16, 16, 16, 16, 4, 4], entriesPerLeaf:2.0
20:15:01.173 [main] INFO com.graphhopper.GraphHopper -- flushing graph car|RAM_STORE|2D|no_turn_cost|nodes:9,edges:24,geometry:7,location_index:5,string_index:2,nodesCH:0,shortcuts:9, details:edges: 2(1MB), nodes: 2(1MB), bounds: 7.42,7.422,43.735,43.735, name:(1MB), geo:20/-1(1MB), totalMB:80, usedMB:34)
20:15:01.180 [main] INFO com.graphhopper.GraphHopper -- flushed graph totalMB:80, usedMB:38)
20:15:01.246 [main] INFO com.graphhopper.GraphHopper -- version 11.0|2025-10-14T14:28:00Z (9,24,7,5,2,9)
20:15:01.298 [main] INFO com.graphhopper.GraphHopper -- No custom areas are used, custom_areas.directory not given
20:15:01.299 [main] INFO com.graphhopper.GraphHopper -- No country rules available
20:15:01.299 [main] INFO com.graphhopper.GraphHopper -- start creating graph from C:\Users\mcgee\AppData\Local\Temp\junit-16692429186541710604\fixture-roads.osm
20:15:01.299 [main] INFO com.graphhopper.GraphHopper -- using car|RAM_STORE|2D|no_turn_cost|nodes:9,edges:24,geometry:7,location_index:5,string_index:2,nodesCH:0,shortcuts:9, memory:totalMB:96, usedMB:20
20:15:01.299 [main] INFO com.graphhopper.reader.osm.WaySegmentParser -- Start reading OSM file: 'C:\Users\mcgee\AppData\Local\Temp\junit-16692429186541710604\fixture-roads.osm'
20:15:01.299 [main] INFO com.graphhopper.reader.osm.WaySegmentParser -- pass1 - start
20:15:01.301 [main] INFO com.graphhopper.reader.osm.WaySegmentParser -- pass1 - start reading OSM ways
20:15:01.302 [main] INFO com.graphhopper.reader.osm.WaySegmentParser -- pass1 - finished, processed ways: 2, accepted ways: 2, way nodes: 4, relations: 0, totalMB:96, usedMB:26
20:15:01.302 [main] INFO com.graphhopper.reader.osm.WaySegmentParser -- pass1 - finished, took: 2.02ms
20:15:01.302 [main] INFO com.graphhopper.reader.osm.WaySegmentParser -- Creating graph. Node count (pillar+tower): 4, totalMB:96, usedMB:26
20:15:01.302 [main] INFO com.graphhopper.reader.osm.WaySegmentParser -- pass2 - start
20:15:01.303 [main] INFO com.graphhopper.reader.osm.WaySegmentParser -- pass2 - start reading OSM nodes
20:15:01.303 [main] INFO com.graphhopper.reader.osm.WaySegmentParser -- pass2 - start reading OSM ways
20:15:01.304 [main] INFO com.graphhopper.reader.osm.WaySegmentParser -- pass2 - finished, processed ways: 2, way nodes: 4, nodes with tags: 0, node tag capacity: 1,056,768, ignored barriers at junctions: 0
20:15:01.305 [main] INFO com.graphhopper.reader.osm.WaySegmentParser -- pass2 - finished, took: 2.50ms
20:15:01.305 [main] INFO com.graphhopper.reader.osm.WaySegmentParser -- Finished reading OSM file. pass1: 0s,  pass2: 0s,  total: 0s
20:15:01.305 [main] INFO com.graphhopper.reader.osm.OSMReader -- Finished reading OSM file: C:\Users\mcgee\AppData\Local\Temp\junit-16692429186541710604\fixture-roads.osm, nodes: 2, edges: 2, zero distance edges: 0
20:15:01.305 [main] INFO com.graphhopper.GraphHopper -- sorting graph along Hilbert curve...
20:15:01.305 [main] INFO com.graphhopper.GraphHopper -- calculating sort order took: 58.80�s
20:15:01.305 [main] INFO com.graphhopper.GraphHopper -- sort graph for fixed ordering...
20:15:01.305 [main] INFO com.graphhopper.GraphHopper -- sorting 2 edges took: 32.80�s
20:15:01.305 [main] INFO com.graphhopper.GraphHopper -- sorting 2 nodes took: 28.60�s
20:15:01.306 [main] INFO com.graphhopper.routing.subnetwork.PrepareRoutingSubnetworks -- Start marking subnetworks, prepare.min_network_size: 200, threads: 1, nodes: 2, edges: 2, jobs: [car_subnetwork|com.graphhopper.routing.weighting.custom.CustomWeighting@69228e85], totalMB:96, usedMB:26
20:15:01.306 [ForkJoinPool-2-worker-1] INFO com.graphhopper.routing.subnetwork.PrepareRoutingSubnetworks -- car - Found 2 subnetworks (1 single edges and 1 components with more than one edge, total nodes: 4), took: 7.46E-5s
20:15:01.306 [ForkJoinPool-2-worker-1] INFO com.graphhopper.routing.subnetwork.PrepareRoutingSubnetworks -- car - Marked 1 subnetworks (biggest: 1 edges) -> 1 components(s) remain (smallest: 3, biggest: 3 edges), total marked edges: 0, took: 5.1E-6s
20:15:01.306 [main] INFO com.graphhopper.routing.subnetwork.PrepareRoutingSubnetworks -- Finished finding and marking subnetworks for 1 jobs, took: 6.794E-4s, totalMB:96, usedMB:26
20:15:01.306 [main] INFO com.graphhopper.GraphHopper -- nodes: 2, edges: 2
20:15:01.310 [main] INFO com.graphhopper.storage.index.LocationIndexTree -- location index created in 0.0020897s, size:4, leafs:2, precision:300, depth:7, checksum:0, entries:[16, 16, 16, 16, 16, 4, 4], entriesPerLeaf:2.0
20:15:01.313 [main] INFO com.graphhopper.routing.ch.CHPreparationHandler -- Creating CH preparations, totalMB:96, usedMB:33
20:15:01.314 [main] INFO com.graphhopper.routing.ch.CHPreparationHandler -- 1/1 Setting up CH preparation for profile 'car' NODE_BASED ... (totalMB:96, usedMB:33)
20:15:01.316 [car] INFO com.graphhopper.routing.ch.PrepareContractionHierarchies -- Creating CH prepare graph, totalMB:96, usedMB:36
20:15:01.318 [car] INFO com.graphhopper.routing.ch.PrepareContractionHierarchies -- Building CH prepare graph, totalMB:96, usedMB:37
20:15:01.318 [car] INFO com.graphhopper.routing.ch.PrepareContractionHierarchies -- Finished building CH prepare graph, took: 2.668E-4s, totalMB:96, usedMB:37
20:15:01.319 [car] INFO com.graphhopper.routing.ch.PrepareContractionHierarchies -- Building initial queue of nodes to be contracted: 2 nodes, totalMB:96, usedMB:37
20:15:01.320 [car] INFO com.graphhopper.routing.ch.PrepareContractionHierarchies -- Finished building queue, took: 5.924E-4s, totalMB:96, usedMB:37
20:15:01.321 [car] INFO com.graphhopper.routing.ch.PrepareContractionHierarchies -- node, nodes:          2, shortcuts:          0, updates:  0, checked-nodes:          0, t(total):   0.00,  t(period):   0.00, t(lazy):   0.00, t(neighbor):   0.00, t(contr):   0.00, t(other) :   0.00, dijkstra-ratio:   0.00%, meanDegree: 1.00, dijkstras:          0, mem:        0MB, totalMB:96, usedMB:40
20:15:01.321 [car] INFO com.graphhopper.routing.ch.PrepareContractionHierarchies -- node, nodes:          0, shortcuts:          0, updates:  0, checked-nodes:          2, t(total):   0.01,  t(period):   0.00, t(lazy):   0.00, t(neighbor):   0.00, t(contr):   0.00, t(other) :   0.00, dijkstra-ratio:   0.00%, meanDegree: 0.89, dijkstras:          0, mem:        0MB, totalMB:96, usedMB:40
20:15:01.323 [car] INFO com.graphhopper.routing.ch.PrepareContractionHierarchies -- new shortcuts: 0, initSize:2, com.graphhopper.routing.weighting.custom.CustomWeighting@5dbb58e9, periodic:0, lazy:100, neighbor:100, t(total):   0.01,  t(period):   0.00, t(lazy):   0.00, t(neighbor):   0.00, t(contr):   0.00, t(other) :   0.00, dijkstra-ratio:   0.00%, lazy-overhead: 0%, totalMB:96, usedMB:40
20:15:01.323 [car] INFO com.graphhopper.routing.ch.PrepareContractionHierarchies -- shortcuts that exceed maximum weight: 0
20:15:01.323 [car] INFO com.graphhopper.routing.ch.PrepareContractionHierarchies -- took: 0s, graph now - num edges: 2, num nodes: 2, num shortcuts: 0
20:15:01.327 [main] INFO com.graphhopper.routing.ch.CHPreparationHandler -- Finished CH preparation, totalMB:96, usedMB:43
20:15:01.328 [main] INFO com.graphhopper.GraphHopper -- flushing graph car|RAM_STORE|2D|no_turn_cost|nodes:9,edges:24,geometry:7,location_index:5,string_index:2,nodesCH:0,shortcuts:9, details:edges: 2(1MB), nodes: 2(1MB), bounds: 7.42,7.422,43.735,43.735, name:(1MB), geo:20/-1(1MB), totalMB:96, usedMB:43)
20:15:01.335 [main] INFO com.graphhopper.GraphHopper -- flushed graph totalMB:96, usedMB:44)
20:15:01.395 [main] INFO com.graphhopper.GraphHopper -- version 11.0|2025-10-14T14:28:00Z (9,24,7,5,2,9)
20:15:01.396 [main] INFO com.graphhopper.GraphHopper -- graph car|RAM_STORE|2D|no_turn_cost|nodes:9,edges:24,geometry:7,location_index:5,string_index:2,nodesCH:0,shortcuts:9, details:edges: 2(1MB), nodes: 2(1MB), bounds: 7.42,7.422,43.735,43.735, name:(1MB), geo:20/-1(1MB)
20:15:01.428 [main] INFO com.graphhopper.GraphHopper -- version 11.0|2025-10-14T14:28:00Z (9,24,7,5,2,9)
20:15:01.428 [main] INFO com.graphhopper.GraphHopper -- graph car|RAM_STORE|2D|no_turn_cost|nodes:9,edges:24,geometry:7,location_index:5,string_index:2,nodesCH:0,shortcuts:9, details:edges: 2(1MB), nodes: 2(1MB), bounds: 7.42,7.422,43.735,43.735, name:(1MB), geo:20/-1(1MB)
20:15:01.773 [main] INFO org.springframework.mock.web.MockServletContext -- Initializing Spring TestDispatcherServlet ''
20:15:01.773 [main] INFO org.springframework.test.web.servlet.TestDispatcherServlet -- Initializing Servlet ''
20:15:01.774 [main] INFO org.springframework.test.web.servlet.TestDispatcherServlet -- Completed initialization in 1 ms
20:15:01.874 [main] WARN org.springframework.web.servlet.mvc.support.DefaultHandlerExceptionResolver -- Resolved [org.springframework.http.converter.HttpMessageNotReadableException: Required request body is missing: public dev.waterflex.routing.MatrixController$Matrix dev.waterflex.routing.MatrixController.matrix(dev.waterflex.routing.MatrixController$Request)]
20:15:01.879 [main] WARN org.springframework.web.servlet.mvc.support.DefaultHandlerExceptionResolver -- Resolved [org.springframework.http.converter.HttpMessageNotReadableException: JSON parse error: Unexpected end-of-input: expected close marker for Object (start marker at [Source: REDACTED (`StreamReadFeature.INCLUDE_SOURCE_IN_LOCATION` disabled); byte offset: #UNKNOWN])]
20:15:01.882 [main] WARN org.springframework.web.servlet.mvc.support.DefaultHandlerExceptionResolver -- Resolved [org.springframework.http.converter.HttpMessageNotReadableException: JSON parse error: Cannot coerce String value ("0") to `java.lang.Double` value (but might if coercion using `CoercionConfig` was enabled)]
[INFO] Tests run: 2, Failures: 0, Errors: 0, Skipped: 0, Time elapsed: 1.410 s -- in dev.waterflex.routing.MatrixControllerTest
[INFO] 
[INFO] Results:
[INFO] 
[INFO] Tests run: 2, Failures: 0, Errors: 0, Skipped: 0
[INFO] 
[INFO] 
[INFO] --- jar:3.5.1:jar (default-jar) @ routing-service ---
[INFO] Building jar: C:\Users\mcgee\OneDrive\Desktop\waterflex\waterflex-scheduler-java\routing-service\target\routing-service-0.1.0-SNAPSHOT.jar
[INFO] 
[INFO] --- spring-boot:4.1.1:repackage (repackage) @ routing-service ---
[INFO] Replacing main artifact C:\Users\mcgee\OneDrive\Desktop\waterflex\waterflex-scheduler-java\routing-service\target\routing-service-0.1.0-SNAPSHOT.jar with repackaged archive, adding nested dependencies in BOOT-INF/.
[INFO] The original artifact has been renamed to C:\Users\mcgee\OneDrive\Desktop\waterflex\waterflex-scheduler-java\routing-service\target\routing-service-0.1.0-SNAPSHOT.jar.original
[INFO] 
[INFO] -----------------< dev.waterflex:waterflex-scheduler >------------------
[INFO] Building waterflex-scheduler 0.1.0-SNAPSHOT                        [5/5]
[INFO]   from pom.xml
[INFO] --------------------------------[ pom ]---------------------------------
[INFO] 
[INFO] --- clean:3.2.0:clean (default-clean) @ waterflex-scheduler ---
[INFO] ------------------------------------------------------------------------
[INFO] Reactor Summary for waterflex-scheduler 0.1.0-SNAPSHOT:
[INFO] 
[INFO] calculation-engine ................................. SUCCESS [  2.345 s]
[INFO] solver-service ..................................... SUCCESS [  7.744 s]
[INFO] scheduler-service .................................. SUCCESS [ 30.451 s]
[INFO] routing-service .................................... SUCCESS [  2.391 s]
[INFO] waterflex-scheduler ................................ SUCCESS [  0.035 s]
[INFO] ------------------------------------------------------------------------
[INFO] BUILD SUCCESS
[INFO] ------------------------------------------------------------------------
[INFO] Total time:  43.199 s
[INFO] Finished at: 2026-10-06T20:15:02-05:00
[INFO] ------------------------------------------------------------------------
