WARNING: A restricted method in java.lang.System has been called
WARNING: java.lang.System::load has been called by org.fusesource.jansi.internal.JansiLoader in an unnamed module (file:/C:/Users/mcgee/.m2/wrapper/dists/apache-maven-3.9.16-bin/4200fbc6/apache-maven-3.9.16/lib/jansi-2.4.3.jar)
WARNING: Use --enable-native-access=ALL-UNNAMED to avoid a warning for callers in this module
WARNING: Restricted methods will be blocked in a future release unless native access is enabled

[INFO] Scanning for projects...
[INFO] 
[INFO] ------------------< dev.waterflex:scheduler-service >-------------------
[INFO] Building scheduler-service 0.1.0-SNAPSHOT
[INFO]   from pom.xml
[INFO] --------------------------------[ jar ]---------------------------------
[INFO] 
[INFO] --- resources:3.5.0:resources (default-resources) @ scheduler-service ---
[INFO] Copying 2 resources from src\main\resources to target\classes
[INFO] Copying 1 resource from src\main\resources to target\classes
[INFO] 
[INFO] --- compiler:3.15.0:compile (default-compile) @ scheduler-service ---
[INFO] Nothing to compile - all classes are up to date.
[INFO] 
[INFO] --- resources:3.5.0:testResources (default-testResources) @ scheduler-service ---
[INFO] Copying 1 resource from src\test\resources to target\test-classes
[INFO] 
[INFO] --- compiler:3.15.0:testCompile (default-testCompile) @ scheduler-service ---
[INFO] Nothing to compile - all classes are up to date.
[INFO] 
[INFO] --- surefire:3.5.6:test (default-test) @ scheduler-service ---
[INFO] Using auto detected provider org.apache.maven.surefire.junitplatform.JUnitPlatformProvider
[WARNING] System property [assertions.mode] overwritten by user properties from Maven session
[INFO] 
[INFO] -------------------------------------------------------
[INFO]  T E S T S
[INFO] -------------------------------------------------------
[INFO] Running dev.waterflex.scheduler.optimizer.AssertionCampaignTest
16:53:45.014 [main] INFO ai.timefold.solver.core.impl.solver.DefaultSolver -- Solving started: time spent (9), best score ([0/0/0/0/0]hard/[0/-17241]soft), environment mode (NON_INTRUSIVE_FULL_ASSERT), move thread count (NONE), random (seed 17).
16:53:45.016 [main] INFO ai.timefold.solver.core.impl.solver.DefaultSolver -- Problem scale: genuine entity count (3), genuine variable count (3), approximate value count (6), approximate problem scale (60,480).
16:53:45.254 [main] INFO ai.timefold.solver.core.impl.localsearch.DefaultLocalSearchPhase -- Local Search phase (0) ended: time spent (250), best score ([0/0/0/0/0]hard/[0/-16541]soft), move evaluation speed (1670/sec), step total (4).
16:53:45.256 [main] INFO ai.timefold.solver.core.impl.solver.DefaultSolver -- Solving ended: time spent (251), best score ([0/0/0/0/0]hard/[0/-16541]soft), move evaluation speed (1577/sec), phase total (1), environment mode (NON_INTRUSIVE_FULL_ASSERT), move thread count (NONE).
16:53:45.338 [main] INFO ai.timefold.solver.core.impl.solver.DefaultSolver -- Solving started: time spent (2), best score ([0/0/-4/0/0]hard/[0/-3000]soft), environment mode (NON_INTRUSIVE_FULL_ASSERT), move thread count (NONE), random (seed 17).
16:53:45.338 [main] INFO ai.timefold.solver.core.impl.solver.DefaultSolver -- Problem scale: genuine entity count (3), genuine variable count (3), approximate value count (6), approximate problem scale (60,480).
16:53:45.355 [main] INFO ai.timefold.solver.core.impl.constructionheuristic.DefaultConstructionHeuristicPhase -- Construction Heuristic phase (0) ended: time spent (19), best score ([0/0/0/0/0]hard/[0/-9000]soft), move evaluation speed (1625/sec), step total (4).
16:53:45.587 [main] INFO ai.timefold.solver.core.impl.localsearch.DefaultLocalSearchPhase -- Local Search phase (1) ended: time spent (251), best score ([0/0/0/0/0]hard/[0/-9000]soft), move evaluation speed (3991/sec), step total (10).
16:53:45.587 [main] INFO ai.timefold.solver.core.impl.solver.DefaultSolver -- Solving ended: time spent (251), best score ([0/0/0/0/0]hard/[0/-9000]soft), move evaluation speed (3776/sec), phase total (2), environment mode (NON_INTRUSIVE_FULL_ASSERT), move thread count (NONE).
16:53:45.593 [main] INFO ai.timefold.solver.core.impl.solver.DefaultSolver -- Solving started: time spent (1), best score ([0/-21120/0/0/0]hard/[0/-17891]soft), environment mode (NON_INTRUSIVE_FULL_ASSERT), move thread count (NONE), random (seed 17).
16:53:45.593 [main] INFO ai.timefold.solver.core.impl.solver.DefaultSolver -- Problem scale: genuine entity count (3), genuine variable count (3), approximate value count (6), approximate problem scale (60,480).
16:53:45.843 [main] INFO ai.timefold.solver.core.impl.localsearch.DefaultLocalSearchPhase -- Local Search phase (0) ended: time spent (251), best score ([0/0/0/0/0]hard/[0/-17083]soft), move evaluation speed (4276/sec), step total (11).
16:53:45.843 [main] INFO ai.timefold.solver.core.impl.solver.DefaultSolver -- Solving ended: time spent (251), best score ([0/0/0/0/0]hard/[0/-17083]soft), move evaluation speed (4258/sec), phase total (1), environment mode (NON_INTRUSIVE_FULL_ASSERT), move thread count (NONE).
16:53:45.853 [main] INFO ai.timefold.solver.core.impl.solver.DefaultSolver -- Solving started: time spent (2), best score ([0/0/0/0/0]hard/[-0.1131468572778827977315689981096409/-17241]soft), environment mode (NON_INTRUSIVE_FULL_ASSERT), move thread count (NONE), random (seed 17).
16:53:45.853 [main] INFO ai.timefold.solver.core.impl.solver.DefaultSolver -- Problem scale: genuine entity count (3), genuine variable count (3), approximate value count (6), approximate problem scale (60,480).
16:53:46.102 [main] INFO ai.timefold.solver.core.impl.localsearch.DefaultLocalSearchPhase -- Local Search phase (0) ended: time spent (251), best score ([0/0/0/0/0]hard/[-0.03217804820415879017013232514177693/-17183]soft), move evaluation speed (4349/sec), step total (11).
16:53:46.102 [main] INFO ai.timefold.solver.core.impl.solver.DefaultSolver -- Solving ended: time spent (251), best score ([0/0/0/0/0]hard/[-0.03217804820415879017013232514177693/-17183]soft), move evaluation speed (4314/sec), phase total (1), environment mode (NON_INTRUSIVE_FULL_ASSERT), move thread count (NONE).
16:53:46.139 [main] INFO ai.timefold.solver.core.impl.solver.DefaultSolver -- Solving started: time spent (1), best score ([0/0/0/0/0]hard/[0/-17241]soft), environment mode (NON_INTRUSIVE_FULL_ASSERT), move thread count (NONE), random (seed 17).
16:53:46.139 [main] INFO ai.timefold.solver.core.impl.solver.DefaultSolver -- Problem scale: genuine entity count (3), genuine variable count (3), approximate value count (6), approximate problem scale (60,480).
16:53:46.388 [main] INFO ai.timefold.solver.core.impl.localsearch.DefaultLocalSearchPhase -- Local Search phase (0) ended: time spent (250), best score ([0/0/0/0/0]hard/[0/-16541]soft), move evaluation speed (6461/sec), step total (17).
16:53:46.388 [main] INFO ai.timefold.solver.core.impl.solver.DefaultSolver -- Solving ended: time spent (250), best score ([0/0/0/0/0]hard/[0/-16541]soft), move evaluation speed (6436/sec), phase total (1), environment mode (NON_INTRUSIVE_FULL_ASSERT), move thread count (NONE).
16:53:46.421 [main] INFO ai.timefold.solver.core.impl.solver.DefaultSolver -- Solving started: time spent (1), best score ([0/0/-4/0/0]hard/[0/-3000]soft), environment mode (NON_INTRUSIVE_FULL_ASSERT), move thread count (NONE), random (seed 17).
16:53:46.421 [main] INFO ai.timefold.solver.core.impl.solver.DefaultSolver -- Problem scale: genuine entity count (3), genuine variable count (3), approximate value count (6), approximate problem scale (60,480).
16:53:46.427 [main] INFO ai.timefold.solver.core.impl.constructionheuristic.DefaultConstructionHeuristicPhase -- Construction Heuristic phase (0) ended: time spent (7), best score ([0/0/0/0/0]hard/[0/-9000]soft), move evaluation speed (4333/sec), step total (4).
16:53:46.670 [main] INFO ai.timefold.solver.core.impl.localsearch.DefaultLocalSearchPhase -- Local Search phase (1) ended: time spent (250), best score ([0/0/0/0/0]hard/[0/-9000]soft), move evaluation speed (6309/sec), step total (16).
16:53:46.670 [main] INFO ai.timefold.solver.core.impl.solver.DefaultSolver -- Solving ended: time spent (250), best score ([0/0/0/0/0]hard/[0/-9000]soft), move evaluation speed (6212/sec), phase total (2), environment mode (NON_INTRUSIVE_FULL_ASSERT), move thread count (NONE).
16:53:46.674 [main] INFO ai.timefold.solver.core.impl.solver.DefaultSolver -- Solving started: time spent (0), best score ([0/-21120/0/0/0]hard/[0/-17891]soft), environment mode (NON_INTRUSIVE_FULL_ASSERT), move thread count (NONE), random (seed 17).
16:53:46.674 [main] INFO ai.timefold.solver.core.impl.solver.DefaultSolver -- Problem scale: genuine entity count (3), genuine variable count (3), approximate value count (6), approximate problem scale (60,480).
16:53:46.924 [main] INFO ai.timefold.solver.core.impl.localsearch.DefaultLocalSearchPhase -- Local Search phase (0) ended: time spent (250), best score ([0/0/0/0/0]hard/[0/-17083]soft), move evaluation speed (6888/sec), step total (18).
16:53:46.924 [main] INFO ai.timefold.solver.core.impl.solver.DefaultSolver -- Solving ended: time spent (250), best score ([0/0/0/0/0]hard/[0/-17083]soft), move evaluation speed (6888/sec), phase total (1), environment mode (NON_INTRUSIVE_FULL_ASSERT), move thread count (NONE).
16:53:46.928 [main] INFO ai.timefold.solver.core.impl.solver.DefaultSolver -- Solving started: time spent (0), best score ([0/0/0/0/0]hard/[-0.1131468572778827977315689981096409/-17241]soft), environment mode (NON_INTRUSIVE_FULL_ASSERT), move thread count (NONE), random (seed 17).
16:53:46.928 [main] INFO ai.timefold.solver.core.impl.solver.DefaultSolver -- Problem scale: genuine entity count (3), genuine variable count (3), approximate value count (6), approximate problem scale (60,480).
16:53:47.178 [main] INFO ai.timefold.solver.core.impl.localsearch.DefaultLocalSearchPhase -- Local Search phase (0) ended: time spent (250), best score ([0/0/0/0/0]hard/[-0.03217804820415879017013232514177693/-17183]soft), move evaluation speed (5867/sec), step total (15).
16:53:47.179 [main] INFO ai.timefold.solver.core.impl.solver.DefaultSolver -- Solving ended: time spent (251), best score ([0/0/0/0/0]hard/[-0.03217804820415879017013232514177693/-17183]soft), move evaluation speed (5820/sec), phase total (1), environment mode (NON_INTRUSIVE_FULL_ASSERT), move thread count (NONE).
16:53:47.215 [main] INFO ai.timefold.solver.core.impl.solver.DefaultSolver -- Solving started: time spent (1), best score ([0/0/0/0/0]hard/[0/-17241]soft), environment mode (NON_INTRUSIVE_FULL_ASSERT), move thread count (NONE), random (seed 17).
16:53:47.215 [main] INFO ai.timefold.solver.core.impl.solver.DefaultSolver -- Problem scale: genuine entity count (3), genuine variable count (3), approximate value count (6), approximate problem scale (60,480).
16:53:47.464 [main] INFO ai.timefold.solver.core.impl.localsearch.DefaultLocalSearchPhase -- Local Search phase (0) ended: time spent (250), best score ([0/0/0/0/0]hard/[0/-16541]soft), move evaluation speed (4755/sec), step total (211).
16:53:47.464 [main] INFO ai.timefold.solver.core.impl.solver.DefaultSolver -- Solving ended: time spent (250), best score ([0/0/0/0/0]hard/[0/-16541]soft), move evaluation speed (4736/sec), phase total (1), environment mode (NON_INTRUSIVE_FULL_ASSERT), move thread count (NONE).
16:53:47.499 [main] INFO ai.timefold.solver.core.impl.solver.DefaultSolver -- Solving started: time spent (1), best score ([0/0/-4/0/0]hard/[0/-3000]soft), environment mode (NON_INTRUSIVE_FULL_ASSERT), move thread count (NONE), random (seed 17).
16:53:47.499 [main] INFO ai.timefold.solver.core.impl.solver.DefaultSolver -- Problem scale: genuine entity count (3), genuine variable count (3), approximate value count (6), approximate problem scale (60,480).
16:53:47.506 [main] INFO ai.timefold.solver.core.impl.constructionheuristic.DefaultConstructionHeuristicPhase -- Construction Heuristic phase (0) ended: time spent (8), best score ([0/0/0/0/0]hard/[0/-9000]soft), move evaluation speed (3714/sec), step total (4).
16:53:47.748 [main] INFO ai.timefold.solver.core.impl.localsearch.DefaultLocalSearchPhase -- Local Search phase (1) ended: time spent (250), best score ([0/0/0/0/0]hard/[0/-9000]soft), move evaluation speed (2433/sec), step total (527).
16:53:47.748 [main] INFO ai.timefold.solver.core.impl.solver.DefaultSolver -- Solving ended: time spent (250), best score ([0/0/0/0/0]hard/[0/-9000]soft), move evaluation speed (2460/sec), phase total (2), environment mode (NON_INTRUSIVE_FULL_ASSERT), move thread count (NONE).
16:53:47.752 [main] INFO ai.timefold.solver.core.impl.solver.DefaultSolver -- Solving started: time spent (0), best score ([0/-21120/0/0/0]hard/[0/-17891]soft), environment mode (NON_INTRUSIVE_FULL_ASSERT), move thread count (NONE), random (seed 17).
16:53:47.752 [main] INFO ai.timefold.solver.core.impl.solver.DefaultSolver -- Problem scale: genuine entity count (3), genuine variable count (3), approximate value count (6), approximate problem scale (60,480).
16:53:48.002 [main] INFO ai.timefold.solver.core.impl.localsearch.DefaultLocalSearchPhase -- Local Search phase (0) ended: time spent (250), best score ([0/0/0/0/0]hard/[0/-16591]soft), move evaluation speed (5160/sec), step total (304).
16:53:48.002 [main] INFO ai.timefold.solver.core.impl.solver.DefaultSolver -- Solving ended: time spent (250), best score ([0/0/0/0/0]hard/[0/-16591]soft), move evaluation speed (5160/sec), phase total (1), environment mode (NON_INTRUSIVE_FULL_ASSERT), move thread count (NONE).
16:53:48.006 [main] INFO ai.timefold.solver.core.impl.solver.DefaultSolver -- Solving started: time spent (0), best score ([0/0/0/0/0]hard/[-0.1131468572778827977315689981096409/-17241]soft), environment mode (NON_INTRUSIVE_FULL_ASSERT), move thread count (NONE), random (seed 17).
16:53:48.006 [main] INFO ai.timefold.solver.core.impl.solver.DefaultSolver -- Problem scale: genuine entity count (3), genuine variable count (3), approximate value count (6), approximate problem scale (60,480).
16:53:48.256 [main] INFO ai.timefold.solver.core.impl.localsearch.DefaultLocalSearchPhase -- Local Search phase (0) ended: time spent (250), best score ([0/0/0/0/0]hard/[-0.03217804820415879017013232514177693/-17183]soft), move evaluation speed (5548/sec), step total (223).
16:53:48.256 [main] INFO ai.timefold.solver.core.impl.solver.DefaultSolver -- Solving ended: time spent (250), best score ([0/0/0/0/0]hard/[-0.03217804820415879017013232514177693/-17183]soft), move evaluation speed (5548/sec), phase total (1), environment mode (NON_INTRUSIVE_FULL_ASSERT), move thread count (NONE).
16:53:48.286 [main] INFO ai.timefold.solver.core.impl.solver.DefaultSolver -- Solving started: time spent (0), best score ([0/0/0/0/0]hard/[0/-17241]soft), environment mode (NON_INTRUSIVE_FULL_ASSERT), move thread count (NONE), random (seed 17).
16:53:48.287 [main] INFO ai.timefold.solver.core.impl.solver.DefaultSolver -- Problem scale: genuine entity count (3), genuine variable count (3), approximate value count (6), approximate problem scale (60,480).
16:53:48.536 [main] INFO ai.timefold.solver.core.impl.localsearch.DefaultLocalSearchPhase -- Local Search phase (0) ended: time spent (250), best score ([0/0/0/0/0]hard/[0/-16541]soft), move evaluation speed (4763/sec), step total (241).
16:53:48.536 [main] INFO ai.timefold.solver.core.impl.solver.DefaultSolver -- Solving ended: time spent (250), best score ([0/0/0/0/0]hard/[0/-16541]soft), move evaluation speed (4744/sec), phase total (1), environment mode (NON_INTRUSIVE_FULL_ASSERT), move thread count (NONE).
16:53:48.565 [main] INFO ai.timefold.solver.core.impl.solver.DefaultSolver -- Solving started: time spent (1), best score ([0/0/-4/0/0]hard/[0/-3000]soft), environment mode (NON_INTRUSIVE_FULL_ASSERT), move thread count (NONE), random (seed 17).
16:53:48.565 [main] INFO ai.timefold.solver.core.impl.solver.DefaultSolver -- Problem scale: genuine entity count (3), genuine variable count (3), approximate value count (6), approximate problem scale (60,480).
16:53:48.572 [main] INFO ai.timefold.solver.core.impl.constructionheuristic.DefaultConstructionHeuristicPhase -- Construction Heuristic phase (0) ended: time spent (8), best score ([0/0/0/0/0]hard/[0/-9000]soft), move evaluation speed (3714/sec), step total (4).
16:53:48.814 [main] INFO ai.timefold.solver.core.impl.localsearch.DefaultLocalSearchPhase -- Local Search phase (1) ended: time spent (250), best score ([0/0/0/0/0]hard/[0/-9000]soft), move evaluation speed (2938/sec), step total (670).
16:53:48.814 [main] INFO ai.timefold.solver.core.impl.solver.DefaultSolver -- Solving ended: time spent (250), best score ([0/0/0/0/0]hard/[0/-9000]soft), move evaluation speed (2948/sec), phase total (2), environment mode (NON_INTRUSIVE_FULL_ASSERT), move thread count (NONE).
16:53:48.817 [main] INFO ai.timefold.solver.core.impl.solver.DefaultSolver -- Solving started: time spent (0), best score ([0/-21120/0/0/0]hard/[0/-17891]soft), environment mode (NON_INTRUSIVE_FULL_ASSERT), move thread count (NONE), random (seed 17).
16:53:48.817 [main] INFO ai.timefold.solver.core.impl.solver.DefaultSolver -- Problem scale: genuine entity count (3), genuine variable count (3), approximate value count (6), approximate problem scale (60,480).
16:53:49.067 [main] INFO ai.timefold.solver.core.impl.localsearch.DefaultLocalSearchPhase -- Local Search phase (0) ended: time spent (250), best score ([0/0/0/0/0]hard/[0/-16591]soft), move evaluation speed (6732/sec), step total (154).
16:53:49.067 [main] INFO ai.timefold.solver.core.impl.solver.DefaultSolver -- Solving ended: time spent (250), best score ([0/0/0/0/0]hard/[0/-16591]soft), move evaluation speed (6732/sec), phase total (1), environment mode (NON_INTRUSIVE_FULL_ASSERT), move thread count (NONE).
16:53:49.070 [main] INFO ai.timefold.solver.core.impl.solver.DefaultSolver -- Solving started: time spent (0), best score ([0/0/0/0/0]hard/[-0.1131468572778827977315689981096409/-17241]soft), environment mode (NON_INTRUSIVE_FULL_ASSERT), move thread count (NONE), random (seed 17).
16:53:49.070 [main] INFO ai.timefold.solver.core.impl.solver.DefaultSolver -- Problem scale: genuine entity count (3), genuine variable count (3), approximate value count (6), approximate problem scale (60,480).
16:53:49.320 [main] INFO ai.timefold.solver.core.impl.localsearch.DefaultLocalSearchPhase -- Local Search phase (0) ended: time spent (250), best score ([0/0/0/0/0]hard/[-0.03217804820415879017013232514177693/-17183]soft), move evaluation speed (5556/sec), step total (203).
16:53:49.320 [main] INFO ai.timefold.solver.core.impl.solver.DefaultSolver -- Solving ended: time spent (250), best score ([0/0/0/0/0]hard/[-0.03217804820415879017013232514177693/-17183]soft), move evaluation speed (5556/sec), phase total (1), environment mode (NON_INTRUSIVE_FULL_ASSERT), move thread count (NONE).
16:53:49.348 [main] INFO ai.timefold.solver.core.impl.solver.DefaultSolver -- Solving started: time spent (0), best score ([0/0/0/0/0]hard/[0/-17241]soft), environment mode (NON_INTRUSIVE_FULL_ASSERT), move thread count (NONE), random (seed 17).
16:53:49.348 [main] INFO ai.timefold.solver.core.impl.solver.DefaultSolver -- Problem scale: genuine entity count (3), genuine variable count (3), approximate value count (6), approximate problem scale (60,480).
16:53:49.598 [main] INFO ai.timefold.solver.core.impl.localsearch.DefaultLocalSearchPhase -- Local Search phase (0) ended: time spent (250), best score ([0/0/0/0/0]hard/[0/-16541]soft), move evaluation speed (8156/sec), step total (2).
16:53:49.598 [main] INFO ai.timefold.solver.core.impl.solver.DefaultSolver -- Solving ended: time spent (250), best score ([0/0/0/0/0]hard/[0/-16541]soft), move evaluation speed (8156/sec), phase total (1), environment mode (NON_INTRUSIVE_FULL_ASSERT), move thread count (NONE).
16:53:49.626 [main] INFO ai.timefold.solver.core.impl.solver.DefaultSolver -- Solving started: time spent (1), best score ([0/0/-4/0/0]hard/[0/-3000]soft), environment mode (NON_INTRUSIVE_FULL_ASSERT), move thread count (NONE), random (seed 17).
16:53:49.626 [main] INFO ai.timefold.solver.core.impl.solver.DefaultSolver -- Problem scale: genuine entity count (3), genuine variable count (3), approximate value count (6), approximate problem scale (60,480).
16:53:49.633 [main] INFO ai.timefold.solver.core.impl.constructionheuristic.DefaultConstructionHeuristicPhase -- Construction Heuristic phase (0) ended: time spent (8), best score ([0/0/0/0/0]hard/[0/-9000]soft), move evaluation speed (3714/sec), step total (4).
16:53:49.875 [main] INFO ai.timefold.solver.core.impl.localsearch.DefaultLocalSearchPhase -- Local Search phase (1) ended: time spent (250), best score ([0/0/0/0/0]hard/[0/-9000]soft), move evaluation speed (8533/sec), step total (2).
16:53:49.875 [main] INFO ai.timefold.solver.core.impl.solver.DefaultSolver -- Solving ended: time spent (250), best score ([0/0/0/0/0]hard/[0/-9000]soft), move evaluation speed (8364/sec), phase total (2), environment mode (NON_INTRUSIVE_FULL_ASSERT), move thread count (NONE).
16:53:49.878 [main] INFO ai.timefold.solver.core.impl.solver.DefaultSolver -- Solving started: time spent (1), best score ([0/-21120/0/0/0]hard/[0/-17891]soft), environment mode (NON_INTRUSIVE_FULL_ASSERT), move thread count (NONE), random (seed 17).
16:53:49.878 [main] INFO ai.timefold.solver.core.impl.solver.DefaultSolver -- Problem scale: genuine entity count (3), genuine variable count (3), approximate value count (6), approximate problem scale (60,480).
16:53:50.127 [main] INFO ai.timefold.solver.core.impl.localsearch.DefaultLocalSearchPhase -- Local Search phase (0) ended: time spent (250), best score ([0/-13980/0/0/0]hard/[0/-17733]soft), move evaluation speed (7891/sec), step total (2).
16:53:50.127 [main] INFO ai.timefold.solver.core.impl.solver.DefaultSolver -- Solving ended: time spent (250), best score ([0/-13980/0/0/0]hard/[0/-17733]soft), move evaluation speed (7860/sec), phase total (1), environment mode (NON_INTRUSIVE_FULL_ASSERT), move thread count (NONE).
16:53:50.131 [main] INFO ai.timefold.solver.core.impl.solver.DefaultSolver -- Solving started: time spent (1), best score ([0/0/0/0/0]hard/[-0.1131468572778827977315689981096409/-17241]soft), environment mode (NON_INTRUSIVE_FULL_ASSERT), move thread count (NONE), random (seed 17).
16:53:50.131 [main] INFO ai.timefold.solver.core.impl.solver.DefaultSolver -- Problem scale: genuine entity count (3), genuine variable count (3), approximate value count (6), approximate problem scale (60,480).
16:53:50.381 [main] INFO ai.timefold.solver.core.impl.localsearch.DefaultLocalSearchPhase -- Local Search phase (0) ended: time spent (251), best score ([0/0/0/0/0]hard/[-0.1039943683049779458097038437303088/-16541]soft), move evaluation speed (7516/sec), step total (2).
16:53:50.381 [main] INFO ai.timefold.solver.core.impl.solver.DefaultSolver -- Solving ended: time spent (251), best score ([0/0/0/0/0]hard/[-0.1039943683049779458097038437303088/-16541]soft), move evaluation speed (7486/sec), phase total (1), environment mode (NON_INTRUSIVE_FULL_ASSERT), move thread count (NONE).
16:53:50.409 [main] INFO ai.timefold.solver.core.impl.solver.DefaultSolver -- Solving started: time spent (1), best score ([0/0/0/0/0]hard/[0/-17241]soft), environment mode (NON_INTRUSIVE_FULL_ASSERT), move thread count (NONE), random (seed 17).
16:53:50.409 [main] INFO ai.timefold.solver.core.impl.solver.DefaultSolver -- Problem scale: genuine entity count (3), genuine variable count (3), approximate value count (6), approximate problem scale (60,480).
16:53:50.658 [main] INFO ai.timefold.solver.core.impl.localsearch.DefaultLocalSearchPhase -- Local Search phase (0) ended: time spent (250), best score ([0/0/0/0/0]hard/[0/-16541]soft), move evaluation speed (4626/sec), step total (188).
16:53:50.659 [main] INFO ai.timefold.solver.core.impl.solver.DefaultSolver -- Solving ended: time spent (250), best score ([0/0/0/0/0]hard/[0/-16541]soft), move evaluation speed (4608/sec), phase total (1), environment mode (NON_INTRUSIVE_FULL_ASSERT), move thread count (NONE).
16:53:50.687 [main] INFO ai.timefold.solver.core.impl.solver.DefaultSolver -- Solving started: time spent (1), best score ([0/0/-4/0/0]hard/[0/-3000]soft), environment mode (NON_INTRUSIVE_FULL_ASSERT), move thread count (NONE), random (seed 17).
16:53:50.687 [main] INFO ai.timefold.solver.core.impl.solver.DefaultSolver -- Problem scale: genuine entity count (3), genuine variable count (3), approximate value count (6), approximate problem scale (60,480).
16:53:50.693 [main] INFO ai.timefold.solver.core.impl.constructionheuristic.DefaultConstructionHeuristicPhase -- Construction Heuristic phase (0) ended: time spent (7), best score ([0/0/0/0/0]hard/[0/-9000]soft), move evaluation speed (4333/sec), step total (4).
16:53:50.936 [main] INFO ai.timefold.solver.core.impl.localsearch.DefaultLocalSearchPhase -- Local Search phase (1) ended: time spent (250), best score ([0/0/0/0/0]hard/[0/-9000]soft), move evaluation speed (2148/sec), step total (496).
16:53:50.936 [main] INFO ai.timefold.solver.core.impl.solver.DefaultSolver -- Solving ended: time spent (250), best score ([0/0/0/0/0]hard/[0/-9000]soft), move evaluation speed (2184/sec), phase total (2), environment mode (NON_INTRUSIVE_FULL_ASSERT), move thread count (NONE).
16:53:50.940 [main] INFO ai.timefold.solver.core.impl.solver.DefaultSolver -- Solving started: time spent (1), best score ([0/-21120/0/0/0]hard/[0/-17891]soft), environment mode (NON_INTRUSIVE_FULL_ASSERT), move thread count (NONE), random (seed 17).
16:53:50.940 [main] INFO ai.timefold.solver.core.impl.solver.DefaultSolver -- Problem scale: genuine entity count (3), genuine variable count (3), approximate value count (6), approximate problem scale (60,480).
16:53:51.189 [main] INFO ai.timefold.solver.core.impl.localsearch.DefaultLocalSearchPhase -- Local Search phase (0) ended: time spent (250), best score ([0/0/0/0/0]hard/[0/-16591]soft), move evaluation speed (5064/sec), step total (128).
16:53:51.189 [main] INFO ai.timefold.solver.core.impl.solver.DefaultSolver -- Solving ended: time spent (250), best score ([0/0/0/0/0]hard/[0/-16591]soft), move evaluation speed (5044/sec), phase total (1), environment mode (NON_INTRUSIVE_FULL_ASSERT), move thread count (NONE).
16:53:51.195 [main] INFO ai.timefold.solver.core.impl.solver.DefaultSolver -- Solving started: time spent (4), best score ([0/0/0/0/0]hard/[-0.1131468572778827977315689981096409/-17241]soft), environment mode (NON_INTRUSIVE_FULL_ASSERT), move thread count (NONE), random (seed 17).
16:53:51.195 [main] INFO ai.timefold.solver.core.impl.solver.DefaultSolver -- Problem scale: genuine entity count (3), genuine variable count (3), approximate value count (6), approximate problem scale (60,480).
16:53:51.441 [main] INFO ai.timefold.solver.core.impl.localsearch.DefaultLocalSearchPhase -- Local Search phase (0) ended: time spent (250), best score ([0/0/0/0/0]hard/[-0.02640168819575719386683469859273262/-17283]soft), move evaluation speed (4658/sec), step total (118).
16:53:51.441 [main] INFO ai.timefold.solver.core.impl.solver.DefaultSolver -- Solving ended: time spent (250), best score ([0/0/0/0/0]hard/[-0.02640168819575719386683469859273262/-17283]soft), move evaluation speed (4584/sec), phase total (1), environment mode (NON_INTRUSIVE_FULL_ASSERT), move thread count (NONE).
16:53:51.472 [main] INFO ai.timefold.solver.core.impl.solver.DefaultSolver -- Solving started: time spent (1), best score ([0/0/0/0/0]hard/[0/-17241]soft), environment mode (NON_INTRUSIVE_FULL_ASSERT), move thread count (NONE), random (seed 17).
16:53:51.472 [main] INFO ai.timefold.solver.core.impl.solver.DefaultSolver -- Problem scale: genuine entity count (3), genuine variable count (3), approximate value count (6), approximate problem scale (60,480).
16:53:51.721 [main] INFO ai.timefold.solver.core.impl.localsearch.DefaultLocalSearchPhase -- Local Search phase (0) ended: time spent (250), best score ([0/0/0/0/0]hard/[0/-16541]soft), move evaluation speed (4068/sec), step total (168).
16:53:51.721 [main] INFO ai.timefold.solver.core.impl.solver.DefaultSolver -- Solving ended: time spent (250), best score ([0/0/0/0/0]hard/[0/-16541]soft), move evaluation speed (4052/sec), phase total (1), environment mode (NON_INTRUSIVE_FULL_ASSERT), move thread count (NONE).
16:53:51.746 [main] INFO ai.timefold.solver.core.impl.solver.DefaultSolver -- Solving started: time spent (0), best score ([0/0/-4/0/0]hard/[0/-3000]soft), environment mode (NON_INTRUSIVE_FULL_ASSERT), move thread count (NONE), random (seed 17).
16:53:51.747 [main] INFO ai.timefold.solver.core.impl.solver.DefaultSolver -- Problem scale: genuine entity count (3), genuine variable count (3), approximate value count (6), approximate problem scale (60,480).
16:53:51.753 [main] INFO ai.timefold.solver.core.impl.constructionheuristic.DefaultConstructionHeuristicPhase -- Construction Heuristic phase (0) ended: time spent (7), best score ([0/0/0/0/0]hard/[0/-9000]soft), move evaluation speed (4333/sec), step total (4).
16:53:51.996 [main] INFO ai.timefold.solver.core.impl.localsearch.DefaultLocalSearchPhase -- Local Search phase (1) ended: time spent (250), best score ([0/0/0/0/0]hard/[0/-9000]soft), move evaluation speed (1971/sec), step total (454).
16:53:51.996 [main] INFO ai.timefold.solver.core.impl.solver.DefaultSolver -- Solving ended: time spent (250), best score ([0/0/0/0/0]hard/[0/-9000]soft), move evaluation speed (2020/sec), phase total (2), environment mode (NON_INTRUSIVE_FULL_ASSERT), move thread count (NONE).
16:53:51.998 [main] INFO ai.timefold.solver.core.impl.solver.DefaultSolver -- Solving started: time spent (0), best score ([0/-21120/0/0/0]hard/[0/-17891]soft), environment mode (NON_INTRUSIVE_FULL_ASSERT), move thread count (NONE), random (seed 17).
16:53:51.999 [main] INFO ai.timefold.solver.core.impl.solver.DefaultSolver -- Problem scale: genuine entity count (3), genuine variable count (3), approximate value count (6), approximate problem scale (60,480).
16:53:52.248 [main] INFO ai.timefold.solver.core.impl.localsearch.DefaultLocalSearchPhase -- Local Search phase (0) ended: time spent (250), best score ([0/0/0/0/0]hard/[0/-16591]soft), move evaluation speed (5554/sec), step total (220).
16:53:52.248 [main] INFO ai.timefold.solver.core.impl.solver.DefaultSolver -- Solving ended: time spent (250), best score ([0/0/0/0/0]hard/[0/-16591]soft), move evaluation speed (5532/sec), phase total (1), environment mode (NON_INTRUSIVE_FULL_ASSERT), move thread count (NONE).
16:53:52.251 [main] INFO ai.timefold.solver.core.impl.solver.DefaultSolver -- Solving started: time spent (1), best score ([0/0/0/0/0]hard/[-0.1131468572778827977315689981096409/-17241]soft), environment mode (NON_INTRUSIVE_FULL_ASSERT), move thread count (NONE), random (seed 17).
16:53:52.251 [main] INFO ai.timefold.solver.core.impl.solver.DefaultSolver -- Problem scale: genuine entity count (3), genuine variable count (3), approximate value count (6), approximate problem scale (60,480).
16:53:52.500 [main] INFO ai.timefold.solver.core.impl.localsearch.DefaultLocalSearchPhase -- Local Search phase (0) ended: time spent (250), best score ([0/0/0/0/0]hard/[-0.02640168819575719386683469859273262/-17283]soft), move evaluation speed (5405/sec), step total (193).
16:53:52.500 [main] INFO ai.timefold.solver.core.impl.solver.DefaultSolver -- Solving ended: time spent (250), best score ([0/0/0/0/0]hard/[-0.02640168819575719386683469859273262/-17283]soft), move evaluation speed (5384/sec), phase total (1), environment mode (NON_INTRUSIVE_FULL_ASSERT), move thread count (NONE).
16:53:52.525 [main] INFO ai.timefold.solver.core.impl.solver.DefaultSolver -- Solving started: time spent (1), best score ([0/0/0/0/0]hard/[0/-17241]soft), environment mode (NON_INTRUSIVE_FULL_ASSERT), move thread count (NONE), random (seed 17).
16:53:52.525 [main] INFO ai.timefold.solver.core.impl.solver.DefaultSolver -- Problem scale: genuine entity count (3), genuine variable count (3), approximate value count (6), approximate problem scale (60,480).
16:53:52.774 [main] INFO ai.timefold.solver.core.impl.localsearch.DefaultLocalSearchPhase -- Local Search phase (0) ended: time spent (250), best score ([0/0/0/0/0]hard/[0/-16541]soft), move evaluation speed (5461/sec), step total (234).
16:53:52.774 [main] INFO ai.timefold.solver.core.impl.solver.DefaultSolver -- Solving ended: time spent (250), best score ([0/0/0/0/0]hard/[0/-16541]soft), move evaluation speed (5440/sec), phase total (1), environment mode (NON_INTRUSIVE_FULL_ASSERT), move thread count (NONE).
16:53:52.798 [main] INFO ai.timefold.solver.core.impl.solver.DefaultSolver -- Solving started: time spent (0), best score ([0/-21120/0/0/0]hard/[0/-17891]soft), environment mode (NON_INTRUSIVE_FULL_ASSERT), move thread count (NONE), random (seed 17).
16:53:52.798 [main] INFO ai.timefold.solver.core.impl.solver.DefaultSolver -- Problem scale: genuine entity count (3), genuine variable count (3), approximate value count (6), approximate problem scale (60,480).
16:53:53.048 [main] INFO ai.timefold.solver.core.impl.localsearch.DefaultLocalSearchPhase -- Local Search phase (0) ended: time spent (250), best score ([0/0/0/0/0]hard/[0/-16591]soft), move evaluation speed (5720/sec), step total (22).
16:53:53.048 [main] INFO ai.timefold.solver.core.impl.solver.DefaultSolver -- Solving ended: time spent (250), best score ([0/0/0/0/0]hard/[0/-16591]soft), move evaluation speed (5720/sec), phase total (1), environment mode (NON_INTRUSIVE_FULL_ASSERT), move thread count (NONE).
16:53:53.053 [main] INFO ai.timefold.solver.core.impl.solver.DefaultSolver -- Solving started: time spent (2), best score ([0/0/0/0/0]hard/[-0.1131468572778827977315689981096409/-17241]soft), environment mode (NON_INTRUSIVE_FULL_ASSERT), move thread count (NONE), random (seed 17).
16:53:53.053 [main] INFO ai.timefold.solver.core.impl.solver.DefaultSolver -- Problem scale: genuine entity count (3), genuine variable count (3), approximate value count (6), approximate problem scale (60,480).
16:53:53.301 [main] INFO ai.timefold.solver.core.impl.localsearch.DefaultLocalSearchPhase -- Local Search phase (0) ended: time spent (250), best score ([0/0/0/0/0]hard/[-0.02640168819575719386683469859273262/-17283]soft), move evaluation speed (4576/sec), step total (122).
16:53:53.301 [main] INFO ai.timefold.solver.core.impl.solver.DefaultSolver -- Solving ended: time spent (250), best score ([0/0/0/0/0]hard/[-0.02640168819575719386683469859273262/-17283]soft), move evaluation speed (4540/sec), phase total (1), environment mode (NON_INTRUSIVE_FULL_ASSERT), move thread count (NONE).
16:53:53.326 [main] INFO ai.timefold.solver.core.impl.solver.DefaultSolver -- Solving started: time spent (0), best score ([0/0/0/0/0]hard/[0/-17241]soft), environment mode (NON_INTRUSIVE_FULL_ASSERT), move thread count (NONE), random (seed 29).
16:53:53.327 [main] INFO ai.timefold.solver.core.impl.solver.DefaultSolver -- Problem scale: genuine entity count (3), genuine variable count (3), approximate value count (6), approximate problem scale (60,480).
16:53:53.576 [main] INFO ai.timefold.solver.core.impl.localsearch.DefaultLocalSearchPhase -- Local Search phase (0) ended: time spent (250), best score ([0/0/0/0/0]hard/[0/-16541]soft), move evaluation speed (7489/sec), step total (19).
16:53:53.576 [main] INFO ai.timefold.solver.core.impl.solver.DefaultSolver -- Solving ended: time spent (250), best score ([0/0/0/0/0]hard/[0/-16541]soft), move evaluation speed (7460/sec), phase total (1), environment mode (NON_INTRUSIVE_FULL_ASSERT), move thread count (NONE).
16:53:53.599 [main] INFO ai.timefold.solver.core.impl.solver.DefaultSolver -- Solving started: time spent (0), best score ([0/0/-4/0/0]hard/[0/-3000]soft), environment mode (NON_INTRUSIVE_FULL_ASSERT), move thread count (NONE), random (seed 29).
16:53:53.599 [main] INFO ai.timefold.solver.core.impl.solver.DefaultSolver -- Problem scale: genuine entity count (3), genuine variable count (3), approximate value count (6), approximate problem scale (60,480).
16:53:53.605 [main] INFO ai.timefold.solver.core.impl.constructionheuristic.DefaultConstructionHeuristicPhase -- Construction Heuristic phase (0) ended: time spent (6), best score ([0/0/0/0/0]hard/[0/-9000]soft), move evaluation speed (4333/sec), step total (4).
16:53:53.849 [main] INFO ai.timefold.solver.core.impl.localsearch.DefaultLocalSearchPhase -- Local Search phase (1) ended: time spent (250), best score ([0/0/0/0/0]hard/[0/-9000]soft), move evaluation speed (7938/sec), step total (20).
16:53:53.849 [main] INFO ai.timefold.solver.core.impl.solver.DefaultSolver -- Solving ended: time spent (250), best score ([0/0/0/0/0]hard/[0/-9000]soft), move evaluation speed (7852/sec), phase total (2), environment mode (NON_INTRUSIVE_FULL_ASSERT), move thread count (NONE).
16:53:53.852 [main] INFO ai.timefold.solver.core.impl.solver.DefaultSolver -- Solving started: time spent (1), best score ([0/-21120/0/0/0]hard/[0/-17891]soft), environment mode (NON_INTRUSIVE_FULL_ASSERT), move thread count (NONE), random (seed 29).
16:53:53.852 [main] INFO ai.timefold.solver.core.impl.solver.DefaultSolver -- Problem scale: genuine entity count (3), genuine variable count (3), approximate value count (6), approximate problem scale (60,480).
16:53:54.101 [main] INFO ai.timefold.solver.core.impl.localsearch.DefaultLocalSearchPhase -- Local Search phase (0) ended: time spent (250), best score ([0/0/0/0/0]hard/[0/-17083]soft), move evaluation speed (7871/sec), step total (20).
16:53:54.101 [main] INFO ai.timefold.solver.core.impl.solver.DefaultSolver -- Solving ended: time spent (250), best score ([0/0/0/0/0]hard/[0/-17083]soft), move evaluation speed (7840/sec), phase total (1), environment mode (NON_INTRUSIVE_FULL_ASSERT), move thread count (NONE).
16:53:54.105 [main] INFO ai.timefold.solver.core.impl.solver.DefaultSolver -- Solving started: time spent (2), best score ([0/0/0/0/0]hard/[-0.1131468572778827977315689981096409/-17241]soft), environment mode (NON_INTRUSIVE_FULL_ASSERT), move thread count (NONE), random (seed 29).
16:53:54.105 [main] INFO ai.timefold.solver.core.impl.solver.DefaultSolver -- Problem scale: genuine entity count (3), genuine variable count (3), approximate value count (6), approximate problem scale (60,480).
16:53:54.353 [main] INFO ai.timefold.solver.core.impl.localsearch.DefaultLocalSearchPhase -- Local Search phase (0) ended: time spent (250), best score ([0/0/0/0/0]hard/[-0.02640168819575719386683469859273262/-17283]soft), move evaluation speed (7717/sec), step total (20).
16:53:54.354 [main] INFO ai.timefold.solver.core.impl.solver.DefaultSolver -- Solving ended: time spent (251), best score ([0/0/0/0/0]hard/[-0.02640168819575719386683469859273262/-17283]soft), move evaluation speed (7625/sec), phase total (1), environment mode (NON_INTRUSIVE_FULL_ASSERT), move thread count (NONE).
16:53:54.373 [main] INFO ai.timefold.solver.core.impl.solver.DefaultSolver -- Solving started: time spent (0), best score ([0/0/0/0/0]hard/[0/-17241]soft), environment mode (NON_INTRUSIVE_FULL_ASSERT), move thread count (NONE), random (seed 29).
16:53:54.373 [main] INFO ai.timefold.solver.core.impl.solver.DefaultSolver -- Problem scale: genuine entity count (3), genuine variable count (3), approximate value count (6), approximate problem scale (60,480).
16:53:54.623 [main] INFO ai.timefold.solver.core.impl.localsearch.DefaultLocalSearchPhase -- Local Search phase (0) ended: time spent (250), best score ([0/0/0/0/0]hard/[0/-16541]soft), move evaluation speed (8264/sec), step total (21).
16:53:54.623 [main] INFO ai.timefold.solver.core.impl.solver.DefaultSolver -- Solving ended: time spent (250), best score ([0/0/0/0/0]hard/[0/-16541]soft), move evaluation speed (8264/sec), phase total (1), environment mode (NON_INTRUSIVE_FULL_ASSERT), move thread count (NONE).
16:53:54.640 [main] INFO ai.timefold.solver.core.impl.solver.DefaultSolver -- Solving started: time spent (0), best score ([0/0/-4/0/0]hard/[0/-3000]soft), environment mode (NON_INTRUSIVE_FULL_ASSERT), move thread count (NONE), random (seed 29).
16:53:54.640 [main] INFO ai.timefold.solver.core.impl.solver.DefaultSolver -- Problem scale: genuine entity count (3), genuine variable count (3), approximate value count (6), approximate problem scale (60,480).
16:53:54.646 [main] INFO ai.timefold.solver.core.impl.constructionheuristic.DefaultConstructionHeuristicPhase -- Construction Heuristic phase (0) ended: time spent (6), best score ([0/0/0/0/0]hard/[0/-9000]soft), move evaluation speed (4333/sec), step total (4).
16:53:54.890 [main] INFO ai.timefold.solver.core.impl.localsearch.DefaultLocalSearchPhase -- Local Search phase (1) ended: time spent (250), best score ([0/0/0/0/0]hard/[0/-9000]soft), move evaluation speed (7741/sec), step total (19).
16:53:54.890 [main] INFO ai.timefold.solver.core.impl.solver.DefaultSolver -- Solving ended: time spent (250), best score ([0/0/0/0/0]hard/[0/-9000]soft), move evaluation speed (7660/sec), phase total (2), environment mode (NON_INTRUSIVE_FULL_ASSERT), move thread count (NONE).
16:53:54.892 [main] INFO ai.timefold.solver.core.impl.solver.DefaultSolver -- Solving started: time spent (0), best score ([0/-21120/0/0/0]hard/[0/-17891]soft), environment mode (NON_INTRUSIVE_FULL_ASSERT), move thread count (NONE), random (seed 29).
16:53:54.892 [main] INFO ai.timefold.solver.core.impl.solver.DefaultSolver -- Problem scale: genuine entity count (3), genuine variable count (3), approximate value count (6), approximate problem scale (60,480).
16:53:55.142 [main] INFO ai.timefold.solver.core.impl.localsearch.DefaultLocalSearchPhase -- Local Search phase (0) ended: time spent (250), best score ([0/0/0/0/0]hard/[0/-17083]soft), move evaluation speed (7404/sec), step total (19).
16:53:55.142 [main] INFO ai.timefold.solver.core.impl.solver.DefaultSolver -- Solving ended: time spent (250), best score ([0/0/0/0/0]hard/[0/-17083]soft), move evaluation speed (7404/sec), phase total (1), environment mode (NON_INTRUSIVE_FULL_ASSERT), move thread count (NONE).
16:53:55.145 [main] INFO ai.timefold.solver.core.impl.solver.DefaultSolver -- Solving started: time spent (1), best score ([0/0/0/0/0]hard/[-0.1131468572778827977315689981096409/-17241]soft), environment mode (NON_INTRUSIVE_FULL_ASSERT), move thread count (NONE), random (seed 29).
16:53:55.146 [main] INFO ai.timefold.solver.core.impl.solver.DefaultSolver -- Problem scale: genuine entity count (3), genuine variable count (3), approximate value count (6), approximate problem scale (60,480).
16:53:55.394 [main] INFO ai.timefold.solver.core.impl.localsearch.DefaultLocalSearchPhase -- Local Search phase (0) ended: time spent (250), best score ([0/0/0/0/0]hard/[-0.02640168819575719386683469859273262/-17283]soft), move evaluation speed (7383/sec), step total (19).
16:53:55.394 [main] INFO ai.timefold.solver.core.impl.solver.DefaultSolver -- Solving ended: time spent (250), best score ([0/0/0/0/0]hard/[-0.02640168819575719386683469859273262/-17283]soft), move evaluation speed (7324/sec), phase total (1), environment mode (NON_INTRUSIVE_FULL_ASSERT), move thread count (NONE).
16:53:55.414 [main] INFO ai.timefold.solver.core.impl.solver.DefaultSolver -- Solving started: time spent (0), best score ([0/0/0/0/0]hard/[0/-17241]soft), environment mode (NON_INTRUSIVE_FULL_ASSERT), move thread count (NONE), random (seed 29).
16:53:55.415 [main] INFO ai.timefold.solver.core.impl.solver.DefaultSolver -- Problem scale: genuine entity count (3), genuine variable count (3), approximate value count (6), approximate problem scale (60,480).
16:53:55.664 [main] INFO ai.timefold.solver.core.impl.localsearch.DefaultLocalSearchPhase -- Local Search phase (0) ended: time spent (250), best score ([0/0/0/0/0]hard/[0/-16541]soft), move evaluation speed (5967/sec), step total (241).
16:53:55.664 [main] INFO ai.timefold.solver.core.impl.solver.DefaultSolver -- Solving ended: time spent (250), best score ([0/0/0/0/0]hard/[0/-16541]soft), move evaluation speed (5944/sec), phase total (1), environment mode (NON_INTRUSIVE_FULL_ASSERT), move thread count (NONE).
16:53:55.688 [main] INFO ai.timefold.solver.core.impl.solver.DefaultSolver -- Solving started: time spent (1), best score ([0/0/-4/0/0]hard/[0/-3000]soft), environment mode (NON_INTRUSIVE_FULL_ASSERT), move thread count (NONE), random (seed 29).
16:53:55.688 [main] INFO ai.timefold.solver.core.impl.solver.DefaultSolver -- Problem scale: genuine entity count (3), genuine variable count (3), approximate value count (6), approximate problem scale (60,480).
16:53:55.693 [main] INFO ai.timefold.solver.core.impl.constructionheuristic.DefaultConstructionHeuristicPhase -- Construction Heuristic phase (0) ended: time spent (6), best score ([0/0/0/0/0]hard/[0/-9000]soft), move evaluation speed (5200/sec), step total (4).
16:53:55.937 [main] INFO ai.timefold.solver.core.impl.localsearch.DefaultLocalSearchPhase -- Local Search phase (1) ended: time spent (250), best score ([0/0/0/0/0]hard/[0/-9000]soft), move evaluation speed (2893/sec), step total (606).
16:53:55.937 [main] INFO ai.timefold.solver.core.impl.solver.DefaultSolver -- Solving ended: time spent (250), best score ([0/0/0/0/0]hard/[0/-9000]soft), move evaluation speed (2916/sec), phase total (2), environment mode (NON_INTRUSIVE_FULL_ASSERT), move thread count (NONE).
16:53:55.940 [main] INFO ai.timefold.solver.core.impl.solver.DefaultSolver -- Solving started: time spent (1), best score ([0/-21120/0/0/0]hard/[0/-17891]soft), environment mode (NON_INTRUSIVE_FULL_ASSERT), move thread count (NONE), random (seed 29).
16:53:55.940 [main] INFO ai.timefold.solver.core.impl.solver.DefaultSolver -- Problem scale: genuine entity count (3), genuine variable count (3), approximate value count (6), approximate problem scale (60,480).
16:53:56.189 [main] INFO ai.timefold.solver.core.impl.localsearch.DefaultLocalSearchPhase -- Local Search phase (0) ended: time spent (250), best score ([0/0/0/0/0]hard/[0/-16591]soft), move evaluation speed (5096/sec), step total (225).
16:53:56.190 [main] INFO ai.timefold.solver.core.impl.solver.DefaultSolver -- Solving ended: time spent (250), best score ([0/0/0/0/0]hard/[0/-16591]soft), move evaluation speed (5076/sec), phase total (1), environment mode (NON_INTRUSIVE_FULL_ASSERT), move thread count (NONE).
16:53:56.192 [main] INFO ai.timefold.solver.core.impl.solver.DefaultSolver -- Solving started: time spent (0), best score ([0/0/0/0/0]hard/[-0.1131468572778827977315689981096409/-17241]soft), environment mode (NON_INTRUSIVE_FULL_ASSERT), move thread count (NONE), random (seed 29).
16:53:56.193 [main] INFO ai.timefold.solver.core.impl.solver.DefaultSolver -- Problem scale: genuine entity count (3), genuine variable count (3), approximate value count (6), approximate problem scale (60,480).
16:53:56.442 [main] INFO ai.timefold.solver.core.impl.localsearch.DefaultLocalSearchPhase -- Local Search phase (0) ended: time spent (250), best score ([0/0/0/0/0]hard/[-0.03664432179614126684069973294926036/-17033]soft), move evaluation speed (5538/sec), step total (213).
16:53:56.442 [main] INFO ai.timefold.solver.core.impl.solver.DefaultSolver -- Solving ended: time spent (250), best score ([0/0/0/0/0]hard/[-0.03664432179614126684069973294926036/-17033]soft), move evaluation speed (5516/sec), phase total (1), environment mode (NON_INTRUSIVE_FULL_ASSERT), move thread count (NONE).
16:53:56.462 [main] INFO ai.timefold.solver.core.impl.solver.DefaultSolver -- Solving started: time spent (0), best score ([0/0/0/0/0]hard/[0/-17241]soft), environment mode (NON_INTRUSIVE_FULL_ASSERT), move thread count (NONE), random (seed 29).
16:53:56.462 [main] INFO ai.timefold.solver.core.impl.solver.DefaultSolver -- Problem scale: genuine entity count (3), genuine variable count (3), approximate value count (6), approximate problem scale (60,480).
16:53:56.712 [main] INFO ai.timefold.solver.core.impl.localsearch.DefaultLocalSearchPhase -- Local Search phase (0) ended: time spent (250), best score ([0/0/0/0/0]hard/[0/-16541]soft), move evaluation speed (6092/sec), step total (257).
16:53:56.712 [main] INFO ai.timefold.solver.core.impl.solver.DefaultSolver -- Solving ended: time spent (250), best score ([0/0/0/0/0]hard/[0/-16541]soft), move evaluation speed (6068/sec), phase total (1), environment mode (NON_INTRUSIVE_FULL_ASSERT), move thread count (NONE).
16:53:56.732 [main] INFO ai.timefold.solver.core.impl.solver.DefaultSolver -- Solving started: time spent (1), best score ([0/0/-4/0/0]hard/[0/-3000]soft), environment mode (NON_INTRUSIVE_FULL_ASSERT), move thread count (NONE), random (seed 29).
16:53:56.732 [main] INFO ai.timefold.solver.core.impl.solver.DefaultSolver -- Problem scale: genuine entity count (3), genuine variable count (3), approximate value count (6), approximate problem scale (60,480).
16:53:56.738 [main] INFO ai.timefold.solver.core.impl.constructionheuristic.DefaultConstructionHeuristicPhase -- Construction Heuristic phase (0) ended: time spent (7), best score ([0/0/0/0/0]hard/[0/-9000]soft), move evaluation speed (4333/sec), step total (4).
16:53:56.981 [main] INFO ai.timefold.solver.core.impl.localsearch.DefaultLocalSearchPhase -- Local Search phase (1) ended: time spent (250), best score ([0/0/0/0/0]hard/[0/-9000]soft), move evaluation speed (2230/sec), step total (505).
16:53:56.982 [main] INFO ai.timefold.solver.core.impl.solver.DefaultSolver -- Solving ended: time spent (251), best score ([0/0/0/0/0]hard/[0/-9000]soft), move evaluation speed (2262/sec), phase total (2), environment mode (NON_INTRUSIVE_FULL_ASSERT), move thread count (NONE).
16:53:56.984 [main] INFO ai.timefold.solver.core.impl.solver.DefaultSolver -- Solving started: time spent (1), best score ([0/-21120/0/0/0]hard/[0/-17891]soft), environment mode (NON_INTRUSIVE_FULL_ASSERT), move thread count (NONE), random (seed 29).
16:53:56.984 [main] INFO ai.timefold.solver.core.impl.solver.DefaultSolver -- Problem scale: genuine entity count (3), genuine variable count (3), approximate value count (6), approximate problem scale (60,480).
16:53:57.233 [main] INFO ai.timefold.solver.core.impl.localsearch.DefaultLocalSearchPhase -- Local Search phase (0) ended: time spent (250), best score ([0/0/0/0/0]hard/[0/-17083]soft), move evaluation speed (5285/sec), step total (312).
16:53:57.233 [main] INFO ai.timefold.solver.core.impl.solver.DefaultSolver -- Solving ended: time spent (250), best score ([0/0/0/0/0]hard/[0/-17083]soft), move evaluation speed (5264/sec), phase total (1), environment mode (NON_INTRUSIVE_FULL_ASSERT), move thread count (NONE).
16:53:57.236 [main] INFO ai.timefold.solver.core.impl.solver.DefaultSolver -- Solving started: time spent (0), best score ([0/0/0/0/0]hard/[-0.1131468572778827977315689981096409/-17241]soft), environment mode (NON_INTRUSIVE_FULL_ASSERT), move thread count (NONE), random (seed 29).
16:53:57.236 [main] INFO ai.timefold.solver.core.impl.solver.DefaultSolver -- Problem scale: genuine entity count (3), genuine variable count (3), approximate value count (6), approximate problem scale (60,480).
16:53:57.487 [main] INFO ai.timefold.solver.core.impl.localsearch.DefaultLocalSearchPhase -- Local Search phase (0) ended: time spent (251), best score ([0/0/0/0/0]hard/[-0.03217804820415879017013232514177693/-17183]soft), move evaluation speed (6290/sec), step total (133).
16:53:57.487 [main] INFO ai.timefold.solver.core.impl.solver.DefaultSolver -- Solving ended: time spent (251), best score ([0/0/0/0/0]hard/[-0.03217804820415879017013232514177693/-17183]soft), move evaluation speed (6290/sec), phase total (1), environment mode (NON_INTRUSIVE_FULL_ASSERT), move thread count (NONE).
16:53:57.510 [main] INFO ai.timefold.solver.core.impl.solver.DefaultSolver -- Solving started: time spent (0), best score ([0/0/0/0/0]hard/[0/-17241]soft), environment mode (NON_INTRUSIVE_FULL_ASSERT), move thread count (NONE), random (seed 29).
16:53:57.510 [main] INFO ai.timefold.solver.core.impl.solver.DefaultSolver -- Problem scale: genuine entity count (3), genuine variable count (3), approximate value count (6), approximate problem scale (60,480).
16:53:57.760 [main] INFO ai.timefold.solver.core.impl.localsearch.DefaultLocalSearchPhase -- Local Search phase (0) ended: time spent (250), best score ([0/0/0/0/0]hard/[0/-16541]soft), move evaluation speed (8016/sec), step total (2).
16:53:57.761 [main] INFO ai.timefold.solver.core.impl.solver.DefaultSolver -- Solving ended: time spent (251), best score ([0/0/0/0/0]hard/[0/-16541]soft), move evaluation speed (7984/sec), phase total (1), environment mode (NON_INTRUSIVE_FULL_ASSERT), move thread count (NONE).
16:53:57.782 [main] INFO ai.timefold.solver.core.impl.solver.DefaultSolver -- Solving started: time spent (0), best score ([0/0/-4/0/0]hard/[0/-3000]soft), environment mode (NON_INTRUSIVE_FULL_ASSERT), move thread count (NONE), random (seed 29).
16:53:57.783 [main] INFO ai.timefold.solver.core.impl.solver.DefaultSolver -- Problem scale: genuine entity count (3), genuine variable count (3), approximate value count (6), approximate problem scale (60,480).
16:53:57.787 [main] INFO ai.timefold.solver.core.impl.constructionheuristic.DefaultConstructionHeuristicPhase -- Construction Heuristic phase (0) ended: time spent (5), best score ([0/0/0/0/0]hard/[0/-9000]soft), move evaluation speed (6500/sec), step total (4).
16:53:58.032 [main] INFO ai.timefold.solver.core.impl.localsearch.DefaultLocalSearchPhase -- Local Search phase (1) ended: time spent (250), best score ([0/0/0/0/0]hard/[0/-9000]soft), move evaluation speed (8639/sec), step total (2).
16:53:58.032 [main] INFO ai.timefold.solver.core.impl.solver.DefaultSolver -- Solving ended: time spent (250), best score ([0/0/0/0/0]hard/[0/-9000]soft), move evaluation speed (8536/sec), phase total (2), environment mode (NON_INTRUSIVE_FULL_ASSERT), move thread count (NONE).
16:53:58.034 [main] INFO ai.timefold.solver.core.impl.solver.DefaultSolver -- Solving started: time spent (1), best score ([0/-21120/0/0/0]hard/[0/-17891]soft), environment mode (NON_INTRUSIVE_FULL_ASSERT), move thread count (NONE), random (seed 29).
16:53:58.034 [main] INFO ai.timefold.solver.core.impl.solver.DefaultSolver -- Problem scale: genuine entity count (3), genuine variable count (3), approximate value count (6), approximate problem scale (60,480).
16:53:58.283 [main] INFO ai.timefold.solver.core.impl.localsearch.DefaultLocalSearchPhase -- Local Search phase (0) ended: time spent (250), best score ([0/-13980/0/0/0]hard/[0/-17733]soft), move evaluation speed (8212/sec), step total (2).
16:53:58.283 [main] INFO ai.timefold.solver.core.impl.solver.DefaultSolver -- Solving ended: time spent (250), best score ([0/-13980/0/0/0]hard/[0/-17733]soft), move evaluation speed (8180/sec), phase total (1), environment mode (NON_INTRUSIVE_FULL_ASSERT), move thread count (NONE).
16:53:58.285 [main] INFO ai.timefold.solver.core.impl.solver.DefaultSolver -- Solving started: time spent (0), best score ([0/0/0/0/0]hard/[-0.1131468572778827977315689981096409/-17241]soft), environment mode (NON_INTRUSIVE_FULL_ASSERT), move thread count (NONE), random (seed 29).
16:53:58.286 [main] INFO ai.timefold.solver.core.impl.solver.DefaultSolver -- Problem scale: genuine entity count (3), genuine variable count (3), approximate value count (6), approximate problem scale (60,480).
16:53:58.535 [main] INFO ai.timefold.solver.core.impl.localsearch.DefaultLocalSearchPhase -- Local Search phase (0) ended: time spent (250), best score ([0/0/0/0/0]hard/[-0.1039943683049779458097038437303088/-16541]soft), move evaluation speed (7835/sec), step total (2).
16:53:58.535 [main] INFO ai.timefold.solver.core.impl.solver.DefaultSolver -- Solving ended: time spent (250), best score ([0/0/0/0/0]hard/[-0.1039943683049779458097038437303088/-16541]soft), move evaluation speed (7804/sec), phase total (1), environment mode (NON_INTRUSIVE_FULL_ASSERT), move thread count (NONE).
16:53:58.554 [main] INFO ai.timefold.solver.core.impl.solver.DefaultSolver -- Solving started: time spent (1), best score ([0/0/0/0/0]hard/[0/-17241]soft), environment mode (NON_INTRUSIVE_FULL_ASSERT), move thread count (NONE), random (seed 29).
16:53:58.554 [main] INFO ai.timefold.solver.core.impl.solver.DefaultSolver -- Problem scale: genuine entity count (3), genuine variable count (3), approximate value count (6), approximate problem scale (60,480).
16:53:58.803 [main] INFO ai.timefold.solver.core.impl.localsearch.DefaultLocalSearchPhase -- Local Search phase (0) ended: time spent (250), best score ([0/0/0/0/0]hard/[0/-16541]soft), move evaluation speed (6401/sec), step total (193).
16:53:58.803 [main] INFO ai.timefold.solver.core.impl.solver.DefaultSolver -- Solving ended: time spent (250), best score ([0/0/0/0/0]hard/[0/-16541]soft), move evaluation speed (6376/sec), phase total (1), environment mode (NON_INTRUSIVE_FULL_ASSERT), move thread count (NONE).
16:53:58.822 [main] INFO ai.timefold.solver.core.impl.solver.DefaultSolver -- Solving started: time spent (0), best score ([0/0/-4/0/0]hard/[0/-3000]soft), environment mode (NON_INTRUSIVE_FULL_ASSERT), move thread count (NONE), random (seed 29).
16:53:58.822 [main] INFO ai.timefold.solver.core.impl.solver.DefaultSolver -- Problem scale: genuine entity count (3), genuine variable count (3), approximate value count (6), approximate problem scale (60,480).
16:53:58.828 [main] INFO ai.timefold.solver.core.impl.constructionheuristic.DefaultConstructionHeuristicPhase -- Construction Heuristic phase (0) ended: time spent (6), best score ([0/0/0/0/0]hard/[0/-9000]soft), move evaluation speed (4333/sec), step total (4).
16:53:59.072 [main] INFO ai.timefold.solver.core.impl.localsearch.DefaultLocalSearchPhase -- Local Search phase (1) ended: time spent (250), best score ([0/0/0/0/0]hard/[0/-9000]soft), move evaluation speed (2799/sec), step total (635).
16:53:59.072 [main] INFO ai.timefold.solver.core.impl.solver.DefaultSolver -- Solving ended: time spent (250), best score ([0/0/0/0/0]hard/[0/-9000]soft), move evaluation speed (2836/sec), phase total (2), environment mode (NON_INTRUSIVE_FULL_ASSERT), move thread count (NONE).
16:53:59.075 [main] INFO ai.timefold.solver.core.impl.solver.DefaultSolver -- Solving started: time spent (1), best score ([0/-21120/0/0/0]hard/[0/-17891]soft), environment mode (NON_INTRUSIVE_FULL_ASSERT), move thread count (NONE), random (seed 29).
16:53:59.075 [main] INFO ai.timefold.solver.core.impl.solver.DefaultSolver -- Problem scale: genuine entity count (3), genuine variable count (3), approximate value count (6), approximate problem scale (60,480).
16:53:59.324 [main] INFO ai.timefold.solver.core.impl.localsearch.DefaultLocalSearchPhase -- Local Search phase (0) ended: time spent (250), best score ([0/0/0/0/0]hard/[0/-16591]soft), move evaluation speed (5815/sec), step total (306).
16:53:59.324 [main] INFO ai.timefold.solver.core.impl.solver.DefaultSolver -- Solving ended: time spent (250), best score ([0/0/0/0/0]hard/[0/-16591]soft), move evaluation speed (5792/sec), phase total (1), environment mode (NON_INTRUSIVE_FULL_ASSERT), move thread count (NONE).
16:53:59.326 [main] INFO ai.timefold.solver.core.impl.solver.DefaultSolver -- Solving started: time spent (0), best score ([0/0/0/0/0]hard/[-0.1131468572778827977315689981096409/-17241]soft), environment mode (NON_INTRUSIVE_FULL_ASSERT), move thread count (NONE), random (seed 29).
16:53:59.327 [main] INFO ai.timefold.solver.core.impl.solver.DefaultSolver -- Problem scale: genuine entity count (3), genuine variable count (3), approximate value count (6), approximate problem scale (60,480).
16:53:59.576 [main] INFO ai.timefold.solver.core.impl.localsearch.DefaultLocalSearchPhase -- Local Search phase (0) ended: time spent (250), best score ([0/0/0/0/0]hard/[-0.03664432179614126684069973294926036/-17033]soft), move evaluation speed (5578/sec), step total (237).
16:53:59.576 [main] INFO ai.timefold.solver.core.impl.solver.DefaultSolver -- Solving ended: time spent (250), best score ([0/0/0/0/0]hard/[-0.03664432179614126684069973294926036/-17033]soft), move evaluation speed (5556/sec), phase total (1), environment mode (NON_INTRUSIVE_FULL_ASSERT), move thread count (NONE).
16:53:59.595 [main] INFO ai.timefold.solver.core.impl.solver.DefaultSolver -- Solving started: time spent (0), best score ([0/0/0/0/0]hard/[0/-17241]soft), environment mode (NON_INTRUSIVE_FULL_ASSERT), move thread count (NONE), random (seed 29).
16:53:59.595 [main] INFO ai.timefold.solver.core.impl.solver.DefaultSolver -- Problem scale: genuine entity count (3), genuine variable count (3), approximate value count (6), approximate problem scale (60,480).
16:53:59.845 [main] INFO ai.timefold.solver.core.impl.localsearch.DefaultLocalSearchPhase -- Local Search phase (0) ended: time spent (250), best score ([0/0/0/0/0]hard/[0/-16541]soft), move evaluation speed (6252/sec), step total (199).
16:53:59.846 [main] INFO ai.timefold.solver.core.impl.solver.DefaultSolver -- Solving ended: time spent (251), best score ([0/0/0/0/0]hard/[0/-16541]soft), move evaluation speed (6227/sec), phase total (1), environment mode (NON_INTRUSIVE_FULL_ASSERT), move thread count (NONE).
16:53:59.868 [main] INFO ai.timefold.solver.core.impl.solver.DefaultSolver -- Solving started: time spent (0), best score ([0/0/-4/0/0]hard/[0/-3000]soft), environment mode (NON_INTRUSIVE_FULL_ASSERT), move thread count (NONE), random (seed 29).
16:53:59.869 [main] INFO ai.timefold.solver.core.impl.solver.DefaultSolver -- Problem scale: genuine entity count (3), genuine variable count (3), approximate value count (6), approximate problem scale (60,480).
16:53:59.875 [main] INFO ai.timefold.solver.core.impl.constructionheuristic.DefaultConstructionHeuristicPhase -- Construction Heuristic phase (0) ended: time spent (7), best score ([0/0/0/0/0]hard/[0/-9000]soft), move evaluation speed (4333/sec), step total (4).
16:54:00.118 [main] INFO ai.timefold.solver.core.impl.localsearch.DefaultLocalSearchPhase -- Local Search phase (1) ended: time spent (250), best score ([0/0/0/0/0]hard/[0/-9000]soft), move evaluation speed (2781/sec), step total (633).
16:54:00.118 [main] INFO ai.timefold.solver.core.impl.solver.DefaultSolver -- Solving ended: time spent (250), best score ([0/0/0/0/0]hard/[0/-9000]soft), move evaluation speed (2808/sec), phase total (2), environment mode (NON_INTRUSIVE_FULL_ASSERT), move thread count (NONE).
16:54:00.120 [main] INFO ai.timefold.solver.core.impl.solver.DefaultSolver -- Solving started: time spent (0), best score ([0/-21120/0/0/0]hard/[0/-17891]soft), environment mode (NON_INTRUSIVE_FULL_ASSERT), move thread count (NONE), random (seed 29).
16:54:00.121 [main] INFO ai.timefold.solver.core.impl.solver.DefaultSolver -- Problem scale: genuine entity count (3), genuine variable count (3), approximate value count (6), approximate problem scale (60,480).
16:54:00.370 [main] INFO ai.timefold.solver.core.impl.localsearch.DefaultLocalSearchPhase -- Local Search phase (0) ended: time spent (250), best score ([0/0/0/0/0]hard/[0/-16591]soft), move evaluation speed (5156/sec), step total (307).
16:54:00.370 [main] INFO ai.timefold.solver.core.impl.solver.DefaultSolver -- Solving ended: time spent (250), best score ([0/0/0/0/0]hard/[0/-16591]soft), move evaluation speed (5136/sec), phase total (1), environment mode (NON_INTRUSIVE_FULL_ASSERT), move thread count (NONE).
16:54:00.373 [main] INFO ai.timefold.solver.core.impl.solver.DefaultSolver -- Solving started: time spent (1), best score ([0/0/0/0/0]hard/[-0.1131468572778827977315689981096409/-17241]soft), environment mode (NON_INTRUSIVE_FULL_ASSERT), move thread count (NONE), random (seed 29).
16:54:00.373 [main] INFO ai.timefold.solver.core.impl.solver.DefaultSolver -- Problem scale: genuine entity count (3), genuine variable count (3), approximate value count (6), approximate problem scale (60,480).
16:54:00.622 [main] INFO ai.timefold.solver.core.impl.localsearch.DefaultLocalSearchPhase -- Local Search phase (0) ended: time spent (250), best score ([0/0/0/0/0]hard/[-0.02640168819575719386683469859273262/-17283]soft), move evaluation speed (6285/sec), step total (133).
16:54:00.622 [main] INFO ai.timefold.solver.core.impl.solver.DefaultSolver -- Solving ended: time spent (250), best score ([0/0/0/0/0]hard/[-0.02640168819575719386683469859273262/-17283]soft), move evaluation speed (6260/sec), phase total (1), environment mode (NON_INTRUSIVE_FULL_ASSERT), move thread count (NONE).
16:54:00.640 [main] INFO ai.timefold.solver.core.impl.solver.DefaultSolver -- Solving started: time spent (0), best score ([0/0/0/0/0]hard/[0/-17241]soft), environment mode (NON_INTRUSIVE_FULL_ASSERT), move thread count (NONE), random (seed 29).
16:54:00.640 [main] INFO ai.timefold.solver.core.impl.solver.DefaultSolver -- Problem scale: genuine entity count (3), genuine variable count (3), approximate value count (6), approximate problem scale (60,480).
16:54:00.890 [main] INFO ai.timefold.solver.core.impl.localsearch.DefaultLocalSearchPhase -- Local Search phase (0) ended: time spent (250), best score ([0/0/0/0/0]hard/[0/-16541]soft), move evaluation speed (6004/sec), step total (259).
16:54:00.890 [main] INFO ai.timefold.solver.core.impl.solver.DefaultSolver -- Solving ended: time spent (250), best score ([0/0/0/0/0]hard/[0/-16541]soft), move evaluation speed (6004/sec), phase total (1), environment mode (NON_INTRUSIVE_FULL_ASSERT), move thread count (NONE).
16:54:00.907 [main] INFO ai.timefold.solver.core.impl.solver.DefaultSolver -- Solving started: time spent (1), best score ([0/-21120/0/0/0]hard/[0/-17891]soft), environment mode (NON_INTRUSIVE_FULL_ASSERT), move thread count (NONE), random (seed 29).
16:54:00.908 [main] INFO ai.timefold.solver.core.impl.solver.DefaultSolver -- Problem scale: genuine entity count (3), genuine variable count (3), approximate value count (6), approximate problem scale (60,480).
16:54:01.156 [main] INFO ai.timefold.solver.core.impl.localsearch.DefaultLocalSearchPhase -- Local Search phase (0) ended: time spent (250), best score ([0/0/0/0/0]hard/[0/-16591]soft), move evaluation speed (5052/sec), step total (210).
16:54:01.156 [main] INFO ai.timefold.solver.core.impl.solver.DefaultSolver -- Solving ended: time spent (250), best score ([0/0/0/0/0]hard/[0/-16591]soft), move evaluation speed (5012/sec), phase total (1), environment mode (NON_INTRUSIVE_FULL_ASSERT), move thread count (NONE).
16:54:01.159 [main] INFO ai.timefold.solver.core.impl.solver.DefaultSolver -- Solving started: time spent (0), best score ([0/0/0/0/0]hard/[-0.1131468572778827977315689981096409/-17241]soft), environment mode (NON_INTRUSIVE_FULL_ASSERT), move thread count (NONE), random (seed 29).
16:54:01.159 [main] INFO ai.timefold.solver.core.impl.solver.DefaultSolver -- Problem scale: genuine entity count (3), genuine variable count (3), approximate value count (6), approximate problem scale (60,480).
16:54:01.409 [main] INFO ai.timefold.solver.core.impl.localsearch.DefaultLocalSearchPhase -- Local Search phase (0) ended: time spent (250), best score ([0/0/0/0/0]hard/[-0.02640168819575719386683469859273262/-17283]soft), move evaluation speed (5820/sec), step total (180).
16:54:01.409 [main] INFO ai.timefold.solver.core.impl.solver.DefaultSolver -- Solving ended: time spent (250), best score ([0/0/0/0/0]hard/[-0.02640168819575719386683469859273262/-17283]soft), move evaluation speed (5820/sec), phase total (1), environment mode (NON_INTRUSIVE_FULL_ASSERT), move thread count (NONE).
16:54:01.427 [main] INFO ai.timefold.solver.core.impl.solver.DefaultSolver -- Solving started: time spent (0), best score ([0/0/0/0/0]hard/[0/-17241]soft), environment mode (NON_INTRUSIVE_FULL_ASSERT), move thread count (NONE), random (seed 41).
16:54:01.427 [main] INFO ai.timefold.solver.core.impl.solver.DefaultSolver -- Problem scale: genuine entity count (3), genuine variable count (3), approximate value count (6), approximate problem scale (60,480).
16:54:01.677 [main] INFO ai.timefold.solver.core.impl.localsearch.DefaultLocalSearchPhase -- Local Search phase (0) ended: time spent (250), best score ([0/0/0/0/0]hard/[0/-16541]soft), move evaluation speed (8080/sec), step total (21).
16:54:01.678 [main] INFO ai.timefold.solver.core.impl.solver.DefaultSolver -- Solving ended: time spent (251), best score ([0/0/0/0/0]hard/[0/-16541]soft), move evaluation speed (8047/sec), phase total (1), environment mode (NON_INTRUSIVE_FULL_ASSERT), move thread count (NONE).
16:54:01.694 [main] INFO ai.timefold.solver.core.impl.solver.DefaultSolver -- Solving started: time spent (1), best score ([0/0/-4/0/0]hard/[0/-3000]soft), environment mode (NON_INTRUSIVE_FULL_ASSERT), move thread count (NONE), random (seed 41).
16:54:01.694 [main] INFO ai.timefold.solver.core.impl.solver.DefaultSolver -- Problem scale: genuine entity count (3), genuine variable count (3), approximate value count (6), approximate problem scale (60,480).
16:54:01.700 [main] INFO ai.timefold.solver.core.impl.constructionheuristic.DefaultConstructionHeuristicPhase -- Construction Heuristic phase (0) ended: time spent (7), best score ([0/0/0/0/0]hard/[0/-9000]soft), move evaluation speed (4333/sec), step total (4).
16:54:01.943 [main] INFO ai.timefold.solver.core.impl.localsearch.DefaultLocalSearchPhase -- Local Search phase (1) ended: time spent (250), best score ([0/0/0/0/0]hard/[0/-9000]soft), move evaluation speed (8572/sec), step total (21).
16:54:01.943 [main] INFO ai.timefold.solver.core.impl.solver.DefaultSolver -- Solving ended: time spent (250), best score ([0/0/0/0/0]hard/[0/-9000]soft), move evaluation speed (8436/sec), phase total (2), environment mode (NON_INTRUSIVE_FULL_ASSERT), move thread count (NONE).
16:54:01.945 [main] INFO ai.timefold.solver.core.impl.solver.DefaultSolver -- Solving started: time spent (0), best score ([0/-21120/0/0/0]hard/[0/-17891]soft), environment mode (NON_INTRUSIVE_FULL_ASSERT), move thread count (NONE), random (seed 41).
16:54:01.945 [main] INFO ai.timefold.solver.core.impl.solver.DefaultSolver -- Problem scale: genuine entity count (3), genuine variable count (3), approximate value count (6), approximate problem scale (60,480).
16:54:02.195 [main] INFO ai.timefold.solver.core.impl.localsearch.DefaultLocalSearchPhase -- Local Search phase (0) ended: time spent (250), best score ([0/0/0/0/0]hard/[0/-17083]soft), move evaluation speed (7772/sec), step total (20).
16:54:02.195 [main] INFO ai.timefold.solver.core.impl.solver.DefaultSolver -- Solving ended: time spent (250), best score ([0/0/0/0/0]hard/[0/-17083]soft), move evaluation speed (7772/sec), phase total (1), environment mode (NON_INTRUSIVE_FULL_ASSERT), move thread count (NONE).
16:54:02.197 [main] INFO ai.timefold.solver.core.impl.solver.DefaultSolver -- Solving started: time spent (0), best score ([0/0/0/0/0]hard/[-0.1131468572778827977315689981096409/-17241]soft), environment mode (NON_INTRUSIVE_FULL_ASSERT), move thread count (NONE), random (seed 41).
16:54:02.197 [main] INFO ai.timefold.solver.core.impl.solver.DefaultSolver -- Problem scale: genuine entity count (3), genuine variable count (3), approximate value count (6), approximate problem scale (60,480).
16:54:02.447 [main] INFO ai.timefold.solver.core.impl.localsearch.DefaultLocalSearchPhase -- Local Search phase (0) ended: time spent (250), best score ([0/0/0/0/0]hard/[-0.03664432179614126684069973294926036/-17033]soft), move evaluation speed (7634/sec), step total (20).
16:54:02.447 [main] INFO ai.timefold.solver.core.impl.solver.DefaultSolver -- Solving ended: time spent (250), best score ([0/0/0/0/0]hard/[-0.03664432179614126684069973294926036/-17033]soft), move evaluation speed (7604/sec), phase total (1), environment mode (NON_INTRUSIVE_FULL_ASSERT), move thread count (NONE).
16:54:02.462 [main] INFO ai.timefold.solver.core.impl.solver.DefaultSolver -- Solving started: time spent (0), best score ([0/0/0/0/0]hard/[0/-17241]soft), environment mode (NON_INTRUSIVE_FULL_ASSERT), move thread count (NONE), random (seed 41).
16:54:02.463 [main] INFO ai.timefold.solver.core.impl.solver.DefaultSolver -- Problem scale: genuine entity count (3), genuine variable count (3), approximate value count (6), approximate problem scale (60,480).
16:54:02.712 [main] INFO ai.timefold.solver.core.impl.localsearch.DefaultLocalSearchPhase -- Local Search phase (0) ended: time spent (250), best score ([0/0/0/0/0]hard/[0/-16541]soft), move evaluation speed (7931/sec), step total (20).
16:54:02.712 [main] INFO ai.timefold.solver.core.impl.solver.DefaultSolver -- Solving ended: time spent (250), best score ([0/0/0/0/0]hard/[0/-16541]soft), move evaluation speed (7900/sec), phase total (1), environment mode (NON_INTRUSIVE_FULL_ASSERT), move thread count (NONE).
16:54:02.726 [main] INFO ai.timefold.solver.core.impl.solver.DefaultSolver -- Solving started: time spent (0), best score ([0/0/-4/0/0]hard/[0/-3000]soft), environment mode (NON_INTRUSIVE_FULL_ASSERT), move thread count (NONE), random (seed 41).
16:54:02.726 [main] INFO ai.timefold.solver.core.impl.solver.DefaultSolver -- Problem scale: genuine entity count (3), genuine variable count (3), approximate value count (6), approximate problem scale (60,480).
16:54:02.732 [main] INFO ai.timefold.solver.core.impl.constructionheuristic.DefaultConstructionHeuristicPhase -- Construction Heuristic phase (0) ended: time spent (6), best score ([0/0/0/0/0]hard/[0/-9000]soft), move evaluation speed (4333/sec), step total (4).
16:54:02.976 [main] INFO ai.timefold.solver.core.impl.localsearch.DefaultLocalSearchPhase -- Local Search phase (1) ended: time spent (250), best score ([0/0/0/0/0]hard/[0/-9000]soft), move evaluation speed (8495/sec), step total (21).
16:54:02.976 [main] INFO ai.timefold.solver.core.impl.solver.DefaultSolver -- Solving ended: time spent (250), best score ([0/0/0/0/0]hard/[0/-9000]soft), move evaluation speed (8396/sec), phase total (2), environment mode (NON_INTRUSIVE_FULL_ASSERT), move thread count (NONE).
16:54:02.978 [main] INFO ai.timefold.solver.core.impl.solver.DefaultSolver -- Solving started: time spent (0), best score ([0/-21120/0/0/0]hard/[0/-17891]soft), environment mode (NON_INTRUSIVE_FULL_ASSERT), move thread count (NONE), random (seed 41).
16:54:02.978 [main] INFO ai.timefold.solver.core.impl.solver.DefaultSolver -- Problem scale: genuine entity count (3), genuine variable count (3), approximate value count (6), approximate problem scale (60,480).
16:54:03.228 [main] INFO ai.timefold.solver.core.impl.localsearch.DefaultLocalSearchPhase -- Local Search phase (0) ended: time spent (250), best score ([0/0/0/0/0]hard/[0/-17083]soft), move evaluation speed (8136/sec), step total (21).
16:54:03.228 [main] INFO ai.timefold.solver.core.impl.solver.DefaultSolver -- Solving ended: time spent (250), best score ([0/0/0/0/0]hard/[0/-17083]soft), move evaluation speed (8136/sec), phase total (1), environment mode (NON_INTRUSIVE_FULL_ASSERT), move thread count (NONE).
16:54:03.230 [main] INFO ai.timefold.solver.core.impl.solver.DefaultSolver -- Solving started: time spent (0), best score ([0/0/0/0/0]hard/[-0.1131468572778827977315689981096409/-17241]soft), environment mode (NON_INTRUSIVE_FULL_ASSERT), move thread count (NONE), random (seed 41).
16:54:03.230 [main] INFO ai.timefold.solver.core.impl.solver.DefaultSolver -- Problem scale: genuine entity count (3), genuine variable count (3), approximate value count (6), approximate problem scale (60,480).
16:54:03.480 [main] INFO ai.timefold.solver.core.impl.localsearch.DefaultLocalSearchPhase -- Local Search phase (0) ended: time spent (250), best score ([0/0/0/0/0]hard/[-0.03664432179614126684069973294926036/-17033]soft), move evaluation speed (7720/sec), step total (20).
16:54:03.480 [main] INFO ai.timefold.solver.core.impl.solver.DefaultSolver -- Solving ended: time spent (250), best score ([0/0/0/0/0]hard/[-0.03664432179614126684069973294926036/-17033]soft), move evaluation speed (7720/sec), phase total (1), environment mode (NON_INTRUSIVE_FULL_ASSERT), move thread count (NONE).
16:54:03.496 [main] INFO ai.timefold.solver.core.impl.solver.DefaultSolver -- Solving started: time spent (1), best score ([0/0/0/0/0]hard/[0/-17241]soft), environment mode (NON_INTRUSIVE_FULL_ASSERT), move thread count (NONE), random (seed 41).
16:54:03.496 [main] INFO ai.timefold.solver.core.impl.solver.DefaultSolver -- Problem scale: genuine entity count (3), genuine variable count (3), approximate value count (6), approximate problem scale (60,480).
16:54:03.745 [main] INFO ai.timefold.solver.core.impl.localsearch.DefaultLocalSearchPhase -- Local Search phase (0) ended: time spent (250), best score ([0/0/0/0/0]hard/[0/-16541]soft), move evaluation speed (6502/sec), step total (269).
16:54:03.745 [main] INFO ai.timefold.solver.core.impl.solver.DefaultSolver -- Solving ended: time spent (250), best score ([0/0/0/0/0]hard/[0/-16541]soft), move evaluation speed (6476/sec), phase total (1), environment mode (NON_INTRUSIVE_FULL_ASSERT), move thread count (NONE).
16:54:03.760 [main] INFO ai.timefold.solver.core.impl.solver.DefaultSolver -- Solving started: time spent (1), best score ([0/0/-4/0/0]hard/[0/-3000]soft), environment mode (NON_INTRUSIVE_FULL_ASSERT), move thread count (NONE), random (seed 41).
16:54:03.760 [main] INFO ai.timefold.solver.core.impl.solver.DefaultSolver -- Problem scale: genuine entity count (3), genuine variable count (3), approximate value count (6), approximate problem scale (60,480).
16:54:03.764 [main] INFO ai.timefold.solver.core.impl.constructionheuristic.DefaultConstructionHeuristicPhase -- Construction Heuristic phase (0) ended: time spent (5), best score ([0/0/0/0/0]hard/[0/-9000]soft), move evaluation speed (6500/sec), step total (4).
16:54:04.009 [main] INFO ai.timefold.solver.core.impl.localsearch.DefaultLocalSearchPhase -- Local Search phase (1) ended: time spent (250), best score ([0/0/0/0/0]hard/[0/-9000]soft), move evaluation speed (3061/sec), step total (664).
16:54:04.009 [main] INFO ai.timefold.solver.core.impl.solver.DefaultSolver -- Solving ended: time spent (250), best score ([0/0/0/0/0]hard/[0/-9000]soft), move evaluation speed (3104/sec), phase total (2), environment mode (NON_INTRUSIVE_FULL_ASSERT), move thread count (NONE).
16:54:04.011 [main] INFO ai.timefold.solver.core.impl.solver.DefaultSolver -- Solving started: time spent (0), best score ([0/-21120/0/0/0]hard/[0/-17891]soft), environment mode (NON_INTRUSIVE_FULL_ASSERT), move thread count (NONE), random (seed 41).
16:54:04.011 [main] INFO ai.timefold.solver.core.impl.solver.DefaultSolver -- Problem scale: genuine entity count (3), genuine variable count (3), approximate value count (6), approximate problem scale (60,480).
16:54:04.262 [main] INFO ai.timefold.solver.core.impl.localsearch.DefaultLocalSearchPhase -- Local Search phase (0) ended: time spent (251), best score ([0/0/0/0/0]hard/[0/-16591]soft), move evaluation speed (5741/sec), step total (336).
16:54:04.262 [main] INFO ai.timefold.solver.core.impl.solver.DefaultSolver -- Solving ended: time spent (251), best score ([0/0/0/0/0]hard/[0/-16591]soft), move evaluation speed (5741/sec), phase total (1), environment mode (NON_INTRUSIVE_FULL_ASSERT), move thread count (NONE).
16:54:04.264 [main] INFO ai.timefold.solver.core.impl.solver.DefaultSolver -- Solving started: time spent (0), best score ([0/0/0/0/0]hard/[-0.1131468572778827977315689981096409/-17241]soft), environment mode (NON_INTRUSIVE_FULL_ASSERT), move thread count (NONE), random (seed 41).
16:54:04.265 [main] INFO ai.timefold.solver.core.impl.solver.DefaultSolver -- Problem scale: genuine entity count (3), genuine variable count (3), approximate value count (6), approximate problem scale (60,480).
16:54:04.514 [main] INFO ai.timefold.solver.core.impl.localsearch.DefaultLocalSearchPhase -- Local Search phase (0) ended: time spent (250), best score ([0/0/0/0/0]hard/[-0.03217804820415879017013232514177693/-17183]soft), move evaluation speed (6550/sec), step total (171).
16:54:04.514 [main] INFO ai.timefold.solver.core.impl.solver.DefaultSolver -- Solving ended: time spent (250), best score ([0/0/0/0/0]hard/[-0.03217804820415879017013232514177693/-17183]soft), move evaluation speed (6524/sec), phase total (1), environment mode (NON_INTRUSIVE_FULL_ASSERT), move thread count (NONE).
16:54:04.532 [main] INFO ai.timefold.solver.core.impl.solver.DefaultSolver -- Solving started: time spent (1), best score ([0/0/0/0/0]hard/[0/-17241]soft), environment mode (NON_INTRUSIVE_FULL_ASSERT), move thread count (NONE), random (seed 41).
16:54:04.532 [main] INFO ai.timefold.solver.core.impl.solver.DefaultSolver -- Problem scale: genuine entity count (3), genuine variable count (3), approximate value count (6), approximate problem scale (60,480).
16:54:04.781 [main] INFO ai.timefold.solver.core.impl.localsearch.DefaultLocalSearchPhase -- Local Search phase (0) ended: time spent (250), best score ([0/0/0/0/0]hard/[0/-16541]soft), move evaluation speed (6357/sec), step total (294).
16:54:04.781 [main] INFO ai.timefold.solver.core.impl.solver.DefaultSolver -- Solving ended: time spent (250), best score ([0/0/0/0/0]hard/[0/-16541]soft), move evaluation speed (6332/sec), phase total (1), environment mode (NON_INTRUSIVE_FULL_ASSERT), move thread count (NONE).
16:54:04.797 [main] INFO ai.timefold.solver.core.impl.solver.DefaultSolver -- Solving started: time spent (1), best score ([0/0/-4/0/0]hard/[0/-3000]soft), environment mode (NON_INTRUSIVE_FULL_ASSERT), move thread count (NONE), random (seed 41).
16:54:04.797 [main] INFO ai.timefold.solver.core.impl.solver.DefaultSolver -- Problem scale: genuine entity count (3), genuine variable count (3), approximate value count (6), approximate problem scale (60,480).
16:54:04.803 [main] INFO ai.timefold.solver.core.impl.constructionheuristic.DefaultConstructionHeuristicPhase -- Construction Heuristic phase (0) ended: time spent (7), best score ([0/0/0/0/0]hard/[0/-9000]soft), move evaluation speed (4333/sec), step total (4).
16:54:05.046 [main] INFO ai.timefold.solver.core.impl.localsearch.DefaultLocalSearchPhase -- Local Search phase (1) ended: time spent (250), best score ([0/0/0/0/0]hard/[0/-9000]soft), move evaluation speed (3102/sec), step total (713).
16:54:05.046 [main] INFO ai.timefold.solver.core.impl.solver.DefaultSolver -- Solving ended: time spent (250), best score ([0/0/0/0/0]hard/[0/-9000]soft), move evaluation speed (3120/sec), phase total (2), environment mode (NON_INTRUSIVE_FULL_ASSERT), move thread count (NONE).
16:54:05.048 [main] INFO ai.timefold.solver.core.impl.solver.DefaultSolver -- Solving started: time spent (0), best score ([0/-21120/0/0/0]hard/[0/-17891]soft), environment mode (NON_INTRUSIVE_FULL_ASSERT), move thread count (NONE), random (seed 41).
16:54:05.048 [main] INFO ai.timefold.solver.core.impl.solver.DefaultSolver -- Problem scale: genuine entity count (3), genuine variable count (3), approximate value count (6), approximate problem scale (60,480).
16:54:05.298 [main] INFO ai.timefold.solver.core.impl.localsearch.DefaultLocalSearchPhase -- Local Search phase (0) ended: time spent (250), best score ([0/0/0/0/0]hard/[0/-16591]soft), move evaluation speed (6736/sec), step total (223).
16:54:05.298 [main] INFO ai.timefold.solver.core.impl.solver.DefaultSolver -- Solving ended: time spent (250), best score ([0/0/0/0/0]hard/[0/-16591]soft), move evaluation speed (6736/sec), phase total (1), environment mode (NON_INTRUSIVE_FULL_ASSERT), move thread count (NONE).
16:54:05.300 [main] INFO ai.timefold.solver.core.impl.solver.DefaultSolver -- Solving started: time spent (0), best score ([0/0/0/0/0]hard/[-0.1131468572778827977315689981096409/-17241]soft), environment mode (NON_INTRUSIVE_FULL_ASSERT), move thread count (NONE), random (seed 41).
16:54:05.300 [main] INFO ai.timefold.solver.core.impl.solver.DefaultSolver -- Problem scale: genuine entity count (3), genuine variable count (3), approximate value count (6), approximate problem scale (60,480).
16:54:05.550 [main] INFO ai.timefold.solver.core.impl.localsearch.DefaultLocalSearchPhase -- Local Search phase (0) ended: time spent (250), best score ([0/0/0/0/0]hard/[-0.03664432179614126684069973294926036/-17033]soft), move evaluation speed (6304/sec), step total (247).
16:54:05.550 [main] INFO ai.timefold.solver.core.impl.solver.DefaultSolver -- Solving ended: time spent (250), best score ([0/0/0/0/0]hard/[-0.03664432179614126684069973294926036/-17033]soft), move evaluation speed (6304/sec), phase total (1), environment mode (NON_INTRUSIVE_FULL_ASSERT), move thread count (NONE).
16:54:05.564 [main] INFO ai.timefold.solver.core.impl.solver.DefaultSolver -- Solving started: time spent (1), best score ([0/0/0/0/0]hard/[0/-17241]soft), environment mode (NON_INTRUSIVE_FULL_ASSERT), move thread count (NONE), random (seed 41).
16:54:05.564 [main] INFO ai.timefold.solver.core.impl.solver.DefaultSolver -- Problem scale: genuine entity count (3), genuine variable count (3), approximate value count (6), approximate problem scale (60,480).
16:54:05.813 [main] INFO ai.timefold.solver.core.impl.localsearch.DefaultLocalSearchPhase -- Local Search phase (0) ended: time spent (250), best score ([0/0/0/0/0]hard/[0/-16541]soft), move evaluation speed (8759/sec), step total (2).
16:54:05.813 [main] INFO ai.timefold.solver.core.impl.solver.DefaultSolver -- Solving ended: time spent (250), best score ([0/0/0/0/0]hard/[0/-16541]soft), move evaluation speed (8724/sec), phase total (1), environment mode (NON_INTRUSIVE_FULL_ASSERT), move thread count (NONE).
16:54:05.827 [main] INFO ai.timefold.solver.core.impl.solver.DefaultSolver -- Solving started: time spent (0), best score ([0/0/-4/0/0]hard/[0/-3000]soft), environment mode (NON_INTRUSIVE_FULL_ASSERT), move thread count (NONE), random (seed 41).
16:54:05.827 [main] INFO ai.timefold.solver.core.impl.solver.DefaultSolver -- Problem scale: genuine entity count (3), genuine variable count (3), approximate value count (6), approximate problem scale (60,480).
16:54:05.832 [main] INFO ai.timefold.solver.core.impl.constructionheuristic.DefaultConstructionHeuristicPhase -- Construction Heuristic phase (0) ended: time spent (5), best score ([0/0/0/0/0]hard/[0/-9000]soft), move evaluation speed (5200/sec), step total (4).
16:54:06.077 [main] INFO ai.timefold.solver.core.impl.localsearch.DefaultLocalSearchPhase -- Local Search phase (1) ended: time spent (250), best score ([0/0/0/0/0]hard/[0/-9000]soft), move evaluation speed (8395/sec), step total (2).
16:54:06.077 [main] INFO ai.timefold.solver.core.impl.solver.DefaultSolver -- Solving ended: time spent (250), best score ([0/0/0/0/0]hard/[0/-9000]soft), move evaluation speed (8332/sec), phase total (2), environment mode (NON_INTRUSIVE_FULL_ASSERT), move thread count (NONE).
16:54:06.079 [main] INFO ai.timefold.solver.core.impl.solver.DefaultSolver -- Solving started: time spent (0), best score ([0/-21120/0/0/0]hard/[0/-17891]soft), environment mode (NON_INTRUSIVE_FULL_ASSERT), move thread count (NONE), random (seed 41).
16:54:06.079 [main] INFO ai.timefold.solver.core.impl.solver.DefaultSolver -- Problem scale: genuine entity count (3), genuine variable count (3), approximate value count (6), approximate problem scale (60,480).
16:54:06.329 [main] INFO ai.timefold.solver.core.impl.localsearch.DefaultLocalSearchPhase -- Local Search phase (0) ended: time spent (250), best score ([0/-13980/0/0/0]hard/[0/-17733]soft), move evaluation speed (8572/sec), step total (2).
16:54:06.329 [main] INFO ai.timefold.solver.core.impl.solver.DefaultSolver -- Solving ended: time spent (250), best score ([0/-13980/0/0/0]hard/[0/-17733]soft), move evaluation speed (8572/sec), phase total (1), environment mode (NON_INTRUSIVE_FULL_ASSERT), move thread count (NONE).
16:54:06.331 [main] INFO ai.timefold.solver.core.impl.solver.DefaultSolver -- Solving started: time spent (0), best score ([0/0/0/0/0]hard/[-0.1131468572778827977315689981096409/-17241]soft), environment mode (NON_INTRUSIVE_FULL_ASSERT), move thread count (NONE), random (seed 41).
16:54:06.331 [main] INFO ai.timefold.solver.core.impl.solver.DefaultSolver -- Problem scale: genuine entity count (3), genuine variable count (3), approximate value count (6), approximate problem scale (60,480).
16:54:06.581 [main] INFO ai.timefold.solver.core.impl.localsearch.DefaultLocalSearchPhase -- Local Search phase (0) ended: time spent (250), best score ([0/0/0/0/0]hard/[-0.1039943683049779458097038437303088/-16541]soft), move evaluation speed (8112/sec), step total (2).
16:54:06.581 [main] INFO ai.timefold.solver.core.impl.solver.DefaultSolver -- Solving ended: time spent (250), best score ([0/0/0/0/0]hard/[-0.1039943683049779458097038437303088/-16541]soft), move evaluation speed (8112/sec), phase total (1), environment mode (NON_INTRUSIVE_FULL_ASSERT), move thread count (NONE).
16:54:06.596 [main] INFO ai.timefold.solver.core.impl.solver.DefaultSolver -- Solving started: time spent (0), best score ([0/0/0/0/0]hard/[0/-17241]soft), environment mode (NON_INTRUSIVE_FULL_ASSERT), move thread count (NONE), random (seed 41).
16:54:06.597 [main] INFO ai.timefold.solver.core.impl.solver.DefaultSolver -- Problem scale: genuine entity count (3), genuine variable count (3), approximate value count (6), approximate problem scale (60,480).
16:54:06.846 [main] INFO ai.timefold.solver.core.impl.localsearch.DefaultLocalSearchPhase -- Local Search phase (0) ended: time spent (250), best score ([0/0/0/0/0]hard/[0/-16541]soft), move evaluation speed (6076/sec), step total (307).
16:54:06.846 [main] INFO ai.timefold.solver.core.impl.solver.DefaultSolver -- Solving ended: time spent (250), best score ([0/0/0/0/0]hard/[0/-16541]soft), move evaluation speed (6052/sec), phase total (1), environment mode (NON_INTRUSIVE_FULL_ASSERT), move thread count (NONE).
16:54:06.865 [main] INFO ai.timefold.solver.core.impl.solver.DefaultSolver -- Solving started: time spent (0), best score ([0/0/-4/0/0]hard/[0/-3000]soft), environment mode (NON_INTRUSIVE_FULL_ASSERT), move thread count (NONE), random (seed 41).
16:54:06.866 [main] INFO ai.timefold.solver.core.impl.solver.DefaultSolver -- Problem scale: genuine entity count (3), genuine variable count (3), approximate value count (6), approximate problem scale (60,480).
16:54:06.870 [main] INFO ai.timefold.solver.core.impl.constructionheuristic.DefaultConstructionHeuristicPhase -- Construction Heuristic phase (0) ended: time spent (5), best score ([0/0/0/0/0]hard/[0/-9000]soft), move evaluation speed (6500/sec), step total (4).
16:54:07.115 [main] INFO ai.timefold.solver.core.impl.localsearch.DefaultLocalSearchPhase -- Local Search phase (1) ended: time spent (250), best score ([0/0/0/0/0]hard/[0/-9000]soft), move evaluation speed (3004/sec), step total (685).
16:54:07.115 [main] INFO ai.timefold.solver.core.impl.solver.DefaultSolver -- Solving ended: time spent (250), best score ([0/0/0/0/0]hard/[0/-9000]soft), move evaluation speed (3048/sec), phase total (2), environment mode (NON_INTRUSIVE_FULL_ASSERT), move thread count (NONE).
16:54:07.117 [main] INFO ai.timefold.solver.core.impl.solver.DefaultSolver -- Solving started: time spent (0), best score ([0/-21120/0/0/0]hard/[0/-17891]soft), environment mode (NON_INTRUSIVE_FULL_ASSERT), move thread count (NONE), random (seed 41).
16:54:07.117 [main] INFO ai.timefold.solver.core.impl.solver.DefaultSolver -- Problem scale: genuine entity count (3), genuine variable count (3), approximate value count (6), approximate problem scale (60,480).
16:54:07.367 [main] INFO ai.timefold.solver.core.impl.localsearch.DefaultLocalSearchPhase -- Local Search phase (0) ended: time spent (250), best score ([0/0/0/0/0]hard/[0/-16591]soft), move evaluation speed (6020/sec), step total (288).
16:54:07.367 [main] INFO ai.timefold.solver.core.impl.solver.DefaultSolver -- Solving ended: time spent (250), best score ([0/0/0/0/0]hard/[0/-16591]soft), move evaluation speed (6020/sec), phase total (1), environment mode (NON_INTRUSIVE_FULL_ASSERT), move thread count (NONE).
16:54:07.368 [main] INFO ai.timefold.solver.core.impl.solver.DefaultSolver -- Solving started: time spent (0), best score ([0/0/0/0/0]hard/[-0.1131468572778827977315689981096409/-17241]soft), environment mode (NON_INTRUSIVE_FULL_ASSERT), move thread count (NONE), random (seed 41).
16:54:07.368 [main] INFO ai.timefold.solver.core.impl.solver.DefaultSolver -- Problem scale: genuine entity count (3), genuine variable count (3), approximate value count (6), approximate problem scale (60,480).
16:54:07.618 [main] INFO ai.timefold.solver.core.impl.localsearch.DefaultLocalSearchPhase -- Local Search phase (0) ended: time spent (250), best score ([0/0/0/0/0]hard/[-0.03664432179614126684069973294926036/-17033]soft), move evaluation speed (6036/sec), step total (240).
16:54:07.618 [main] INFO ai.timefold.solver.core.impl.solver.DefaultSolver -- Solving ended: time spent (250), best score ([0/0/0/0/0]hard/[-0.03664432179614126684069973294926036/-17033]soft), move evaluation speed (6036/sec), phase total (1), environment mode (NON_INTRUSIVE_FULL_ASSERT), move thread count (NONE).
16:54:07.635 [main] INFO ai.timefold.solver.core.impl.solver.DefaultSolver -- Solving started: time spent (1), best score ([0/0/0/0/0]hard/[0/-17241]soft), environment mode (NON_INTRUSIVE_FULL_ASSERT), move thread count (NONE), random (seed 41).
16:54:07.635 [main] INFO ai.timefold.solver.core.impl.solver.DefaultSolver -- Problem scale: genuine entity count (3), genuine variable count (3), approximate value count (6), approximate problem scale (60,480).
16:54:07.884 [main] INFO ai.timefold.solver.core.impl.localsearch.DefaultLocalSearchPhase -- Local Search phase (0) ended: time spent (250), best score ([0/0/0/0/0]hard/[0/-16541]soft), move evaluation speed (6550/sec), step total (131).
16:54:07.884 [main] INFO ai.timefold.solver.core.impl.solver.DefaultSolver -- Solving ended: time spent (250), best score ([0/0/0/0/0]hard/[0/-16541]soft), move evaluation speed (6524/sec), phase total (1), environment mode (NON_INTRUSIVE_FULL_ASSERT), move thread count (NONE).
16:54:07.903 [main] INFO ai.timefold.solver.core.impl.solver.DefaultSolver -- Solving started: time spent (1), best score ([0/0/-4/0/0]hard/[0/-3000]soft), environment mode (NON_INTRUSIVE_FULL_ASSERT), move thread count (NONE), random (seed 41).
16:54:07.903 [main] INFO ai.timefold.solver.core.impl.solver.DefaultSolver -- Problem scale: genuine entity count (3), genuine variable count (3), approximate value count (6), approximate problem scale (60,480).
16:54:07.908 [main] INFO ai.timefold.solver.core.impl.constructionheuristic.DefaultConstructionHeuristicPhase -- Construction Heuristic phase (0) ended: time spent (6), best score ([0/0/0/0/0]hard/[0/-9000]soft), move evaluation speed (5200/sec), step total (4).
16:54:08.152 [main] INFO ai.timefold.solver.core.impl.localsearch.DefaultLocalSearchPhase -- Local Search phase (1) ended: time spent (250), best score ([0/0/0/0/0]hard/[0/-9000]soft), move evaluation speed (2680/sec), step total (615).
16:54:08.152 [main] INFO ai.timefold.solver.core.impl.solver.DefaultSolver -- Solving ended: time spent (250), best score ([0/0/0/0/0]hard/[0/-9000]soft), move evaluation speed (2720/sec), phase total (2), environment mode (NON_INTRUSIVE_FULL_ASSERT), move thread count (NONE).
16:54:08.154 [main] INFO ai.timefold.solver.core.impl.solver.DefaultSolver -- Solving started: time spent (0), best score ([0/-21120/0/0/0]hard/[0/-17891]soft), environment mode (NON_INTRUSIVE_FULL_ASSERT), move thread count (NONE), random (seed 41).
16:54:08.154 [main] INFO ai.timefold.solver.core.impl.solver.DefaultSolver -- Problem scale: genuine entity count (3), genuine variable count (3), approximate value count (6), approximate problem scale (60,480).
16:54:08.404 [main] INFO ai.timefold.solver.core.impl.localsearch.DefaultLocalSearchPhase -- Local Search phase (0) ended: time spent (250), best score ([0/0/0/0/0]hard/[0/-16591]soft), move evaluation speed (5256/sec), step total (240).
16:54:08.404 [main] INFO ai.timefold.solver.core.impl.solver.DefaultSolver -- Solving ended: time spent (250), best score ([0/0/0/0/0]hard/[0/-16591]soft), move evaluation speed (5256/sec), phase total (1), environment mode (NON_INTRUSIVE_FULL_ASSERT), move thread count (NONE).
16:54:08.407 [main] INFO ai.timefold.solver.core.impl.solver.DefaultSolver -- Solving started: time spent (1), best score ([0/0/0/0/0]hard/[-0.1131468572778827977315689981096409/-17241]soft), environment mode (NON_INTRUSIVE_FULL_ASSERT), move thread count (NONE), random (seed 41).
16:54:08.407 [main] INFO ai.timefold.solver.core.impl.solver.DefaultSolver -- Problem scale: genuine entity count (3), genuine variable count (3), approximate value count (6), approximate problem scale (60,480).
16:54:08.656 [main] INFO ai.timefold.solver.core.impl.localsearch.DefaultLocalSearchPhase -- Local Search phase (0) ended: time spent (250), best score ([0/0/0/0/0]hard/[-0.03378898865784499054820415879017014/-17133]soft), move evaluation speed (6120/sec), step total (167).
16:54:08.656 [main] INFO ai.timefold.solver.core.impl.solver.DefaultSolver -- Solving ended: time spent (250), best score ([0/0/0/0/0]hard/[-0.03378898865784499054820415879017014/-17133]soft), move evaluation speed (6096/sec), phase total (1), environment mode (NON_INTRUSIVE_FULL_ASSERT), move thread count (NONE).
16:54:08.670 [main] INFO ai.timefold.solver.core.impl.solver.DefaultSolver -- Solving started: time spent (0), best score ([0/0/0/0/0]hard/[0/-17241]soft), environment mode (NON_INTRUSIVE_FULL_ASSERT), move thread count (NONE), random (seed 41).
16:54:08.670 [main] INFO ai.timefold.solver.core.impl.solver.DefaultSolver -- Problem scale: genuine entity count (3), genuine variable count (3), approximate value count (6), approximate problem scale (60,480).
16:54:08.920 [main] INFO ai.timefold.solver.core.impl.localsearch.DefaultLocalSearchPhase -- Local Search phase (0) ended: time spent (250), best score ([0/0/0/0/0]hard/[0/-16541]soft), move evaluation speed (6424/sec), step total (207).
16:54:08.920 [main] INFO ai.timefold.solver.core.impl.solver.DefaultSolver -- Solving ended: time spent (250), best score ([0/0/0/0/0]hard/[0/-16541]soft), move evaluation speed (6424/sec), phase total (1), environment mode (NON_INTRUSIVE_FULL_ASSERT), move thread count (NONE).
16:54:08.939 [main] INFO ai.timefold.solver.core.impl.solver.DefaultSolver -- Solving started: time spent (0), best score ([0/-21120/0/0/0]hard/[0/-17891]soft), environment mode (NON_INTRUSIVE_FULL_ASSERT), move thread count (NONE), random (seed 41).
16:54:08.939 [main] INFO ai.timefold.solver.core.impl.solver.DefaultSolver -- Problem scale: genuine entity count (3), genuine variable count (3), approximate value count (6), approximate problem scale (60,480).
16:54:09.189 [main] INFO ai.timefold.solver.core.impl.localsearch.DefaultLocalSearchPhase -- Local Search phase (0) ended: time spent (250), best score ([0/0/0/0/0]hard/[0/-16591]soft), move evaluation speed (5068/sec), step total (249).
16:54:09.189 [main] INFO ai.timefold.solver.core.impl.solver.DefaultSolver -- Solving ended: time spent (250), best score ([0/0/0/0/0]hard/[0/-16591]soft), move evaluation speed (5068/sec), phase total (1), environment mode (NON_INTRUSIVE_FULL_ASSERT), move thread count (NONE).
16:54:09.191 [main] INFO ai.timefold.solver.core.impl.solver.DefaultSolver -- Solving started: time spent (0), best score ([0/0/0/0/0]hard/[-0.1131468572778827977315689981096409/-17241]soft), environment mode (NON_INTRUSIVE_FULL_ASSERT), move thread count (NONE), random (seed 41).
16:54:09.192 [main] INFO ai.timefold.solver.core.impl.solver.DefaultSolver -- Problem scale: genuine entity count (3), genuine variable count (3), approximate value count (6), approximate problem scale (60,480).
16:54:09.441 [main] INFO ai.timefold.solver.core.impl.localsearch.DefaultLocalSearchPhase -- Local Search phase (0) ended: time spent (250), best score ([0/0/0/0/0]hard/[-0.02640168819575719386683469859273262/-17283]soft), move evaluation speed (6064/sec), step total (152).
16:54:09.441 [main] INFO ai.timefold.solver.core.impl.solver.DefaultSolver -- Solving ended: time spent (250), best score ([0/0/0/0/0]hard/[-0.02640168819575719386683469859273262/-17283]soft), move evaluation speed (6040/sec), phase total (1), environment mode (NON_INTRUSIVE_FULL_ASSERT), move thread count (NONE).
[INFO] Tests run: 1, Failures: 0, Errors: 0, Skipped: 0, Time elapsed: 25.18 s -- in dev.waterflex.scheduler.optimizer.AssertionCampaignTest
[INFO] 
[INFO] Results:
[INFO] 
[INFO] Tests run: 1, Failures: 0, Errors: 0, Skipped: 0
[INFO] 
[INFO] ------------------------------------------------------------------------
[INFO] BUILD SUCCESS
[INFO] ------------------------------------------------------------------------
[INFO] Total time:  26.734 s
[INFO] Finished at: 2026-10-06T16:54:09-05:00
[INFO] ------------------------------------------------------------------------
