WARNING: A restricted method in java.lang.System has been called
WARNING: java.lang.System::load has been called by org.fusesource.jansi.internal.JansiLoader in an unnamed module (file:/C:/Users/mcgee/.m2/wrapper/dists/apache-maven-3.9.16-bin/4200fbc6/apache-maven-3.9.16/lib/jansi-2.4.3.jar)
WARNING: Use --enable-native-access=ALL-UNNAMED to avoid a warning for callers in this module
WARNING: Restricted methods will be blocked in a future release unless native access is enabled

[INFO] Scanning for projects...
[INFO] ------------------------------------------------------------------------
[INFO] Reactor Build Order:
[INFO] 
[INFO] calculation-engine                                                 [jar]
[INFO] solver-service                                                     [jar]
[INFO] scheduler-service                                                  [jar]
[INFO] routing-service                                                    [jar]
[INFO] waterflex-scheduler                                                [pom]
[INFO] 
[INFO] ------------------< dev.waterflex:calculation-engine >------------------
[INFO] Building calculation-engine 0.1.0-SNAPSHOT                         [1/5]
[INFO]   from calculation-engine\pom.xml
[INFO] --------------------------------[ jar ]---------------------------------
[INFO] 
[INFO] --- clean:3.5.0:clean (default-clean) @ calculation-engine ---
[INFO] Deleting C:\Users\mcgee\OneDrive\Desktop\waterflex\waterflex-scheduler-java\calculation-engine\target
[INFO] 
[INFO] --- resources:3.5.0:resources (default-resources) @ calculation-engine ---
[INFO] Copying 0 resource from src\main\resources to target\classes
[INFO] Copying 1 resource from src\main\resources to target\classes
[INFO] 
[INFO] --- compiler:3.15.0:compile (default-compile) @ calculation-engine ---
[INFO] Recompiling the module because of changed source code.
[INFO] Compiling 46 source files with javac [debug parameters release 25] to target\classes
[INFO] /C:/Users/mcgee/OneDrive/Desktop/waterflex/waterflex-scheduler-java/calculation-engine/src/main/java/dev/waterflex/scheduler/CalculationJson.java: C:\Users\mcgee\OneDrive\Desktop\waterflex\waterflex-scheduler-java\calculation-engine\src\main\java\dev\waterflex\scheduler\CalculationJson.java uses or overrides a deprecated API.
[INFO] /C:/Users/mcgee/OneDrive/Desktop/waterflex/waterflex-scheduler-java/calculation-engine/src/main/java/dev/waterflex/scheduler/CalculationJson.java: Recompile with -Xlint:deprecation for details.
[INFO] 
[INFO] --- resources:3.5.0:testResources (default-testResources) @ calculation-engine ---
[INFO] skip non existing resourceDirectory C:\Users\mcgee\OneDrive\Desktop\waterflex\waterflex-scheduler-java\calculation-engine\src\test\resources
[INFO] 
[INFO] --- compiler:3.15.0:testCompile (default-testCompile) @ calculation-engine ---
[INFO] No sources to compile
[INFO] 
[INFO] --- surefire:3.5.6:test (default-test) @ calculation-engine ---
[INFO] No tests to run.
[INFO] 
[INFO] --- jar:3.5.1:jar (default-jar) @ calculation-engine ---
[INFO] Building jar: C:\Users\mcgee\OneDrive\Desktop\waterflex\waterflex-scheduler-java\calculation-engine\target\calculation-engine-0.1.0-SNAPSHOT.jar
[INFO] 
[INFO] --------------------< dev.waterflex:solver-service >--------------------
[INFO] Building solver-service 0.1.0-SNAPSHOT                             [2/5]
[INFO]   from solver-service\pom.xml
[INFO] --------------------------------[ jar ]---------------------------------
[INFO] 
[INFO] --- clean:3.5.0:clean (default-clean) @ solver-service ---
[INFO] Deleting C:\Users\mcgee\OneDrive\Desktop\waterflex\waterflex-scheduler-java\solver-service\target
[INFO] 
[INFO] --- resources:3.5.0:resources (default-resources) @ solver-service ---
[INFO] Copying 1 resource from src\main\resources to target\classes
[INFO] Copying 0 resource from src\main\resources to target\classes
[INFO] 
[INFO] --- compiler:3.15.0:compile (default-compile) @ solver-service ---
[INFO] Recompiling the module because of changed dependency.
[INFO] Compiling 3 source files with javac [debug parameters release 25] to target\classes
[INFO] /C:/Users/mcgee/OneDrive/Desktop/waterflex/waterflex-scheduler-java/solver-service/src/main/java/dev/waterflex/solver/SolveController.java: C:\Users\mcgee\OneDrive\Desktop\waterflex\waterflex-scheduler-java\solver-service\src\main\java\dev\waterflex\solver\SolveController.java uses or overrides a deprecated API.
[INFO] /C:/Users/mcgee/OneDrive/Desktop/waterflex/waterflex-scheduler-java/solver-service/src/main/java/dev/waterflex/solver/SolveController.java: Recompile with -Xlint:deprecation for details.
[INFO] 
[INFO] --- resources:3.5.0:testResources (default-testResources) @ solver-service ---
[INFO] Copying 1 resource from src\test\resources to target\test-classes
[INFO] 
[INFO] --- compiler:3.15.0:testCompile (default-testCompile) @ solver-service ---
[INFO] Recompiling the module because of changed dependency.
[INFO] Compiling 4 source files with javac [debug parameters release 25] to target\test-classes
[INFO] 
[INFO] --- surefire:3.5.6:test (default-test) @ solver-service ---
[INFO] Using auto detected provider org.apache.maven.surefire.junitplatform.JUnitPlatformProvider
[INFO] 
[INFO] -------------------------------------------------------
[INFO]  T E S T S
[INFO] -------------------------------------------------------
[INFO] Running dev.waterflex.solver.HttpCalculationCancellationTest
[INFO] Tests run: 1, Failures: 0, Errors: 0, Skipped: 0, Time elapsed: 0.451 s -- in dev.waterflex.solver.HttpCalculationCancellationTest
[INFO] Running dev.waterflex.solver.SolverCancellationTest
Mockito is currently self-attaching to enable the inline-mock-maker. This will no longer work in future releases of the JDK. Please add Mockito as an agent to your build as described in Mockito's documentation: https://javadoc.io/doc/org.mockito/mockito-core/latest/org.mockito/org/mockito/Mockito.html#0.3
Java HotSpot(TM) 64-Bit Server VM warning: Sharing is only supported for boot loader classes because bootstrap classpath has been appended
WARNING: A Java agent has been loaded dynamically (C:\Users\mcgee\.m2\repository\net\bytebuddy\byte-buddy-agent\1.18.11\byte-buddy-agent-1.18.11.jar)
WARNING: If a serviceability tool is in use, please run with -XX:+EnableDynamicAgentLoading to hide this warning
WARNING: If a serviceability tool is not in use, please run with -Djdk.instrument.traceUsage for more information
WARNING: Dynamic loading of agents will be disallowed by default in a future release
[INFO] Tests run: 2, Failures: 0, Errors: 0, Skipped: 0, Time elapsed: 0.661 s -- in dev.waterflex.solver.SolverCancellationTest
[INFO] Running dev.waterflex.solver.SolverReplayTest
20:43:30.690 [main] INFO org.springframework.test.context.support.AnnotationConfigContextLoaderUtils -- Could not detect default configuration classes for test class [dev.waterflex.solver.SolverReplayTest]: SolverReplayTest does not declare any static, non-private, non-final, nested classes annotated with @Configuration.
20:43:30.771 [main] INFO org.springframework.boot.test.context.SpringBootTestContextBootstrapper -- Found @SpringBootConfiguration dev.waterflex.solver.SolverApplication for test class dev.waterflex.solver.SolverReplayTest
20:43:30.826 [main] INFO org.springframework.test.context.support.AnnotationConfigContextLoaderUtils -- Could not detect default configuration classes for test class [dev.waterflex.solver.SolverReplayTest]: SolverReplayTest does not declare any static, non-private, non-final, nested classes annotated with @Configuration.
20:43:30.827 [main] INFO org.springframework.boot.test.context.SpringBootTestContextBootstrapper -- Found @SpringBootConfiguration dev.waterflex.solver.SolverApplication for test class dev.waterflex.solver.SolverReplayTest

  .   ____          _            __ _ _
 /\\ / ___'_ __ _ _(_)_ __  __ _ \ \ \ \
( ( )\___ | '_ | '_| | '_ \/ _` | \ \ \ \
 \\/  ___)| |_)| | | | | || (_| |  ) ) ) )
  '  |____| .__|_| |_|_| |_\__, | / / / /
 =========|_|==============|___/=/_/_/_/

 :: Spring Boot ::                (v4.1.1)

2026-10-06T20:43:31.023-05:00  INFO 63616 --- [           main] dev.waterflex.solver.SolverReplayTest    : Starting SolverReplayTest using Java 25.0.1 with PID 63616 (started by mcgee in C:\Users\mcgee\OneDrive\Desktop\waterflex\waterflex-scheduler-java\solver-service)
2026-10-06T20:43:31.024-05:00  INFO 63616 --- [           main] dev.waterflex.solver.SolverReplayTest    : No active profile set, falling back to 1 default profile: "default"
2026-10-06T20:43:31.570-05:00  INFO 63616 --- [           main] o.s.boot.tomcat.TomcatWebServer          : Tomcat initialized with port 0 (http)
2026-10-06T20:43:31.580-05:00  INFO 63616 --- [           main] o.apache.catalina.core.StandardService   : Starting service [Tomcat]
2026-10-06T20:43:31.580-05:00  INFO 63616 --- [           main] o.apache.catalina.core.StandardEngine    : Starting Servlet engine: [Apache Tomcat/11.0.24]
2026-10-06T20:43:31.621-05:00  INFO 63616 --- [           main] b.w.c.s.WebApplicationContextInitializer : Root WebApplicationContext: initialization completed in 585 ms
2026-10-06T20:43:32.332-05:00  INFO 63616 --- [           main] o.s.boot.tomcat.TomcatWebServer          : Tomcat started on port 55769 (http) with context path '/'
2026-10-06T20:43:32.336-05:00  INFO 63616 --- [           main] dev.waterflex.solver.SolverReplayTest    : Started SolverReplayTest in 1.484 seconds (process running for 3.197)
2026-10-06T20:43:32.427-05:00  INFO 63616 --- [1-auto-1-exec-1] o.a.c.c.C.[Tomcat].[localhost].[/]       : Initializing Spring DispatcherServlet 'dispatcherServlet'
2026-10-06T20:43:32.428-05:00  INFO 63616 --- [1-auto-1-exec-1] o.s.web.servlet.DispatcherServlet        : Initializing Servlet 'dispatcherServlet'
2026-10-06T20:43:32.429-05:00  INFO 63616 --- [1-auto-1-exec-1] o.s.web.servlet.DispatcherServlet        : Completed initialization in 1 ms
2026-10-06T20:43:32.707-05:00  INFO 63616 --- [c6-4dfc930a44d7] a.t.s.core.impl.solver.DefaultSolver     : Solving started: time spent (5), best score ([0/0/-2/0/0]hard/[0/0]soft), environment mode (NO_ASSERT), move thread count (NONE), random (seed 17).
2026-10-06T20:43:32.708-05:00  INFO 63616 --- [c6-4dfc930a44d7] a.t.s.core.impl.solver.DefaultSolver     : Problem scale: genuine entity count (2), genuine variable count (2), approximate value count (2), approximate problem scale (12).
2026-10-06T20:43:32.721-05:00  INFO 63616 --- [c6-4dfc930a44d7] .c.i.c.DefaultConstructionHeuristicPhase : Construction Heuristic phase (0) ended: time spent (19), best score ([0/0/0/0/0]hard/[0/-4604]soft), move evaluation speed (538/sec), step total (2).
2026-10-06T20:43:33.253-05:00  INFO 63616 --- [c6-4dfc930a44d7] a.t.s.c.i.l.DefaultLocalSearchPhase      : Local Search phase (1) ended: time spent (551), best score ([0/0/0/0/0]hard/[0/-4604]soft), move evaluation speed (189035/sec), step total (1000).
2026-10-06T20:43:33.254-05:00  INFO 63616 --- [c6-4dfc930a44d7] a.t.s.core.impl.solver.DefaultSolver     : Solving ended: time spent (552), best score ([0/0/0/0/0]hard/[0/-4604]soft), move evaluation speed (181172/sec), phase total (2), environment mode (NO_ASSERT), move thread count (NONE).
2026-10-06T20:43:33.267-05:00  INFO 63616 --- [c6-4dfc930a44d7] a.t.s.core.impl.solver.DefaultSolver     : Solving started: time spent (1), best score ([0/0/0/0/0]hard/[-0.03567901234567901234567901234567903/-4604]soft), environment mode (NO_ASSERT), move thread count (NONE), random (seed 17).
2026-10-06T20:43:33.268-05:00  INFO 63616 --- [c6-4dfc930a44d7] a.t.s.core.impl.solver.DefaultSolver     : Problem scale: genuine entity count (2), genuine variable count (2), approximate value count (2), approximate problem scale (12).
2026-10-06T20:43:33.938-05:00  INFO 63616 --- [c6-4dfc930a44d7] a.t.s.c.i.l.DefaultLocalSearchPhase      : Local Search phase (0) ended: time spent (672), best score ([0/0/0/0/0]hard/[-0.000007716049382716049382716049382715894/-4680]soft), move evaluation speed (149253/sec), step total (1000).
2026-10-06T20:43:33.939-05:00  INFO 63616 --- [c6-4dfc930a44d7] a.t.s.core.impl.solver.DefaultSolver     : Solving ended: time spent (672), best score ([0/0/0/0/0]hard/[-0.000007716049382716049382716049382715894/-4680]soft), move evaluation speed (148809/sec), phase total (1), environment mode (NO_ASSERT), move thread count (NONE).
2026-10-06T20:43:34.070-05:00  INFO 63616 --- [90-a41fe04d7b77] a.t.s.core.impl.solver.DefaultSolver     : Solving started: time spent (1), best score ([0/0/0/0/0]hard/[0/-4680]soft), environment mode (NO_ASSERT), move thread count (NONE), random (seed 17).
2026-10-06T20:43:34.071-05:00  INFO 63616 --- [90-a41fe04d7b77] a.t.s.core.impl.solver.DefaultSolver     : Problem scale: genuine entity count (2), genuine variable count (2), approximate value count (2), approximate problem scale (12).
2026-10-06T20:43:34.312-05:00  INFO 63616 --- [90-a41fe04d7b77] a.t.s.c.i.l.DefaultLocalSearchPhase      : Local Search phase (0) ended: time spent (243), best score ([0/0/0/0/0]hard/[0/-4604]soft), move evaluation speed (414937/sec), step total (1000).
2026-10-06T20:43:34.312-05:00  INFO 63616 --- [90-a41fe04d7b77] a.t.s.core.impl.solver.DefaultSolver     : Solving ended: time spent (243), best score ([0/0/0/0/0]hard/[0/-4604]soft), move evaluation speed (411522/sec), phase total (1), environment mode (NO_ASSERT), move thread count (NONE).
2026-10-06T20:43:34.317-05:00  INFO 63616 --- [90-a41fe04d7b77] a.t.s.core.impl.solver.DefaultSolver     : Solving started: time spent (1), best score ([0/0/0/0/0]hard/[-0.03567901234567901234567901234567903/-4604]soft), environment mode (NO_ASSERT), move thread count (NONE), random (seed 17).
2026-10-06T20:43:34.317-05:00  INFO 63616 --- [90-a41fe04d7b77] a.t.s.core.impl.solver.DefaultSolver     : Problem scale: genuine entity count (2), genuine variable count (2), approximate value count (2), approximate problem scale (12).
2026-10-06T20:43:34.712-05:00  INFO 63616 --- [90-a41fe04d7b77] a.t.s.c.i.l.DefaultLocalSearchPhase      : Local Search phase (0) ended: time spent (396), best score ([0/0/0/0/0]hard/[-0.000007716049382716049382716049382715894/-4680]soft), move evaluation speed (253164/sec), step total (1000).
2026-10-06T20:43:34.712-05:00  INFO 63616 --- [90-a41fe04d7b77] a.t.s.core.impl.solver.DefaultSolver     : Solving ended: time spent (396), best score ([0/0/0/0/0]hard/[-0.000007716049382716049382716049382715894/-4680]soft), move evaluation speed (252525/sec), phase total (1), environment mode (NO_ASSERT), move thread count (NONE).
2026-10-06T20:43:34.719-05:00  INFO 63616 --- [77-8f9fce4247f0] a.t.s.core.impl.solver.DefaultSolver     : Solving started: time spent (0), best score ([0/0/0/0/0]hard/[0/-4680]soft), environment mode (NO_ASSERT), move thread count (NONE), random (seed 17).
2026-10-06T20:43:34.720-05:00  INFO 63616 --- [77-8f9fce4247f0] a.t.s.core.impl.solver.DefaultSolver     : Problem scale: genuine entity count (2), genuine variable count (2), approximate value count (2), approximate problem scale (12).
2026-10-06T20:43:34.925-05:00  INFO 63616 --- [77-8f9fce4247f0] a.t.s.c.i.l.DefaultLocalSearchPhase      : Local Search phase (0) ended: time spent (206), best score ([0/0/0/0/0]hard/[0/-4604]soft), move evaluation speed (487804/sec), step total (1000).
2026-10-06T20:43:34.925-05:00  INFO 63616 --- [77-8f9fce4247f0] a.t.s.core.impl.solver.DefaultSolver     : Solving ended: time spent (206), best score ([0/0/0/0/0]hard/[0/-4604]soft), move evaluation speed (485436/sec), phase total (1), environment mode (NO_ASSERT), move thread count (NONE).
2026-10-06T20:43:34.929-05:00  INFO 63616 --- [77-8f9fce4247f0] a.t.s.core.impl.solver.DefaultSolver     : Solving started: time spent (0), best score ([0/0/0/0/0]hard/[-0.03567901234567901234567901234567903/-4604]soft), environment mode (NO_ASSERT), move thread count (NONE), random (seed 17).
2026-10-06T20:43:34.929-05:00  INFO 63616 --- [77-8f9fce4247f0] a.t.s.core.impl.solver.DefaultSolver     : Problem scale: genuine entity count (2), genuine variable count (2), approximate value count (2), approximate problem scale (12).
2026-10-06T20:43:35.324-05:00  INFO 63616 --- [77-8f9fce4247f0] a.t.s.c.i.l.DefaultLocalSearchPhase      : Local Search phase (0) ended: time spent (395), best score ([0/0/0/0/0]hard/[-0.000007716049382716049382716049382715894/-4680]soft), move evaluation speed (253164/sec), step total (1000).
2026-10-06T20:43:35.324-05:00  INFO 63616 --- [77-8f9fce4247f0] a.t.s.core.impl.solver.DefaultSolver     : Solving ended: time spent (395), best score ([0/0/0/0/0]hard/[-0.000007716049382716049382716049382715894/-4680]soft), move evaluation speed (253164/sec), phase total (1), environment mode (NO_ASSERT), move thread count (NONE).
[INFO] Tests run: 8, Failures: 0, Errors: 0, Skipped: 0, Time elapsed: 4.709 s -- in dev.waterflex.solver.SolverReplayTest
[INFO] 
[INFO] Results:
[INFO] 
[INFO] Tests run: 11, Failures: 0, Errors: 0, Skipped: 0
[INFO] 
[INFO] 
[INFO] --- jar:3.5.1:jar (default-jar) @ solver-service ---
[INFO] Building jar: C:\Users\mcgee\OneDrive\Desktop\waterflex\waterflex-scheduler-java\solver-service\target\solver-service-0.1.0-SNAPSHOT.jar
[INFO] 
[INFO] --- spring-boot:4.1.1:repackage (repackage) @ solver-service ---
[INFO] Replacing main artifact C:\Users\mcgee\OneDrive\Desktop\waterflex\waterflex-scheduler-java\solver-service\target\solver-service-0.1.0-SNAPSHOT.jar with repackaged archive, adding nested dependencies in BOOT-INF/.
[INFO] The original artifact has been renamed to C:\Users\mcgee\OneDrive\Desktop\waterflex\waterflex-scheduler-java\solver-service\target\solver-service-0.1.0-SNAPSHOT.jar.original
[INFO] 
[INFO] ------------------< dev.waterflex:scheduler-service >-------------------
[INFO] Building scheduler-service 0.1.0-SNAPSHOT                          [3/5]
[INFO]   from scheduler-service\pom.xml
[INFO] --------------------------------[ jar ]---------------------------------
[INFO] 
[INFO] --- clean:3.5.0:clean (default-clean) @ scheduler-service ---
[INFO] Deleting C:\Users\mcgee\OneDrive\Desktop\waterflex\waterflex-scheduler-java\scheduler-service\target
[INFO] 
[INFO] --- resources:3.5.0:resources (default-resources) @ scheduler-service ---
[INFO] Copying 2 resources from src\main\resources to target\classes
[INFO] Copying 0 resource from src\main\resources to target\classes
[INFO] 
[INFO] --- compiler:3.15.0:compile (default-compile) @ scheduler-service ---
[INFO] Recompiling the module because of changed dependency.
[INFO] Compiling 53 source files with javac [debug parameters release 25] to target\classes
[INFO] /C:/Users/mcgee/OneDrive/Desktop/waterflex/waterflex-scheduler-java/scheduler-service/src/main/java/dev/waterflex/scheduler/BookingService.java: C:\Users\mcgee\OneDrive\Desktop\waterflex\waterflex-scheduler-java\scheduler-service\src\main\java\dev\waterflex\scheduler\BookingService.java uses or overrides a deprecated API.
[INFO] /C:/Users/mcgee/OneDrive/Desktop/waterflex/waterflex-scheduler-java/scheduler-service/src/main/java/dev/waterflex/scheduler/BookingService.java: Recompile with -Xlint:deprecation for details.
[INFO] 
[INFO] --- resources:3.5.0:testResources (default-testResources) @ scheduler-service ---
[INFO] Copying 1 resource from src\test\resources to target\test-classes
[INFO] 
[INFO] --- compiler:3.15.0:testCompile (default-testCompile) @ scheduler-service ---
[INFO] Recompiling the module because of changed dependency.
[INFO] Compiling 66 source files with javac [debug parameters release 25] to target\test-classes
[INFO] /C:/Users/mcgee/OneDrive/Desktop/waterflex/waterflex-scheduler-java/scheduler-service/src/test/java/dev/waterflex/scheduler/BookingSearchOutcomeTest.java: Some input files use or override a deprecated API.
[INFO] /C:/Users/mcgee/OneDrive/Desktop/waterflex/waterflex-scheduler-java/scheduler-service/src/test/java/dev/waterflex/scheduler/BookingSearchOutcomeTest.java: Recompile with -Xlint:deprecation for details.
[INFO] 
[INFO] --- surefire:3.5.6:test (default-test) @ scheduler-service ---
[INFO] Using auto detected provider org.apache.maven.surefire.junitplatform.JUnitPlatformProvider
[INFO] 
[INFO] -------------------------------------------------------
[INFO]  T E S T S
[INFO] -------------------------------------------------------
[INFO] Running dev.waterflex.scheduler.BenchmarkIsolationTest
Mockito is currently self-attaching to enable the inline-mock-maker. This will no longer work in future releases of the JDK. Please add Mockito as an agent to your build as described in Mockito's documentation: https://javadoc.io/doc/org.mockito/mockito-core/latest/org.mockito/org/mockito/Mockito.html#0.3
Java HotSpot(TM) 64-Bit Server VM warning: Sharing is only supported for boot loader classes because bootstrap classpath has been appended
WARNING: A Java agent has been loaded dynamically (C:\Users\mcgee\.m2\repository\net\bytebuddy\byte-buddy-agent\1.18.11\byte-buddy-agent-1.18.11.jar)
WARNING: If a serviceability tool is in use, please run with -XX:+EnableDynamicAgentLoading to hide this warning
WARNING: If a serviceability tool is not in use, please run with -Djdk.instrument.traceUsage for more information
WARNING: Dynamic loading of agents will be disallowed by default in a future release
20:43:40.418 [main] INFO org.springframework.scheduling.config.TaskSchedulerRouter -- No TaskScheduler/ScheduledExecutorService bean found for scheduled processing
[INFO] Tests run: 2, Failures: 0, Errors: 0, Skipped: 0, Time elapsed: 0.980 s -- in dev.waterflex.scheduler.BenchmarkIsolationTest
[INFO] Running dev.waterflex.scheduler.BookingLocationTest
[INFO] Tests run: 4, Failures: 0, Errors: 0, Skipped: 0, Time elapsed: 0.040 s -- in dev.waterflex.scheduler.BookingLocationTest
[INFO] Running dev.waterflex.scheduler.BookingMoneyTest
[INFO] Tests run: 1, Failures: 0, Errors: 0, Skipped: 0, Time elapsed: 0.265 s -- in dev.waterflex.scheduler.BookingMoneyTest
[INFO] Running dev.waterflex.scheduler.BookingOfferLimitTest
20:43:41.177 [main] INFO dev.waterflex.scheduler.BookingOfferLimit -- Booking offer limit: 1
20:43:41.207 [main] INFO dev.waterflex.scheduler.BookingOfferLimit -- Booking offer limit: 1
20:43:41.213 [main] INFO dev.waterflex.scheduler.BookingOfferLimit -- Booking offer limit: 1
20:43:41.218 [main] INFO dev.waterflex.scheduler.BookingOfferLimit -- Booking offer limit: 1
20:43:41.225 [main] WARN org.springframework.context.annotation.AnnotationConfigApplicationContext -- Exception encountered during context initialization - cancelling refresh attempt: org.springframework.beans.factory.BeanCreationException: Error creating bean with name 'bookingOfferLimit': Failed to instantiate [dev.waterflex.scheduler.BookingOfferLimit]: Constructor threw exception
20:43:41.230 [main] WARN org.springframework.context.annotation.AnnotationConfigApplicationContext -- Exception encountered during context initialization - cancelling refresh attempt: org.springframework.beans.factory.BeanCreationException: Error creating bean with name 'bookingOfferLimit': Failed to instantiate [dev.waterflex.scheduler.BookingOfferLimit]: Constructor threw exception
20:43:41.233 [main] WARN org.springframework.context.annotation.AnnotationConfigApplicationContext -- Exception encountered during context initialization - cancelling refresh attempt: org.springframework.beans.factory.BeanCreationException: Error creating bean with name 'bookingOfferLimit': Failed to instantiate [dev.waterflex.scheduler.BookingOfferLimit]: Constructor threw exception
20:43:41.237 [main] WARN org.springframework.context.annotation.AnnotationConfigApplicationContext -- Exception encountered during context initialization - cancelling refresh attempt: org.springframework.beans.factory.BeanCreationException: Error creating bean with name 'bookingOfferLimit': Failed to instantiate [dev.waterflex.scheduler.BookingOfferLimit]: Constructor threw exception
20:43:41.240 [main] WARN org.springframework.context.annotation.AnnotationConfigApplicationContext -- Exception encountered during context initialization - cancelling refresh attempt: org.springframework.beans.factory.BeanCreationException: Error creating bean with name 'bookingOfferLimit': Failed to instantiate [dev.waterflex.scheduler.BookingOfferLimit]: Constructor threw exception
20:43:41.243 [main] WARN org.springframework.context.annotation.AnnotationConfigApplicationContext -- Exception encountered during context initialization - cancelling refresh attempt: org.springframework.beans.factory.BeanCreationException: Error creating bean with name 'bookingOfferLimit': Failed to instantiate [dev.waterflex.scheduler.BookingOfferLimit]: Constructor threw exception
20:43:41.246 [main] WARN org.springframework.context.annotation.AnnotationConfigApplicationContext -- Exception encountered during context initialization - cancelling refresh attempt: org.springframework.beans.factory.BeanCreationException: Error creating bean with name 'bookingOfferLimit': Failed to instantiate [dev.waterflex.scheduler.BookingOfferLimit]: Constructor threw exception
20:43:41.250 [main] WARN org.springframework.context.annotation.AnnotationConfigApplicationContext -- Exception encountered during context initialization - cancelling refresh attempt: org.springframework.beans.factory.BeanCreationException: Error creating bean with name 'bookingOfferLimit': Failed to instantiate [dev.waterflex.scheduler.BookingOfferLimit]: Constructor threw exception
20:43:41.253 [main] WARN org.springframework.context.annotation.AnnotationConfigApplicationContext -- Exception encountered during context initialization - cancelling refresh attempt: org.springframework.beans.factory.BeanCreationException: Error creating bean with name 'bookingOfferLimit': Failed to instantiate [dev.waterflex.scheduler.BookingOfferLimit]: Constructor threw exception
20:43:41.255 [main] WARN org.springframework.context.annotation.AnnotationConfigApplicationContext -- Exception encountered during context initialization - cancelling refresh attempt: org.springframework.beans.factory.BeanCreationException: Error creating bean with name 'bookingOfferLimit': Failed to instantiate [dev.waterflex.scheduler.BookingOfferLimit]: Constructor threw exception
[INFO] Tests run: 15, Failures: 0, Errors: 0, Skipped: 0, Time elapsed: 0.205 s -- in dev.waterflex.scheduler.BookingOfferLimitTest
[INFO] Running dev.waterflex.scheduler.BookingRefinementTransportTest
20:43:41.326 [main] INFO dev.waterflex.scheduler.BookingOfferLimit -- Booking offer limit: 1
20:43:41.376 [main] INFO dev.waterflex.scheduler.BookingOfferLimit -- Booking offer limit: 1
[INFO] Tests run: 1, Failures: 0, Errors: 0, Skipped: 0, Time elapsed: 0.129 s -- in dev.waterflex.scheduler.BookingRefinementTransportTest
[INFO] Running dev.waterflex.scheduler.BookingRouteBoundsTest
[INFO] Tests run: 1, Failures: 0, Errors: 0, Skipped: 0, Time elapsed: 0.337 s -- in dev.waterflex.scheduler.BookingRouteBoundsTest
[INFO] Running dev.waterflex.scheduler.BookingSearchOutcomeTest
20:43:41.871 [main] WARN dev.waterflex.scheduler.BookingController -- Booking routing failure for job job
dev.waterflex.scheduler.RoadClient$RoadUnavailable: Road unavailable
	at dev.waterflex.scheduler.BookingCoordinator.offers(BookingCoordinator.java:32)
	at dev.waterflex.scheduler.BookingController.search(BookingController.java:87)
	at dev.waterflex.scheduler.BookingController.lambda$offers$0(BookingController.java:66)
	at dev.waterflex.scheduler.SearchDeadline.within(SearchDeadline.java:78)
	at dev.waterflex.scheduler.BookingController.offers(BookingController.java:64)
	at dev.waterflex.scheduler.BookingSearchOutcomeTest.failuresRemainDistinctAndDoNotProduceOffers(BookingSearchOutcomeTest.java:54)
	at java.base/jdk.internal.reflect.DirectMethodHandleAccessor.invoke(DirectMethodHandleAccessor.java:104)
	at java.base/java.lang.reflect.Method.invoke(Method.java:565)
	at org.junit.platform.commons.util.ReflectionUtils.invokeMethod(ReflectionUtils.java:701)
	at org.junit.platform.commons.support.ReflectionSupport.invokeMethod(ReflectionSupport.java:502)
	at org.junit.jupiter.engine.support.MethodReflectionUtils.invoke(MethodReflectionUtils.java:45)
	at org.junit.jupiter.engine.execution.MethodInvocation.proceed(MethodInvocation.java:61)
	at org.junit.jupiter.engine.execution.InvocationInterceptorChain$ValidatingInvocation.proceed(InvocationInterceptorChain.java:124)
	at org.junit.jupiter.engine.extension.TimeoutExtension.intercept(TimeoutExtension.java:163)
	at org.junit.jupiter.engine.extension.TimeoutExtension.interceptTestableMethod(TimeoutExtension.java:148)
	at org.junit.jupiter.engine.extension.TimeoutExtension.interceptTestMethod(TimeoutExtension.java:86)
	at org.junit.jupiter.engine.execution.InterceptingExecutableInvoker$ReflectiveInterceptorCall.lambda$ofVoidMethod$0(InterceptingExecutableInvoker.java:123)
	at org.junit.jupiter.engine.execution.InterceptingExecutableInvoker.lambda$invoke$0(InterceptingExecutableInvoker.java:105)
	at org.junit.jupiter.engine.execution.InvocationInterceptorChain$InterceptedInvocation.proceed(InvocationInterceptorChain.java:99)
	at org.junit.jupiter.engine.execution.InvocationInterceptorChain.proceed(InvocationInterceptorChain.java:66)
	at org.junit.jupiter.engine.execution.InvocationInterceptorChain.chainAndInvoke(InvocationInterceptorChain.java:47)
	at org.junit.jupiter.engine.execution.InvocationInterceptorChain.invoke(InvocationInterceptorChain.java:39)
	at org.junit.jupiter.engine.execution.InterceptingExecutableInvoker.invoke(InterceptingExecutableInvoker.java:104)
	at org.junit.jupiter.engine.execution.InterceptingExecutableInvoker.invoke(InterceptingExecutableInvoker.java:98)
	at org.junit.jupiter.engine.execution.InterceptingExecutableInvoker.invokeVoid(InterceptingExecutableInvoker.java:71)
	at org.junit.jupiter.engine.descriptor.TestMethodTestDescriptor.lambda$invokeTestMethod$0(TestMethodTestDescriptor.java:219)
	at org.junit.platform.engine.support.hierarchical.ThrowableCollector.execute(ThrowableCollector.java:74)
	at org.junit.jupiter.engine.descriptor.TestMethodTestDescriptor.invokeTestMethod(TestMethodTestDescriptor.java:215)
	at org.junit.jupiter.engine.descriptor.TestMethodTestDescriptor.execute(TestMethodTestDescriptor.java:157)
	at org.junit.jupiter.engine.descriptor.TestMethodTestDescriptor.execute(TestMethodTestDescriptor.java:70)
	at org.junit.platform.engine.support.hierarchical.NodeTestTask.lambda$executeRecursively$2(NodeTestTask.java:176)
	at org.junit.platform.engine.support.hierarchical.ThrowableCollector.execute(ThrowableCollector.java:74)
	at org.junit.platform.engine.support.hierarchical.NodeTestTask.lambda$executeRecursively$1(NodeTestTask.java:166)
	at org.junit.platform.engine.support.hierarchical.Node.around(Node.java:138)
	at org.junit.platform.engine.support.hierarchical.NodeTestTask.lambda$executeRecursively$0(NodeTestTask.java:164)
	at org.junit.platform.engine.support.hierarchical.ThrowableCollector.execute(ThrowableCollector.java:74)
	at org.junit.platform.engine.support.hierarchical.NodeTestTask.executeRecursively(NodeTestTask.java:163)
	at org.junit.platform.engine.support.hierarchical.NodeTestTask.execute(NodeTestTask.java:116)
	at java.base/java.util.ArrayList.forEach(ArrayList.java:1604)
	at org.junit.platform.engine.support.hierarchical.SameThreadHierarchicalTestExecutorService.invokeAll(SameThreadHierarchicalTestExecutorService.java:42)
	at org.junit.platform.engine.support.hierarchical.NodeTestTask.lambda$executeRecursively$2(NodeTestTask.java:180)
	at org.junit.platform.engine.support.hierarchical.ThrowableCollector.execute(ThrowableCollector.java:74)
	at org.junit.platform.engine.support.hierarchical.NodeTestTask.lambda$executeRecursively$1(NodeTestTask.java:166)
	at org.junit.platform.engine.support.hierarchical.Node.around(Node.java:138)
	at org.junit.platform.engine.support.hierarchical.NodeTestTask.lambda$executeRecursively$0(NodeTestTask.java:164)
	at org.junit.platform.engine.support.hierarchical.ThrowableCollector.execute(ThrowableCollector.java:74)
	at org.junit.platform.engine.support.hierarchical.NodeTestTask.executeRecursively(NodeTestTask.java:163)
	at org.junit.platform.engine.support.hierarchical.NodeTestTask.execute(NodeTestTask.java:116)
	at java.base/java.util.ArrayList.forEach(ArrayList.java:1604)
	at org.junit.platform.engine.support.hierarchical.SameThreadHierarchicalTestExecutorService.invokeAll(SameThreadHierarchicalTestExecutorService.java:42)
	at org.junit.platform.engine.support.hierarchical.NodeTestTask.lambda$executeRecursively$2(NodeTestTask.java:180)
	at org.junit.platform.engine.support.hierarchical.ThrowableCollector.execute(ThrowableCollector.java:74)
	at org.junit.platform.engine.support.hierarchical.NodeTestTask.lambda$executeRecursively$1(NodeTestTask.java:166)
	at org.junit.platform.engine.support.hierarchical.Node.around(Node.java:138)
	at org.junit.platform.engine.support.hierarchical.NodeTestTask.lambda$executeRecursively$0(NodeTestTask.java:164)
	at org.junit.platform.engine.support.hierarchical.ThrowableCollector.execute(ThrowableCollector.java:74)
	at org.junit.platform.engine.support.hierarchical.NodeTestTask.executeRecursively(NodeTestTask.java:163)
	at org.junit.platform.engine.support.hierarchical.NodeTestTask.execute(NodeTestTask.java:116)
	at org.junit.platform.engine.support.hierarchical.SameThreadHierarchicalTestExecutorService.submit(SameThreadHierarchicalTestExecutorService.java:36)
	at org.junit.platform.engine.support.hierarchical.HierarchicalTestExecutor.execute(HierarchicalTestExecutor.java:52)
	at org.junit.platform.engine.support.hierarchical.HierarchicalTestEngine.execute(HierarchicalTestEngine.java:58)
	at org.junit.platform.launcher.core.EngineExecutionOrchestrator.executeEngine(EngineExecutionOrchestrator.java:246)
	at org.junit.platform.launcher.core.EngineExecutionOrchestrator.failOrExecuteEngine(EngineExecutionOrchestrator.java:218)
	at org.junit.platform.launcher.core.EngineExecutionOrchestrator.execute(EngineExecutionOrchestrator.java:179)
	at org.junit.platform.launcher.core.EngineExecutionOrchestrator.execute(EngineExecutionOrchestrator.java:108)
	at org.junit.platform.launcher.core.EngineExecutionOrchestrator.lambda$execute$0(EngineExecutionOrchestrator.java:66)
	at org.junit.platform.launcher.core.EngineExecutionOrchestrator.withInterceptedStreams(EngineExecutionOrchestrator.java:157)
	at org.junit.platform.launcher.core.EngineExecutionOrchestrator.execute(EngineExecutionOrchestrator.java:65)
	at org.junit.platform.launcher.core.DefaultLauncher.execute(DefaultLauncher.java:125)
	at org.junit.platform.launcher.core.DefaultLauncher.execute(DefaultLauncher.java:114)
	at org.junit.platform.launcher.core.DelegatingLauncher.execute(DelegatingLauncher.java:58)
	at org.junit.platform.launcher.core.InterceptingLauncher.lambda$execute$2(InterceptingLauncher.java:57)
	at org.junit.platform.launcher.core.ClasspathAlignmentCheckingLauncherInterceptor.intercept(ClasspathAlignmentCheckingLauncherInterceptor.java:25)
	at org.junit.platform.launcher.core.InterceptingLauncher.execute(InterceptingLauncher.java:56)
	at org.junit.platform.launcher.core.DelegatingLauncher.execute(DelegatingLauncher.java:58)
	at java.base/jdk.internal.reflect.DirectMethodHandleAccessor.invoke(DirectMethodHandleAccessor.java:104)
	at java.base/java.lang.reflect.Method.invoke(Method.java:565)
	at org.apache.maven.surefire.api.util.ReflectionUtils.invokeMethodWithArray(ReflectionUtils.java:125)
	at org.apache.maven.surefire.junitplatform.LauncherAdapter.executeWithCancellationToken(LauncherAdapter.java:68)
	at org.apache.maven.surefire.junitplatform.LauncherAdapter.execute(LauncherAdapter.java:54)
	at org.apache.maven.surefire.junitplatform.JUnitPlatformProvider.execute(JUnitPlatformProvider.java:203)
	at org.apache.maven.surefire.junitplatform.JUnitPlatformProvider.invokeAllTests(JUnitPlatformProvider.java:168)
	at org.apache.maven.surefire.junitplatform.JUnitPlatformProvider.invoke(JUnitPlatformProvider.java:136)
	at org.apache.maven.surefire.booter.ForkedBooter.runSuitesInProcess(ForkedBooter.java:385)
	at org.apache.maven.surefire.booter.ForkedBooter.execute(ForkedBooter.java:162)
	at org.apache.maven.surefire.booter.ForkedBooter.run(ForkedBooter.java:507)
	at org.apache.maven.surefire.booter.ForkedBooter.main(ForkedBooter.java:495)
20:43:41.875 [main] WARN dev.waterflex.scheduler.BookingController -- Booking conflict for job job: Changed
[INFO] Tests run: 5, Failures: 0, Errors: 0, Skipped: 0, Time elapsed: 0.159 s -- in dev.waterflex.scheduler.BookingSearchOutcomeTest
[INFO] Running dev.waterflex.scheduler.BookingWeeklyAvailabilityTest
[INFO] Tests run: 6, Failures: 0, Errors: 0, Skipped: 0, Time elapsed: 0.104 s -- in dev.waterflex.scheduler.BookingWeeklyAvailabilityTest
[INFO] Running dev.waterflex.scheduler.BoundedBookingSearchTest
[INFO] Tests run: 17, Failures: 0, Errors: 0, Skipped: 0, Time elapsed: 0.063 s -- in dev.waterflex.scheduler.BoundedBookingSearchTest
[INFO] Running dev.waterflex.scheduler.DepotRequestValidationTest
[INFO] Tests run: 3, Failures: 0, Errors: 0, Skipped: 0, Time elapsed: 0.009 s -- in dev.waterflex.scheduler.DepotRequestValidationTest
[INFO] Running dev.waterflex.scheduler.DirectedLegFlightsTest
[INFO] Tests run: 2, Failures: 0, Errors: 0, Skipped: 0, Time elapsed: 0.112 s -- in dev.waterflex.scheduler.DirectedLegFlightsTest
[INFO] Running dev.waterflex.scheduler.DispatchGeometryControllerTest
20:43:42.497 [main] INFO org.springframework.mock.web.MockServletContext -- Initializing Spring TestDispatcherServlet ''
20:43:42.497 [main] INFO org.springframework.test.web.servlet.TestDispatcherServlet -- Initializing Servlet ''
20:43:42.500 [main] INFO org.springframework.test.web.servlet.TestDispatcherServlet -- Completed initialization in 3 ms
20:43:42.621 [main] INFO org.springframework.mock.web.MockServletContext -- Initializing Spring TestDispatcherServlet ''
20:43:42.621 [main] INFO org.springframework.test.web.servlet.TestDispatcherServlet -- Initializing Servlet ''
20:43:42.621 [main] INFO org.springframework.test.web.servlet.TestDispatcherServlet -- Completed initialization in 0 ms
20:43:42.647 [main] INFO org.springframework.mock.web.MockServletContext -- Initializing Spring TestDispatcherServlet ''
20:43:42.647 [main] INFO org.springframework.test.web.servlet.TestDispatcherServlet -- Initializing Servlet ''
20:43:42.647 [main] INFO org.springframework.test.web.servlet.TestDispatcherServlet -- Completed initialization in 0 ms
20:43:42.692 [main] INFO org.springframework.mock.web.MockServletContext -- Initializing Spring TestDispatcherServlet ''
20:43:42.692 [main] INFO org.springframework.test.web.servlet.TestDispatcherServlet -- Initializing Servlet ''
20:43:42.692 [main] INFO org.springframework.test.web.servlet.TestDispatcherServlet -- Completed initialization in 0 ms
20:43:42.699 [main] INFO org.springframework.mock.web.MockServletContext -- Initializing Spring TestDispatcherServlet ''
20:43:42.699 [main] INFO org.springframework.test.web.servlet.TestDispatcherServlet -- Initializing Servlet ''
20:43:42.700 [main] INFO org.springframework.test.web.servlet.TestDispatcherServlet -- Completed initialization in 1 ms
20:43:42.741 [main] INFO org.springframework.mock.web.MockServletContext -- Initializing Spring TestDispatcherServlet ''
20:43:42.741 [main] INFO org.springframework.test.web.servlet.TestDispatcherServlet -- Initializing Servlet ''
20:43:42.741 [main] INFO org.springframework.test.web.servlet.TestDispatcherServlet -- Completed initialization in 0 ms
20:43:42.753 [main] INFO org.springframework.mock.web.MockServletContext -- Initializing Spring TestDispatcherServlet ''
20:43:42.753 [main] INFO org.springframework.test.web.servlet.TestDispatcherServlet -- Initializing Servlet ''
20:43:42.753 [main] INFO org.springframework.test.web.servlet.TestDispatcherServlet -- Completed initialization in 0 ms
20:43:42.783 [main] INFO org.springframework.mock.web.MockServletContext -- Initializing Spring TestDispatcherServlet ''
20:43:42.784 [main] INFO org.springframework.test.web.servlet.TestDispatcherServlet -- Initializing Servlet ''
20:43:42.784 [main] INFO org.springframework.test.web.servlet.TestDispatcherServlet -- Completed initialization in 0 ms
20:43:42.791 [main] INFO org.springframework.mock.web.MockServletContext -- Initializing Spring TestDispatcherServlet ''
20:43:42.791 [main] INFO org.springframework.test.web.servlet.TestDispatcherServlet -- Initializing Servlet ''
20:43:42.792 [main] INFO org.springframework.test.web.servlet.TestDispatcherServlet -- Completed initialization in 1 ms
[INFO] Tests run: 9, Failures: 0, Errors: 0, Skipped: 0, Time elapsed: 0.627 s -- in dev.waterflex.scheduler.DispatchGeometryControllerTest
[INFO] Running dev.waterflex.scheduler.FieldScenarioTest
[INFO] Tests run: 6, Failures: 0, Errors: 0, Skipped: 0, Time elapsed: 0.986 s -- in dev.waterflex.scheduler.FieldScenarioTest
[INFO] Running dev.waterflex.scheduler.MonetaryTest
[INFO] Tests run: 6, Failures: 0, Errors: 0, Skipped: 0, Time elapsed: 0.019 s -- in dev.waterflex.scheduler.MonetaryTest
[INFO] Running dev.waterflex.scheduler.NullabilityTest
20:43:43.818 [main] INFO org.springframework.mock.web.MockServletContext -- Initializing Spring TestDispatcherServlet ''
20:43:43.818 [main] INFO org.springframework.test.web.servlet.TestDispatcherServlet -- Initializing Servlet ''
20:43:43.818 [main] INFO org.springframework.test.web.servlet.TestDispatcherServlet -- Completed initialization in 0 ms
20:43:43.853 [main] WARN org.springframework.web.servlet.mvc.support.DefaultHandlerExceptionResolver -- Resolved [org.springframework.http.converter.HttpMessageNotReadableException: Required request body is missing: public dev.waterflex.scheduler.BookingController$SearchResponse dev.waterflex.scheduler.BookingController.offers(dev.waterflex.scheduler.BookingController$JobRequest)]
20:43:43.855 [main] WARN org.springframework.web.servlet.mvc.support.DefaultHandlerExceptionResolver -- Resolved [org.springframework.http.converter.HttpMessageNotReadableException: JSON parse error: Cannot deserialize value of type `dev.waterflex.scheduler.BookingController$JobRequest` from Array value (token `JsonToken.START_ARRAY`)]
20:43:43.859 [main] WARN org.springframework.web.servlet.mvc.support.DefaultHandlerExceptionResolver -- Resolved [org.springframework.http.converter.HttpMessageNotReadableException: JSON parse error: Unexpected end-of-input: expected close marker for Object (start marker at [Source: REDACTED (`StreamReadFeature.INCLUDE_SOURCE_IN_LOCATION` disabled); byte offset: #UNKNOWN])]
20:43:43.859 [main] WARN org.springframework.web.servlet.mvc.support.DefaultHandlerExceptionResolver -- Resolved [org.springframework.http.converter.HttpMessageNotReadableException: JSON parse error: Cannot construct instance of `dev.waterflex.scheduler.BookingController$JobRequest` (although at least one Creator exists): no boolean/Boolean-argument constructor/factory method to deserialize from boolean value (false)]
20:43:43.861 [main] WARN org.springframework.web.servlet.mvc.support.DefaultHandlerExceptionResolver -- Resolved [org.springframework.http.converter.HttpMessageNotReadableException: JSON parse error: Cannot coerce Integer value (12) to `java.lang.String` value (but could if coercion was enabled using `CoercionConfig`)]
20:43:43.864 [main] WARN org.springframework.web.servlet.mvc.support.DefaultHandlerExceptionResolver -- Resolved [org.springframework.http.converter.HttpMessageNotReadableException: Required request body is missing: public dev.waterflex.scheduler.BookingService$Selection dev.waterflex.scheduler.BookingController.select(dev.waterflex.scheduler.BookingController$SelectRequest)]
20:43:43.865 [main] WARN org.springframework.web.servlet.mvc.support.DefaultHandlerExceptionResolver -- Resolved [org.springframework.http.converter.HttpMessageNotReadableException: JSON parse error: Cannot deserialize value of type `dev.waterflex.scheduler.BookingController$SelectRequest` from Array value (token `JsonToken.START_ARRAY`)]
20:43:43.867 [main] WARN org.springframework.web.servlet.mvc.support.DefaultHandlerExceptionResolver -- Resolved [org.springframework.http.converter.HttpMessageNotReadableException: JSON parse error: Unexpected end-of-input: expected close marker for Object (start marker at [Source: REDACTED (`StreamReadFeature.INCLUDE_SOURCE_IN_LOCATION` disabled); byte offset: #UNKNOWN])]
20:43:43.868 [main] WARN org.springframework.web.servlet.mvc.support.DefaultHandlerExceptionResolver -- Resolved [org.springframework.http.converter.HttpMessageNotReadableException: JSON parse error: Cannot construct instance of `dev.waterflex.scheduler.BookingController$SelectRequest` (although at least one Creator exists): no boolean/Boolean-argument constructor/factory method to deserialize from boolean value (false)]
20:43:43.868 [main] WARN org.springframework.web.servlet.mvc.support.DefaultHandlerExceptionResolver -- Resolved [org.springframework.http.converter.HttpMessageNotReadableException: JSON parse error: Cannot coerce Integer value (12) to `java.lang.String` value (but could if coercion was enabled using `CoercionConfig`)]
20:43:43.870 [main] WARN org.springframework.web.servlet.mvc.support.DefaultHandlerExceptionResolver -- Resolved [org.springframework.http.converter.HttpMessageNotReadableException: Required request body is missing: public dev.waterflex.scheduler.BookingService$Confirmation dev.waterflex.scheduler.BookingController.confirm(dev.waterflex.scheduler.BookingController$ConfirmRequest)]
20:43:43.871 [main] WARN org.springframework.web.servlet.mvc.support.DefaultHandlerExceptionResolver -- Resolved [org.springframework.http.converter.HttpMessageNotReadableException: JSON parse error: Cannot deserialize value of type `dev.waterflex.scheduler.BookingController$ConfirmRequest` from Array value (token `JsonToken.START_ARRAY`)]
20:43:43.872 [main] WARN org.springframework.web.servlet.mvc.support.DefaultHandlerExceptionResolver -- Resolved [org.springframework.http.converter.HttpMessageNotReadableException: JSON parse error: Unexpected end-of-input: expected close marker for Object (start marker at [Source: REDACTED (`StreamReadFeature.INCLUDE_SOURCE_IN_LOCATION` disabled); byte offset: #UNKNOWN])]
20:43:43.872 [main] WARN org.springframework.web.servlet.mvc.support.DefaultHandlerExceptionResolver -- Resolved [org.springframework.http.converter.HttpMessageNotReadableException: JSON parse error: Cannot construct instance of `dev.waterflex.scheduler.BookingController$ConfirmRequest` (although at least one Creator exists): no boolean/Boolean-argument constructor/factory method to deserialize from boolean value (false)]
20:43:43.873 [main] WARN org.springframework.web.servlet.mvc.support.DefaultHandlerExceptionResolver -- Resolved [org.springframework.http.converter.HttpMessageNotReadableException: JSON parse error: Cannot coerce Boolean value (false) to `java.lang.String` value (but could if coercion was enabled using `CoercionConfig`)]
20:43:43.875 [main] WARN org.springframework.web.servlet.mvc.support.DefaultHandlerExceptionResolver -- Resolved [org.springframework.http.converter.HttpMessageNotReadableException: Required request body is missing: public java.util.Map<java.lang.String, java.lang.Object> dev.waterflex.scheduler.BookingController.cancel(dev.waterflex.scheduler.BookingController$CancelRequest)]
20:43:43.875 [main] WARN org.springframework.web.servlet.mvc.support.DefaultHandlerExceptionResolver -- Resolved [org.springframework.http.converter.HttpMessageNotReadableException: JSON parse error: Cannot deserialize value of type `dev.waterflex.scheduler.BookingController$CancelRequest` from Array value (token `JsonToken.START_ARRAY`)]
20:43:43.876 [main] WARN org.springframework.web.servlet.mvc.support.DefaultHandlerExceptionResolver -- Resolved [org.springframework.http.converter.HttpMessageNotReadableException: JSON parse error: Unexpected end-of-input: expected close marker for Object (start marker at [Source: REDACTED (`StreamReadFeature.INCLUDE_SOURCE_IN_LOCATION` disabled); byte offset: #UNKNOWN])]
20:43:43.878 [main] WARN org.springframework.web.servlet.mvc.support.DefaultHandlerExceptionResolver -- Resolved [org.springframework.http.converter.HttpMessageNotReadableException: JSON parse error: Cannot construct instance of `dev.waterflex.scheduler.BookingController$CancelRequest` (although at least one Creator exists): no boolean/Boolean-argument constructor/factory method to deserialize from boolean value (false)]
20:43:43.932 [main] INFO org.springframework.mock.web.MockServletContext -- Initializing Spring TestDispatcherServlet ''
20:43:43.932 [main] INFO org.springframework.test.web.servlet.TestDispatcherServlet -- Initializing Servlet ''
20:43:43.932 [main] INFO org.springframework.test.web.servlet.TestDispatcherServlet -- Completed initialization in 0 ms
20:43:43.954 [main] INFO org.springframework.mock.web.MockServletContext -- Initializing Spring TestDispatcherServlet ''
20:43:43.954 [main] INFO org.springframework.test.web.servlet.TestDispatcherServlet -- Initializing Servlet ''
20:43:43.954 [main] INFO org.springframework.test.web.servlet.TestDispatcherServlet -- Completed initialization in 0 ms
20:43:43.959 [main] WARN org.springframework.web.servlet.mvc.support.DefaultHandlerExceptionResolver -- Resolved [org.springframework.http.converter.HttpMessageNotReadableException: Required request body is missing: public void dev.waterflex.scheduler.optimizer.OptimizationController.preview(dev.waterflex.scheduler.optimizer.OptimizationService$Request,jakarta.servlet.http.HttpServletResponse) throws java.io.IOException]
20:43:43.960 [main] WARN org.springframework.web.servlet.mvc.support.DefaultHandlerExceptionResolver -- Resolved [org.springframework.http.converter.HttpMessageNotReadableException: JSON parse error: Cannot deserialize value of type `dev.waterflex.scheduler.optimizer.OptimizationService$Request` from Array value (token `JsonToken.START_ARRAY`)]
20:43:43.960 [main] WARN org.springframework.web.servlet.mvc.support.DefaultHandlerExceptionResolver -- Resolved [org.springframework.http.converter.HttpMessageNotReadableException: JSON parse error: Unexpected end-of-input: expected close marker for Object (start marker at [Source: REDACTED (`StreamReadFeature.INCLUDE_SOURCE_IN_LOCATION` disabled); byte offset: #UNKNOWN])]
20:43:43.961 [main] WARN org.springframework.web.servlet.mvc.support.DefaultHandlerExceptionResolver -- Resolved [org.springframework.http.converter.HttpMessageNotReadableException: JSON parse error: Cannot construct instance of `dev.waterflex.scheduler.optimizer.OptimizationService$Request` (although at least one Creator exists): no boolean/Boolean-argument constructor/factory method to deserialize from boolean value (false)]
20:43:43.962 [main] WARN org.springframework.web.servlet.mvc.support.DefaultHandlerExceptionResolver -- Resolved [org.springframework.http.converter.HttpMessageNotReadableException: JSON parse error: Cannot construct instance of `dev.waterflex.scheduler.optimizer.OptimizationService$Request` (although at least one Creator exists): no String-argument constructor/factory method to deserialize from String value ('text')]
20:43:43.963 [main] WARN org.springframework.web.servlet.mvc.support.DefaultHandlerExceptionResolver -- Resolved [org.springframework.http.converter.HttpMessageNotReadableException: Required request body is missing: public java.util.Map<java.lang.String, java.lang.Object> dev.waterflex.scheduler.optimizer.OptimizationController.apply(java.lang.String,dev.waterflex.scheduler.RequestChecks$Empty)]
20:43:43.963 [main] WARN org.springframework.web.servlet.mvc.support.DefaultHandlerExceptionResolver -- Resolved [org.springframework.http.converter.HttpMessageNotReadableException: JSON parse error: Cannot deserialize value of type `dev.waterflex.scheduler.RequestChecks$Empty` from Array value (token `JsonToken.START_ARRAY`)]
20:43:43.964 [main] WARN org.springframework.web.servlet.mvc.support.DefaultHandlerExceptionResolver -- Resolved [org.springframework.http.converter.HttpMessageNotReadableException: JSON parse error: Unexpected end-of-input: expected close marker for Object (start marker at [Source: REDACTED (`StreamReadFeature.INCLUDE_SOURCE_IN_LOCATION` disabled); byte offset: #UNKNOWN])]
20:43:43.964 [main] WARN org.springframework.web.servlet.mvc.support.DefaultHandlerExceptionResolver -- Resolved [org.springframework.http.converter.HttpMessageNotReadableException: JSON parse error: Cannot construct instance of `dev.waterflex.scheduler.RequestChecks$Empty` (although at least one Creator exists): no boolean/Boolean-argument constructor/factory method to deserialize from boolean value (false)]
20:43:43.965 [main] WARN org.springframework.web.servlet.mvc.support.DefaultHandlerExceptionResolver -- Resolved [org.springframework.http.converter.HttpMessageNotReadableException: JSON parse error: Cannot construct instance of `dev.waterflex.scheduler.RequestChecks$Empty` (although at least one Creator exists): no String-argument constructor/factory method to deserialize from String value ('text')]
20:43:43.966 [main] WARN org.springframework.web.servlet.mvc.support.DefaultHandlerExceptionResolver -- Resolved [org.springframework.http.converter.HttpMessageNotReadableException: Required request body is missing: public java.util.Map<java.lang.String, java.lang.Object> dev.waterflex.scheduler.TimeOffController.submit(dev.waterflex.scheduler.TimeOffService$Request)]
20:43:43.967 [main] WARN org.springframework.web.servlet.mvc.support.DefaultHandlerExceptionResolver -- Resolved [org.springframework.http.converter.HttpMessageNotReadableException: JSON parse error: Cannot deserialize value of type `dev.waterflex.scheduler.TimeOffService$Request` from Array value (token `JsonToken.START_ARRAY`)]
20:43:43.967 [main] WARN org.springframework.web.servlet.mvc.support.DefaultHandlerExceptionResolver -- Resolved [org.springframework.http.converter.HttpMessageNotReadableException: JSON parse error: Unexpected end-of-input: expected close marker for Object (start marker at [Source: REDACTED (`StreamReadFeature.INCLUDE_SOURCE_IN_LOCATION` disabled); byte offset: #UNKNOWN])]
20:43:43.968 [main] WARN org.springframework.web.servlet.mvc.support.DefaultHandlerExceptionResolver -- Resolved [org.springframework.http.converter.HttpMessageNotReadableException: JSON parse error: Cannot construct instance of `dev.waterflex.scheduler.TimeOffService$Request` (although at least one Creator exists): no boolean/Boolean-argument constructor/factory method to deserialize from boolean value (false)]
20:43:43.968 [main] WARN org.springframework.web.servlet.mvc.support.DefaultHandlerExceptionResolver -- Resolved [org.springframework.http.converter.HttpMessageNotReadableException: JSON parse error: Cannot construct instance of `dev.waterflex.scheduler.TimeOffService$Request` (although at least one Creator exists): no String-argument constructor/factory method to deserialize from String value ('text')]
20:43:43.969 [main] WARN org.springframework.web.servlet.mvc.support.DefaultHandlerExceptionResolver -- Resolved [org.springframework.http.converter.HttpMessageNotReadableException: Required request body is missing: public java.util.Map<java.lang.String, java.lang.Object> dev.waterflex.scheduler.TimeOffController.approve(java.lang.String,dev.waterflex.scheduler.TimeOffController$Approval)]
20:43:43.970 [main] WARN org.springframework.web.servlet.mvc.support.DefaultHandlerExceptionResolver -- Resolved [org.springframework.http.converter.HttpMessageNotReadableException: JSON parse error: Cannot deserialize value of type `dev.waterflex.scheduler.TimeOffController$Approval` from Array value (token `JsonToken.START_ARRAY`)]
20:43:43.970 [main] WARN org.springframework.web.servlet.mvc.support.DefaultHandlerExceptionResolver -- Resolved [org.springframework.http.converter.HttpMessageNotReadableException: JSON parse error: Unexpected end-of-input: expected close marker for Object (start marker at [Source: REDACTED (`StreamReadFeature.INCLUDE_SOURCE_IN_LOCATION` disabled); byte offset: #UNKNOWN])]
20:43:43.970 [main] WARN org.springframework.web.servlet.mvc.support.DefaultHandlerExceptionResolver -- Resolved [org.springframework.http.converter.HttpMessageNotReadableException: JSON parse error: Cannot construct instance of `dev.waterflex.scheduler.TimeOffController$Approval` (although at least one Creator exists): no boolean/Boolean-argument constructor/factory method to deserialize from boolean value (false)]
20:43:43.971 [main] WARN org.springframework.web.servlet.mvc.support.DefaultHandlerExceptionResolver -- Resolved [org.springframework.http.converter.HttpMessageNotReadableException: JSON parse error: Cannot construct instance of `dev.waterflex.scheduler.TimeOffController$Approval` (although at least one Creator exists): no String-argument constructor/factory method to deserialize from String value ('text')]
20:43:43.971 [main] WARN org.springframework.web.servlet.mvc.support.DefaultHandlerExceptionResolver -- Resolved [org.springframework.http.converter.HttpMessageNotReadableException: Required request body is missing: public java.util.Map<java.lang.String, java.lang.Object> dev.waterflex.scheduler.TimeOffController.retry(java.lang.String,dev.waterflex.scheduler.RequestChecks$Empty)]
20:43:43.971 [main] WARN org.springframework.web.servlet.mvc.support.DefaultHandlerExceptionResolver -- Resolved [org.springframework.http.converter.HttpMessageNotReadableException: JSON parse error: Cannot deserialize value of type `dev.waterflex.scheduler.RequestChecks$Empty` from Array value (token `JsonToken.START_ARRAY`)]
20:43:43.972 [main] WARN org.springframework.web.servlet.mvc.support.DefaultHandlerExceptionResolver -- Resolved [org.springframework.http.converter.HttpMessageNotReadableException: JSON parse error: Unexpected end-of-input: expected close marker for Object (start marker at [Source: REDACTED (`StreamReadFeature.INCLUDE_SOURCE_IN_LOCATION` disabled); byte offset: #UNKNOWN])]
20:43:43.973 [main] WARN org.springframework.web.servlet.mvc.support.DefaultHandlerExceptionResolver -- Resolved [org.springframework.http.converter.HttpMessageNotReadableException: JSON parse error: Cannot construct instance of `dev.waterflex.scheduler.RequestChecks$Empty` (although at least one Creator exists): no boolean/Boolean-argument constructor/factory method to deserialize from boolean value (false)]
20:43:43.973 [main] WARN org.springframework.web.servlet.mvc.support.DefaultHandlerExceptionResolver -- Resolved [org.springframework.http.converter.HttpMessageNotReadableException: JSON parse error: Cannot construct instance of `dev.waterflex.scheduler.RequestChecks$Empty` (although at least one Creator exists): no String-argument constructor/factory method to deserialize from String value ('text')]
20:43:43.973 [main] WARN org.springframework.web.servlet.mvc.support.DefaultHandlerExceptionResolver -- Resolved [org.springframework.http.converter.HttpMessageNotReadableException: Required request body is missing: public java.util.Map<java.lang.String, java.lang.Object> dev.waterflex.scheduler.TimeOffController.deny(java.lang.String,dev.waterflex.scheduler.RequestChecks$Empty)]
20:43:43.974 [main] WARN org.springframework.web.servlet.mvc.support.DefaultHandlerExceptionResolver -- Resolved [org.springframework.http.converter.HttpMessageNotReadableException: JSON parse error: Cannot deserialize value of type `dev.waterflex.scheduler.RequestChecks$Empty` from Array value (token `JsonToken.START_ARRAY`)]
20:43:43.974 [main] WARN org.springframework.web.servlet.mvc.support.DefaultHandlerExceptionResolver -- Resolved [org.springframework.http.converter.HttpMessageNotReadableException: JSON parse error: Unexpected end-of-input: expected close marker for Object (start marker at [Source: REDACTED (`StreamReadFeature.INCLUDE_SOURCE_IN_LOCATION` disabled); byte offset: #UNKNOWN])]
20:43:43.975 [main] WARN org.springframework.web.servlet.mvc.support.DefaultHandlerExceptionResolver -- Resolved [org.springframework.http.converter.HttpMessageNotReadableException: JSON parse error: Cannot construct instance of `dev.waterflex.scheduler.RequestChecks$Empty` (although at least one Creator exists): no boolean/Boolean-argument constructor/factory method to deserialize from boolean value (false)]
20:43:43.975 [main] WARN org.springframework.web.servlet.mvc.support.DefaultHandlerExceptionResolver -- Resolved [org.springframework.http.converter.HttpMessageNotReadableException: JSON parse error: Cannot construct instance of `dev.waterflex.scheduler.RequestChecks$Empty` (although at least one Creator exists): no String-argument constructor/factory method to deserialize from String value ('text')]
20:43:43.977 [main] WARN org.springframework.web.servlet.mvc.support.DefaultHandlerExceptionResolver -- Resolved [org.springframework.http.converter.HttpMessageNotReadableException: Required request body is missing: public java.util.Map<java.lang.String, java.lang.Object> dev.waterflex.scheduler.ScheduleGuardController.availability(dev.waterflex.scheduler.ScheduleGuardController$AvailabilityRequest)]
20:43:43.977 [main] WARN org.springframework.web.servlet.mvc.support.DefaultHandlerExceptionResolver -- Resolved [org.springframework.http.converter.HttpMessageNotReadableException: JSON parse error: Cannot deserialize value of type `dev.waterflex.scheduler.ScheduleGuardController$AvailabilityRequest` from Array value (token `JsonToken.START_ARRAY`)]
20:43:43.977 [main] WARN org.springframework.web.servlet.mvc.support.DefaultHandlerExceptionResolver -- Resolved [org.springframework.http.converter.HttpMessageNotReadableException: JSON parse error: Unexpected end-of-input: expected close marker for Object (start marker at [Source: REDACTED (`StreamReadFeature.INCLUDE_SOURCE_IN_LOCATION` disabled); byte offset: #UNKNOWN])]
20:43:43.978 [main] WARN org.springframework.web.servlet.mvc.support.DefaultHandlerExceptionResolver -- Resolved [org.springframework.http.converter.HttpMessageNotReadableException: JSON parse error: Cannot construct instance of `dev.waterflex.scheduler.ScheduleGuardController$AvailabilityRequest` (although at least one Creator exists): no boolean/Boolean-argument constructor/factory method to deserialize from boolean value (false)]
20:43:43.978 [main] WARN org.springframework.web.servlet.mvc.support.DefaultHandlerExceptionResolver -- Resolved [org.springframework.http.converter.HttpMessageNotReadableException: JSON parse error: Cannot construct instance of `dev.waterflex.scheduler.ScheduleGuardController$AvailabilityRequest` (although at least one Creator exists): no String-argument constructor/factory method to deserialize from String value ('text')]
20:43:43.980 [main] WARN org.springframework.web.servlet.mvc.support.DefaultHandlerExceptionResolver -- Resolved [org.springframework.http.converter.HttpMessageNotReadableException: Required request body is missing: public java.util.Map<java.lang.String, java.lang.Object> dev.waterflex.scheduler.ScheduleGuardController.qualification(dev.waterflex.scheduler.ScheduleGuardController$QualificationRequest)]
20:43:43.980 [main] WARN org.springframework.web.servlet.mvc.support.DefaultHandlerExceptionResolver -- Resolved [org.springframework.http.converter.HttpMessageNotReadableException: JSON parse error: Cannot deserialize value of type `dev.waterflex.scheduler.ScheduleGuardController$QualificationRequest` from Array value (token `JsonToken.START_ARRAY`)]
20:43:43.980 [main] WARN org.springframework.web.servlet.mvc.support.DefaultHandlerExceptionResolver -- Resolved [org.springframework.http.converter.HttpMessageNotReadableException: JSON parse error: Unexpected end-of-input: expected close marker for Object (start marker at [Source: REDACTED (`StreamReadFeature.INCLUDE_SOURCE_IN_LOCATION` disabled); byte offset: #UNKNOWN])]
20:43:43.981 [main] WARN org.springframework.web.servlet.mvc.support.DefaultHandlerExceptionResolver -- Resolved [org.springframework.http.converter.HttpMessageNotReadableException: JSON parse error: Cannot construct instance of `dev.waterflex.scheduler.ScheduleGuardController$QualificationRequest` (although at least one Creator exists): no boolean/Boolean-argument constructor/factory method to deserialize from boolean value (false)]
20:43:43.981 [main] WARN org.springframework.web.servlet.mvc.support.DefaultHandlerExceptionResolver -- Resolved [org.springframework.http.converter.HttpMessageNotReadableException: JSON parse error: Cannot construct instance of `dev.waterflex.scheduler.ScheduleGuardController$QualificationRequest` (although at least one Creator exists): no String-argument constructor/factory method to deserialize from String value ('text')]
[INFO] Tests run: 7, Failures: 0, Errors: 0, Skipped: 0, Time elapsed: 0.176 s -- in dev.waterflex.scheduler.NullabilityTest
[INFO] Running dev.waterflex.scheduler.optimizer.AssertionCampaignTest
[WARNING] Tests run: 1, Failures: 0, Errors: 0, Skipped: 1, Time elapsed: 0 s -- in dev.waterflex.scheduler.optimizer.AssertionCampaignTest
[INFO] Running dev.waterflex.scheduler.optimizer.ConstraintRulesTest
[INFO] Tests run: 5, Failures: 0, Errors: 0, Skipped: 0, Time elapsed: 0.067 s -- in dev.waterflex.scheduler.optimizer.ConstraintRulesTest
[INFO] Running dev.waterflex.scheduler.optimizer.DailyConstructionTest
20:43:44.509 [main] INFO ai.timefold.solver.core.impl.solver.DefaultSolver -- Solving started: time spent (8), best score ([0/0/-3/0/0]hard/[0/0]soft), environment mode (FULL_ASSERT), move thread count (NONE), random (seed 17).
20:43:44.509 [main] INFO ai.timefold.solver.core.impl.solver.DefaultSolver -- Problem scale: genuine entity count (2), genuine variable count (2), approximate value count (3), approximate problem scale (60).
20:43:44.541 [main] INFO ai.timefold.solver.core.impl.constructionheuristic.DefaultConstructionHeuristicPhase -- Construction Heuristic phase (0) ended: time spent (40), best score ([0/0/0/0/0]hard/[0/-4500]soft), move evaluation speed (387/sec), step total (3).
20:43:44.752 [main] INFO ai.timefold.solver.core.impl.localsearch.DefaultLocalSearchPhase -- Local Search phase (1) ended: time spent (251), best score ([0/0/0/0/0]hard/[0/-4500]soft), move evaluation speed (1404/sec), step total (1).
20:43:44.753 [main] INFO ai.timefold.solver.core.impl.solver.DefaultSolver -- Solving ended: time spent (251), best score ([0/0/0/0/0]hard/[0/-4500]soft), move evaluation speed (1223/sec), phase total (2), environment mode (FULL_ASSERT), move thread count (NONE).
20:43:44.760 [main] INFO ai.timefold.solver.core.impl.solver.DefaultSolver -- Solving started: time spent (1), best score ([0/0/-2/0/0]hard/[0/-1500]soft), environment mode (FULL_ASSERT), move thread count (NONE), random (seed 17).
20:43:44.760 [main] INFO ai.timefold.solver.core.impl.solver.DefaultSolver -- Problem scale: genuine entity count (2), genuine variable count (2), approximate value count (3), approximate problem scale (60).
20:43:44.764 [main] INFO ai.timefold.solver.core.impl.constructionheuristic.DefaultConstructionHeuristicPhase -- Construction Heuristic phase (0) ended: time spent (5), best score ([0/0/0/0/0]hard/[0/-4500]soft), move evaluation speed (1750/sec), step total (2).
20:43:45.010 [main] INFO ai.timefold.solver.core.impl.localsearch.DefaultLocalSearchPhase -- Local Search phase (1) ended: time spent (251), best score ([0/0/0/0/0]hard/[0/-4500]soft), move evaluation speed (2836/sec), step total (1).
20:43:45.010 [main] INFO ai.timefold.solver.core.impl.solver.DefaultSolver -- Solving ended: time spent (251), best score ([0/0/0/0/0]hard/[0/-4500]soft), move evaluation speed (2796/sec), phase total (2), environment mode (FULL_ASSERT), move thread count (NONE).
20:43:45.061 [main] INFO ai.timefold.solver.core.impl.solver.DefaultSolver -- Solving started: time spent (1), best score ([0/0/-1/0/0]hard/[0/0]soft), environment mode (FULL_ASSERT), move thread count (NONE), random (seed 17).
20:43:45.061 [main] INFO ai.timefold.solver.core.impl.solver.DefaultSolver -- Problem scale: genuine entity count (1), genuine variable count (1), approximate value count (1), approximate problem scale (2).
20:43:45.063 [main] INFO ai.timefold.solver.core.impl.constructionheuristic.DefaultConstructionHeuristicPhase -- Construction Heuristic phase (0) ended: time spent (3), best score ([0/0/-1/0/0]hard/[0/0]soft), move evaluation speed (2000/sec), step total (2).
20:43:45.311 [main] INFO ai.timefold.solver.core.impl.localsearch.DefaultLocalSearchPhase -- Local Search phase (1) ended: time spent (250), best score ([0/0/-1/0/0]hard/[0/0]soft), move evaluation speed (3544/sec), step total (1).
20:43:45.311 [main] INFO ai.timefold.solver.core.impl.solver.DefaultSolver -- Solving ended: time spent (251), best score ([0/0/-1/0/0]hard/[0/0]soft), move evaluation speed (3490/sec), phase total (2), environment mode (FULL_ASSERT), move thread count (NONE).
20:43:45.313 [main] INFO ai.timefold.solver.core.impl.solver.DefaultSolver -- Solving started: time spent (0), best score ([0/0/-1/0/0]hard/[0/0]soft), environment mode (FULL_ASSERT), move thread count (NONE), random (seed 17).
20:43:45.313 [main] INFO ai.timefold.solver.core.impl.solver.DefaultSolver -- Problem scale: genuine entity count (1), genuine variable count (1), approximate value count (1), approximate problem scale (2).
20:43:45.316 [main] INFO ai.timefold.solver.core.impl.constructionheuristic.DefaultConstructionHeuristicPhase -- Construction Heuristic phase (0) ended: time spent (3), best score ([0/0/-1/0/0]hard/[0/0]soft), move evaluation speed (1333/sec), step total (2).
20:43:45.564 [main] INFO ai.timefold.solver.core.impl.localsearch.DefaultLocalSearchPhase -- Local Search phase (1) ended: time spent (251), best score ([0/0/-1/0/0]hard/[0/0]soft), move evaluation speed (4633/sec), step total (3).
20:43:45.564 [main] INFO ai.timefold.solver.core.impl.solver.DefaultSolver -- Solving ended: time spent (251), best score ([0/0/-1/0/0]hard/[0/0]soft), move evaluation speed (4593/sec), phase total (2), environment mode (FULL_ASSERT), move thread count (NONE).
20:43:45.571 [main] INFO ai.timefold.solver.core.impl.solver.DefaultSolver -- Solving started: time spent (1), best score ([0/-1800/0/0/0]hard/[0/-1500]soft), environment mode (FULL_ASSERT), move thread count (NONE), random (seed 17).
20:43:45.571 [main] INFO ai.timefold.solver.core.impl.solver.DefaultSolver -- Problem scale: genuine entity count (1), genuine variable count (1), approximate value count (1), approximate problem scale (2).
20:43:45.820 [main] INFO ai.timefold.solver.core.impl.localsearch.DefaultLocalSearchPhase -- Local Search phase (0) ended: time spent (250), best score ([0/0/-1/0/0]hard/[0/0]soft), move evaluation speed (4955/sec), step total (2).
20:43:45.820 [main] INFO ai.timefold.solver.core.impl.solver.DefaultSolver -- Solving ended: time spent (250), best score ([0/0/-1/0/0]hard/[0/0]soft), move evaluation speed (4936/sec), phase total (1), environment mode (FULL_ASSERT), move thread count (NONE).
20:43:45.822 [main] INFO ai.timefold.solver.core.impl.solver.DefaultSolver -- Solving started: time spent (0), best score ([0/-1800/0/0/0]hard/[0/-1500]soft), environment mode (FULL_ASSERT), move thread count (NONE), random (seed 17).
20:43:45.823 [main] INFO ai.timefold.solver.core.impl.solver.DefaultSolver -- Problem scale: genuine entity count (2), genuine variable count (2), approximate value count (1), approximate problem scale (3).
20:43:46.072 [main] INFO ai.timefold.solver.core.impl.localsearch.DefaultLocalSearchPhase -- Local Search phase (0) ended: time spent (250), best score ([0/0/0/0/0]hard/[0/-1500]soft), move evaluation speed (4642/sec), step total (2).
20:43:46.072 [main] INFO ai.timefold.solver.core.impl.solver.DefaultSolver -- Solving ended: time spent (250), best score ([0/0/0/0/0]hard/[0/-1500]soft), move evaluation speed (4624/sec), phase total (1), environment mode (FULL_ASSERT), move thread count (NONE).
20:43:46.076 [main] INFO ai.timefold.solver.core.impl.solver.DefaultSolver -- Solving started: time spent (1), best score ([0/0/-1/0/0]hard/[0/0]soft), environment mode (FULL_ASSERT), move thread count (NONE), random (seed 17).
20:43:46.076 [main] INFO ai.timefold.solver.core.impl.solver.DefaultSolver -- Problem scale: genuine entity count (1), genuine variable count (1), approximate value count (1), approximate problem scale (2).
20:43:46.079 [main] INFO ai.timefold.solver.core.impl.constructionheuristic.DefaultConstructionHeuristicPhase -- Construction Heuristic phase (0) ended: time spent (4), best score ([0/0/-1/0/0]hard/[0/0]soft), move evaluation speed (1333/sec), step total (2).
20:43:46.325 [main] INFO ai.timefold.solver.core.impl.localsearch.DefaultLocalSearchPhase -- Local Search phase (1) ended: time spent (250), best score ([0/0/-1/0/0]hard/[0/0]soft), move evaluation speed (5195/sec), step total (3).
20:43:46.325 [main] INFO ai.timefold.solver.core.impl.solver.DefaultSolver -- Solving ended: time spent (250), best score ([0/0/-1/0/0]hard/[0/0]soft), move evaluation speed (5128/sec), phase total (2), environment mode (FULL_ASSERT), move thread count (NONE).
20:43:46.327 [main] INFO ai.timefold.solver.core.impl.solver.DefaultSolver -- Solving started: time spent (1), best score ([0/-3601/0/0/0]hard/[0/-1500]soft), environment mode (FULL_ASSERT), move thread count (NONE), random (seed 17).
20:43:46.327 [main] INFO ai.timefold.solver.core.impl.solver.DefaultSolver -- Problem scale: genuine entity count (1), genuine variable count (1), approximate value count (1), approximate problem scale (2).
20:43:46.327 [main] WARN ai.timefold.solver.core.impl.localsearch.DefaultLocalSearchPhase --     No doable selected move at step index (0), time spent (1). Terminating phase early.
20:43:46.328 [main] INFO ai.timefold.solver.core.impl.localsearch.DefaultLocalSearchPhase -- Local Search phase (0) ended: time spent (2), best score ([0/-3601/0/0/0]hard/[0/-1500]soft), move evaluation speed (0/sec), step total (0).
20:43:46.328 [main] INFO ai.timefold.solver.core.impl.solver.DefaultSolver -- Solving ended: time spent (2), best score ([0/-3601/0/0/0]hard/[0/-1500]soft), move evaluation speed (0/sec), phase total (1), environment mode (FULL_ASSERT), move thread count (NONE).
20:43:46.424 [main] INFO ai.timefold.solver.core.impl.solver.DefaultSolver -- Solving started: time spent (1), best score ([0/0/-4/0/0]hard/[0/-3000]soft), environment mode (FULL_ASSERT), move thread count (NONE), random (seed 17).
20:43:46.425 [main] INFO ai.timefold.solver.core.impl.solver.DefaultSolver -- Problem scale: genuine entity count (3), genuine variable count (3), approximate value count (6), approximate problem scale (60,480).
20:43:46.435 [main] INFO ai.timefold.solver.core.impl.constructionheuristic.DefaultConstructionHeuristicPhase -- Construction Heuristic phase (0) ended: time spent (12), best score ([0/0/0/0/0]hard/[0/-9000]soft), move evaluation speed (2600/sec), step total (4).
20:43:46.524 [main] INFO ai.timefold.solver.core.impl.localsearch.DefaultLocalSearchPhase -- Local Search phase (1) ended: time spent (101), best score ([0/0/0/0/0]hard/[0/-9000]soft), move evaluation speed (3651/sec), step total (4).
20:43:46.524 [main] INFO ai.timefold.solver.core.impl.solver.DefaultSolver -- Solving ended: time spent (101), best score ([0/0/0/0/0]hard/[0/-9000]soft), move evaluation speed (3475/sec), phase total (2), environment mode (FULL_ASSERT), move thread count (NONE).
20:43:46.596 [main] INFO ai.timefold.solver.core.impl.solver.DefaultSolver -- Solving started: time spent (1), best score ([0/0/-4/0/0]hard/[0/-3000]soft), environment mode (FULL_ASSERT), move thread count (NONE), random (seed 17).
20:43:46.596 [main] INFO ai.timefold.solver.core.impl.solver.DefaultSolver -- Problem scale: genuine entity count (3), genuine variable count (3), approximate value count (6), approximate problem scale (60,480).
20:43:46.604 [main] INFO ai.timefold.solver.core.impl.constructionheuristic.DefaultConstructionHeuristicPhase -- Construction Heuristic phase (0) ended: time spent (9), best score ([0/0/0/0/0]hard/[0/-9000]soft), move evaluation speed (3250/sec), step total (4).
20:43:46.696 [main] INFO ai.timefold.solver.core.impl.localsearch.DefaultLocalSearchPhase -- Local Search phase (1) ended: time spent (101), best score ([0/0/0/0/0]hard/[0/-9000]soft), move evaluation speed (4173/sec), step total (4).
20:43:46.696 [main] INFO ai.timefold.solver.core.impl.solver.DefaultSolver -- Solving ended: time spent (101), best score ([0/0/0/0/0]hard/[0/-9000]soft), move evaluation speed (4059/sec), phase total (2), environment mode (FULL_ASSERT), move thread count (NONE).
20:43:46.755 [main] INFO ai.timefold.solver.core.impl.solver.DefaultSolver -- Solving started: time spent (1), best score ([0/0/-4/0/0]hard/[0/-3000]soft), environment mode (FULL_ASSERT), move thread count (NONE), random (seed 17).
20:43:46.755 [main] INFO ai.timefold.solver.core.impl.solver.DefaultSolver -- Problem scale: genuine entity count (3), genuine variable count (3), approximate value count (6), approximate problem scale (60,480).
20:43:46.763 [main] INFO ai.timefold.solver.core.impl.constructionheuristic.DefaultConstructionHeuristicPhase -- Construction Heuristic phase (0) ended: time spent (9), best score ([0/0/0/0/0]hard/[0/-9000]soft), move evaluation speed (3250/sec), step total (4).
20:43:46.856 [main] INFO ai.timefold.solver.core.impl.localsearch.DefaultLocalSearchPhase -- Local Search phase (1) ended: time spent (102), best score ([0/0/0/0/0]hard/[0/-9000]soft), move evaluation speed (1505/sec), step total (125).
20:43:46.856 [main] INFO ai.timefold.solver.core.impl.solver.DefaultSolver -- Solving ended: time spent (102), best score ([0/0/0/0/0]hard/[0/-9000]soft), move evaluation speed (1627/sec), phase total (2), environment mode (FULL_ASSERT), move thread count (NONE).
20:43:46.905 [main] INFO ai.timefold.solver.core.impl.solver.DefaultSolver -- Solving started: time spent (0), best score ([0/0/-4/0/0]hard/[0/-3000]soft), environment mode (FULL_ASSERT), move thread count (NONE), random (seed 17).
20:43:46.906 [main] INFO ai.timefold.solver.core.impl.solver.DefaultSolver -- Problem scale: genuine entity count (3), genuine variable count (3), approximate value count (6), approximate problem scale (60,480).
20:43:46.912 [main] INFO ai.timefold.solver.core.impl.constructionheuristic.DefaultConstructionHeuristicPhase -- Construction Heuristic phase (0) ended: time spent (7), best score ([0/0/0/0/0]hard/[0/-9000]soft), move evaluation speed (4333/sec), step total (4).
20:43:47.005 [main] INFO ai.timefold.solver.core.impl.localsearch.DefaultLocalSearchPhase -- Local Search phase (1) ended: time spent (100), best score ([0/0/0/0/0]hard/[0/-9000]soft), move evaluation speed (1571/sec), step total (133).
20:43:47.005 [main] INFO ai.timefold.solver.core.impl.solver.DefaultSolver -- Solving ended: time spent (100), best score ([0/0/0/0/0]hard/[0/-9000]soft), move evaluation speed (1690/sec), phase total (2), environment mode (FULL_ASSERT), move thread count (NONE).
20:43:47.008 [main] INFO ai.timefold.solver.core.impl.solver.DefaultSolver -- Solving started: time spent (0), best score ([0/0/-4/0/0]hard/[0/-3000]soft), environment mode (FULL_ASSERT), move thread count (NONE), random (seed 17).
20:43:47.008 [main] INFO ai.timefold.solver.core.impl.solver.DefaultSolver -- Problem scale: genuine entity count (3), genuine variable count (3), approximate value count (6), approximate problem scale (60,480).
20:43:47.016 [main] INFO ai.timefold.solver.core.impl.constructionheuristic.DefaultConstructionHeuristicPhase -- Construction Heuristic phase (0) ended: time spent (8), best score ([0/0/0/0/0]hard/[0/-9000]soft), move evaluation speed (3250/sec), step total (4).
20:43:47.108 [main] INFO ai.timefold.solver.core.impl.localsearch.DefaultLocalSearchPhase -- Local Search phase (1) ended: time spent (100), best score ([0/0/0/0/0]hard/[0/-9000]soft), move evaluation speed (5423/sec), step total (1).
20:43:47.108 [main] INFO ai.timefold.solver.core.impl.solver.DefaultSolver -- Solving ended: time spent (100), best score ([0/0/0/0/0]hard/[0/-9000]soft), move evaluation speed (5250/sec), phase total (2), environment mode (FULL_ASSERT), move thread count (NONE).
20:43:47.165 [main] INFO ai.timefold.solver.core.impl.solver.DefaultSolver -- Solving started: time spent (1), best score ([0/0/-4/0/0]hard/[0/-3000]soft), environment mode (FULL_ASSERT), move thread count (NONE), random (seed 17).
20:43:47.165 [main] INFO ai.timefold.solver.core.impl.solver.DefaultSolver -- Problem scale: genuine entity count (3), genuine variable count (3), approximate value count (6), approximate problem scale (60,480).
20:43:47.173 [main] INFO ai.timefold.solver.core.impl.constructionheuristic.DefaultConstructionHeuristicPhase -- Construction Heuristic phase (0) ended: time spent (9), best score ([0/0/0/0/0]hard/[0/-9000]soft), move evaluation speed (3250/sec), step total (4).
20:43:47.264 [main] INFO ai.timefold.solver.core.impl.localsearch.DefaultLocalSearchPhase -- Local Search phase (1) ended: time spent (100), best score ([0/0/0/0/0]hard/[0/-9000]soft), move evaluation speed (1483/sec), step total (128).
20:43:47.264 [main] INFO ai.timefold.solver.core.impl.solver.DefaultSolver -- Solving ended: time spent (100), best score ([0/0/0/0/0]hard/[0/-9000]soft), move evaluation speed (1610/sec), phase total (2), environment mode (FULL_ASSERT), move thread count (NONE).
20:43:47.313 [main] INFO ai.timefold.solver.core.impl.solver.DefaultSolver -- Solving started: time spent (0), best score ([0/0/-4/0/0]hard/[0/-3000]soft), environment mode (FULL_ASSERT), move thread count (NONE), random (seed 17).
20:43:47.313 [main] INFO ai.timefold.solver.core.impl.solver.DefaultSolver -- Problem scale: genuine entity count (3), genuine variable count (3), approximate value count (6), approximate problem scale (60,480).
20:43:47.322 [main] INFO ai.timefold.solver.core.impl.constructionheuristic.DefaultConstructionHeuristicPhase -- Construction Heuristic phase (0) ended: time spent (9), best score ([0/0/0/0/0]hard/[0/-9000]soft), move evaluation speed (2888/sec), step total (4).
20:43:47.413 [main] INFO ai.timefold.solver.core.impl.localsearch.DefaultLocalSearchPhase -- Local Search phase (1) ended: time spent (100), best score ([0/0/0/0/0]hard/[0/-9000]soft), move evaluation speed (1384/sec), step total (121).
20:43:47.413 [main] INFO ai.timefold.solver.core.impl.solver.DefaultSolver -- Solving ended: time spent (100), best score ([0/0/0/0/0]hard/[0/-9000]soft), move evaluation speed (1520/sec), phase total (2), environment mode (FULL_ASSERT), move thread count (NONE).
[INFO] Tests run: 9, Failures: 0, Errors: 0, Skipped: 0, Time elapsed: 3.388 s -- in dev.waterflex.scheduler.optimizer.DailyConstructionTest
[INFO] Running dev.waterflex.scheduler.optimizer.DailyDatasetTest
[INFO] Tests run: 10, Failures: 0, Errors: 0, Skipped: 0, Time elapsed: 0.113 s -- in dev.waterflex.scheduler.optimizer.DailyDatasetTest
[INFO] Running dev.waterflex.scheduler.optimizer.DailyOperationTest
20:43:47.559 [daily-b6bc5d40-a010-467e-8c53-542263f3da30] INFO dev.waterflex.scheduler.optimizer.DailyOperation -- Daily operation Receipt[requestId=b6bc5d40-a010-467e-8c53-542263f3da30, outcome=COMPLETED, elapsedMs=1, queueMs=null, searchMs=0, cancellationElapsedMs=null, cleanupOvershootMs=null, phaseCleanupOvershootMs=0, searchOvershootMs=0, lateResult=false]
20:43:48.565 [daily-cf23e1d6-d30a-4c65-b172-1e7cb5576659] INFO dev.waterflex.scheduler.optimizer.DailyOperation -- Daily operation Receipt[requestId=cf23e1d6-d30a-4c65-b172-1e7cb5576659, outcome=FAILED, elapsedMs=0, queueMs=0, searchMs=0, cancellationElapsedMs=null, cleanupOvershootMs=null, phaseCleanupOvershootMs=0, searchOvershootMs=0, lateResult=false]
20:43:48.725 [daily-cancellation] INFO ai.timefold.solver.core.impl.solver.DefaultSolver -- Terminating solver early.
20:43:48.850 [daily-44e60399-467f-4c1e-885f-83ab5e9dace8] INFO ai.timefold.solver.core.impl.solver.DefaultSolver -- Solving started: time spent (1), best score ([0/0/0/0/0]hard/[0/-17241]soft), environment mode (NO_ASSERT), move thread count (NONE), random (seed 17).
20:43:48.850 [daily-44e60399-467f-4c1e-885f-83ab5e9dace8] INFO ai.timefold.solver.core.impl.solver.DefaultSolver -- Problem scale: genuine entity count (3), genuine variable count (3), approximate value count (6), approximate problem scale (60,480).
20:43:50.747 [daily-44e60399-467f-4c1e-885f-83ab5e9dace8] INFO ai.timefold.solver.core.impl.localsearch.DefaultLocalSearchPhase -- Local Search phase (0) ended: time spent (1898), best score ([0/0/0/0/0]hard/[0/-16541]soft), move evaluation speed (285571/sec), step total (56).
20:43:50.747 [daily-44e60399-467f-4c1e-885f-83ab5e9dace8] INFO ai.timefold.solver.core.impl.solver.DefaultSolver -- Solving ended: time spent (1898), best score ([0/0/0/0/0]hard/[0/-16541]soft), move evaluation speed (285421/sec), phase total (1), environment mode (NO_ASSERT), move thread count (NONE).
[INFO] Tests run: 10, Failures: 0, Errors: 0, Skipped: 0, Time elapsed: 3.295 s -- in dev.waterflex.scheduler.optimizer.DailyOperationTest
[INFO] Running dev.waterflex.scheduler.optimizer.DailyPolicyDiagnosticsTest
20:43:50.888 [main] INFO ai.timefold.solver.core.impl.solver.DefaultSolver -- Solving started: time spent (1), best score ([0/0/0/0/0]hard/[0/-4000]soft), environment mode (NO_ASSERT), move thread count (NONE), random (seed 17).
20:43:50.888 [main] INFO ai.timefold.solver.core.impl.solver.DefaultSolver -- Problem scale: genuine entity count (1), genuine variable count (1), approximate value count (2), approximate problem scale (6).
20:43:50.987 [main] INFO ai.timefold.solver.core.impl.localsearch.DefaultLocalSearchPhase -- Local Search phase (0) ended: time spent (100), best score ([0/0/0/0/0]hard/[0/-4000]soft), move evaluation speed (427252/sec), step total (423).
20:43:50.987 [main] INFO ai.timefold.solver.core.impl.solver.DefaultSolver -- Solving ended: time spent (100), best score ([0/0/0/0/0]hard/[0/-4000]soft), move evaluation speed (422980/sec), phase total (1), environment mode (NO_ASSERT), move thread count (NONE).
20:43:51.039 [main] INFO ai.timefold.solver.core.impl.solver.DefaultSolver -- Solving started: time spent (0), best score ([0/0/0/0/0]hard/[-20/-4500]soft), environment mode (NO_ASSERT), move thread count (NONE), random (seed 17).
20:43:51.039 [main] INFO ai.timefold.solver.core.impl.solver.DefaultSolver -- Problem scale: genuine entity count (1), genuine variable count (1), approximate value count (2), approximate problem scale (6).
20:43:51.139 [main] INFO ai.timefold.solver.core.impl.localsearch.DefaultLocalSearchPhase -- Local Search phase (0) ended: time spent (100), best score ([0/0/0/0/0]hard/[-20/-4500]soft), move evaluation speed (300930/sec), step total (301).
20:43:51.139 [main] INFO ai.timefold.solver.core.impl.solver.DefaultSolver -- Solving ended: time spent (100), best score ([0/0/0/0/0]hard/[-20/-4500]soft), move evaluation speed (300930/sec), phase total (1), environment mode (NO_ASSERT), move thread count (NONE).
[INFO] Tests run: 2, Failures: 0, Errors: 0, Skipped: 0, Time elapsed: 0.292 s -- in dev.waterflex.scheduler.optimizer.DailyPolicyDiagnosticsTest
[INFO] Running dev.waterflex.scheduler.optimizer.DailyProposalBoundaryTest
[INFO] Tests run: 1, Failures: 0, Errors: 0, Skipped: 0, Time elapsed: 0.003 s -- in dev.waterflex.scheduler.optimizer.DailyProposalBoundaryTest
[INFO] Running dev.waterflex.scheduler.optimizer.DayConstraintProviderTest
20:43:51.170 [main] INFO ai.timefold.solver.core.impl.solver.DefaultSolver -- Solving started: time spent (1), best score ([0/0/0/0/0]hard/[-0.015625/-6000]soft), environment mode (FULL_ASSERT), move thread count (NONE), random (seed 17).
20:43:51.170 [main] INFO ai.timefold.solver.core.impl.solver.DefaultSolver -- Problem scale: genuine entity count (2), genuine variable count (2), approximate value count (2), approximate problem scale (12).
20:43:52.784 [main] INFO ai.timefold.solver.core.impl.localsearch.DefaultLocalSearchPhase -- Local Search phase (0) ended: time spent (1615), best score ([0/0/0/0/0]hard/[0E-8/-6000]soft), move evaluation speed (6195/sec), step total (100).
20:43:52.784 [main] INFO ai.timefold.solver.core.impl.solver.DefaultSolver -- Solving ended: time spent (1615), best score ([0/0/0/0/0]hard/[0E-8/-6000]soft), move evaluation speed (6191/sec), phase total (1), environment mode (FULL_ASSERT), move thread count (NONE).
20:43:52.805 [main] INFO ai.timefold.solver.core.impl.solver.DefaultSolver -- Solving started: time spent (1), best score ([0/0/0/0/0]hard/[0/-17241]soft), environment mode (FULL_ASSERT), move thread count (NONE), random (seed 17).
20:43:52.805 [main] INFO ai.timefold.solver.core.impl.solver.DefaultSolver -- Problem scale: genuine entity count (3), genuine variable count (3), approximate value count (6), approximate problem scale (60,480).
20:43:54.257 [main] INFO ai.timefold.solver.core.impl.localsearch.DefaultLocalSearchPhase -- Local Search phase (0) ended: time spent (1453), best score ([0/0/0/0/0]hard/[0/-16541]soft), move evaluation speed (6887/sec), step total (100).
20:43:54.257 [main] INFO ai.timefold.solver.core.impl.solver.DefaultSolver -- Solving ended: time spent (1453), best score ([0/0/0/0/0]hard/[0/-16541]soft), move evaluation speed (6882/sec), phase total (1), environment mode (FULL_ASSERT), move thread count (NONE).
20:43:54.277 [main] INFO ai.timefold.solver.core.impl.solver.DefaultSolver -- Solving started: time spent (1), best score ([0/0/0/0/0]hard/[-0.1039943683049779458097038437303088/-16541]soft), environment mode (FULL_ASSERT), move thread count (NONE), random (seed 17).
20:43:54.277 [main] INFO ai.timefold.solver.core.impl.solver.DefaultSolver -- Problem scale: genuine entity count (3), genuine variable count (3), approximate value count (6), approximate problem scale (60,480).
20:43:55.948 [main] INFO ai.timefold.solver.core.impl.localsearch.DefaultLocalSearchPhase -- Local Search phase (0) ended: time spent (1672), best score ([0/0/0/0/0]hard/[-0.1039943683049779458097038437303088/-16541]soft), move evaluation speed (5984/sec), step total (100).
20:43:55.948 [main] INFO ai.timefold.solver.core.impl.solver.DefaultSolver -- Solving ended: time spent (1672), best score ([0/0/0/0/0]hard/[-0.1039943683049779458097038437303088/-16541]soft), move evaluation speed (5980/sec), phase total (1), environment mode (FULL_ASSERT), move thread count (NONE).
20:43:55.970 [main] INFO ai.timefold.solver.core.impl.solver.DefaultSolver -- Solving started: time spent (0), best score ([0/0/0/0/0]hard/[0/-17241]soft), environment mode (FULL_ASSERT), move thread count (NONE), random (seed 17).
20:43:55.970 [main] INFO ai.timefold.solver.core.impl.solver.DefaultSolver -- Problem scale: genuine entity count (3), genuine variable count (3), approximate value count (6), approximate problem scale (60,480).
20:43:57.428 [main] INFO ai.timefold.solver.core.impl.localsearch.DefaultLocalSearchPhase -- Local Search phase (0) ended: time spent (1458), best score ([0/0/0/0/0]hard/[0/-16541]soft), move evaluation speed (6858/sec), step total (100).
20:43:57.428 [main] INFO ai.timefold.solver.core.impl.solver.DefaultSolver -- Solving ended: time spent (1458), best score ([0/0/0/0/0]hard/[0/-16541]soft), move evaluation speed (6858/sec), phase total (1), environment mode (FULL_ASSERT), move thread count (NONE).
20:43:57.451 [main] INFO ai.timefold.solver.core.impl.solver.DefaultSolver -- Solving started: time spent (0), best score ([0/0/0/0/0]hard/[-60/-7500]soft), environment mode (FULL_ASSERT), move thread count (NONE), random (seed 17).
20:43:57.451 [main] INFO ai.timefold.solver.core.impl.solver.DefaultSolver -- Problem scale: genuine entity count (2), genuine variable count (2), approximate value count (2), approximate problem scale (12).
20:43:58.807 [main] INFO ai.timefold.solver.core.impl.localsearch.DefaultLocalSearchPhase -- Local Search phase (0) ended: time spent (1356), best score ([0/0/0/0/0]hard/[0/-6000]soft), move evaluation speed (7374/sec), step total (100).
20:43:58.807 [main] INFO ai.timefold.solver.core.impl.solver.DefaultSolver -- Solving ended: time spent (1356), best score ([0/0/0/0/0]hard/[0/-6000]soft), move evaluation speed (7374/sec), phase total (1), environment mode (FULL_ASSERT), move thread count (NONE).
[INFO] Tests run: 4, Failures: 0, Errors: 0, Skipped: 0, Time elapsed: 7.662 s -- in dev.waterflex.scheduler.optimizer.DayConstraintProviderTest
[INFO] Running dev.waterflex.scheduler.optimizer.OptimizationControllerTest
20:43:58.813 [main] INFO org.springframework.mock.web.MockServletContext -- Initializing Spring TestDispatcherServlet ''
20:43:58.813 [main] INFO org.springframework.test.web.servlet.TestDispatcherServlet -- Initializing Servlet ''
20:43:58.813 [main] INFO org.springframework.test.web.servlet.TestDispatcherServlet -- Completed initialization in 0 ms
20:43:58.826 [main] INFO org.springframework.mock.web.MockServletContext -- Initializing Spring TestDispatcherServlet ''
20:43:58.826 [main] INFO org.springframework.test.web.servlet.TestDispatcherServlet -- Initializing Servlet ''
20:43:58.826 [main] INFO org.springframework.test.web.servlet.TestDispatcherServlet -- Completed initialization in 0 ms
[INFO] Tests run: 2, Failures: 0, Errors: 0, Skipped: 0, Time elapsed: 0.020 s -- in dev.waterflex.scheduler.optimizer.OptimizationControllerTest
[INFO] Running dev.waterflex.scheduler.optimizer.OptimizationServiceTest
20:44:00.838 [daily-6079e116-f839-4ed3-8fdf-671367ca7050] INFO dev.waterflex.scheduler.optimizer.DailyOperation -- Daily operation Receipt[requestId=6079e116-f839-4ed3-8fdf-671367ca7050, outcome=FAILED, elapsedMs=0, queueMs=null, searchMs=0, cancellationElapsedMs=null, cleanupOvershootMs=null, phaseCleanupOvershootMs=0, searchOvershootMs=0, lateResult=false]
[INFO] Tests run: 5, Failures: 0, Errors: 0, Skipped: 0, Time elapsed: 2.012 s -- in dev.waterflex.scheduler.optimizer.OptimizationServiceTest
[INFO] Running dev.waterflex.scheduler.optimizer.PlanFactsTest
[INFO] Tests run: 5, Failures: 0, Errors: 0, Skipped: 0, Time elapsed: 0.005 s -- in dev.waterflex.scheduler.optimizer.PlanFactsTest
[INFO] Running dev.waterflex.scheduler.optimizer.RouteTimelineTest
[INFO] Tests run: 10, Failures: 0, Errors: 0, Skipped: 0, Time elapsed: 0.005 s -- in dev.waterflex.scheduler.optimizer.RouteTimelineTest
[INFO] Running dev.waterflex.scheduler.optimizer.RouteTimingOracleTest
[INFO] Tests run: 1, Failures: 0, Errors: 0, Skipped: 0, Time elapsed: 0.044 s -- in dev.waterflex.scheduler.optimizer.RouteTimingOracleTest
[INFO] Running dev.waterflex.scheduler.optimizer.SchedulingPolicyTest
[INFO] Tests run: 8, Failures: 0, Errors: 0, Skipped: 0, Time elapsed: 0.025 s -- in dev.waterflex.scheduler.optimizer.SchedulingPolicyTest
[INFO] Running dev.waterflex.scheduler.optimizer.SolverBenchmarkTest
[INFO] Tests run: 1, Failures: 0, Errors: 0, Skipped: 0, Time elapsed: 0.003 s -- in dev.waterflex.scheduler.optimizer.SolverBenchmarkTest
[INFO] Running dev.waterflex.scheduler.optimizer.SolverEngineTest
20:44:00.947 [pool-3-thread-2] INFO ai.timefold.solver.core.impl.solver.DefaultSolver -- Solving started: time spent (0), best score ([0/0/0/0/0]hard/[0/-17241]soft), environment mode (NO_ASSERT), move thread count (NONE), random (seed 17).
20:44:00.947 [pool-3-thread-2] INFO ai.timefold.solver.core.impl.solver.DefaultSolver -- Problem scale: genuine entity count (3), genuine variable count (3), approximate value count (6), approximate problem scale (60,480).
20:44:00.948 [pool-3-thread-1] WARN io.micrometer.core.instrument.MeterRegistry -- This Gauge has been already registered (MeterId{name='timefold.solver.score.calculation.count', tags=[]}), the registration will be ignored. Note that subsequent logs will be logged at debug level.
20:44:00.948 [pool-3-thread-1] INFO ai.timefold.solver.core.impl.solver.DefaultSolver -- Solving started: time spent (1), best score ([0/0/0/0/0]hard/[0/-17241]soft), environment mode (NO_ASSERT), move thread count (NONE), random (seed 17).
20:44:00.948 [pool-3-thread-1] INFO ai.timefold.solver.core.impl.solver.DefaultSolver -- Problem scale: genuine entity count (3), genuine variable count (3), approximate value count (6), approximate problem scale (60,480).
20:44:01.097 [pool-3-thread-2] INFO ai.timefold.solver.core.impl.localsearch.DefaultLocalSearchPhase -- Local Search phase (0) ended: time spent (150), best score ([0/0/0/0/0]hard/[0/-16541]soft), move evaluation speed (85020/sec), step total (128).
20:44:01.097 [pool-3-thread-1] INFO ai.timefold.solver.core.impl.localsearch.DefaultLocalSearchPhase -- Local Search phase (0) ended: time spent (150), best score ([0/0/0/0/0]hard/[0/-16541]soft), move evaluation speed (87724/sec), step total (131).
20:44:01.097 [pool-3-thread-2] INFO ai.timefold.solver.core.impl.solver.DefaultSolver -- Solving ended: time spent (150), best score ([0/0/0/0/0]hard/[0/-16541]soft), move evaluation speed (85020/sec), phase total (1), environment mode (NO_ASSERT), move thread count (NONE).
20:44:01.097 [pool-3-thread-1] INFO ai.timefold.solver.core.impl.solver.DefaultSolver -- Solving ended: time spent (150), best score ([0/0/0/0/0]hard/[0/-16541]soft), move evaluation speed (87140/sec), phase total (1), environment mode (NO_ASSERT), move thread count (NONE).
20:44:01.101 [main] INFO ai.timefold.solver.core.impl.solver.DefaultSolver -- Solving started: time spent (0), best score ([0/0/0/0/0]hard/[0/-17241]soft), environment mode (NO_ASSERT), move thread count (NONE), random (seed 17).
20:44:01.101 [main] INFO ai.timefold.solver.core.impl.solver.DefaultSolver -- Problem scale: genuine entity count (3), genuine variable count (3), approximate value count (6), approximate problem scale (60,480).
20:44:01.478 [main] INFO ai.timefold.solver.core.impl.localsearch.DefaultLocalSearchPhase -- Local Search phase (0) ended: time spent (377), best score ([0/0/0/0/0]hard/[0/-16541]soft), move evaluation speed (265251/sec), step total (1000).
20:44:01.478 [main] INFO ai.timefold.solver.core.impl.solver.DefaultSolver -- Solving ended: time spent (377), best score ([0/0/0/0/0]hard/[0/-16541]soft), move evaluation speed (265251/sec), phase total (1), environment mode (NO_ASSERT), move thread count (NONE).
20:44:01.482 [main] INFO ai.timefold.solver.core.impl.solver.DefaultSolver -- Solving started: time spent (1), best score ([0/0/0/0/0]hard/[0/-17241]soft), environment mode (NO_ASSERT), move thread count (NONE), random (seed 17).
20:44:01.482 [main] INFO ai.timefold.solver.core.impl.solver.DefaultSolver -- Problem scale: genuine entity count (3), genuine variable count (3), approximate value count (6), approximate problem scale (60,480).
20:44:01.820 [main] INFO ai.timefold.solver.core.impl.localsearch.DefaultLocalSearchPhase -- Local Search phase (0) ended: time spent (339), best score ([0/0/0/0/0]hard/[0/-16541]soft), move evaluation speed (295857/sec), step total (1000).
20:44:01.820 [main] INFO ai.timefold.solver.core.impl.solver.DefaultSolver -- Solving ended: time spent (339), best score ([0/0/0/0/0]hard/[0/-16541]soft), move evaluation speed (294985/sec), phase total (1), environment mode (NO_ASSERT), move thread count (NONE).
20:44:01.821 [main] INFO ai.timefold.solver.core.impl.solver.DefaultSolver -- Solving started: time spent (0), best score ([0/0/0/0/0]hard/[0/-17241]soft), environment mode (NO_ASSERT), move thread count (NONE), random (seed 17).
20:44:01.821 [main] INFO ai.timefold.solver.core.impl.solver.DefaultSolver -- Problem scale: genuine entity count (3), genuine variable count (3), approximate value count (6), approximate problem scale (60,480).
20:44:01.921 [main] INFO ai.timefold.solver.core.impl.localsearch.DefaultLocalSearchPhase -- Local Search phase (0) ended: time spent (100), best score ([0/0/0/0/0]hard/[0/-16541]soft), move evaluation speed (312350/sec), step total (313).
20:44:01.921 [main] INFO ai.timefold.solver.core.impl.solver.DefaultSolver -- Solving ended: time spent (100), best score ([0/0/0/0/0]hard/[0/-16541]soft), move evaluation speed (312350/sec), phase total (1), environment mode (NO_ASSERT), move thread count (NONE).
20:44:01.927 [main] INFO ai.timefold.solver.core.impl.solver.DefaultSolver -- Solving started: time spent (1), best score ([0/0/0/0/0]hard/[0/-17241]soft), environment mode (NO_ASSERT), move thread count (NONE), random (seed 17).
20:44:01.927 [main] INFO ai.timefold.solver.core.impl.solver.DefaultSolver -- Problem scale: genuine entity count (3), genuine variable count (3), approximate value count (6), approximate problem scale (60,480).
20:44:02.026 [main] INFO ai.timefold.solver.core.impl.localsearch.DefaultLocalSearchPhase -- Local Search phase (0) ended: time spent (100), best score ([0/0/0/0/0]hard/[0/-16541]soft), move evaluation speed (295787/sec), step total (4).
20:44:02.026 [main] INFO ai.timefold.solver.core.impl.solver.DefaultSolver -- Solving ended: time spent (100), best score ([0/0/0/0/0]hard/[0/-16541]soft), move evaluation speed (292830/sec), phase total (1), environment mode (NO_ASSERT), move thread count (NONE).
20:44:02.028 [main] INFO ai.timefold.solver.core.impl.solver.DefaultSolver -- Solving started: time spent (0), best score ([0/0/0/0/0]hard/[0/-17241]soft), environment mode (NO_ASSERT), move thread count (NONE), random (seed 17).
20:44:02.028 [main] INFO ai.timefold.solver.core.impl.solver.DefaultSolver -- Problem scale: genuine entity count (3), genuine variable count (3), approximate value count (6), approximate problem scale (60,480).
20:44:02.128 [main] INFO ai.timefold.solver.core.impl.localsearch.DefaultLocalSearchPhase -- Local Search phase (0) ended: time spent (100), best score ([0/0/0/0/0]hard/[0/-16541]soft), move evaluation speed (334220/sec), step total (5).
20:44:02.129 [main] INFO ai.timefold.solver.core.impl.solver.DefaultSolver -- Solving ended: time spent (100), best score ([0/0/0/0/0]hard/[0/-16541]soft), move evaluation speed (334220/sec), phase total (1), environment mode (NO_ASSERT), move thread count (NONE).
20:44:02.131 [main] INFO ai.timefold.solver.core.impl.solver.DefaultSolver -- Solving started: time spent (1), best score ([0/0/0/0/0]hard/[0/-17241]soft), environment mode (NO_ASSERT), move thread count (NONE), random (seed 17).
20:44:02.131 [main] INFO ai.timefold.solver.core.impl.solver.DefaultSolver -- Problem scale: genuine entity count (3), genuine variable count (3), approximate value count (6), approximate problem scale (60,480).
20:44:02.230 [main] INFO ai.timefold.solver.core.impl.localsearch.DefaultLocalSearchPhase -- Local Search phase (0) ended: time spent (100), best score ([0/0/0/0/0]hard/[0/-16541]soft), move evaluation speed (325673/sec), step total (5).
20:44:02.230 [main] INFO ai.timefold.solver.core.impl.solver.DefaultSolver -- Solving ended: time spent (100), best score ([0/0/0/0/0]hard/[0/-16541]soft), move evaluation speed (319160/sec), phase total (1), environment mode (NO_ASSERT), move thread count (NONE).
20:44:02.231 [main] INFO ai.timefold.solver.core.impl.solver.DefaultSolver -- Solving started: time spent (0), best score ([0/0/0/0/0]hard/[0/-17241]soft), environment mode (NO_ASSERT), move thread count (NONE), random (seed 17).
20:44:02.231 [main] INFO ai.timefold.solver.core.impl.solver.DefaultSolver -- Problem scale: genuine entity count (3), genuine variable count (3), approximate value count (6), approximate problem scale (60,480).
20:44:02.331 [main] INFO ai.timefold.solver.core.impl.localsearch.DefaultLocalSearchPhase -- Local Search phase (0) ended: time spent (100), best score ([0/0/0/0/0]hard/[0/-16541]soft), move evaluation speed (323040/sec), step total (5).
20:44:02.331 [main] INFO ai.timefold.solver.core.impl.solver.DefaultSolver -- Solving ended: time spent (100), best score ([0/0/0/0/0]hard/[0/-16541]soft), move evaluation speed (323040/sec), phase total (1), environment mode (NO_ASSERT), move thread count (NONE).
20:44:02.334 [main] INFO ai.timefold.solver.core.impl.solver.DefaultSolver -- Solving started: time spent (0), best score ([0/0/0/0/0]hard/[0/-17241]soft), environment mode (NO_ASSERT), move thread count (NONE), random (seed 17).
20:44:02.334 [main] INFO ai.timefold.solver.core.impl.solver.DefaultSolver -- Problem scale: genuine entity count (3), genuine variable count (3), approximate value count (6), approximate problem scale (60,480).
20:44:02.434 [main] INFO ai.timefold.solver.core.impl.localsearch.DefaultLocalSearchPhase -- Local Search phase (0) ended: time spent (100), best score ([0/0/0/0/0]hard/[0/-16541]soft), move evaluation speed (317830/sec), step total (5).
20:44:02.434 [main] INFO ai.timefold.solver.core.impl.solver.DefaultSolver -- Solving ended: time spent (100), best score ([0/0/0/0/0]hard/[0/-16541]soft), move evaluation speed (317830/sec), phase total (1), environment mode (NO_ASSERT), move thread count (NONE).
[INFO] Tests run: 6, Failures: 0, Errors: 0, Skipped: 0, Time elapsed: 1.584 s -- in dev.waterflex.scheduler.optimizer.SolverEngineTest
[INFO] Running dev.waterflex.scheduler.optimizer.SolverExperimentTest
20:44:03.647 [main] INFO ai.timefold.solver.core.impl.solver.DefaultSolver -- Solving started: time spent (1), best score ([0/0/0/0/0]hard/[0/-17241]soft), environment mode (FULL_ASSERT), move thread count (NONE), random (seed 17).
20:44:03.647 [main] INFO ai.timefold.solver.core.impl.solver.DefaultSolver -- Problem scale: genuine entity count (3), genuine variable count (3), approximate value count (6), approximate problem scale (60,480).
20:44:03.746 [main] INFO ai.timefold.solver.core.impl.localsearch.DefaultLocalSearchPhase -- Local Search phase (0) ended: time spent (100), best score ([0/0/0/0/0]hard/[0/-16541]soft), move evaluation speed (6040/sec), step total (6).
20:44:03.746 [main] INFO ai.timefold.solver.core.impl.solver.DefaultSolver -- Solving ended: time spent (100), best score ([0/0/0/0/0]hard/[0/-16541]soft), move evaluation speed (5980/sec), phase total (1), environment mode (FULL_ASSERT), move thread count (NONE).
20:44:03.750 [main] INFO ai.timefold.solver.core.impl.solver.DefaultSolver -- Solving started: time spent (1), best score ([0/0/0/0/0]hard/[0/-17241]soft), environment mode (FULL_ASSERT), move thread count (NONE), random (seed 17).
20:44:03.750 [main] INFO ai.timefold.solver.core.impl.solver.DefaultSolver -- Problem scale: genuine entity count (3), genuine variable count (3), approximate value count (6), approximate problem scale (60,480).
20:44:03.849 [main] INFO ai.timefold.solver.core.impl.localsearch.DefaultLocalSearchPhase -- Local Search phase (0) ended: time spent (100), best score ([0/0/0/0/0]hard/[0/-16541]soft), move evaluation speed (6131/sec), step total (7).
20:44:03.849 [main] INFO ai.timefold.solver.core.impl.solver.DefaultSolver -- Solving ended: time spent (100), best score ([0/0/0/0/0]hard/[0/-16541]soft), move evaluation speed (6070/sec), phase total (1), environment mode (FULL_ASSERT), move thread count (NONE).
20:44:03.852 [main] INFO ai.timefold.solver.core.impl.solver.DefaultSolver -- Solving started: time spent (0), best score ([0/0/0/0/0]hard/[0/-17241]soft), environment mode (FULL_ASSERT), move thread count (NONE), random (seed 17).
20:44:03.853 [main] INFO ai.timefold.solver.core.impl.solver.DefaultSolver -- Problem scale: genuine entity count (3), genuine variable count (3), approximate value count (6), approximate problem scale (60,480).
20:44:03.952 [main] INFO ai.timefold.solver.core.impl.localsearch.DefaultLocalSearchPhase -- Local Search phase (0) ended: time spent (100), best score ([0/0/0/0/0]hard/[0/-16541]soft), move evaluation speed (4555/sec), step total (79).
20:44:03.952 [main] INFO ai.timefold.solver.core.impl.solver.DefaultSolver -- Solving ended: time spent (100), best score ([0/0/0/0/0]hard/[0/-16541]soft), move evaluation speed (4510/sec), phase total (1), environment mode (FULL_ASSERT), move thread count (NONE).
20:44:03.955 [main] INFO ai.timefold.solver.core.impl.solver.DefaultSolver -- Solving started: time spent (0), best score ([0/0/0/0/0]hard/[0/-17241]soft), environment mode (FULL_ASSERT), move thread count (NONE), random (seed 17).
20:44:03.956 [main] INFO ai.timefold.solver.core.impl.solver.DefaultSolver -- Problem scale: genuine entity count (3), genuine variable count (3), approximate value count (6), approximate problem scale (60,480).
20:44:04.055 [main] INFO ai.timefold.solver.core.impl.localsearch.DefaultLocalSearchPhase -- Local Search phase (0) ended: time spent (100), best score ([0/0/0/0/0]hard/[0/-16541]soft), move evaluation speed (4171/sec), step total (91).
20:44:04.055 [main] INFO ai.timefold.solver.core.impl.solver.DefaultSolver -- Solving ended: time spent (100), best score ([0/0/0/0/0]hard/[0/-16541]soft), move evaluation speed (4130/sec), phase total (1), environment mode (FULL_ASSERT), move thread count (NONE).
20:44:04.057 [main] INFO ai.timefold.solver.core.impl.solver.DefaultSolver -- Solving started: time spent (1), best score ([0/0/0/0/0]hard/[0/-17241]soft), environment mode (FULL_ASSERT), move thread count (NONE), random (seed 17).
20:44:04.057 [main] INFO ai.timefold.solver.core.impl.solver.DefaultSolver -- Problem scale: genuine entity count (3), genuine variable count (3), approximate value count (6), approximate problem scale (60,480).
20:44:04.156 [main] INFO ai.timefold.solver.core.impl.localsearch.DefaultLocalSearchPhase -- Local Search phase (0) ended: time spent (100), best score ([0/0/0/0/0]hard/[0/-16691]soft), move evaluation speed (6191/sec), step total (1).
20:44:04.156 [main] INFO ai.timefold.solver.core.impl.solver.DefaultSolver -- Solving ended: time spent (100), best score ([0/0/0/0/0]hard/[0/-16691]soft), move evaluation speed (6130/sec), phase total (1), environment mode (FULL_ASSERT), move thread count (NONE).
20:44:04.160 [main] INFO ai.timefold.solver.core.impl.solver.DefaultSolver -- Solving started: time spent (0), best score ([0/0/0/0/0]hard/[0/-17241]soft), environment mode (FULL_ASSERT), move thread count (NONE), random (seed 17).
20:44:04.160 [main] INFO ai.timefold.solver.core.impl.solver.DefaultSolver -- Problem scale: genuine entity count (3), genuine variable count (3), approximate value count (6), approximate problem scale (60,480).
20:44:04.260 [main] INFO ai.timefold.solver.core.impl.localsearch.DefaultLocalSearchPhase -- Local Search phase (0) ended: time spent (100), best score ([0/0/0/0/0]hard/[0/-16541]soft), move evaluation speed (3980/sec), step total (60).
20:44:04.260 [main] INFO ai.timefold.solver.core.impl.solver.DefaultSolver -- Solving ended: time spent (100), best score ([0/0/0/0/0]hard/[0/-16541]soft), move evaluation speed (3980/sec), phase total (1), environment mode (FULL_ASSERT), move thread count (NONE).
20:44:04.270 [main] INFO ai.timefold.solver.core.impl.solver.DefaultSolver -- Solving started: time spent (0), best score ([0/0/0/0/0]hard/[0/-17241]soft), environment mode (FULL_ASSERT), move thread count (NONE), random (seed 17).
20:44:04.270 [main] INFO ai.timefold.solver.core.impl.solver.DefaultSolver -- Problem scale: genuine entity count (3), genuine variable count (3), approximate value count (6), approximate problem scale (60,480).
20:44:04.370 [main] INFO ai.timefold.solver.core.impl.localsearch.DefaultLocalSearchPhase -- Local Search phase (0) ended: time spent (100), best score ([0/0/0/0/0]hard/[0/-16541]soft), move evaluation speed (4570/sec), step total (78).
20:44:04.370 [main] INFO ai.timefold.solver.core.impl.solver.DefaultSolver -- Solving ended: time spent (100), best score ([0/0/0/0/0]hard/[0/-16541]soft), move evaluation speed (4570/sec), phase total (1), environment mode (FULL_ASSERT), move thread count (NONE).
20:44:04.376 [main] INFO ai.timefold.solver.core.impl.solver.DefaultSolver -- Solving started: time spent (0), best score ([0/0/0/0/0]hard/[0/-17241]soft), environment mode (FULL_ASSERT), move thread count (NONE), random (seed 17).
20:44:04.376 [main] INFO ai.timefold.solver.core.impl.solver.DefaultSolver -- Problem scale: genuine entity count (3), genuine variable count (3), approximate value count (6), approximate problem scale (60,480).
20:44:04.476 [main] INFO ai.timefold.solver.core.impl.localsearch.DefaultLocalSearchPhase -- Local Search phase (0) ended: time spent (100), best score ([0/0/0/0/0]hard/[0/-16541]soft), move evaluation speed (3720/sec), step total (57).
20:44:04.476 [main] INFO ai.timefold.solver.core.impl.solver.DefaultSolver -- Solving ended: time spent (100), best score ([0/0/0/0/0]hard/[0/-16541]soft), move evaluation speed (3720/sec), phase total (1), environment mode (FULL_ASSERT), move thread count (NONE).
20:44:04.478 [main] INFO ai.timefold.solver.core.impl.solver.DefaultSolver -- Solving started: time spent (0), best score ([0/0/0/0/0]hard/[0/-17241]soft), environment mode (NO_ASSERT), move thread count (NONE), random (seed 17).
20:44:04.478 [main] INFO ai.timefold.solver.core.impl.solver.DefaultSolver -- Problem scale: genuine entity count (3), genuine variable count (3), approximate value count (6), approximate problem scale (60,480).
20:44:04.578 [main] INFO ai.timefold.solver.core.impl.localsearch.DefaultLocalSearchPhase -- Local Search phase (0) ended: time spent (100), best score ([0/0/0/0/0]hard/[0/-16541]soft), move evaluation speed (230900/sec), step total (231).
20:44:04.578 [main] INFO ai.timefold.solver.core.impl.solver.DefaultSolver -- Solving ended: time spent (100), best score ([0/0/0/0/0]hard/[0/-16541]soft), move evaluation speed (230900/sec), phase total (1), environment mode (NO_ASSERT), move thread count (NONE).
20:44:04.584 [main] INFO ai.timefold.solver.core.impl.solver.DefaultSolver -- Solving started: time spent (2), best score ([0/0/0/0/0]hard/[0/-17241]soft), environment mode (NO_ASSERT), move thread count (NONE), random (seed 17).
20:44:04.584 [main] INFO ai.timefold.solver.core.impl.solver.DefaultSolver -- Problem scale: genuine entity count (3), genuine variable count (3), approximate value count (6), approximate problem scale (60,480).
20:44:04.962 [main] INFO ai.timefold.solver.core.impl.localsearch.DefaultLocalSearchPhase -- Local Search phase (0) ended: time spent (380), best score ([0/0/0/0/0]hard/[0/-16541]soft), move evaluation speed (264550/sec), step total (1000).
20:44:04.962 [main] INFO ai.timefold.solver.core.impl.solver.DefaultSolver -- Solving ended: time spent (380), best score ([0/0/0/0/0]hard/[0/-16541]soft), move evaluation speed (263157/sec), phase total (1), environment mode (NO_ASSERT), move thread count (NONE).
[INFO] Tests run: 4, Failures: 0, Errors: 0, Skipped: 0, Time elapsed: 2.454 s -- in dev.waterflex.scheduler.optimizer.SolverExperimentTest
[INFO] Running dev.waterflex.scheduler.optimizer.TimefoldAuditEvidenceTest
20:44:04.971 [main] INFO ai.timefold.solver.core.impl.solver.DefaultSolver -- Solving started: time spent (1), best score ([0/0/-1/0/0]hard/[0/0]soft), environment mode (NO_ASSERT), move thread count (NONE), random (seed 17).
20:44:04.971 [main] INFO ai.timefold.solver.core.impl.solver.DefaultSolver -- Problem scale: genuine entity count (1), genuine variable count (1), approximate value count (1), approximate problem scale (2).
20:44:04.972 [main] INFO ai.timefold.solver.core.impl.constructionheuristic.DefaultConstructionHeuristicPhase -- Construction Heuristic phase (0) ended: time spent (2), best score ([0/0/0/0/0]hard/[0/-3000]soft), move evaluation speed (2000/sec), step total (1).
20:44:05.170 [main] INFO ai.timefold.solver.core.impl.localsearch.DefaultLocalSearchPhase -- Local Search phase (1) ended: time spent (200), best score ([0/0/0/0/0]hard/[0/-3000]soft), move evaluation speed (479429/sec), step total (52).
20:44:05.170 [main] INFO ai.timefold.solver.core.impl.solver.DefaultSolver -- Solving ended: time spent (200), best score ([0/0/0/0/0]hard/[0/-3000]soft), move evaluation speed (474645/sec), phase total (2), environment mode (NO_ASSERT), move thread count (NONE).
[INFO] Tests run: 7, Failures: 0, Errors: 0, Skipped: 0, Time elapsed: 0.208 s -- in dev.waterflex.scheduler.optimizer.TimefoldAuditEvidenceTest
[INFO] Running dev.waterflex.scheduler.optimizer.TravelBreakdownTest
[INFO] Tests run: 3, Failures: 0, Errors: 0, Skipped: 0, Time elapsed: 0.002 s -- in dev.waterflex.scheduler.optimizer.TravelBreakdownTest
[INFO] Running dev.waterflex.scheduler.PurgeRoutesControllerTest
[INFO] Tests run: 1, Failures: 0, Errors: 0, Skipped: 0, Time elapsed: 0.019 s -- in dev.waterflex.scheduler.PurgeRoutesControllerTest
[INFO] Running dev.waterflex.scheduler.ReservationDeletionTest
[INFO] Tests run: 1, Failures: 0, Errors: 0, Skipped: 0, Time elapsed: 0.003 s -- in dev.waterflex.scheduler.ReservationDeletionTest
[INFO] Running dev.waterflex.scheduler.ReservationStateTest
[INFO] Tests run: 4, Failures: 0, Errors: 0, Skipped: 0, Time elapsed: 0.010 s -- in dev.waterflex.scheduler.ReservationStateTest
[INFO] Running dev.waterflex.scheduler.ReservedOvertimeTest
20:44:05.212 [main] INFO dev.waterflex.scheduler.BookingOfferLimit -- Booking offer limit: 1
[INFO] Tests run: 2, Failures: 0, Errors: 0, Skipped: 0, Time elapsed: 0.004 s -- in dev.waterflex.scheduler.ReservedOvertimeTest
[INFO] Running dev.waterflex.scheduler.RoadClientTest
[INFO] Tests run: 4, Failures: 0, Errors: 0, Skipped: 0, Time elapsed: 0.516 s -- in dev.waterflex.scheduler.RoadClientTest
[INFO] Running dev.waterflex.scheduler.RoadPrewarmingTest
[INFO] Tests run: 4, Failures: 0, Errors: 0, Skipped: 0, Time elapsed: 0.009 s -- in dev.waterflex.scheduler.RoadPrewarmingTest
[INFO] Running dev.waterflex.scheduler.RouteEndpointsTest
[INFO] Tests run: 2, Failures: 0, Errors: 0, Skipped: 0, Time elapsed: 0.002 s -- in dev.waterflex.scheduler.RouteEndpointsTest
[INFO] Running dev.waterflex.scheduler.RoutingFailureAdviceTest
20:44:05.748 [main] INFO org.springframework.mock.web.MockServletContext -- Initializing Spring TestDispatcherServlet ''
20:44:05.748 [main] INFO org.springframework.test.web.servlet.TestDispatcherServlet -- Initializing Servlet ''
20:44:05.748 [main] INFO org.springframework.test.web.servlet.TestDispatcherServlet -- Completed initialization in 0 ms
20:44:05.748 [main] WARN dev.waterflex.scheduler.RoutingFailureAdvice -- Operator road routing unavailable
dev.waterflex.scheduler.RoadClient$RoadUnavailable: fixture routing unavailable
	at dev.waterflex.scheduler.RoutingFailureAdviceTest$Endpoint.operation(RoutingFailureAdviceTest.java:12)
	at java.base/jdk.internal.reflect.DirectMethodHandleAccessor.invoke(DirectMethodHandleAccessor.java:104)
	at java.base/java.lang.reflect.Method.invoke(Method.java:565)
	at org.springframework.web.method.support.InvocableHandlerMethod.doInvoke(InvocableHandlerMethod.java:252)
	at org.springframework.web.method.support.InvocableHandlerMethod.invokeForRequest(InvocableHandlerMethod.java:184)
	at org.springframework.web.servlet.mvc.method.annotation.ServletInvocableHandlerMethod.invokeAndHandle(ServletInvocableHandlerMethod.java:117)
	at org.springframework.web.servlet.mvc.method.annotation.RequestMappingHandlerAdapter.invokeHandlerMethod(RequestMappingHandlerAdapter.java:934)
	at org.springframework.web.servlet.mvc.method.annotation.RequestMappingHandlerAdapter.handleInternal(RequestMappingHandlerAdapter.java:853)
	at org.springframework.web.servlet.mvc.method.AbstractHandlerMethodAdapter.handle(AbstractHandlerMethodAdapter.java:86)
	at org.springframework.web.servlet.DispatcherServlet.doDispatch(DispatcherServlet.java:963)
	at org.springframework.web.servlet.DispatcherServlet.doService(DispatcherServlet.java:866)
	at org.springframework.web.servlet.FrameworkServlet.processRequest(FrameworkServlet.java:1000)
	at org.springframework.web.servlet.FrameworkServlet.doGet(FrameworkServlet.java:892)
	at jakarta.servlet.http.HttpServlet.service(HttpServlet.java:622)
	at org.springframework.web.servlet.FrameworkServlet.service(FrameworkServlet.java:874)
	at org.springframework.test.web.servlet.TestDispatcherServlet.service(TestDispatcherServlet.java:72)
	at jakarta.servlet.http.HttpServlet.service(HttpServlet.java:710)
	at org.springframework.mock.web.MockFilterChain$ServletFilterProxy.doFilter(MockFilterChain.java:160)
	at org.springframework.mock.web.MockFilterChain.doFilter(MockFilterChain.java:127)
	at org.springframework.test.web.servlet.MockMvc.perform(MockMvc.java:199)
	at dev.waterflex.scheduler.RoutingFailureAdviceTest.operatorFailureIsExplicitAndRetryable(RoutingFailureAdviceTest.java:16)
	at java.base/jdk.internal.reflect.DirectMethodHandleAccessor.invoke(DirectMethodHandleAccessor.java:104)
	at java.base/java.lang.reflect.Method.invoke(Method.java:565)
	at org.junit.platform.commons.util.ReflectionUtils.invokeMethod(ReflectionUtils.java:701)
	at org.junit.platform.commons.support.ReflectionSupport.invokeMethod(ReflectionSupport.java:502)
	at org.junit.jupiter.engine.support.MethodReflectionUtils.invoke(MethodReflectionUtils.java:45)
	at org.junit.jupiter.engine.execution.MethodInvocation.proceed(MethodInvocation.java:61)
	at org.junit.jupiter.engine.execution.InvocationInterceptorChain$ValidatingInvocation.proceed(InvocationInterceptorChain.java:124)
	at org.junit.jupiter.engine.extension.TimeoutExtension.intercept(TimeoutExtension.java:163)
	at org.junit.jupiter.engine.extension.TimeoutExtension.interceptTestableMethod(TimeoutExtension.java:148)
	at org.junit.jupiter.engine.extension.TimeoutExtension.interceptTestMethod(TimeoutExtension.java:86)
	at org.junit.jupiter.engine.execution.InterceptingExecutableInvoker$ReflectiveInterceptorCall.lambda$ofVoidMethod$0(InterceptingExecutableInvoker.java:123)
	at org.junit.jupiter.engine.execution.InterceptingExecutableInvoker.lambda$invoke$0(InterceptingExecutableInvoker.java:105)
	at org.junit.jupiter.engine.execution.InvocationInterceptorChain$InterceptedInvocation.proceed(InvocationInterceptorChain.java:99)
	at org.junit.jupiter.engine.execution.InvocationInterceptorChain.proceed(InvocationInterceptorChain.java:66)
	at org.junit.jupiter.engine.execution.InvocationInterceptorChain.chainAndInvoke(InvocationInterceptorChain.java:47)
	at org.junit.jupiter.engine.execution.InvocationInterceptorChain.invoke(InvocationInterceptorChain.java:39)
	at org.junit.jupiter.engine.execution.InterceptingExecutableInvoker.invoke(InterceptingExecutableInvoker.java:104)
	at org.junit.jupiter.engine.execution.InterceptingExecutableInvoker.invoke(InterceptingExecutableInvoker.java:98)
	at org.junit.jupiter.engine.execution.InterceptingExecutableInvoker.invokeVoid(InterceptingExecutableInvoker.java:71)
	at org.junit.jupiter.engine.descriptor.TestMethodTestDescriptor.lambda$invokeTestMethod$0(TestMethodTestDescriptor.java:219)
	at org.junit.platform.engine.support.hierarchical.ThrowableCollector.execute(ThrowableCollector.java:74)
	at org.junit.jupiter.engine.descriptor.TestMethodTestDescriptor.invokeTestMethod(TestMethodTestDescriptor.java:215)
	at org.junit.jupiter.engine.descriptor.TestMethodTestDescriptor.execute(TestMethodTestDescriptor.java:157)
	at org.junit.jupiter.engine.descriptor.TestMethodTestDescriptor.execute(TestMethodTestDescriptor.java:70)
	at org.junit.platform.engine.support.hierarchical.NodeTestTask.lambda$executeRecursively$2(NodeTestTask.java:176)
	at org.junit.platform.engine.support.hierarchical.ThrowableCollector.execute(ThrowableCollector.java:74)
	at org.junit.platform.engine.support.hierarchical.NodeTestTask.lambda$executeRecursively$1(NodeTestTask.java:166)
	at org.junit.platform.engine.support.hierarchical.Node.around(Node.java:138)
	at org.junit.platform.engine.support.hierarchical.NodeTestTask.lambda$executeRecursively$0(NodeTestTask.java:164)
	at org.junit.platform.engine.support.hierarchical.ThrowableCollector.execute(ThrowableCollector.java:74)
	at org.junit.platform.engine.support.hierarchical.NodeTestTask.executeRecursively(NodeTestTask.java:163)
	at org.junit.platform.engine.support.hierarchical.NodeTestTask.execute(NodeTestTask.java:116)
	at java.base/java.util.ArrayList.forEach(ArrayList.java:1604)
	at org.junit.platform.engine.support.hierarchical.SameThreadHierarchicalTestExecutorService.invokeAll(SameThreadHierarchicalTestExecutorService.java:42)
	at org.junit.platform.engine.support.hierarchical.NodeTestTask.lambda$executeRecursively$2(NodeTestTask.java:180)
	at org.junit.platform.engine.support.hierarchical.ThrowableCollector.execute(ThrowableCollector.java:74)
	at org.junit.platform.engine.support.hierarchical.NodeTestTask.lambda$executeRecursively$1(NodeTestTask.java:166)
	at org.junit.platform.engine.support.hierarchical.Node.around(Node.java:138)
	at org.junit.platform.engine.support.hierarchical.NodeTestTask.lambda$executeRecursively$0(NodeTestTask.java:164)
	at org.junit.platform.engine.support.hierarchical.ThrowableCollector.execute(ThrowableCollector.java:74)
	at org.junit.platform.engine.support.hierarchical.NodeTestTask.executeRecursively(NodeTestTask.java:163)
	at org.junit.platform.engine.support.hierarchical.NodeTestTask.execute(NodeTestTask.java:116)
	at java.base/java.util.ArrayList.forEach(ArrayList.java:1604)
	at org.junit.platform.engine.support.hierarchical.SameThreadHierarchicalTestExecutorService.invokeAll(SameThreadHierarchicalTestExecutorService.java:42)
	at org.junit.platform.engine.support.hierarchical.NodeTestTask.lambda$executeRecursively$2(NodeTestTask.java:180)
	at org.junit.platform.engine.support.hierarchical.ThrowableCollector.execute(ThrowableCollector.java:74)
	at org.junit.platform.engine.support.hierarchical.NodeTestTask.lambda$executeRecursively$1(NodeTestTask.java:166)
	at org.junit.platform.engine.support.hierarchical.Node.around(Node.java:138)
	at org.junit.platform.engine.support.hierarchical.NodeTestTask.lambda$executeRecursively$0(NodeTestTask.java:164)
	at org.junit.platform.engine.support.hierarchical.ThrowableCollector.execute(ThrowableCollector.java:74)
	at org.junit.platform.engine.support.hierarchical.NodeTestTask.executeRecursively(NodeTestTask.java:163)
	at org.junit.platform.engine.support.hierarchical.NodeTestTask.execute(NodeTestTask.java:116)
	at org.junit.platform.engine.support.hierarchical.SameThreadHierarchicalTestExecutorService.submit(SameThreadHierarchicalTestExecutorService.java:36)
	at org.junit.platform.engine.support.hierarchical.HierarchicalTestExecutor.execute(HierarchicalTestExecutor.java:52)
	at org.junit.platform.engine.support.hierarchical.HierarchicalTestEngine.execute(HierarchicalTestEngine.java:58)
	at org.junit.platform.launcher.core.EngineExecutionOrchestrator.executeEngine(EngineExecutionOrchestrator.java:246)
	at org.junit.platform.launcher.core.EngineExecutionOrchestrator.failOrExecuteEngine(EngineExecutionOrchestrator.java:218)
	at org.junit.platform.launcher.core.EngineExecutionOrchestrator.execute(EngineExecutionOrchestrator.java:179)
	at org.junit.platform.launcher.core.EngineExecutionOrchestrator.execute(EngineExecutionOrchestrator.java:108)
	at org.junit.platform.launcher.core.EngineExecutionOrchestrator.lambda$execute$0(EngineExecutionOrchestrator.java:66)
	at org.junit.platform.launcher.core.EngineExecutionOrchestrator.withInterceptedStreams(EngineExecutionOrchestrator.java:157)
	at org.junit.platform.launcher.core.EngineExecutionOrchestrator.execute(EngineExecutionOrchestrator.java:65)
	at org.junit.platform.launcher.core.DefaultLauncher.execute(DefaultLauncher.java:125)
	at org.junit.platform.launcher.core.DefaultLauncher.execute(DefaultLauncher.java:114)
	at org.junit.platform.launcher.core.DelegatingLauncher.execute(DelegatingLauncher.java:58)
	at org.junit.platform.launcher.core.InterceptingLauncher.lambda$execute$2(InterceptingLauncher.java:57)
	at org.junit.platform.launcher.core.ClasspathAlignmentCheckingLauncherInterceptor.intercept(ClasspathAlignmentCheckingLauncherInterceptor.java:25)
	at org.junit.platform.launcher.core.InterceptingLauncher.execute(InterceptingLauncher.java:56)
	at org.junit.platform.launcher.core.DelegatingLauncher.execute(DelegatingLauncher.java:58)
	at java.base/jdk.internal.reflect.DirectMethodHandleAccessor.invoke(DirectMethodHandleAccessor.java:104)
	at java.base/java.lang.reflect.Method.invoke(Method.java:565)
	at org.apache.maven.surefire.api.util.ReflectionUtils.invokeMethodWithArray(ReflectionUtils.java:125)
	at org.apache.maven.surefire.junitplatform.LauncherAdapter.executeWithCancellationToken(LauncherAdapter.java:68)
	at org.apache.maven.surefire.junitplatform.LauncherAdapter.execute(LauncherAdapter.java:54)
	at org.apache.maven.surefire.junitplatform.JUnitPlatformProvider.execute(JUnitPlatformProvider.java:203)
	at org.apache.maven.surefire.junitplatform.JUnitPlatformProvider.invokeAllTests(JUnitPlatformProvider.java:168)
	at org.apache.maven.surefire.junitplatform.JUnitPlatformProvider.invoke(JUnitPlatformProvider.java:136)
	at org.apache.maven.surefire.booter.ForkedBooter.runSuitesInProcess(ForkedBooter.java:385)
	at org.apache.maven.surefire.booter.ForkedBooter.execute(ForkedBooter.java:162)
	at org.apache.maven.surefire.booter.ForkedBooter.run(ForkedBooter.java:507)
	at org.apache.maven.surefire.booter.ForkedBooter.main(ForkedBooter.java:495)
[INFO] Tests run: 1, Failures: 0, Errors: 0, Skipped: 0, Time elapsed: 0.009 s -- in dev.waterflex.scheduler.RoutingFailureAdviceTest
[INFO] Running dev.waterflex.scheduler.ScheduleCutoffTest
[INFO] Tests run: 5, Failures: 0, Errors: 0, Skipped: 0, Time elapsed: 0.002 s -- in dev.waterflex.scheduler.ScheduleCutoffTest
[INFO] Running dev.waterflex.scheduler.ScheduleGuardServiceTest
[INFO] Tests run: 6, Failures: 0, Errors: 0, Skipped: 0, Time elapsed: 0.013 s -- in dev.waterflex.scheduler.ScheduleGuardServiceTest
[INFO] Running dev.waterflex.scheduler.ScheduleSegmentsTest
[INFO] Tests run: 1, Failures: 0, Errors: 0, Skipped: 0, Time elapsed: 0.002 s -- in dev.waterflex.scheduler.ScheduleSegmentsTest
[INFO] Running dev.waterflex.scheduler.SchedulingBenchmarkControllerTest
20:44:05.776 [main] INFO org.springframework.mock.web.MockServletContext -- Initializing Spring TestDispatcherServlet ''
20:44:05.776 [main] INFO org.springframework.test.web.servlet.TestDispatcherServlet -- Initializing Servlet ''
20:44:05.776 [main] INFO org.springframework.test.web.servlet.TestDispatcherServlet -- Completed initialization in 0 ms
20:44:05.778 [main] WARN org.springframework.web.servlet.mvc.support.DefaultHandlerExceptionResolver -- Resolved [org.springframework.http.converter.HttpMessageNotReadableException: Required request body is missing: public java.util.Map<java.lang.String, java.lang.Object> dev.waterflex.scheduler.SchedulingBenchmarkController.audit(dev.waterflex.scheduler.SchedulingBenchmarkController$Request)]
20:44:05.780 [main] WARN org.springframework.web.servlet.mvc.support.DefaultHandlerExceptionResolver -- Resolved [org.springframework.http.converter.HttpMessageNotReadableException: Required request body is missing: public dev.waterflex.scheduler.SchedulingBenchmarkController$Statistics dev.waterflex.scheduler.SchedulingBenchmarkController.statistics(dev.waterflex.scheduler.SchedulingBenchmarkController$StatisticsRequest)]
20:44:05.780 [main] WARN org.springframework.web.servlet.mvc.support.DefaultHandlerExceptionResolver -- Resolved [org.springframework.http.converter.HttpMessageNotReadableException: JSON parse error: Cannot coerce String value ("true") to `java.lang.Boolean` value (but might if coercion using `CoercionConfig` was enabled)]
[INFO] Tests run: 1, Failures: 0, Errors: 0, Skipped: 0, Time elapsed: 0.013 s -- in dev.waterflex.scheduler.SchedulingBenchmarkControllerTest
[INFO] Running dev.waterflex.scheduler.SearchAdmissionTest
[INFO] Tests run: 7, Failures: 0, Errors: 0, Skipped: 0, Time elapsed: 0.082 s -- in dev.waterflex.scheduler.SearchAdmissionTest
[INFO] Running dev.waterflex.scheduler.SearchDatabaseTelemetryTest
[INFO] Tests run: 3, Failures: 0, Errors: 0, Skipped: 0, Time elapsed: 0.252 s -- in dev.waterflex.scheduler.SearchDatabaseTelemetryTest
[INFO] Running dev.waterflex.scheduler.ServiceCalendarTest
[INFO] Tests run: 4, Failures: 0, Errors: 0, Skipped: 0, Time elapsed: 0.039 s -- in dev.waterflex.scheduler.ServiceCalendarTest
[INFO] Running dev.waterflex.scheduler.SnapshotRoutingTest
20:44:06.164 [main] INFO dev.waterflex.scheduler.BookingOfferLimit -- Booking offer limit: 1
20:44:06.164 [main] INFO dev.waterflex.scheduler.BookingOfferLimit -- Booking offer limit: 1
20:44:06.172 [main] INFO dev.waterflex.scheduler.BookingOfferLimit -- Booking offer limit: 1
20:44:06.172 [main] INFO dev.waterflex.scheduler.BookingOfferLimit -- Booking offer limit: 1
20:44:06.178 [main] INFO dev.waterflex.scheduler.BookingOfferLimit -- Booking offer limit: 1
20:44:06.178 [main] INFO dev.waterflex.scheduler.BookingOfferLimit -- Booking offer limit: 1
[INFO] Tests run: 5, Failures: 0, Errors: 0, Skipped: 0, Time elapsed: 0.032 s -- in dev.waterflex.scheduler.SnapshotRoutingTest
[INFO] Running dev.waterflex.scheduler.TestAddressRoutabilityServiceTest
[INFO] Tests run: 1, Failures: 0, Errors: 0, Skipped: 0, Time elapsed: 0.003 s -- in dev.waterflex.scheduler.TestAddressRoutabilityServiceTest
[INFO] Running dev.waterflex.scheduler.TimeOffEligibilityTest
[INFO] Tests run: 2, Failures: 0, Errors: 0, Skipped: 0, Time elapsed: 0.001 s -- in dev.waterflex.scheduler.TimeOffEligibilityTest
[INFO] Running dev.waterflex.scheduler.TimeOffPollingTest
20:44:06.210 [main] WARN org.springframework.context.annotation.AnnotationConfigApplicationContext -- Exception encountered during context initialization - cancelling refresh attempt: org.springframework.beans.factory.BeanCreationException: Error creating bean with name 'timeOffPolling': Failed to instantiate [dev.waterflex.scheduler.TimeOffPolling]: Constructor threw exception
20:44:06.212 [main] WARN org.springframework.context.annotation.AnnotationConfigApplicationContext -- Exception encountered during context initialization - cancelling refresh attempt: org.springframework.beans.factory.BeanCreationException: Error creating bean with name 'timeOffPolling': Failed to instantiate [dev.waterflex.scheduler.TimeOffPolling]: Constructor threw exception
20:44:06.214 [main] WARN org.springframework.context.annotation.AnnotationConfigApplicationContext -- Exception encountered during context initialization - cancelling refresh attempt: org.springframework.beans.factory.BeanCreationException: Error creating bean with name 'timeOffPolling': Failed to instantiate [dev.waterflex.scheduler.TimeOffPolling]: Constructor threw exception
20:44:06.217 [main] WARN org.springframework.context.annotation.AnnotationConfigApplicationContext -- Exception encountered during context initialization - cancelling refresh attempt: org.springframework.beans.factory.BeanCreationException: Error creating bean with name 'timeOffPolling': Failed to instantiate [dev.waterflex.scheduler.TimeOffPolling]: Constructor threw exception
20:44:06.219 [main] WARN org.springframework.context.annotation.AnnotationConfigApplicationContext -- Exception encountered during context initialization - cancelling refresh attempt: org.springframework.beans.factory.BeanCreationException: Error creating bean with name 'timeOffPolling': Failed to instantiate [dev.waterflex.scheduler.TimeOffPolling]: Constructor threw exception
20:44:06.221 [main] WARN org.springframework.context.annotation.AnnotationConfigApplicationContext -- Exception encountered during context initialization - cancelling refresh attempt: org.springframework.beans.factory.BeanCreationException: Error creating bean with name 'timeOffPolling': Failed to instantiate [dev.waterflex.scheduler.TimeOffPolling]: Constructor threw exception
20:44:06.222 [main] WARN org.springframework.context.annotation.AnnotationConfigApplicationContext -- Exception encountered during context initialization - cancelling refresh attempt: org.springframework.beans.factory.BeanCreationException: Error creating bean with name 'timeOffPolling': Failed to instantiate [dev.waterflex.scheduler.TimeOffPolling]: Constructor threw exception
20:44:06.225 [main] WARN org.springframework.context.annotation.AnnotationConfigApplicationContext -- Exception encountered during context initialization - cancelling refresh attempt: org.springframework.beans.factory.BeanCreationException: Error creating bean with name 'timeOffPolling': Failed to instantiate [dev.waterflex.scheduler.TimeOffPolling]: Constructor threw exception
[INFO] Tests run: 13, Failures: 0, Errors: 0, Skipped: 0, Time elapsed: 0.033 s -- in dev.waterflex.scheduler.TimeOffPollingTest
[INFO] Running dev.waterflex.scheduler.TimeOffTravelTest
[INFO] Tests run: 4, Failures: 0, Errors: 0, Skipped: 0, Time elapsed: 0.004 s -- in dev.waterflex.scheduler.TimeOffTravelTest
[INFO] 
[INFO] Results:
[INFO] 
[INFO] Tests run: 250, Failures: 0, Errors: 0, Skipped: 1
[INFO] 
[INFO] 
[INFO] --- jar:3.5.1:jar (default-jar) @ scheduler-service ---
[INFO] Building jar: C:\Users\mcgee\OneDrive\Desktop\waterflex\waterflex-scheduler-java\scheduler-service\target\scheduler-service-0.1.0-SNAPSHOT.jar
[INFO] 
[INFO] --- spring-boot:4.1.1:repackage (repackage) @ scheduler-service ---
[INFO] Replacing main artifact C:\Users\mcgee\OneDrive\Desktop\waterflex\waterflex-scheduler-java\scheduler-service\target\scheduler-service-0.1.0-SNAPSHOT.jar with repackaged archive, adding nested dependencies in BOOT-INF/.
[INFO] The original artifact has been renamed to C:\Users\mcgee\OneDrive\Desktop\waterflex\waterflex-scheduler-java\scheduler-service\target\scheduler-service-0.1.0-SNAPSHOT.jar.original
[INFO] 
[INFO] -------------------< dev.waterflex:routing-service >--------------------
[INFO] Building routing-service 0.1.0-SNAPSHOT                            [4/5]
[INFO]   from routing-service\pom.xml
[INFO] --------------------------------[ jar ]---------------------------------
[INFO] 
[INFO] --- clean:3.5.0:clean (default-clean) @ routing-service ---
[INFO] Deleting C:\Users\mcgee\OneDrive\Desktop\waterflex\waterflex-scheduler-java\routing-service\target
[INFO] 
[INFO] --- resources:3.5.0:resources (default-resources) @ routing-service ---
[INFO] Copying 1 resource from src\main\resources to target\classes
[INFO] Copying 0 resource from src\main\resources to target\classes
[INFO] 
[INFO] --- compiler:3.15.0:compile (default-compile) @ routing-service ---
[INFO] Recompiling the module because of changed source code.
[INFO] Compiling 5 source files with javac [debug parameters release 25] to target\classes
[INFO] /C:/Users/mcgee/OneDrive/Desktop/waterflex/waterflex-scheduler-java/routing-service/src/main/java/dev/waterflex/routing/MatrixController.java: C:\Users\mcgee\OneDrive\Desktop\waterflex\waterflex-scheduler-java\routing-service\src\main\java\dev\waterflex\routing\MatrixController.java uses or overrides a deprecated API.
[INFO] /C:/Users/mcgee/OneDrive/Desktop/waterflex/waterflex-scheduler-java/routing-service/src/main/java/dev/waterflex/routing/MatrixController.java: Recompile with -Xlint:deprecation for details.
[INFO] 
[INFO] --- resources:3.5.0:testResources (default-testResources) @ routing-service ---
[INFO] Copying 1 resource from src\test\resources to target\test-classes
[INFO] 
[INFO] --- compiler:3.15.0:testCompile (default-testCompile) @ routing-service ---
[INFO] Recompiling the module because of changed dependency.
[INFO] Compiling 1 source file with javac [debug parameters release 25] to target\test-classes
[INFO] 
[INFO] --- surefire:3.5.6:test (default-test) @ routing-service ---
[INFO] Using auto detected provider org.apache.maven.surefire.junitplatform.JUnitPlatformProvider
[INFO] 
[INFO] -------------------------------------------------------
[INFO]  T E S T S
[INFO] -------------------------------------------------------
[INFO] Running dev.waterflex.routing.MatrixControllerTest
20:44:08.466 [main] INFO com.graphhopper.GraphHopper -- version 11.0|2025-10-14T14:28:00Z (9,24,7,5,2,9)
20:44:08.705 [main] INFO com.graphhopper.GraphHopper -- No custom areas are used, custom_areas.directory not given
20:44:08.711 [main] INFO com.graphhopper.GraphHopper -- No country rules available
20:44:08.711 [main] INFO com.graphhopper.GraphHopper -- start creating graph from C:\Users\mcgee\AppData\Local\Temp\junit-16501207495541971663\fixture-roads.osm
20:44:08.724 [main] INFO com.graphhopper.GraphHopper -- using car|RAM_STORE|2D|no_turn_cost|nodes:9,edges:24,geometry:7,location_index:5,string_index:2,nodesCH:0,shortcuts:9, memory:totalMB:1024, usedMB:80
20:44:08.732 [main] INFO com.graphhopper.reader.osm.WaySegmentParser -- Start reading OSM file: 'C:\Users\mcgee\AppData\Local\Temp\junit-16501207495541971663\fixture-roads.osm'
20:44:08.732 [main] INFO com.graphhopper.reader.osm.WaySegmentParser -- pass1 - start
20:44:08.757 [main] INFO com.graphhopper.reader.osm.WaySegmentParser -- pass1 - start reading OSM ways
20:44:08.759 [main] INFO com.graphhopper.reader.osm.WaySegmentParser -- pass1 - finished, processed ways: 2, accepted ways: 2, way nodes: 4, relations: 0, totalMB:1024, usedMB:90
20:44:08.759 [main] INFO com.graphhopper.reader.osm.WaySegmentParser -- pass1 - finished, took: 26.80ms
20:44:08.761 [main] INFO com.graphhopper.reader.osm.WaySegmentParser -- Creating graph. Node count (pillar+tower): 4, totalMB:1024, usedMB:90
20:44:08.761 [main] INFO com.graphhopper.reader.osm.WaySegmentParser -- pass2 - start
20:44:08.762 [main] INFO com.graphhopper.reader.osm.WaySegmentParser -- pass2 - start reading OSM nodes
20:44:08.762 [main] INFO com.graphhopper.reader.osm.WaySegmentParser -- pass2 - start reading OSM ways
20:44:08.770 [main] INFO com.graphhopper.reader.osm.WaySegmentParser -- pass2 - finished, processed ways: 2, way nodes: 4, nodes with tags: 0, node tag capacity: 1,056,768, ignored barriers at junctions: 0
20:44:08.770 [main] INFO com.graphhopper.reader.osm.WaySegmentParser -- pass2 - finished, took: 8.97ms
20:44:08.771 [main] INFO com.graphhopper.reader.osm.WaySegmentParser -- Finished reading OSM file. pass1: 0s,  pass2: 0s,  total: 0s
20:44:08.771 [main] INFO com.graphhopper.reader.osm.OSMReader -- Finished reading OSM file: C:\Users\mcgee\AppData\Local\Temp\junit-16501207495541971663\fixture-roads.osm, nodes: 2, edges: 2, zero distance edges: 0
20:44:08.773 [main] INFO com.graphhopper.GraphHopper -- sorting graph along Hilbert curve...
20:44:08.775 [main] INFO com.graphhopper.GraphHopper -- calculating sort order took: 1.61ms
20:44:08.775 [main] INFO com.graphhopper.GraphHopper -- sort graph for fixed ordering...
20:44:08.775 [main] INFO com.graphhopper.GraphHopper -- sorting 2 edges took: 313.80�s
20:44:08.775 [main] INFO com.graphhopper.GraphHopper -- sorting 2 nodes took: 106.10�s
20:44:08.783 [main] INFO com.graphhopper.routing.subnetwork.PrepareRoutingSubnetworks -- Start marking subnetworks, prepare.min_network_size: 200, threads: 1, nodes: 2, edges: 2, jobs: [car_subnetwork|com.graphhopper.routing.weighting.custom.CustomWeighting@6145b81e], totalMB:1024, usedMB:92
20:44:08.793 [ForkJoinPool-1-worker-1] INFO com.graphhopper.routing.subnetwork.PrepareRoutingSubnetworks -- car - Found 2 subnetworks (1 single edges and 1 components with more than one edge, total nodes: 4), took: 0.0037578s
20:44:08.795 [ForkJoinPool-1-worker-1] INFO com.graphhopper.routing.subnetwork.PrepareRoutingSubnetworks -- car - Marked 1 subnetworks (biggest: 1 edges) -> 1 components(s) remain (smallest: 3, biggest: 3 edges), total marked edges: 0, took: 3.425E-4s
20:44:08.796 [main] INFO com.graphhopper.routing.subnetwork.PrepareRoutingSubnetworks -- Finished finding and marking subnetworks for 1 jobs, took: 0.0179771s, totalMB:80, usedMB:22
20:44:08.796 [main] INFO com.graphhopper.GraphHopper -- nodes: 2, edges: 2
20:44:08.851 [main] INFO com.graphhopper.storage.index.LocationIndexTree -- location index created in 0.0080009s, size:4, leafs:2, precision:300, depth:7, checksum:0, entries:[16, 16, 16, 16, 16, 4, 4], entriesPerLeaf:2.0
20:44:08.854 [main] INFO com.graphhopper.GraphHopper -- flushing graph car|RAM_STORE|2D|no_turn_cost|nodes:9,edges:24,geometry:7,location_index:5,string_index:2,nodesCH:0,shortcuts:9, details:edges: 2(1MB), nodes: 2(1MB), bounds: 7.42,7.422,43.735,43.735, name:(1MB), geo:20/-1(1MB), totalMB:80, usedMB:40)
20:44:08.865 [main] INFO com.graphhopper.GraphHopper -- flushed graph totalMB:80, usedMB:40)
20:44:08.929 [main] INFO com.graphhopper.GraphHopper -- version 11.0|2025-10-14T14:28:00Z (9,24,7,5,2,9)
20:44:08.979 [main] INFO com.graphhopper.GraphHopper -- No custom areas are used, custom_areas.directory not given
20:44:08.979 [main] INFO com.graphhopper.GraphHopper -- No country rules available
20:44:08.979 [main] INFO com.graphhopper.GraphHopper -- start creating graph from C:\Users\mcgee\AppData\Local\Temp\junit-16501207495541971663\fixture-roads.osm
20:44:08.979 [main] INFO com.graphhopper.GraphHopper -- using car|RAM_STORE|2D|no_turn_cost|nodes:9,edges:24,geometry:7,location_index:5,string_index:2,nodesCH:0,shortcuts:9, memory:totalMB:104, usedMB:21
20:44:08.980 [main] INFO com.graphhopper.reader.osm.WaySegmentParser -- Start reading OSM file: 'C:\Users\mcgee\AppData\Local\Temp\junit-16501207495541971663\fixture-roads.osm'
20:44:08.981 [main] INFO com.graphhopper.reader.osm.WaySegmentParser -- pass1 - start
20:44:08.982 [main] INFO com.graphhopper.reader.osm.WaySegmentParser -- pass1 - start reading OSM ways
20:44:08.982 [main] INFO com.graphhopper.reader.osm.WaySegmentParser -- pass1 - finished, processed ways: 2, accepted ways: 2, way nodes: 4, relations: 0, totalMB:104, usedMB:27
20:44:08.982 [main] INFO com.graphhopper.reader.osm.WaySegmentParser -- pass1 - finished, took: 1.68ms
20:44:08.982 [main] INFO com.graphhopper.reader.osm.WaySegmentParser -- Creating graph. Node count (pillar+tower): 4, totalMB:104, usedMB:27
20:44:08.982 [main] INFO com.graphhopper.reader.osm.WaySegmentParser -- pass2 - start
20:44:08.983 [main] INFO com.graphhopper.reader.osm.WaySegmentParser -- pass2 - start reading OSM nodes
20:44:08.983 [main] INFO com.graphhopper.reader.osm.WaySegmentParser -- pass2 - start reading OSM ways
20:44:08.985 [main] INFO com.graphhopper.reader.osm.WaySegmentParser -- pass2 - finished, processed ways: 2, way nodes: 4, nodes with tags: 0, node tag capacity: 1,056,768, ignored barriers at junctions: 0
20:44:08.985 [main] INFO com.graphhopper.reader.osm.WaySegmentParser -- pass2 - finished, took: 2.39ms
20:44:08.985 [main] INFO com.graphhopper.reader.osm.WaySegmentParser -- Finished reading OSM file. pass1: 0s,  pass2: 0s,  total: 0s
20:44:08.985 [main] INFO com.graphhopper.reader.osm.OSMReader -- Finished reading OSM file: C:\Users\mcgee\AppData\Local\Temp\junit-16501207495541971663\fixture-roads.osm, nodes: 2, edges: 2, zero distance edges: 0
20:44:08.985 [main] INFO com.graphhopper.GraphHopper -- sorting graph along Hilbert curve...
20:44:08.985 [main] INFO com.graphhopper.GraphHopper -- calculating sort order took: 57.40�s
20:44:08.985 [main] INFO com.graphhopper.GraphHopper -- sort graph for fixed ordering...
20:44:08.985 [main] INFO com.graphhopper.GraphHopper -- sorting 2 edges took: 31.50�s
20:44:08.986 [main] INFO com.graphhopper.GraphHopper -- sorting 2 nodes took: 28.90�s
20:44:08.986 [main] INFO com.graphhopper.routing.subnetwork.PrepareRoutingSubnetworks -- Start marking subnetworks, prepare.min_network_size: 200, threads: 1, nodes: 2, edges: 2, jobs: [car_subnetwork|com.graphhopper.routing.weighting.custom.CustomWeighting@69228e85], totalMB:104, usedMB:27
20:44:08.986 [ForkJoinPool-2-worker-1] INFO com.graphhopper.routing.subnetwork.PrepareRoutingSubnetworks -- car - Found 2 subnetworks (1 single edges and 1 components with more than one edge, total nodes: 4), took: 8.82E-5s
20:44:08.986 [ForkJoinPool-2-worker-1] INFO com.graphhopper.routing.subnetwork.PrepareRoutingSubnetworks -- car - Marked 1 subnetworks (biggest: 1 edges) -> 1 components(s) remain (smallest: 3, biggest: 3 edges), total marked edges: 0, took: 5.8E-6s
20:44:08.986 [main] INFO com.graphhopper.routing.subnetwork.PrepareRoutingSubnetworks -- Finished finding and marking subnetworks for 1 jobs, took: 7.382E-4s, totalMB:104, usedMB:27
20:44:08.987 [main] INFO com.graphhopper.GraphHopper -- nodes: 2, edges: 2
20:44:08.990 [main] INFO com.graphhopper.storage.index.LocationIndexTree -- location index created in 0.0017505s, size:4, leafs:2, precision:300, depth:7, checksum:0, entries:[16, 16, 16, 16, 16, 4, 4], entriesPerLeaf:2.0
20:44:08.992 [main] INFO com.graphhopper.routing.ch.CHPreparationHandler -- Creating CH preparations, totalMB:104, usedMB:34
20:44:08.993 [main] INFO com.graphhopper.routing.ch.CHPreparationHandler -- 1/1 Setting up CH preparation for profile 'car' NODE_BASED ... (totalMB:104, usedMB:34)
20:44:08.995 [car] INFO com.graphhopper.routing.ch.PrepareContractionHierarchies -- Creating CH prepare graph, totalMB:104, usedMB:37
20:44:08.998 [car] INFO com.graphhopper.routing.ch.PrepareContractionHierarchies -- Building CH prepare graph, totalMB:104, usedMB:37
20:44:08.998 [car] INFO com.graphhopper.routing.ch.PrepareContractionHierarchies -- Finished building CH prepare graph, took: 2.49E-4s, totalMB:104, usedMB:37
20:44:08.998 [car] INFO com.graphhopper.routing.ch.PrepareContractionHierarchies -- Building initial queue of nodes to be contracted: 2 nodes, totalMB:104, usedMB:37
20:44:08.999 [car] INFO com.graphhopper.routing.ch.PrepareContractionHierarchies -- Finished building queue, took: 4.212E-4s, totalMB:104, usedMB:37
20:44:08.999 [car] INFO com.graphhopper.routing.ch.PrepareContractionHierarchies -- node, nodes:          2, shortcuts:          0, updates:  0, checked-nodes:          0, t(total):   0.00,  t(period):   0.00, t(lazy):   0.00, t(neighbor):   0.00, t(contr):   0.00, t(other) :   0.00, dijkstra-ratio:   0.00%, meanDegree: 1.00, dijkstras:          0, mem:        0MB, totalMB:104, usedMB:37
20:44:09.000 [car] INFO com.graphhopper.routing.ch.PrepareContractionHierarchies -- node, nodes:          0, shortcuts:          0, updates:  0, checked-nodes:          2, t(total):   0.00,  t(period):   0.00, t(lazy):   0.00, t(neighbor):   0.00, t(contr):   0.00, t(other) :   0.00, dijkstra-ratio:   0.00%, meanDegree: 0.89, dijkstras:          0, mem:        0MB, totalMB:104, usedMB:37
20:44:09.001 [car] INFO com.graphhopper.routing.ch.PrepareContractionHierarchies -- new shortcuts: 0, initSize:2, com.graphhopper.routing.weighting.custom.CustomWeighting@45de6fbd, periodic:0, lazy:100, neighbor:100, t(total):   0.00,  t(period):   0.00, t(lazy):   0.00, t(neighbor):   0.00, t(contr):   0.00, t(other) :   0.00, dijkstra-ratio:   0.00%, lazy-overhead: 0%, totalMB:104, usedMB:37
20:44:09.001 [car] INFO com.graphhopper.routing.ch.PrepareContractionHierarchies -- shortcuts that exceed maximum weight: 0
20:44:09.001 [car] INFO com.graphhopper.routing.ch.PrepareContractionHierarchies -- took: 0s, graph now - num edges: 2, num nodes: 2, num shortcuts: 0
20:44:09.005 [main] INFO com.graphhopper.routing.ch.CHPreparationHandler -- Finished CH preparation, totalMB:104, usedMB:40
20:44:09.006 [main] INFO com.graphhopper.GraphHopper -- flushing graph car|RAM_STORE|2D|no_turn_cost|nodes:9,edges:24,geometry:7,location_index:5,string_index:2,nodesCH:0,shortcuts:9, details:edges: 2(1MB), nodes: 2(1MB), bounds: 7.42,7.422,43.735,43.735, name:(1MB), geo:20/-1(1MB), totalMB:104, usedMB:40)
20:44:09.013 [main] INFO com.graphhopper.GraphHopper -- flushed graph totalMB:104, usedMB:41)
20:44:09.074 [main] INFO com.graphhopper.GraphHopper -- version 11.0|2025-10-14T14:28:00Z (9,24,7,5,2,9)
20:44:09.075 [main] INFO com.graphhopper.GraphHopper -- graph car|RAM_STORE|2D|no_turn_cost|nodes:9,edges:24,geometry:7,location_index:5,string_index:2,nodesCH:0,shortcuts:9, details:edges: 2(1MB), nodes: 2(1MB), bounds: 7.42,7.422,43.735,43.735, name:(1MB), geo:20/-1(1MB)
20:44:09.111 [main] INFO com.graphhopper.GraphHopper -- version 11.0|2025-10-14T14:28:00Z (9,24,7,5,2,9)
20:44:09.111 [main] INFO com.graphhopper.GraphHopper -- graph car|RAM_STORE|2D|no_turn_cost|nodes:9,edges:24,geometry:7,location_index:5,string_index:2,nodesCH:0,shortcuts:9, details:edges: 2(1MB), nodes: 2(1MB), bounds: 7.42,7.422,43.735,43.735, name:(1MB), geo:20/-1(1MB)
20:44:09.437 [main] INFO org.springframework.mock.web.MockServletContext -- Initializing Spring TestDispatcherServlet ''
20:44:09.437 [main] INFO org.springframework.test.web.servlet.TestDispatcherServlet -- Initializing Servlet ''
20:44:09.440 [main] INFO org.springframework.test.web.servlet.TestDispatcherServlet -- Completed initialization in 3 ms
20:44:09.528 [main] WARN org.springframework.web.servlet.mvc.support.DefaultHandlerExceptionResolver -- Resolved [org.springframework.http.converter.HttpMessageNotReadableException: Required request body is missing: public dev.waterflex.routing.MatrixController$Matrix dev.waterflex.routing.MatrixController.matrix(dev.waterflex.routing.MatrixController$Request)]
20:44:09.535 [main] WARN org.springframework.web.servlet.mvc.support.DefaultHandlerExceptionResolver -- Resolved [org.springframework.http.converter.HttpMessageNotReadableException: JSON parse error: Unexpected end-of-input: expected close marker for Object (start marker at [Source: REDACTED (`StreamReadFeature.INCLUDE_SOURCE_IN_LOCATION` disabled); byte offset: #UNKNOWN])]
20:44:09.538 [main] WARN org.springframework.web.servlet.mvc.support.DefaultHandlerExceptionResolver -- Resolved [org.springframework.http.converter.HttpMessageNotReadableException: JSON parse error: Cannot coerce String value ("0") to `java.lang.Double` value (but might if coercion using `CoercionConfig` was enabled)]
[INFO] Tests run: 2, Failures: 0, Errors: 0, Skipped: 0, Time elapsed: 1.379 s -- in dev.waterflex.routing.MatrixControllerTest
[INFO] 
[INFO] Results:
[INFO] 
[INFO] Tests run: 2, Failures: 0, Errors: 0, Skipped: 0
[INFO] 
[INFO] 
[INFO] --- jar:3.5.1:jar (default-jar) @ routing-service ---
[INFO] Building jar: C:\Users\mcgee\OneDrive\Desktop\waterflex\waterflex-scheduler-java\routing-service\target\routing-service-0.1.0-SNAPSHOT.jar
[INFO] 
[INFO] --- spring-boot:4.1.1:repackage (repackage) @ routing-service ---
[INFO] Replacing main artifact C:\Users\mcgee\OneDrive\Desktop\waterflex\waterflex-scheduler-java\routing-service\target\routing-service-0.1.0-SNAPSHOT.jar with repackaged archive, adding nested dependencies in BOOT-INF/.
[INFO] The original artifact has been renamed to C:\Users\mcgee\OneDrive\Desktop\waterflex\waterflex-scheduler-java\routing-service\target\routing-service-0.1.0-SNAPSHOT.jar.original
[INFO] 
[INFO] -----------------< dev.waterflex:waterflex-scheduler >------------------
[INFO] Building waterflex-scheduler 0.1.0-SNAPSHOT                        [5/5]
[INFO]   from pom.xml
[INFO] --------------------------------[ pom ]---------------------------------
[INFO] 
[INFO] --- clean:3.2.0:clean (default-clean) @ waterflex-scheduler ---
[INFO] ------------------------------------------------------------------------
[INFO] Reactor Summary for waterflex-scheduler 0.1.0-SNAPSHOT:
[INFO] 
[INFO] calculation-engine ................................. SUCCESS [  2.606 s]
[INFO] solver-service ..................................... SUCCESS [  7.909 s]
[INFO] scheduler-service .................................. SUCCESS [ 31.101 s]
[INFO] routing-service .................................... SUCCESS [  2.778 s]
[INFO] waterflex-scheduler ................................ SUCCESS [  0.032 s]
[INFO] ------------------------------------------------------------------------
[INFO] BUILD SUCCESS
[INFO] ------------------------------------------------------------------------
[INFO] Total time:  44.663 s
[INFO] Finished at: 2026-10-06T20:44:09-05:00
[INFO] ------------------------------------------------------------------------
