WARNING: A restricted method in java.lang.System has been called
WARNING: java.lang.System::load has been called by org.fusesource.jansi.internal.JansiLoader in an unnamed module (file:/C:/Users/mcgee/.m2/wrapper/dists/apache-maven-3.9.16-bin/4200fbc6/apache-maven-3.9.16/lib/jansi-2.4.3.jar)
WARNING: Use --enable-native-access=ALL-UNNAMED to avoid a warning for callers in this module
WARNING: Restricted methods will be blocked in a future release unless native access is enabled

[INFO] Scanning for projects...
[INFO] ------------------------------------------------------------------------
[INFO] Reactor Build Order:
[INFO] 
[INFO] calculation-engine                                                 [jar]
[INFO] solver-service                                                     [jar]
[INFO] scheduler-service                                                  [jar]
[INFO] routing-service                                                    [jar]
[INFO] waterflex-scheduler                                                [pom]
[INFO] 
[INFO] ------------------< dev.waterflex:calculation-engine >------------------
[INFO] Building calculation-engine 0.1.0-SNAPSHOT                         [1/5]
[INFO]   from calculation-engine\pom.xml
[INFO] --------------------------------[ jar ]---------------------------------
[INFO] 
[INFO] --- clean:3.5.0:clean (default-clean) @ calculation-engine ---
[INFO] Deleting C:\Users\mcgee\OneDrive\Desktop\waterflex\waterflex-scheduler-java\calculation-engine\target
[INFO] 
[INFO] --- resources:3.5.0:resources (default-resources) @ calculation-engine ---
[INFO] Copying 0 resource from src\main\resources to target\classes
[INFO] Copying 1 resource from src\main\resources to target\classes
[INFO] 
[INFO] --- compiler:3.15.0:compile (default-compile) @ calculation-engine ---
[INFO] Recompiling the module because of changed source code.
[INFO] Compiling 46 source files with javac [debug parameters release 25] to target\classes
[INFO] /C:/Users/mcgee/OneDrive/Desktop/waterflex/waterflex-scheduler-java/calculation-engine/src/main/java/dev/waterflex/scheduler/CalculationJson.java: C:\Users\mcgee\OneDrive\Desktop\waterflex\waterflex-scheduler-java\calculation-engine\src\main\java\dev\waterflex\scheduler\CalculationJson.java uses or overrides a deprecated API.
[INFO] /C:/Users/mcgee/OneDrive/Desktop/waterflex/waterflex-scheduler-java/calculation-engine/src/main/java/dev/waterflex/scheduler/CalculationJson.java: Recompile with -Xlint:deprecation for details.
[INFO] 
[INFO] --- resources:3.5.0:testResources (default-testResources) @ calculation-engine ---
[INFO] skip non existing resourceDirectory C:\Users\mcgee\OneDrive\Desktop\waterflex\waterflex-scheduler-java\calculation-engine\src\test\resources
[INFO] 
[INFO] --- compiler:3.15.0:testCompile (default-testCompile) @ calculation-engine ---
[INFO] No sources to compile
[INFO] 
[INFO] --- surefire:3.5.6:test (default-test) @ calculation-engine ---
[INFO] No tests to run.
[INFO] 
[INFO] --- jar:3.5.1:jar (default-jar) @ calculation-engine ---
[INFO] Building jar: C:\Users\mcgee\OneDrive\Desktop\waterflex\waterflex-scheduler-java\calculation-engine\target\calculation-engine-0.1.0-SNAPSHOT.jar
[INFO] 
[INFO] --------------------< dev.waterflex:solver-service >--------------------
[INFO] Building solver-service 0.1.0-SNAPSHOT                             [2/5]
[INFO]   from solver-service\pom.xml
[INFO] --------------------------------[ jar ]---------------------------------
[INFO] 
[INFO] --- clean:3.5.0:clean (default-clean) @ solver-service ---
[INFO] Deleting C:\Users\mcgee\OneDrive\Desktop\waterflex\waterflex-scheduler-java\solver-service\target
[INFO] 
[INFO] --- resources:3.5.0:resources (default-resources) @ solver-service ---
[INFO] Copying 1 resource from src\main\resources to target\classes
[INFO] Copying 0 resource from src\main\resources to target\classes
[INFO] 
[INFO] --- compiler:3.15.0:compile (default-compile) @ solver-service ---
[INFO] Recompiling the module because of changed dependency.
[INFO] Compiling 3 source files with javac [debug parameters release 25] to target\classes
[INFO] /C:/Users/mcgee/OneDrive/Desktop/waterflex/waterflex-scheduler-java/solver-service/src/main/java/dev/waterflex/solver/SolveController.java: C:\Users\mcgee\OneDrive\Desktop\waterflex\waterflex-scheduler-java\solver-service\src\main\java\dev\waterflex\solver\SolveController.java uses or overrides a deprecated API.
[INFO] /C:/Users/mcgee/OneDrive/Desktop/waterflex/waterflex-scheduler-java/solver-service/src/main/java/dev/waterflex/solver/SolveController.java: Recompile with -Xlint:deprecation for details.
[INFO] 
[INFO] --- resources:3.5.0:testResources (default-testResources) @ solver-service ---
[INFO] Copying 1 resource from src\test\resources to target\test-classes
[INFO] 
[INFO] --- compiler:3.15.0:testCompile (default-testCompile) @ solver-service ---
[INFO] Recompiling the module because of changed dependency.
[INFO] Compiling 4 source files with javac [debug parameters release 25] to target\test-classes
[INFO] 
[INFO] --- surefire:3.5.6:test (default-test) @ solver-service ---
[INFO] Using auto detected provider org.apache.maven.surefire.junitplatform.JUnitPlatformProvider
[INFO] 
[INFO] -------------------------------------------------------
[INFO]  T E S T S
[INFO] -------------------------------------------------------
[INFO] Running dev.waterflex.solver.HttpCalculationCancellationTest
[INFO] Tests run: 1, Failures: 0, Errors: 0, Skipped: 0, Time elapsed: 0.431 s -- in dev.waterflex.solver.HttpCalculationCancellationTest
[INFO] Running dev.waterflex.solver.SolverCancellationTest
Mockito is currently self-attaching to enable the inline-mock-maker. This will no longer work in future releases of the JDK. Please add Mockito as an agent to your build as described in Mockito's documentation: https://javadoc.io/doc/org.mockito/mockito-core/latest/org.mockito/org/mockito/Mockito.html#0.3
Java HotSpot(TM) 64-Bit Server VM warning: Sharing is only supported for boot loader classes because bootstrap classpath has been appended
WARNING: A Java agent has been loaded dynamically (C:\Users\mcgee\.m2\repository\net\bytebuddy\byte-buddy-agent\1.18.11\byte-buddy-agent-1.18.11.jar)
WARNING: If a serviceability tool is in use, please run with -XX:+EnableDynamicAgentLoading to hide this warning
WARNING: If a serviceability tool is not in use, please run with -Djdk.instrument.traceUsage for more information
WARNING: Dynamic loading of agents will be disallowed by default in a future release
[INFO] Tests run: 2, Failures: 0, Errors: 0, Skipped: 0, Time elapsed: 0.628 s -- in dev.waterflex.solver.SolverCancellationTest
[INFO] Running dev.waterflex.solver.SolverReplayTest
20:46:09.609 [main] INFO org.springframework.test.context.support.AnnotationConfigContextLoaderUtils -- Could not detect default configuration classes for test class [dev.waterflex.solver.SolverReplayTest]: SolverReplayTest does not declare any static, non-private, non-final, nested classes annotated with @Configuration.
20:46:09.683 [main] INFO org.springframework.boot.test.context.SpringBootTestContextBootstrapper -- Found @SpringBootConfiguration dev.waterflex.solver.SolverApplication for test class dev.waterflex.solver.SolverReplayTest
20:46:09.741 [main] INFO org.springframework.test.context.support.AnnotationConfigContextLoaderUtils -- Could not detect default configuration classes for test class [dev.waterflex.solver.SolverReplayTest]: SolverReplayTest does not declare any static, non-private, non-final, nested classes annotated with @Configuration.
20:46:09.742 [main] INFO org.springframework.boot.test.context.SpringBootTestContextBootstrapper -- Found @SpringBootConfiguration dev.waterflex.solver.SolverApplication for test class dev.waterflex.solver.SolverReplayTest

  .   ____          _            __ _ _
 /\\ / ___'_ __ _ _(_)_ __  __ _ \ \ \ \
( ( )\___ | '_ | '_| | '_ \/ _` | \ \ \ \
 \\/  ___)| |_)| | | | | || (_| |  ) ) ) )
  '  |____| .__|_| |_|_| |_\__, | / / / /
 =========|_|==============|___/=/_/_/_/

 :: Spring Boot ::                (v4.1.1)

2026-10-06T20:46:09.935-05:00  INFO 58320 --- [           main] dev.waterflex.solver.SolverReplayTest    : Starting SolverReplayTest using Java 25.0.1 with PID 58320 (started by mcgee in C:\Users\mcgee\OneDrive\Desktop\waterflex\waterflex-scheduler-java\solver-service)
2026-10-06T20:46:09.936-05:00  INFO 58320 --- [           main] dev.waterflex.solver.SolverReplayTest    : No active profile set, falling back to 1 default profile: "default"
2026-10-06T20:46:10.471-05:00  INFO 58320 --- [           main] o.s.boot.tomcat.TomcatWebServer          : Tomcat initialized with port 0 (http)
2026-10-06T20:46:10.480-05:00  INFO 58320 --- [           main] o.apache.catalina.core.StandardService   : Starting service [Tomcat]
2026-10-06T20:46:10.480-05:00  INFO 58320 --- [           main] o.apache.catalina.core.StandardEngine    : Starting Servlet engine: [Apache Tomcat/11.0.24]
2026-10-06T20:46:10.520-05:00  INFO 58320 --- [           main] b.w.c.s.WebApplicationContextInitializer : Root WebApplicationContext: initialization completed in 571 ms
2026-10-06T20:46:11.204-05:00  INFO 58320 --- [           main] o.s.boot.tomcat.TomcatWebServer          : Tomcat started on port 64675 (http) with context path '/'
2026-10-06T20:46:11.207-05:00  INFO 58320 --- [           main] dev.waterflex.solver.SolverReplayTest    : Started SolverReplayTest in 1.438 seconds (process running for 3.095)
2026-10-06T20:46:11.301-05:00  INFO 58320 --- [1-auto-1-exec-2] o.a.c.c.C.[Tomcat].[localhost].[/]       : Initializing Spring DispatcherServlet 'dispatcherServlet'
2026-10-06T20:46:11.301-05:00  INFO 58320 --- [1-auto-1-exec-2] o.s.web.servlet.DispatcherServlet        : Initializing Servlet 'dispatcherServlet'
2026-10-06T20:46:11.302-05:00  INFO 58320 --- [1-auto-1-exec-2] o.s.web.servlet.DispatcherServlet        : Completed initialization in 1 ms
2026-10-06T20:46:11.562-05:00  INFO 58320 --- [25-4834ec96d92b] a.t.s.core.impl.solver.DefaultSolver     : Solving started: time spent (3), best score ([0/0/-2/0/0]hard/[0/0]soft), environment mode (NO_ASSERT), move thread count (NONE), random (seed 17).
2026-10-06T20:46:11.564-05:00  INFO 58320 --- [25-4834ec96d92b] a.t.s.core.impl.solver.DefaultSolver     : Problem scale: genuine entity count (2), genuine variable count (2), approximate value count (2), approximate problem scale (12).
2026-10-06T20:46:11.576-05:00  INFO 58320 --- [25-4834ec96d92b] .c.i.c.DefaultConstructionHeuristicPhase : Construction Heuristic phase (0) ended: time spent (17), best score ([0/0/0/0/0]hard/[0/-4604]soft), move evaluation speed (636/sec), step total (2).
2026-10-06T20:46:12.071-05:00  INFO 58320 --- [25-4834ec96d92b] a.t.s.c.i.l.DefaultLocalSearchPhase      : Local Search phase (1) ended: time spent (512), best score ([0/0/0/0/0]hard/[0/-4604]soft), move evaluation speed (203665/sec), step total (1000).
2026-10-06T20:46:12.072-05:00  INFO 58320 --- [25-4834ec96d92b] a.t.s.core.impl.solver.DefaultSolver     : Solving ended: time spent (512), best score ([0/0/0/0/0]hard/[0/-4604]soft), move evaluation speed (195326/sec), phase total (2), environment mode (NO_ASSERT), move thread count (NONE).
2026-10-06T20:46:12.084-05:00  INFO 58320 --- [25-4834ec96d92b] a.t.s.core.impl.solver.DefaultSolver     : Solving started: time spent (1), best score ([0/0/0/0/0]hard/[-0.03567901234567901234567901234567903/-4604]soft), environment mode (NO_ASSERT), move thread count (NONE), random (seed 17).
2026-10-06T20:46:12.084-05:00  INFO 58320 --- [25-4834ec96d92b] a.t.s.core.impl.solver.DefaultSolver     : Problem scale: genuine entity count (2), genuine variable count (2), approximate value count (2), approximate problem scale (12).
2026-10-06T20:46:12.710-05:00  INFO 58320 --- [25-4834ec96d92b] a.t.s.c.i.l.DefaultLocalSearchPhase      : Local Search phase (0) ended: time spent (627), best score ([0/0/0/0/0]hard/[-0.000007716049382716049382716049382715894/-4680]soft), move evaluation speed (159744/sec), step total (1000).
2026-10-06T20:46:12.711-05:00  INFO 58320 --- [25-4834ec96d92b] a.t.s.core.impl.solver.DefaultSolver     : Solving ended: time spent (628), best score ([0/0/0/0/0]hard/[-0.000007716049382716049382716049382715894/-4680]soft), move evaluation speed (159235/sec), phase total (1), environment mode (NO_ASSERT), move thread count (NONE).
2026-10-06T20:46:12.852-05:00  INFO 58320 --- [a8-2e5d8c36cf75] a.t.s.core.impl.solver.DefaultSolver     : Solving started: time spent (2), best score ([0/0/0/0/0]hard/[0/-4680]soft), environment mode (NO_ASSERT), move thread count (NONE), random (seed 17).
2026-10-06T20:46:12.852-05:00  INFO 58320 --- [a8-2e5d8c36cf75] a.t.s.core.impl.solver.DefaultSolver     : Problem scale: genuine entity count (2), genuine variable count (2), approximate value count (2), approximate problem scale (12).
2026-10-06T20:46:13.104-05:00  INFO 58320 --- [a8-2e5d8c36cf75] a.t.s.c.i.l.DefaultLocalSearchPhase      : Local Search phase (0) ended: time spent (254), best score ([0/0/0/0/0]hard/[0/-4604]soft), move evaluation speed (396825/sec), step total (1000).
2026-10-06T20:46:13.104-05:00  INFO 58320 --- [a8-2e5d8c36cf75] a.t.s.core.impl.solver.DefaultSolver     : Solving ended: time spent (254), best score ([0/0/0/0/0]hard/[0/-4604]soft), move evaluation speed (393700/sec), phase total (1), environment mode (NO_ASSERT), move thread count (NONE).
2026-10-06T20:46:13.109-05:00  INFO 58320 --- [a8-2e5d8c36cf75] a.t.s.core.impl.solver.DefaultSolver     : Solving started: time spent (1), best score ([0/0/0/0/0]hard/[-0.03567901234567901234567901234567903/-4604]soft), environment mode (NO_ASSERT), move thread count (NONE), random (seed 17).
2026-10-06T20:46:13.109-05:00  INFO 58320 --- [a8-2e5d8c36cf75] a.t.s.core.impl.solver.DefaultSolver     : Problem scale: genuine entity count (2), genuine variable count (2), approximate value count (2), approximate problem scale (12).
2026-10-06T20:46:13.519-05:00  INFO 58320 --- [a8-2e5d8c36cf75] a.t.s.c.i.l.DefaultLocalSearchPhase      : Local Search phase (0) ended: time spent (411), best score ([0/0/0/0/0]hard/[-0.000007716049382716049382716049382715894/-4680]soft), move evaluation speed (243902/sec), step total (1000).
2026-10-06T20:46:13.519-05:00  INFO 58320 --- [a8-2e5d8c36cf75] a.t.s.core.impl.solver.DefaultSolver     : Solving ended: time spent (411), best score ([0/0/0/0/0]hard/[-0.000007716049382716049382716049382715894/-4680]soft), move evaluation speed (243309/sec), phase total (1), environment mode (NO_ASSERT), move thread count (NONE).
2026-10-06T20:46:13.527-05:00  INFO 58320 --- [fe-57c4f396cfdb] a.t.s.core.impl.solver.DefaultSolver     : Solving started: time spent (1), best score ([0/0/0/0/0]hard/[0/-4680]soft), environment mode (NO_ASSERT), move thread count (NONE), random (seed 17).
2026-10-06T20:46:13.527-05:00  INFO 58320 --- [fe-57c4f396cfdb] a.t.s.core.impl.solver.DefaultSolver     : Problem scale: genuine entity count (2), genuine variable count (2), approximate value count (2), approximate problem scale (12).
2026-10-06T20:46:13.728-05:00  INFO 58320 --- [fe-57c4f396cfdb] a.t.s.c.i.l.DefaultLocalSearchPhase      : Local Search phase (0) ended: time spent (202), best score ([0/0/0/0/0]hard/[0/-4604]soft), move evaluation speed (497512/sec), step total (1000).
2026-10-06T20:46:13.729-05:00  INFO 58320 --- [fe-57c4f396cfdb] a.t.s.core.impl.solver.DefaultSolver     : Solving ended: time spent (202), best score ([0/0/0/0/0]hard/[0/-4604]soft), move evaluation speed (495049/sec), phase total (1), environment mode (NO_ASSERT), move thread count (NONE).
2026-10-06T20:46:13.733-05:00  INFO 58320 --- [fe-57c4f396cfdb] a.t.s.core.impl.solver.DefaultSolver     : Solving started: time spent (1), best score ([0/0/0/0/0]hard/[-0.03567901234567901234567901234567903/-4604]soft), environment mode (NO_ASSERT), move thread count (NONE), random (seed 17).
2026-10-06T20:46:13.733-05:00  INFO 58320 --- [fe-57c4f396cfdb] a.t.s.core.impl.solver.DefaultSolver     : Problem scale: genuine entity count (2), genuine variable count (2), approximate value count (2), approximate problem scale (12).
2026-10-06T20:46:14.129-05:00  INFO 58320 --- [fe-57c4f396cfdb] a.t.s.c.i.l.DefaultLocalSearchPhase      : Local Search phase (0) ended: time spent (397), best score ([0/0/0/0/0]hard/[-0.000007716049382716049382716049382715894/-4680]soft), move evaluation speed (252525/sec), step total (1000).
2026-10-06T20:46:14.129-05:00  INFO 58320 --- [fe-57c4f396cfdb] a.t.s.core.impl.solver.DefaultSolver     : Solving ended: time spent (397), best score ([0/0/0/0/0]hard/[-0.000007716049382716049382716049382715894/-4680]soft), move evaluation speed (251889/sec), phase total (1), environment mode (NO_ASSERT), move thread count (NONE).
[INFO] Tests run: 8, Failures: 0, Errors: 0, Skipped: 0, Time elapsed: 4.600 s -- in dev.waterflex.solver.SolverReplayTest
[INFO] 
[INFO] Results:
[INFO] 
[INFO] Tests run: 11, Failures: 0, Errors: 0, Skipped: 0
[INFO] 
[INFO] 
[INFO] --- jar:3.5.1:jar (default-jar) @ solver-service ---
[INFO] Building jar: C:\Users\mcgee\OneDrive\Desktop\waterflex\waterflex-scheduler-java\solver-service\target\solver-service-0.1.0-SNAPSHOT.jar
[INFO] 
[INFO] --- spring-boot:4.1.1:repackage (repackage) @ solver-service ---
[INFO] Replacing main artifact C:\Users\mcgee\OneDrive\Desktop\waterflex\waterflex-scheduler-java\solver-service\target\solver-service-0.1.0-SNAPSHOT.jar with repackaged archive, adding nested dependencies in BOOT-INF/.
[INFO] The original artifact has been renamed to C:\Users\mcgee\OneDrive\Desktop\waterflex\waterflex-scheduler-java\solver-service\target\solver-service-0.1.0-SNAPSHOT.jar.original
[INFO] 
[INFO] ------------------< dev.waterflex:scheduler-service >-------------------
[INFO] Building scheduler-service 0.1.0-SNAPSHOT                          [3/5]
[INFO]   from scheduler-service\pom.xml
[INFO] --------------------------------[ jar ]---------------------------------
[INFO] 
[INFO] --- clean:3.5.0:clean (default-clean) @ scheduler-service ---
[INFO] Deleting C:\Users\mcgee\OneDrive\Desktop\waterflex\waterflex-scheduler-java\scheduler-service\target
[INFO] 
[INFO] --- resources:3.5.0:resources (default-resources) @ scheduler-service ---
[INFO] Copying 2 resources from src\main\resources to target\classes
[INFO] Copying 0 resource from src\main\resources to target\classes
[INFO] 
[INFO] --- compiler:3.15.0:compile (default-compile) @ scheduler-service ---
[INFO] Recompiling the module because of changed dependency.
[INFO] Compiling 53 source files with javac [debug parameters release 25] to target\classes
[INFO] /C:/Users/mcgee/OneDrive/Desktop/waterflex/waterflex-scheduler-java/scheduler-service/src/main/java/dev/waterflex/scheduler/BookingService.java: C:\Users\mcgee\OneDrive\Desktop\waterflex\waterflex-scheduler-java\scheduler-service\src\main\java\dev\waterflex\scheduler\BookingService.java uses or overrides a deprecated API.
[INFO] /C:/Users/mcgee/OneDrive/Desktop/waterflex/waterflex-scheduler-java/scheduler-service/src/main/java/dev/waterflex/scheduler/BookingService.java: Recompile with -Xlint:deprecation for details.
[INFO] 
[INFO] --- resources:3.5.0:testResources (default-testResources) @ scheduler-service ---
[INFO] Copying 1 resource from src\test\resources to target\test-classes
[INFO] 
[INFO] --- compiler:3.15.0:testCompile (default-testCompile) @ scheduler-service ---
[INFO] Recompiling the module because of changed dependency.
[INFO] Compiling 67 source files with javac [debug parameters release 25] to target\test-classes
[INFO] /C:/Users/mcgee/OneDrive/Desktop/waterflex/waterflex-scheduler-java/scheduler-service/src/test/java/dev/waterflex/scheduler/BookingSearchOutcomeTest.java: Some input files use or override a deprecated API.
[INFO] /C:/Users/mcgee/OneDrive/Desktop/waterflex/waterflex-scheduler-java/scheduler-service/src/test/java/dev/waterflex/scheduler/BookingSearchOutcomeTest.java: Recompile with -Xlint:deprecation for details.
[INFO] 
[INFO] --- surefire:3.5.6:test (default-test) @ scheduler-service ---
[INFO] Using auto detected provider org.apache.maven.surefire.junitplatform.JUnitPlatformProvider
[INFO] 
[INFO] -------------------------------------------------------
[INFO]  T E S T S
[INFO] -------------------------------------------------------
[INFO] Running dev.waterflex.scheduler.BenchmarkIsolationTest
Mockito is currently self-attaching to enable the inline-mock-maker. This will no longer work in future releases of the JDK. Please add Mockito as an agent to your build as described in Mockito's documentation: https://javadoc.io/doc/org.mockito/mockito-core/latest/org.mockito/org/mockito/Mockito.html#0.3
Java HotSpot(TM) 64-Bit Server VM warning: Sharing is only supported for boot loader classes because bootstrap classpath has been appended
WARNING: A Java agent has been loaded dynamically (C:\Users\mcgee\.m2\repository\net\bytebuddy\byte-buddy-agent\1.18.11\byte-buddy-agent-1.18.11.jar)
WARNING: If a serviceability tool is in use, please run with -XX:+EnableDynamicAgentLoading to hide this warning
WARNING: If a serviceability tool is not in use, please run with -Djdk.instrument.traceUsage for more information
WARNING: Dynamic loading of agents will be disallowed by default in a future release
20:46:18.939 [main] INFO org.springframework.scheduling.config.TaskSchedulerRouter -- No TaskScheduler/ScheduledExecutorService bean found for scheduled processing
[INFO] Tests run: 2, Failures: 0, Errors: 0, Skipped: 0, Time elapsed: 0.970 s -- in dev.waterflex.scheduler.BenchmarkIsolationTest
[INFO] Running dev.waterflex.scheduler.BookingLocationTest
[INFO] Tests run: 4, Failures: 0, Errors: 0, Skipped: 0, Time elapsed: 0.042 s -- in dev.waterflex.scheduler.BookingLocationTest
[INFO] Running dev.waterflex.scheduler.BookingMoneyTest
[INFO] Tests run: 1, Failures: 0, Errors: 0, Skipped: 0, Time elapsed: 0.265 s -- in dev.waterflex.scheduler.BookingMoneyTest
[INFO] Running dev.waterflex.scheduler.BookingOfferLimitTest
20:46:19.688 [main] INFO dev.waterflex.scheduler.BookingOfferLimit -- Booking offer limit: 1
20:46:19.728 [main] INFO dev.waterflex.scheduler.BookingOfferLimit -- Booking offer limit: 1
20:46:19.734 [main] INFO dev.waterflex.scheduler.BookingOfferLimit -- Booking offer limit: 1
20:46:19.739 [main] INFO dev.waterflex.scheduler.BookingOfferLimit -- Booking offer limit: 1
20:46:19.745 [main] WARN org.springframework.context.annotation.AnnotationConfigApplicationContext -- Exception encountered during context initialization - cancelling refresh attempt: org.springframework.beans.factory.BeanCreationException: Error creating bean with name 'bookingOfferLimit': Failed to instantiate [dev.waterflex.scheduler.BookingOfferLimit]: Constructor threw exception
20:46:19.750 [main] WARN org.springframework.context.annotation.AnnotationConfigApplicationContext -- Exception encountered during context initialization - cancelling refresh attempt: org.springframework.beans.factory.BeanCreationException: Error creating bean with name 'bookingOfferLimit': Failed to instantiate [dev.waterflex.scheduler.BookingOfferLimit]: Constructor threw exception
20:46:19.754 [main] WARN org.springframework.context.annotation.AnnotationConfigApplicationContext -- Exception encountered during context initialization - cancelling refresh attempt: org.springframework.beans.factory.BeanCreationException: Error creating bean with name 'bookingOfferLimit': Failed to instantiate [dev.waterflex.scheduler.BookingOfferLimit]: Constructor threw exception
20:46:19.758 [main] WARN org.springframework.context.annotation.AnnotationConfigApplicationContext -- Exception encountered during context initialization - cancelling refresh attempt: org.springframework.beans.factory.BeanCreationException: Error creating bean with name 'bookingOfferLimit': Failed to instantiate [dev.waterflex.scheduler.BookingOfferLimit]: Constructor threw exception
20:46:19.760 [main] WARN org.springframework.context.annotation.AnnotationConfigApplicationContext -- Exception encountered during context initialization - cancelling refresh attempt: org.springframework.beans.factory.BeanCreationException: Error creating bean with name 'bookingOfferLimit': Failed to instantiate [dev.waterflex.scheduler.BookingOfferLimit]: Constructor threw exception
20:46:19.763 [main] WARN org.springframework.context.annotation.AnnotationConfigApplicationContext -- Exception encountered during context initialization - cancelling refresh attempt: org.springframework.beans.factory.BeanCreationException: Error creating bean with name 'bookingOfferLimit': Failed to instantiate [dev.waterflex.scheduler.BookingOfferLimit]: Constructor threw exception
20:46:19.766 [main] WARN org.springframework.context.annotation.AnnotationConfigApplicationContext -- Exception encountered during context initialization - cancelling refresh attempt: org.springframework.beans.factory.BeanCreationException: Error creating bean with name 'bookingOfferLimit': Failed to instantiate [dev.waterflex.scheduler.BookingOfferLimit]: Constructor threw exception
20:46:19.770 [main] WARN org.springframework.context.annotation.AnnotationConfigApplicationContext -- Exception encountered during context initialization - cancelling refresh attempt: org.springframework.beans.factory.BeanCreationException: Error creating bean with name 'bookingOfferLimit': Failed to instantiate [dev.waterflex.scheduler.BookingOfferLimit]: Constructor threw exception
20:46:19.773 [main] WARN org.springframework.context.annotation.AnnotationConfigApplicationContext -- Exception encountered during context initialization - cancelling refresh attempt: org.springframework.beans.factory.BeanCreationException: Error creating bean with name 'bookingOfferLimit': Failed to instantiate [dev.waterflex.scheduler.BookingOfferLimit]: Constructor threw exception
20:46:19.775 [main] WARN org.springframework.context.annotation.AnnotationConfigApplicationContext -- Exception encountered during context initialization - cancelling refresh attempt: org.springframework.beans.factory.BeanCreationException: Error creating bean with name 'bookingOfferLimit': Failed to instantiate [dev.waterflex.scheduler.BookingOfferLimit]: Constructor threw exception
[INFO] Tests run: 15, Failures: 0, Errors: 0, Skipped: 0, Time elapsed: 0.198 s -- in dev.waterflex.scheduler.BookingOfferLimitTest
[INFO] Running dev.waterflex.scheduler.BookingRefinementTransportTest
20:46:19.855 [main] INFO dev.waterflex.scheduler.BookingOfferLimit -- Booking offer limit: 1
20:46:19.912 [main] INFO dev.waterflex.scheduler.BookingOfferLimit -- Booking offer limit: 1
[INFO] Tests run: 1, Failures: 0, Errors: 0, Skipped: 0, Time elapsed: 0.145 s -- in dev.waterflex.scheduler.BookingRefinementTransportTest
[INFO] Running dev.waterflex.scheduler.BookingRouteBoundsTest
[INFO] Tests run: 1, Failures: 0, Errors: 0, Skipped: 0, Time elapsed: 0.342 s -- in dev.waterflex.scheduler.BookingRouteBoundsTest
[INFO] Running dev.waterflex.scheduler.BookingSearchOutcomeTest
20:46:20.405 [main] WARN dev.waterflex.scheduler.BookingController -- Booking routing failure for job job
dev.waterflex.scheduler.RoadClient$RoadUnavailable: Road unavailable
	at dev.waterflex.scheduler.BookingCoordinator.offers(BookingCoordinator.java:32)
	at dev.waterflex.scheduler.BookingController.search(BookingController.java:87)
	at dev.waterflex.scheduler.BookingController.lambda$offers$0(BookingController.java:66)
	at dev.waterflex.scheduler.SearchDeadline.within(SearchDeadline.java:78)
	at dev.waterflex.scheduler.BookingController.offers(BookingController.java:64)
	at dev.waterflex.scheduler.BookingSearchOutcomeTest.failuresRemainDistinctAndDoNotProduceOffers(BookingSearchOutcomeTest.java:54)
	at java.base/jdk.internal.reflect.DirectMethodHandleAccessor.invoke(DirectMethodHandleAccessor.java:104)
	at java.base/java.lang.reflect.Method.invoke(Method.java:565)
	at org.junit.platform.commons.util.ReflectionUtils.invokeMethod(ReflectionUtils.java:701)
	at org.junit.platform.commons.support.ReflectionSupport.invokeMethod(ReflectionSupport.java:502)
	at org.junit.jupiter.engine.support.MethodReflectionUtils.invoke(MethodReflectionUtils.java:45)
	at org.junit.jupiter.engine.execution.MethodInvocation.proceed(MethodInvocation.java:61)
	at org.junit.jupiter.engine.execution.InvocationInterceptorChain$ValidatingInvocation.proceed(InvocationInterceptorChain.java:124)
	at org.junit.jupiter.engine.extension.TimeoutExtension.intercept(TimeoutExtension.java:163)
	at org.junit.jupiter.engine.extension.TimeoutExtension.interceptTestableMethod(TimeoutExtension.java:148)
	at org.junit.jupiter.engine.extension.TimeoutExtension.interceptTestMethod(TimeoutExtension.java:86)
	at org.junit.jupiter.engine.execution.InterceptingExecutableInvoker$ReflectiveInterceptorCall.lambda$ofVoidMethod$0(InterceptingExecutableInvoker.java:123)
	at org.junit.jupiter.engine.execution.InterceptingExecutableInvoker.lambda$invoke$0(InterceptingExecutableInvoker.java:105)
	at org.junit.jupiter.engine.execution.InvocationInterceptorChain$InterceptedInvocation.proceed(InvocationInterceptorChain.java:99)
	at org.junit.jupiter.engine.execution.InvocationInterceptorChain.proceed(InvocationInterceptorChain.java:66)
	at org.junit.jupiter.engine.execution.InvocationInterceptorChain.chainAndInvoke(InvocationInterceptorChain.java:47)
	at org.junit.jupiter.engine.execution.InvocationInterceptorChain.invoke(InvocationInterceptorChain.java:39)
	at org.junit.jupiter.engine.execution.InterceptingExecutableInvoker.invoke(InterceptingExecutableInvoker.java:104)
	at org.junit.jupiter.engine.execution.InterceptingExecutableInvoker.invoke(InterceptingExecutableInvoker.java:98)
	at org.junit.jupiter.engine.execution.InterceptingExecutableInvoker.invokeVoid(InterceptingExecutableInvoker.java:71)
	at org.junit.jupiter.engine.descriptor.TestMethodTestDescriptor.lambda$invokeTestMethod$0(TestMethodTestDescriptor.java:219)
	at org.junit.platform.engine.support.hierarchical.ThrowableCollector.execute(ThrowableCollector.java:74)
	at org.junit.jupiter.engine.descriptor.TestMethodTestDescriptor.invokeTestMethod(TestMethodTestDescriptor.java:215)
	at org.junit.jupiter.engine.descriptor.TestMethodTestDescriptor.execute(TestMethodTestDescriptor.java:157)
	at org.junit.jupiter.engine.descriptor.TestMethodTestDescriptor.execute(TestMethodTestDescriptor.java:70)
	at org.junit.platform.engine.support.hierarchical.NodeTestTask.lambda$executeRecursively$2(NodeTestTask.java:176)
	at org.junit.platform.engine.support.hierarchical.ThrowableCollector.execute(ThrowableCollector.java:74)
	at org.junit.platform.engine.support.hierarchical.NodeTestTask.lambda$executeRecursively$1(NodeTestTask.java:166)
	at org.junit.platform.engine.support.hierarchical.Node.around(Node.java:138)
	at org.junit.platform.engine.support.hierarchical.NodeTestTask.lambda$executeRecursively$0(NodeTestTask.java:164)
	at org.junit.platform.engine.support.hierarchical.ThrowableCollector.execute(ThrowableCollector.java:74)
	at org.junit.platform.engine.support.hierarchical.NodeTestTask.executeRecursively(NodeTestTask.java:163)
	at org.junit.platform.engine.support.hierarchical.NodeTestTask.execute(NodeTestTask.java:116)
	at java.base/java.util.ArrayList.forEach(ArrayList.java:1604)
	at org.junit.platform.engine.support.hierarchical.SameThreadHierarchicalTestExecutorService.invokeAll(SameThreadHierarchicalTestExecutorService.java:42)
	at org.junit.platform.engine.support.hierarchical.NodeTestTask.lambda$executeRecursively$2(NodeTestTask.java:180)
	at org.junit.platform.engine.support.hierarchical.ThrowableCollector.execute(ThrowableCollector.java:74)
	at org.junit.platform.engine.support.hierarchical.NodeTestTask.lambda$executeRecursively$1(NodeTestTask.java:166)
	at org.junit.platform.engine.support.hierarchical.Node.around(Node.java:138)
	at org.junit.platform.engine.support.hierarchical.NodeTestTask.lambda$executeRecursively$0(NodeTestTask.java:164)
	at org.junit.platform.engine.support.hierarchical.ThrowableCollector.execute(ThrowableCollector.java:74)
	at org.junit.platform.engine.support.hierarchical.NodeTestTask.executeRecursively(NodeTestTask.java:163)
	at org.junit.platform.engine.support.hierarchical.NodeTestTask.execute(NodeTestTask.java:116)
	at java.base/java.util.ArrayList.forEach(ArrayList.java:1604)
	at org.junit.platform.engine.support.hierarchical.SameThreadHierarchicalTestExecutorService.invokeAll(SameThreadHierarchicalTestExecutorService.java:42)
	at org.junit.platform.engine.support.hierarchical.NodeTestTask.lambda$executeRecursively$2(NodeTestTask.java:180)
	at org.junit.platform.engine.support.hierarchical.ThrowableCollector.execute(ThrowableCollector.java:74)
	at org.junit.platform.engine.support.hierarchical.NodeTestTask.lambda$executeRecursively$1(NodeTestTask.java:166)
	at org.junit.platform.engine.support.hierarchical.Node.around(Node.java:138)
	at org.junit.platform.engine.support.hierarchical.NodeTestTask.lambda$executeRecursively$0(NodeTestTask.java:164)
	at org.junit.platform.engine.support.hierarchical.ThrowableCollector.execute(ThrowableCollector.java:74)
	at org.junit.platform.engine.support.hierarchical.NodeTestTask.executeRecursively(NodeTestTask.java:163)
	at org.junit.platform.engine.support.hierarchical.NodeTestTask.execute(NodeTestTask.java:116)
	at org.junit.platform.engine.support.hierarchical.SameThreadHierarchicalTestExecutorService.submit(SameThreadHierarchicalTestExecutorService.java:36)
	at org.junit.platform.engine.support.hierarchical.HierarchicalTestExecutor.execute(HierarchicalTestExecutor.java:52)
	at org.junit.platform.engine.support.hierarchical.HierarchicalTestEngine.execute(HierarchicalTestEngine.java:58)
	at org.junit.platform.launcher.core.EngineExecutionOrchestrator.executeEngine(EngineExecutionOrchestrator.java:246)
	at org.junit.platform.launcher.core.EngineExecutionOrchestrator.failOrExecuteEngine(EngineExecutionOrchestrator.java:218)
	at org.junit.platform.launcher.core.EngineExecutionOrchestrator.execute(EngineExecutionOrchestrator.java:179)
	at org.junit.platform.launcher.core.EngineExecutionOrchestrator.execute(EngineExecutionOrchestrator.java:108)
	at org.junit.platform.launcher.core.EngineExecutionOrchestrator.lambda$execute$0(EngineExecutionOrchestrator.java:66)
	at org.junit.platform.launcher.core.EngineExecutionOrchestrator.withInterceptedStreams(EngineExecutionOrchestrator.java:157)
	at org.junit.platform.launcher.core.EngineExecutionOrchestrator.execute(EngineExecutionOrchestrator.java:65)
	at org.junit.platform.launcher.core.DefaultLauncher.execute(DefaultLauncher.java:125)
	at org.junit.platform.launcher.core.DefaultLauncher.execute(DefaultLauncher.java:114)
	at org.junit.platform.launcher.core.DelegatingLauncher.execute(DelegatingLauncher.java:58)
	at org.junit.platform.launcher.core.InterceptingLauncher.lambda$execute$2(InterceptingLauncher.java:57)
	at org.junit.platform.launcher.core.ClasspathAlignmentCheckingLauncherInterceptor.intercept(ClasspathAlignmentCheckingLauncherInterceptor.java:25)
	at org.junit.platform.launcher.core.InterceptingLauncher.execute(InterceptingLauncher.java:56)
	at org.junit.platform.launcher.core.DelegatingLauncher.execute(DelegatingLauncher.java:58)
	at java.base/jdk.internal.reflect.DirectMethodHandleAccessor.invoke(DirectMethodHandleAccessor.java:104)
	at java.base/java.lang.reflect.Method.invoke(Method.java:565)
	at org.apache.maven.surefire.api.util.ReflectionUtils.invokeMethodWithArray(ReflectionUtils.java:125)
	at org.apache.maven.surefire.junitplatform.LauncherAdapter.executeWithCancellationToken(LauncherAdapter.java:68)
	at org.apache.maven.surefire.junitplatform.LauncherAdapter.execute(LauncherAdapter.java:54)
	at org.apache.maven.surefire.junitplatform.JUnitPlatformProvider.execute(JUnitPlatformProvider.java:203)
	at org.apache.maven.surefire.junitplatform.JUnitPlatformProvider.invokeAllTests(JUnitPlatformProvider.java:168)
	at org.apache.maven.surefire.junitplatform.JUnitPlatformProvider.invoke(JUnitPlatformProvider.java:136)
	at org.apache.maven.surefire.booter.ForkedBooter.runSuitesInProcess(ForkedBooter.java:385)
	at org.apache.maven.surefire.booter.ForkedBooter.execute(ForkedBooter.java:162)
	at org.apache.maven.surefire.booter.ForkedBooter.run(ForkedBooter.java:507)
	at org.apache.maven.surefire.booter.ForkedBooter.main(ForkedBooter.java:495)
20:46:20.409 [main] WARN dev.waterflex.scheduler.BookingController -- Booking conflict for job job: Changed
[INFO] Tests run: 5, Failures: 0, Errors: 0, Skipped: 0, Time elapsed: 0.148 s -- in dev.waterflex.scheduler.BookingSearchOutcomeTest
[INFO] Running dev.waterflex.scheduler.BookingWeeklyAvailabilityTest
[INFO] Tests run: 6, Failures: 0, Errors: 0, Skipped: 0, Time elapsed: 0.116 s -- in dev.waterflex.scheduler.BookingWeeklyAvailabilityTest
[INFO] Running dev.waterflex.scheduler.BoundedBookingSearchTest
[INFO] Tests run: 17, Failures: 0, Errors: 0, Skipped: 0, Time elapsed: 0.065 s -- in dev.waterflex.scheduler.BoundedBookingSearchTest
[INFO] Running dev.waterflex.scheduler.DepotRequestValidationTest
[INFO] Tests run: 3, Failures: 0, Errors: 0, Skipped: 0, Time elapsed: 0.009 s -- in dev.waterflex.scheduler.DepotRequestValidationTest
[INFO] Running dev.waterflex.scheduler.DirectedLegFlightsTest
[INFO] Tests run: 2, Failures: 0, Errors: 0, Skipped: 0, Time elapsed: 0.112 s -- in dev.waterflex.scheduler.DirectedLegFlightsTest
[INFO] Running dev.waterflex.scheduler.DispatchGeometryControllerTest
20:46:20.991 [main] INFO org.springframework.mock.web.MockServletContext -- Initializing Spring TestDispatcherServlet ''
20:46:20.991 [main] INFO org.springframework.test.web.servlet.TestDispatcherServlet -- Initializing Servlet ''
20:46:20.994 [main] INFO org.springframework.test.web.servlet.TestDispatcherServlet -- Completed initialization in 1 ms
20:46:21.099 [main] INFO org.springframework.mock.web.MockServletContext -- Initializing Spring TestDispatcherServlet ''
20:46:21.099 [main] INFO org.springframework.test.web.servlet.TestDispatcherServlet -- Initializing Servlet ''
20:46:21.100 [main] INFO org.springframework.test.web.servlet.TestDispatcherServlet -- Completed initialization in 1 ms
20:46:21.132 [main] INFO org.springframework.mock.web.MockServletContext -- Initializing Spring TestDispatcherServlet ''
20:46:21.132 [main] INFO org.springframework.test.web.servlet.TestDispatcherServlet -- Initializing Servlet ''
20:46:21.132 [main] INFO org.springframework.test.web.servlet.TestDispatcherServlet -- Completed initialization in 0 ms
20:46:21.176 [main] INFO org.springframework.mock.web.MockServletContext -- Initializing Spring TestDispatcherServlet ''
20:46:21.176 [main] INFO org.springframework.test.web.servlet.TestDispatcherServlet -- Initializing Servlet ''
20:46:21.176 [main] INFO org.springframework.test.web.servlet.TestDispatcherServlet -- Completed initialization in 0 ms
20:46:21.183 [main] INFO org.springframework.mock.web.MockServletContext -- Initializing Spring TestDispatcherServlet ''
20:46:21.183 [main] INFO org.springframework.test.web.servlet.TestDispatcherServlet -- Initializing Servlet ''
20:46:21.183 [main] INFO org.springframework.test.web.servlet.TestDispatcherServlet -- Completed initialization in 0 ms
20:46:21.227 [main] INFO org.springframework.mock.web.MockServletContext -- Initializing Spring TestDispatcherServlet ''
20:46:21.227 [main] INFO org.springframework.test.web.servlet.TestDispatcherServlet -- Initializing Servlet ''
20:46:21.227 [main] INFO org.springframework.test.web.servlet.TestDispatcherServlet -- Completed initialization in 0 ms
20:46:21.240 [main] INFO org.springframework.mock.web.MockServletContext -- Initializing Spring TestDispatcherServlet ''
20:46:21.240 [main] INFO org.springframework.test.web.servlet.TestDispatcherServlet -- Initializing Servlet ''
20:46:21.241 [main] INFO org.springframework.test.web.servlet.TestDispatcherServlet -- Completed initialization in 1 ms
20:46:21.270 [main] INFO org.springframework.mock.web.MockServletContext -- Initializing Spring TestDispatcherServlet ''
20:46:21.270 [main] INFO org.springframework.test.web.servlet.TestDispatcherServlet -- Initializing Servlet ''
20:46:21.270 [main] INFO org.springframework.test.web.servlet.TestDispatcherServlet -- Completed initialization in 0 ms
20:46:21.279 [main] INFO org.springframework.mock.web.MockServletContext -- Initializing Spring TestDispatcherServlet ''
20:46:21.279 [main] INFO org.springframework.test.web.servlet.TestDispatcherServlet -- Initializing Servlet ''
20:46:21.279 [main] INFO org.springframework.test.web.servlet.TestDispatcherServlet -- Completed initialization in 0 ms
[INFO] Tests run: 9, Failures: 0, Errors: 0, Skipped: 0, Time elapsed: 0.571 s -- in dev.waterflex.scheduler.DispatchGeometryControllerTest
[INFO] Running dev.waterflex.scheduler.FieldScenarioTest
[INFO] Tests run: 6, Failures: 0, Errors: 0, Skipped: 0, Time elapsed: 0.944 s -- in dev.waterflex.scheduler.FieldScenarioTest
[INFO] Running dev.waterflex.scheduler.MonetaryTest
[INFO] Tests run: 6, Failures: 0, Errors: 0, Skipped: 0, Time elapsed: 0.019 s -- in dev.waterflex.scheduler.MonetaryTest
[INFO] Running dev.waterflex.scheduler.NullabilityTest
20:46:22.264 [main] INFO org.springframework.mock.web.MockServletContext -- Initializing Spring TestDispatcherServlet ''
20:46:22.264 [main] INFO org.springframework.test.web.servlet.TestDispatcherServlet -- Initializing Servlet ''
20:46:22.264 [main] INFO org.springframework.test.web.servlet.TestDispatcherServlet -- Completed initialization in 0 ms
20:46:22.301 [main] WARN org.springframework.web.servlet.mvc.support.DefaultHandlerExceptionResolver -- Resolved [org.springframework.http.converter.HttpMessageNotReadableException: Required request body is missing: public dev.waterflex.scheduler.BookingController$SearchResponse dev.waterflex.scheduler.BookingController.offers(dev.waterflex.scheduler.BookingController$JobRequest)]
20:46:22.303 [main] WARN org.springframework.web.servlet.mvc.support.DefaultHandlerExceptionResolver -- Resolved [org.springframework.http.converter.HttpMessageNotReadableException: JSON parse error: Cannot deserialize value of type `dev.waterflex.scheduler.BookingController$JobRequest` from Array value (token `JsonToken.START_ARRAY`)]
20:46:22.307 [main] WARN org.springframework.web.servlet.mvc.support.DefaultHandlerExceptionResolver -- Resolved [org.springframework.http.converter.HttpMessageNotReadableException: JSON parse error: Unexpected end-of-input: expected close marker for Object (start marker at [Source: REDACTED (`StreamReadFeature.INCLUDE_SOURCE_IN_LOCATION` disabled); byte offset: #UNKNOWN])]
20:46:22.308 [main] WARN org.springframework.web.servlet.mvc.support.DefaultHandlerExceptionResolver -- Resolved [org.springframework.http.converter.HttpMessageNotReadableException: JSON parse error: Cannot construct instance of `dev.waterflex.scheduler.BookingController$JobRequest` (although at least one Creator exists): no boolean/Boolean-argument constructor/factory method to deserialize from boolean value (false)]
20:46:22.310 [main] WARN org.springframework.web.servlet.mvc.support.DefaultHandlerExceptionResolver -- Resolved [org.springframework.http.converter.HttpMessageNotReadableException: JSON parse error: Cannot coerce Integer value (12) to `java.lang.String` value (but could if coercion was enabled using `CoercionConfig`)]
20:46:22.313 [main] WARN org.springframework.web.servlet.mvc.support.DefaultHandlerExceptionResolver -- Resolved [org.springframework.http.converter.HttpMessageNotReadableException: Required request body is missing: public dev.waterflex.scheduler.BookingService$Selection dev.waterflex.scheduler.BookingController.select(dev.waterflex.scheduler.BookingController$SelectRequest)]
20:46:22.313 [main] WARN org.springframework.web.servlet.mvc.support.DefaultHandlerExceptionResolver -- Resolved [org.springframework.http.converter.HttpMessageNotReadableException: JSON parse error: Cannot deserialize value of type `dev.waterflex.scheduler.BookingController$SelectRequest` from Array value (token `JsonToken.START_ARRAY`)]
20:46:22.315 [main] WARN org.springframework.web.servlet.mvc.support.DefaultHandlerExceptionResolver -- Resolved [org.springframework.http.converter.HttpMessageNotReadableException: JSON parse error: Unexpected end-of-input: expected close marker for Object (start marker at [Source: REDACTED (`StreamReadFeature.INCLUDE_SOURCE_IN_LOCATION` disabled); byte offset: #UNKNOWN])]
20:46:22.315 [main] WARN org.springframework.web.servlet.mvc.support.DefaultHandlerExceptionResolver -- Resolved [org.springframework.http.converter.HttpMessageNotReadableException: JSON parse error: Cannot construct instance of `dev.waterflex.scheduler.BookingController$SelectRequest` (although at least one Creator exists): no boolean/Boolean-argument constructor/factory method to deserialize from boolean value (false)]
20:46:22.315 [main] WARN org.springframework.web.servlet.mvc.support.DefaultHandlerExceptionResolver -- Resolved [org.springframework.http.converter.HttpMessageNotReadableException: JSON parse error: Cannot coerce Integer value (12) to `java.lang.String` value (but could if coercion was enabled using `CoercionConfig`)]
20:46:22.317 [main] WARN org.springframework.web.servlet.mvc.support.DefaultHandlerExceptionResolver -- Resolved [org.springframework.http.converter.HttpMessageNotReadableException: Required request body is missing: public dev.waterflex.scheduler.BookingService$Confirmation dev.waterflex.scheduler.BookingController.confirm(dev.waterflex.scheduler.BookingController$ConfirmRequest)]
20:46:22.317 [main] WARN org.springframework.web.servlet.mvc.support.DefaultHandlerExceptionResolver -- Resolved [org.springframework.http.converter.HttpMessageNotReadableException: JSON parse error: Cannot deserialize value of type `dev.waterflex.scheduler.BookingController$ConfirmRequest` from Array value (token `JsonToken.START_ARRAY`)]
20:46:22.319 [main] WARN org.springframework.web.servlet.mvc.support.DefaultHandlerExceptionResolver -- Resolved [org.springframework.http.converter.HttpMessageNotReadableException: JSON parse error: Unexpected end-of-input: expected close marker for Object (start marker at [Source: REDACTED (`StreamReadFeature.INCLUDE_SOURCE_IN_LOCATION` disabled); byte offset: #UNKNOWN])]
20:46:22.319 [main] WARN org.springframework.web.servlet.mvc.support.DefaultHandlerExceptionResolver -- Resolved [org.springframework.http.converter.HttpMessageNotReadableException: JSON parse error: Cannot construct instance of `dev.waterflex.scheduler.BookingController$ConfirmRequest` (although at least one Creator exists): no boolean/Boolean-argument constructor/factory method to deserialize from boolean value (false)]
20:46:22.320 [main] WARN org.springframework.web.servlet.mvc.support.DefaultHandlerExceptionResolver -- Resolved [org.springframework.http.converter.HttpMessageNotReadableException: JSON parse error: Cannot coerce Boolean value (false) to `java.lang.String` value (but could if coercion was enabled using `CoercionConfig`)]
20:46:22.321 [main] WARN org.springframework.web.servlet.mvc.support.DefaultHandlerExceptionResolver -- Resolved [org.springframework.http.converter.HttpMessageNotReadableException: Required request body is missing: public java.util.Map<java.lang.String, java.lang.Object> dev.waterflex.scheduler.BookingController.cancel(dev.waterflex.scheduler.BookingController$CancelRequest)]
20:46:22.321 [main] WARN org.springframework.web.servlet.mvc.support.DefaultHandlerExceptionResolver -- Resolved [org.springframework.http.converter.HttpMessageNotReadableException: JSON parse error: Cannot deserialize value of type `dev.waterflex.scheduler.BookingController$CancelRequest` from Array value (token `JsonToken.START_ARRAY`)]
20:46:22.323 [main] WARN org.springframework.web.servlet.mvc.support.DefaultHandlerExceptionResolver -- Resolved [org.springframework.http.converter.HttpMessageNotReadableException: JSON parse error: Unexpected end-of-input: expected close marker for Object (start marker at [Source: REDACTED (`StreamReadFeature.INCLUDE_SOURCE_IN_LOCATION` disabled); byte offset: #UNKNOWN])]
20:46:22.323 [main] WARN org.springframework.web.servlet.mvc.support.DefaultHandlerExceptionResolver -- Resolved [org.springframework.http.converter.HttpMessageNotReadableException: JSON parse error: Cannot construct instance of `dev.waterflex.scheduler.BookingController$CancelRequest` (although at least one Creator exists): no boolean/Boolean-argument constructor/factory method to deserialize from boolean value (false)]
20:46:22.376 [main] INFO org.springframework.mock.web.MockServletContext -- Initializing Spring TestDispatcherServlet ''
20:46:22.376 [main] INFO org.springframework.test.web.servlet.TestDispatcherServlet -- Initializing Servlet ''
20:46:22.376 [main] INFO org.springframework.test.web.servlet.TestDispatcherServlet -- Completed initialization in 0 ms
20:46:22.397 [main] INFO org.springframework.mock.web.MockServletContext -- Initializing Spring TestDispatcherServlet ''
20:46:22.397 [main] INFO org.springframework.test.web.servlet.TestDispatcherServlet -- Initializing Servlet ''
20:46:22.397 [main] INFO org.springframework.test.web.servlet.TestDispatcherServlet -- Completed initialization in 0 ms
20:46:22.399 [main] WARN org.springframework.web.servlet.mvc.support.DefaultHandlerExceptionResolver -- Resolved [org.springframework.http.converter.HttpMessageNotReadableException: Required request body is missing: public void dev.waterflex.scheduler.optimizer.OptimizationController.preview(dev.waterflex.scheduler.optimizer.OptimizationService$Request,jakarta.servlet.http.HttpServletResponse) throws java.io.IOException]
20:46:22.400 [main] WARN org.springframework.web.servlet.mvc.support.DefaultHandlerExceptionResolver -- Resolved [org.springframework.http.converter.HttpMessageNotReadableException: JSON parse error: Cannot deserialize value of type `dev.waterflex.scheduler.optimizer.OptimizationService$Request` from Array value (token `JsonToken.START_ARRAY`)]
20:46:22.401 [main] WARN org.springframework.web.servlet.mvc.support.DefaultHandlerExceptionResolver -- Resolved [org.springframework.http.converter.HttpMessageNotReadableException: JSON parse error: Unexpected end-of-input: expected close marker for Object (start marker at [Source: REDACTED (`StreamReadFeature.INCLUDE_SOURCE_IN_LOCATION` disabled); byte offset: #UNKNOWN])]
20:46:22.401 [main] WARN org.springframework.web.servlet.mvc.support.DefaultHandlerExceptionResolver -- Resolved [org.springframework.http.converter.HttpMessageNotReadableException: JSON parse error: Cannot construct instance of `dev.waterflex.scheduler.optimizer.OptimizationService$Request` (although at least one Creator exists): no boolean/Boolean-argument constructor/factory method to deserialize from boolean value (false)]
20:46:22.401 [main] WARN org.springframework.web.servlet.mvc.support.DefaultHandlerExceptionResolver -- Resolved [org.springframework.http.converter.HttpMessageNotReadableException: JSON parse error: Cannot construct instance of `dev.waterflex.scheduler.optimizer.OptimizationService$Request` (although at least one Creator exists): no String-argument constructor/factory method to deserialize from String value ('text')]
20:46:22.403 [main] WARN org.springframework.web.servlet.mvc.support.DefaultHandlerExceptionResolver -- Resolved [org.springframework.http.converter.HttpMessageNotReadableException: Required request body is missing: public java.util.Map<java.lang.String, java.lang.Object> dev.waterflex.scheduler.optimizer.OptimizationController.apply(java.lang.String,dev.waterflex.scheduler.RequestChecks$Empty)]
20:46:22.403 [main] WARN org.springframework.web.servlet.mvc.support.DefaultHandlerExceptionResolver -- Resolved [org.springframework.http.converter.HttpMessageNotReadableException: JSON parse error: Cannot deserialize value of type `dev.waterflex.scheduler.RequestChecks$Empty` from Array value (token `JsonToken.START_ARRAY`)]
20:46:22.404 [main] WARN org.springframework.web.servlet.mvc.support.DefaultHandlerExceptionResolver -- Resolved [org.springframework.http.converter.HttpMessageNotReadableException: JSON parse error: Unexpected end-of-input: expected close marker for Object (start marker at [Source: REDACTED (`StreamReadFeature.INCLUDE_SOURCE_IN_LOCATION` disabled); byte offset: #UNKNOWN])]
20:46:22.404 [main] WARN org.springframework.web.servlet.mvc.support.DefaultHandlerExceptionResolver -- Resolved [org.springframework.http.converter.HttpMessageNotReadableException: JSON parse error: Cannot construct instance of `dev.waterflex.scheduler.RequestChecks$Empty` (although at least one Creator exists): no boolean/Boolean-argument constructor/factory method to deserialize from boolean value (false)]
20:46:22.404 [main] WARN org.springframework.web.servlet.mvc.support.DefaultHandlerExceptionResolver -- Resolved [org.springframework.http.converter.HttpMessageNotReadableException: JSON parse error: Cannot construct instance of `dev.waterflex.scheduler.RequestChecks$Empty` (although at least one Creator exists): no String-argument constructor/factory method to deserialize from String value ('text')]
20:46:22.406 [main] WARN org.springframework.web.servlet.mvc.support.DefaultHandlerExceptionResolver -- Resolved [org.springframework.http.converter.HttpMessageNotReadableException: Required request body is missing: public java.util.Map<java.lang.String, java.lang.Object> dev.waterflex.scheduler.TimeOffController.submit(dev.waterflex.scheduler.TimeOffService$Request)]
20:46:22.407 [main] WARN org.springframework.web.servlet.mvc.support.DefaultHandlerExceptionResolver -- Resolved [org.springframework.http.converter.HttpMessageNotReadableException: JSON parse error: Cannot deserialize value of type `dev.waterflex.scheduler.TimeOffService$Request` from Array value (token `JsonToken.START_ARRAY`)]
20:46:22.408 [main] WARN org.springframework.web.servlet.mvc.support.DefaultHandlerExceptionResolver -- Resolved [org.springframework.http.converter.HttpMessageNotReadableException: JSON parse error: Unexpected end-of-input: expected close marker for Object (start marker at [Source: REDACTED (`StreamReadFeature.INCLUDE_SOURCE_IN_LOCATION` disabled); byte offset: #UNKNOWN])]
20:46:22.408 [main] WARN org.springframework.web.servlet.mvc.support.DefaultHandlerExceptionResolver -- Resolved [org.springframework.http.converter.HttpMessageNotReadableException: JSON parse error: Cannot construct instance of `dev.waterflex.scheduler.TimeOffService$Request` (although at least one Creator exists): no boolean/Boolean-argument constructor/factory method to deserialize from boolean value (false)]
20:46:22.408 [main] WARN org.springframework.web.servlet.mvc.support.DefaultHandlerExceptionResolver -- Resolved [org.springframework.http.converter.HttpMessageNotReadableException: JSON parse error: Cannot construct instance of `dev.waterflex.scheduler.TimeOffService$Request` (although at least one Creator exists): no String-argument constructor/factory method to deserialize from String value ('text')]
20:46:22.410 [main] WARN org.springframework.web.servlet.mvc.support.DefaultHandlerExceptionResolver -- Resolved [org.springframework.http.converter.HttpMessageNotReadableException: Required request body is missing: public java.util.Map<java.lang.String, java.lang.Object> dev.waterflex.scheduler.TimeOffController.approve(java.lang.String,dev.waterflex.scheduler.TimeOffController$Approval)]
20:46:22.410 [main] WARN org.springframework.web.servlet.mvc.support.DefaultHandlerExceptionResolver -- Resolved [org.springframework.http.converter.HttpMessageNotReadableException: JSON parse error: Cannot deserialize value of type `dev.waterflex.scheduler.TimeOffController$Approval` from Array value (token `JsonToken.START_ARRAY`)]
20:46:22.410 [main] WARN org.springframework.web.servlet.mvc.support.DefaultHandlerExceptionResolver -- Resolved [org.springframework.http.converter.HttpMessageNotReadableException: JSON parse error: Unexpected end-of-input: expected close marker for Object (start marker at [Source: REDACTED (`StreamReadFeature.INCLUDE_SOURCE_IN_LOCATION` disabled); byte offset: #UNKNOWN])]
20:46:22.410 [main] WARN org.springframework.web.servlet.mvc.support.DefaultHandlerExceptionResolver -- Resolved [org.springframework.http.converter.HttpMessageNotReadableException: JSON parse error: Cannot construct instance of `dev.waterflex.scheduler.TimeOffController$Approval` (although at least one Creator exists): no boolean/Boolean-argument constructor/factory method to deserialize from boolean value (false)]
20:46:22.411 [main] WARN org.springframework.web.servlet.mvc.support.DefaultHandlerExceptionResolver -- Resolved [org.springframework.http.converter.HttpMessageNotReadableException: JSON parse error: Cannot construct instance of `dev.waterflex.scheduler.TimeOffController$Approval` (although at least one Creator exists): no String-argument constructor/factory method to deserialize from String value ('text')]
20:46:22.412 [main] WARN org.springframework.web.servlet.mvc.support.DefaultHandlerExceptionResolver -- Resolved [org.springframework.http.converter.HttpMessageNotReadableException: Required request body is missing: public java.util.Map<java.lang.String, java.lang.Object> dev.waterflex.scheduler.TimeOffController.retry(java.lang.String,dev.waterflex.scheduler.RequestChecks$Empty)]
20:46:22.412 [main] WARN org.springframework.web.servlet.mvc.support.DefaultHandlerExceptionResolver -- Resolved [org.springframework.http.converter.HttpMessageNotReadableException: JSON parse error: Cannot deserialize value of type `dev.waterflex.scheduler.RequestChecks$Empty` from Array value (token `JsonToken.START_ARRAY`)]
20:46:22.413 [main] WARN org.springframework.web.servlet.mvc.support.DefaultHandlerExceptionResolver -- Resolved [org.springframework.http.converter.HttpMessageNotReadableException: JSON parse error: Unexpected end-of-input: expected close marker for Object (start marker at [Source: REDACTED (`StreamReadFeature.INCLUDE_SOURCE_IN_LOCATION` disabled); byte offset: #UNKNOWN])]
20:46:22.413 [main] WARN org.springframework.web.servlet.mvc.support.DefaultHandlerExceptionResolver -- Resolved [org.springframework.http.converter.HttpMessageNotReadableException: JSON parse error: Cannot construct instance of `dev.waterflex.scheduler.RequestChecks$Empty` (although at least one Creator exists): no boolean/Boolean-argument constructor/factory method to deserialize from boolean value (false)]
20:46:22.413 [main] WARN org.springframework.web.servlet.mvc.support.DefaultHandlerExceptionResolver -- Resolved [org.springframework.http.converter.HttpMessageNotReadableException: JSON parse error: Cannot construct instance of `dev.waterflex.scheduler.RequestChecks$Empty` (although at least one Creator exists): no String-argument constructor/factory method to deserialize from String value ('text')]
20:46:22.414 [main] WARN org.springframework.web.servlet.mvc.support.DefaultHandlerExceptionResolver -- Resolved [org.springframework.http.converter.HttpMessageNotReadableException: Required request body is missing: public java.util.Map<java.lang.String, java.lang.Object> dev.waterflex.scheduler.TimeOffController.deny(java.lang.String,dev.waterflex.scheduler.RequestChecks$Empty)]
20:46:22.415 [main] WARN org.springframework.web.servlet.mvc.support.DefaultHandlerExceptionResolver -- Resolved [org.springframework.http.converter.HttpMessageNotReadableException: JSON parse error: Cannot deserialize value of type `dev.waterflex.scheduler.RequestChecks$Empty` from Array value (token `JsonToken.START_ARRAY`)]
20:46:22.415 [main] WARN org.springframework.web.servlet.mvc.support.DefaultHandlerExceptionResolver -- Resolved [org.springframework.http.converter.HttpMessageNotReadableException: JSON parse error: Unexpected end-of-input: expected close marker for Object (start marker at [Source: REDACTED (`StreamReadFeature.INCLUDE_SOURCE_IN_LOCATION` disabled); byte offset: #UNKNOWN])]
20:46:22.416 [main] WARN org.springframework.web.servlet.mvc.support.DefaultHandlerExceptionResolver -- Resolved [org.springframework.http.converter.HttpMessageNotReadableException: JSON parse error: Cannot construct instance of `dev.waterflex.scheduler.RequestChecks$Empty` (although at least one Creator exists): no boolean/Boolean-argument constructor/factory method to deserialize from boolean value (false)]
20:46:22.416 [main] WARN org.springframework.web.servlet.mvc.support.DefaultHandlerExceptionResolver -- Resolved [org.springframework.http.converter.HttpMessageNotReadableException: JSON parse error: Cannot construct instance of `dev.waterflex.scheduler.RequestChecks$Empty` (although at least one Creator exists): no String-argument constructor/factory method to deserialize from String value ('text')]
20:46:22.418 [main] WARN org.springframework.web.servlet.mvc.support.DefaultHandlerExceptionResolver -- Resolved [org.springframework.http.converter.HttpMessageNotReadableException: Required request body is missing: public java.util.Map<java.lang.String, java.lang.Object> dev.waterflex.scheduler.ScheduleGuardController.availability(dev.waterflex.scheduler.ScheduleGuardController$AvailabilityRequest)]
20:46:22.418 [main] WARN org.springframework.web.servlet.mvc.support.DefaultHandlerExceptionResolver -- Resolved [org.springframework.http.converter.HttpMessageNotReadableException: JSON parse error: Cannot deserialize value of type `dev.waterflex.scheduler.ScheduleGuardController$AvailabilityRequest` from Array value (token `JsonToken.START_ARRAY`)]
20:46:22.418 [main] WARN org.springframework.web.servlet.mvc.support.DefaultHandlerExceptionResolver -- Resolved [org.springframework.http.converter.HttpMessageNotReadableException: JSON parse error: Unexpected end-of-input: expected close marker for Object (start marker at [Source: REDACTED (`StreamReadFeature.INCLUDE_SOURCE_IN_LOCATION` disabled); byte offset: #UNKNOWN])]
20:46:22.419 [main] WARN org.springframework.web.servlet.mvc.support.DefaultHandlerExceptionResolver -- Resolved [org.springframework.http.converter.HttpMessageNotReadableException: JSON parse error: Cannot construct instance of `dev.waterflex.scheduler.ScheduleGuardController$AvailabilityRequest` (although at least one Creator exists): no boolean/Boolean-argument constructor/factory method to deserialize from boolean value (false)]
20:46:22.420 [main] WARN org.springframework.web.servlet.mvc.support.DefaultHandlerExceptionResolver -- Resolved [org.springframework.http.converter.HttpMessageNotReadableException: JSON parse error: Cannot construct instance of `dev.waterflex.scheduler.ScheduleGuardController$AvailabilityRequest` (although at least one Creator exists): no String-argument constructor/factory method to deserialize from String value ('text')]
20:46:22.422 [main] WARN org.springframework.web.servlet.mvc.support.DefaultHandlerExceptionResolver -- Resolved [org.springframework.http.converter.HttpMessageNotReadableException: Required request body is missing: public java.util.Map<java.lang.String, java.lang.Object> dev.waterflex.scheduler.ScheduleGuardController.qualification(dev.waterflex.scheduler.ScheduleGuardController$QualificationRequest)]
20:46:22.424 [main] WARN org.springframework.web.servlet.mvc.support.DefaultHandlerExceptionResolver -- Resolved [org.springframework.http.converter.HttpMessageNotReadableException: JSON parse error: Cannot deserialize value of type `dev.waterflex.scheduler.ScheduleGuardController$QualificationRequest` from Array value (token `JsonToken.START_ARRAY`)]
20:46:22.424 [main] WARN org.springframework.web.servlet.mvc.support.DefaultHandlerExceptionResolver -- Resolved [org.springframework.http.converter.HttpMessageNotReadableException: JSON parse error: Unexpected end-of-input: expected close marker for Object (start marker at [Source: REDACTED (`StreamReadFeature.INCLUDE_SOURCE_IN_LOCATION` disabled); byte offset: #UNKNOWN])]
20:46:22.424 [main] WARN org.springframework.web.servlet.mvc.support.DefaultHandlerExceptionResolver -- Resolved [org.springframework.http.converter.HttpMessageNotReadableException: JSON parse error: Cannot construct instance of `dev.waterflex.scheduler.ScheduleGuardController$QualificationRequest` (although at least one Creator exists): no boolean/Boolean-argument constructor/factory method to deserialize from boolean value (false)]
20:46:22.424 [main] WARN org.springframework.web.servlet.mvc.support.DefaultHandlerExceptionResolver -- Resolved [org.springframework.http.converter.HttpMessageNotReadableException: JSON parse error: Cannot construct instance of `dev.waterflex.scheduler.ScheduleGuardController$QualificationRequest` (although at least one Creator exists): no String-argument constructor/factory method to deserialize from String value ('text')]
[INFO] Tests run: 7, Failures: 0, Errors: 0, Skipped: 0, Time elapsed: 0.172 s -- in dev.waterflex.scheduler.NullabilityTest
[INFO] Running dev.waterflex.scheduler.optimizer.AssertionCampaignTest
[WARNING] Tests run: 1, Failures: 0, Errors: 0, Skipped: 1, Time elapsed: 0 s -- in dev.waterflex.scheduler.optimizer.AssertionCampaignTest
[INFO] Running dev.waterflex.scheduler.optimizer.ConstraintRulesTest
[INFO] Tests run: 5, Failures: 0, Errors: 0, Skipped: 0, Time elapsed: 0.062 s -- in dev.waterflex.scheduler.optimizer.ConstraintRulesTest
[INFO] Running dev.waterflex.scheduler.optimizer.DailyConstructionTest
20:46:22.910 [main] INFO ai.timefold.solver.core.impl.solver.DefaultSolver -- Solving started: time spent (7), best score ([0/0/-3/0/0]hard/[0/0]soft), environment mode (FULL_ASSERT), move thread count (NONE), random (seed 17).
20:46:22.910 [main] INFO ai.timefold.solver.core.impl.solver.DefaultSolver -- Problem scale: genuine entity count (2), genuine variable count (2), approximate value count (3), approximate problem scale (60).
20:46:22.940 [main] INFO ai.timefold.solver.core.impl.constructionheuristic.DefaultConstructionHeuristicPhase -- Construction Heuristic phase (0) ended: time spent (37), best score ([0/0/0/0/0]hard/[0/-4500]soft), move evaluation speed (400/sec), step total (3).
20:46:23.154 [main] INFO ai.timefold.solver.core.impl.localsearch.DefaultLocalSearchPhase -- Local Search phase (1) ended: time spent (251), best score ([0/0/0/0/0]hard/[0/-4500]soft), move evaluation speed (1544/sec), step total (1).
20:46:23.155 [main] INFO ai.timefold.solver.core.impl.solver.DefaultSolver -- Solving ended: time spent (251), best score ([0/0/0/0/0]hard/[0/-4500]soft), move evaluation speed (1358/sec), phase total (2), environment mode (FULL_ASSERT), move thread count (NONE).
20:46:23.159 [main] INFO ai.timefold.solver.core.impl.solver.DefaultSolver -- Solving started: time spent (1), best score ([0/0/-2/0/0]hard/[0/-1500]soft), environment mode (FULL_ASSERT), move thread count (NONE), random (seed 17).
20:46:23.159 [main] INFO ai.timefold.solver.core.impl.solver.DefaultSolver -- Problem scale: genuine entity count (2), genuine variable count (2), approximate value count (3), approximate problem scale (60).
20:46:23.163 [main] INFO ai.timefold.solver.core.impl.constructionheuristic.DefaultConstructionHeuristicPhase -- Construction Heuristic phase (0) ended: time spent (5), best score ([0/0/0/0/0]hard/[0/-4500]soft), move evaluation speed (1750/sec), step total (2).
20:46:23.409 [main] INFO ai.timefold.solver.core.impl.localsearch.DefaultLocalSearchPhase -- Local Search phase (1) ended: time spent (250), best score ([0/0/0/0/0]hard/[0/-4500]soft), move evaluation speed (3146/sec), step total (1).
20:46:23.409 [main] INFO ai.timefold.solver.core.impl.solver.DefaultSolver -- Solving ended: time spent (251), best score ([0/0/0/0/0]hard/[0/-4500]soft), move evaluation speed (3099/sec), phase total (2), environment mode (FULL_ASSERT), move thread count (NONE).
20:46:23.456 [main] INFO ai.timefold.solver.core.impl.solver.DefaultSolver -- Solving started: time spent (1), best score ([0/0/-1/0/0]hard/[0/0]soft), environment mode (FULL_ASSERT), move thread count (NONE), random (seed 17).
20:46:23.457 [main] INFO ai.timefold.solver.core.impl.solver.DefaultSolver -- Problem scale: genuine entity count (1), genuine variable count (1), approximate value count (1), approximate problem scale (2).
20:46:23.460 [main] INFO ai.timefold.solver.core.impl.constructionheuristic.DefaultConstructionHeuristicPhase -- Construction Heuristic phase (0) ended: time spent (5), best score ([0/0/-1/0/0]hard/[0/0]soft), move evaluation speed (1333/sec), step total (2).
20:46:23.706 [main] INFO ai.timefold.solver.core.impl.localsearch.DefaultLocalSearchPhase -- Local Search phase (1) ended: time spent (251), best score ([0/0/-1/0/0]hard/[0/0]soft), move evaluation speed (3585/sec), step total (1).
20:46:23.706 [main] INFO ai.timefold.solver.core.impl.solver.DefaultSolver -- Solving ended: time spent (251), best score ([0/0/-1/0/0]hard/[0/0]soft), move evaluation speed (3529/sec), phase total (2), environment mode (FULL_ASSERT), move thread count (NONE).
20:46:23.709 [main] INFO ai.timefold.solver.core.impl.solver.DefaultSolver -- Solving started: time spent (1), best score ([0/0/-1/0/0]hard/[0/0]soft), environment mode (FULL_ASSERT), move thread count (NONE), random (seed 17).
20:46:23.709 [main] INFO ai.timefold.solver.core.impl.solver.DefaultSolver -- Problem scale: genuine entity count (1), genuine variable count (1), approximate value count (1), approximate problem scale (2).
20:46:23.711 [main] INFO ai.timefold.solver.core.impl.constructionheuristic.DefaultConstructionHeuristicPhase -- Construction Heuristic phase (0) ended: time spent (3), best score ([0/0/-1/0/0]hard/[0/0]soft), move evaluation speed (2000/sec), step total (2).
20:46:23.958 [main] INFO ai.timefold.solver.core.impl.localsearch.DefaultLocalSearchPhase -- Local Search phase (1) ended: time spent (250), best score ([0/0/-1/0/0]hard/[0/0]soft), move evaluation speed (4105/sec), step total (2).
20:46:23.959 [main] INFO ai.timefold.solver.core.impl.solver.DefaultSolver -- Solving ended: time spent (251), best score ([0/0/-1/0/0]hard/[0/0]soft), move evaluation speed (4039/sec), phase total (2), environment mode (FULL_ASSERT), move thread count (NONE).
20:46:23.967 [main] INFO ai.timefold.solver.core.impl.solver.DefaultSolver -- Solving started: time spent (1), best score ([0/-1800/0/0/0]hard/[0/-1500]soft), environment mode (FULL_ASSERT), move thread count (NONE), random (seed 17).
20:46:23.967 [main] INFO ai.timefold.solver.core.impl.solver.DefaultSolver -- Problem scale: genuine entity count (1), genuine variable count (1), approximate value count (1), approximate problem scale (2).
20:46:24.216 [main] INFO ai.timefold.solver.core.impl.localsearch.DefaultLocalSearchPhase -- Local Search phase (0) ended: time spent (250), best score ([0/0/-1/0/0]hard/[0/0]soft), move evaluation speed (4265/sec), step total (2).
20:46:24.216 [main] INFO ai.timefold.solver.core.impl.solver.DefaultSolver -- Solving ended: time spent (250), best score ([0/0/-1/0/0]hard/[0/0]soft), move evaluation speed (4248/sec), phase total (1), environment mode (FULL_ASSERT), move thread count (NONE).
20:46:24.219 [main] INFO ai.timefold.solver.core.impl.solver.DefaultSolver -- Solving started: time spent (1), best score ([0/-1800/0/0/0]hard/[0/-1500]soft), environment mode (FULL_ASSERT), move thread count (NONE), random (seed 17).
20:46:24.219 [main] INFO ai.timefold.solver.core.impl.solver.DefaultSolver -- Problem scale: genuine entity count (2), genuine variable count (2), approximate value count (1), approximate problem scale (3).
20:46:24.468 [main] INFO ai.timefold.solver.core.impl.localsearch.DefaultLocalSearchPhase -- Local Search phase (0) ended: time spent (250), best score ([0/0/0/0/0]hard/[0/-1500]soft), move evaluation speed (5337/sec), step total (2).
20:46:24.468 [main] INFO ai.timefold.solver.core.impl.solver.DefaultSolver -- Solving ended: time spent (250), best score ([0/0/0/0/0]hard/[0/-1500]soft), move evaluation speed (5316/sec), phase total (1), environment mode (FULL_ASSERT), move thread count (NONE).
20:46:24.472 [main] INFO ai.timefold.solver.core.impl.solver.DefaultSolver -- Solving started: time spent (1), best score ([0/0/-1/0/0]hard/[0/0]soft), environment mode (FULL_ASSERT), move thread count (NONE), random (seed 17).
20:46:24.472 [main] INFO ai.timefold.solver.core.impl.solver.DefaultSolver -- Problem scale: genuine entity count (1), genuine variable count (1), approximate value count (1), approximate problem scale (2).
20:46:24.474 [main] INFO ai.timefold.solver.core.impl.constructionheuristic.DefaultConstructionHeuristicPhase -- Construction Heuristic phase (0) ended: time spent (3), best score ([0/0/-1/0/0]hard/[0/0]soft), move evaluation speed (2000/sec), step total (2).
20:46:24.721 [main] INFO ai.timefold.solver.core.impl.localsearch.DefaultLocalSearchPhase -- Local Search phase (1) ended: time spent (250), best score ([0/0/-1/0/0]hard/[0/0]soft), move evaluation speed (5259/sec), step total (3).
20:46:24.722 [main] INFO ai.timefold.solver.core.impl.solver.DefaultSolver -- Solving ended: time spent (250), best score ([0/0/-1/0/0]hard/[0/0]soft), move evaluation speed (5212/sec), phase total (2), environment mode (FULL_ASSERT), move thread count (NONE).
20:46:24.724 [main] INFO ai.timefold.solver.core.impl.solver.DefaultSolver -- Solving started: time spent (1), best score ([0/-3601/0/0/0]hard/[0/-1500]soft), environment mode (FULL_ASSERT), move thread count (NONE), random (seed 17).
20:46:24.724 [main] INFO ai.timefold.solver.core.impl.solver.DefaultSolver -- Problem scale: genuine entity count (1), genuine variable count (1), approximate value count (1), approximate problem scale (2).
20:46:24.724 [main] WARN ai.timefold.solver.core.impl.localsearch.DefaultLocalSearchPhase --     No doable selected move at step index (0), time spent (1). Terminating phase early.
20:46:24.724 [main] INFO ai.timefold.solver.core.impl.localsearch.DefaultLocalSearchPhase -- Local Search phase (0) ended: time spent (1), best score ([0/-3601/0/0/0]hard/[0/-1500]soft), move evaluation speed (0/sec), step total (0).
20:46:24.724 [main] INFO ai.timefold.solver.core.impl.solver.DefaultSolver -- Solving ended: time spent (1), best score ([0/-3601/0/0/0]hard/[0/-1500]soft), move evaluation speed (0/sec), phase total (1), environment mode (FULL_ASSERT), move thread count (NONE).
20:46:24.800 [main] INFO ai.timefold.solver.core.impl.solver.DefaultSolver -- Solving started: time spent (1), best score ([0/0/-4/0/0]hard/[0/-3000]soft), environment mode (FULL_ASSERT), move thread count (NONE), random (seed 17).
20:46:24.800 [main] INFO ai.timefold.solver.core.impl.solver.DefaultSolver -- Problem scale: genuine entity count (3), genuine variable count (3), approximate value count (6), approximate problem scale (60,480).
20:46:24.809 [main] INFO ai.timefold.solver.core.impl.constructionheuristic.DefaultConstructionHeuristicPhase -- Construction Heuristic phase (0) ended: time spent (10), best score ([0/0/0/0/0]hard/[0/-9000]soft), move evaluation speed (2888/sec), step total (4).
20:46:24.899 [main] INFO ai.timefold.solver.core.impl.localsearch.DefaultLocalSearchPhase -- Local Search phase (1) ended: time spent (100), best score ([0/0/0/0/0]hard/[0/-9000]soft), move evaluation speed (4382/sec), step total (4).
20:46:24.899 [main] INFO ai.timefold.solver.core.impl.solver.DefaultSolver -- Solving ended: time spent (100), best score ([0/0/0/0/0]hard/[0/-9000]soft), move evaluation speed (4160/sec), phase total (2), environment mode (FULL_ASSERT), move thread count (NONE).
20:46:24.976 [main] INFO ai.timefold.solver.core.impl.solver.DefaultSolver -- Solving started: time spent (1), best score ([0/0/-4/0/0]hard/[0/-3000]soft), environment mode (FULL_ASSERT), move thread count (NONE), random (seed 17).
20:46:24.976 [main] INFO ai.timefold.solver.core.impl.solver.DefaultSolver -- Problem scale: genuine entity count (3), genuine variable count (3), approximate value count (6), approximate problem scale (60,480).
20:46:24.985 [main] INFO ai.timefold.solver.core.impl.constructionheuristic.DefaultConstructionHeuristicPhase -- Construction Heuristic phase (0) ended: time spent (10), best score ([0/0/0/0/0]hard/[0/-9000]soft), move evaluation speed (2888/sec), step total (4).
20:46:25.075 [main] INFO ai.timefold.solver.core.impl.localsearch.DefaultLocalSearchPhase -- Local Search phase (1) ended: time spent (100), best score ([0/0/0/0/0]hard/[0/-9000]soft), move evaluation speed (4611/sec), step total (5).
20:46:25.076 [main] INFO ai.timefold.solver.core.impl.solver.DefaultSolver -- Solving ended: time spent (101), best score ([0/0/0/0/0]hard/[0/-9000]soft), move evaluation speed (4366/sec), phase total (2), environment mode (FULL_ASSERT), move thread count (NONE).
20:46:25.131 [main] INFO ai.timefold.solver.core.impl.solver.DefaultSolver -- Solving started: time spent (1), best score ([0/0/-4/0/0]hard/[0/-3000]soft), environment mode (FULL_ASSERT), move thread count (NONE), random (seed 17).
20:46:25.131 [main] INFO ai.timefold.solver.core.impl.solver.DefaultSolver -- Problem scale: genuine entity count (3), genuine variable count (3), approximate value count (6), approximate problem scale (60,480).
20:46:25.138 [main] INFO ai.timefold.solver.core.impl.constructionheuristic.DefaultConstructionHeuristicPhase -- Construction Heuristic phase (0) ended: time spent (8), best score ([0/0/0/0/0]hard/[0/-9000]soft), move evaluation speed (3714/sec), step total (4).
20:46:25.230 [main] INFO ai.timefold.solver.core.impl.localsearch.DefaultLocalSearchPhase -- Local Search phase (1) ended: time spent (100), best score ([0/0/0/0/0]hard/[0/-9000]soft), move evaluation speed (1500/sec), step total (123).
20:46:25.230 [main] INFO ai.timefold.solver.core.impl.solver.DefaultSolver -- Solving ended: time spent (100), best score ([0/0/0/0/0]hard/[0/-9000]soft), move evaluation speed (1640/sec), phase total (2), environment mode (FULL_ASSERT), move thread count (NONE).
20:46:25.278 [main] INFO ai.timefold.solver.core.impl.solver.DefaultSolver -- Solving started: time spent (0), best score ([0/0/-4/0/0]hard/[0/-3000]soft), environment mode (FULL_ASSERT), move thread count (NONE), random (seed 17).
20:46:25.278 [main] INFO ai.timefold.solver.core.impl.solver.DefaultSolver -- Problem scale: genuine entity count (3), genuine variable count (3), approximate value count (6), approximate problem scale (60,480).
20:46:25.286 [main] INFO ai.timefold.solver.core.impl.constructionheuristic.DefaultConstructionHeuristicPhase -- Construction Heuristic phase (0) ended: time spent (8), best score ([0/0/0/0/0]hard/[0/-9000]soft), move evaluation speed (3250/sec), step total (4).
20:46:25.378 [main] INFO ai.timefold.solver.core.impl.localsearch.DefaultLocalSearchPhase -- Local Search phase (1) ended: time spent (100), best score ([0/0/0/0/0]hard/[0/-9000]soft), move evaluation speed (1461/sec), step total (123).
20:46:25.378 [main] INFO ai.timefold.solver.core.impl.solver.DefaultSolver -- Solving ended: time spent (100), best score ([0/0/0/0/0]hard/[0/-9000]soft), move evaluation speed (1590/sec), phase total (2), environment mode (FULL_ASSERT), move thread count (NONE).
20:46:25.381 [main] INFO ai.timefold.solver.core.impl.solver.DefaultSolver -- Solving started: time spent (0), best score ([0/0/-4/0/0]hard/[0/-3000]soft), environment mode (FULL_ASSERT), move thread count (NONE), random (seed 17).
20:46:25.381 [main] INFO ai.timefold.solver.core.impl.solver.DefaultSolver -- Problem scale: genuine entity count (3), genuine variable count (3), approximate value count (6), approximate problem scale (60,480).
20:46:25.388 [main] INFO ai.timefold.solver.core.impl.constructionheuristic.DefaultConstructionHeuristicPhase -- Construction Heuristic phase (0) ended: time spent (7), best score ([0/0/0/0/0]hard/[0/-9000]soft), move evaluation speed (3714/sec), step total (4).
20:46:25.481 [main] INFO ai.timefold.solver.core.impl.localsearch.DefaultLocalSearchPhase -- Local Search phase (1) ended: time spent (100), best score ([0/0/0/0/0]hard/[0/-9000]soft), move evaluation speed (6076/sec), step total (1).
20:46:25.481 [main] INFO ai.timefold.solver.core.impl.solver.DefaultSolver -- Solving ended: time spent (100), best score ([0/0/0/0/0]hard/[0/-9000]soft), move evaluation speed (5850/sec), phase total (2), environment mode (FULL_ASSERT), move thread count (NONE).
20:46:25.536 [main] INFO ai.timefold.solver.core.impl.solver.DefaultSolver -- Solving started: time spent (1), best score ([0/0/-4/0/0]hard/[0/-3000]soft), environment mode (FULL_ASSERT), move thread count (NONE), random (seed 17).
20:46:25.536 [main] INFO ai.timefold.solver.core.impl.solver.DefaultSolver -- Problem scale: genuine entity count (3), genuine variable count (3), approximate value count (6), approximate problem scale (60,480).
20:46:25.544 [main] INFO ai.timefold.solver.core.impl.constructionheuristic.DefaultConstructionHeuristicPhase -- Construction Heuristic phase (0) ended: time spent (9), best score ([0/0/0/0/0]hard/[0/-9000]soft), move evaluation speed (3250/sec), step total (4).
20:46:25.635 [main] INFO ai.timefold.solver.core.impl.localsearch.DefaultLocalSearchPhase -- Local Search phase (1) ended: time spent (100), best score ([0/0/0/0/0]hard/[0/-9000]soft), move evaluation speed (1626/sec), step total (140).
20:46:25.635 [main] INFO ai.timefold.solver.core.impl.solver.DefaultSolver -- Solving ended: time spent (100), best score ([0/0/0/0/0]hard/[0/-9000]soft), move evaluation speed (1740/sec), phase total (2), environment mode (FULL_ASSERT), move thread count (NONE).
20:46:25.680 [main] INFO ai.timefold.solver.core.impl.solver.DefaultSolver -- Solving started: time spent (1), best score ([0/0/-4/0/0]hard/[0/-3000]soft), environment mode (FULL_ASSERT), move thread count (NONE), random (seed 17).
20:46:25.680 [main] INFO ai.timefold.solver.core.impl.solver.DefaultSolver -- Problem scale: genuine entity count (3), genuine variable count (3), approximate value count (6), approximate problem scale (60,480).
20:46:25.688 [main] INFO ai.timefold.solver.core.impl.constructionheuristic.DefaultConstructionHeuristicPhase -- Construction Heuristic phase (0) ended: time spent (9), best score ([0/0/0/0/0]hard/[0/-9000]soft), move evaluation speed (3250/sec), step total (4).
20:46:25.779 [main] INFO ai.timefold.solver.core.impl.localsearch.DefaultLocalSearchPhase -- Local Search phase (1) ended: time spent (100), best score ([0/0/0/0/0]hard/[0/-9000]soft), move evaluation speed (1244/sec), step total (110).
20:46:25.779 [main] INFO ai.timefold.solver.core.impl.solver.DefaultSolver -- Solving ended: time spent (100), best score ([0/0/0/0/0]hard/[0/-9000]soft), move evaluation speed (1380/sec), phase total (2), environment mode (FULL_ASSERT), move thread count (NONE).
[INFO] Tests run: 9, Failures: 0, Errors: 0, Skipped: 0, Time elapsed: 3.314 s -- in dev.waterflex.scheduler.optimizer.DailyConstructionTest
[INFO] Running dev.waterflex.scheduler.optimizer.DailyDatasetTest
[INFO] Tests run: 10, Failures: 0, Errors: 0, Skipped: 0, Time elapsed: 0.111 s -- in dev.waterflex.scheduler.optimizer.DailyDatasetTest
[INFO] Running dev.waterflex.scheduler.optimizer.DailyOperationTest
20:46:25.922 [daily-02f3dae9-51b7-4317-88c8-b532889f8873] INFO dev.waterflex.scheduler.optimizer.DailyOperation -- Daily operation Receipt[requestId=02f3dae9-51b7-4317-88c8-b532889f8873, outcome=COMPLETED, elapsedMs=1, queueMs=null, searchMs=0, cancellationElapsedMs=null, cleanupOvershootMs=null, phaseCleanupOvershootMs=0, searchOvershootMs=0, lateResult=false]
20:46:26.928 [daily-1b3a9bac-3164-41d0-aee8-4ade3b90c0c6] INFO dev.waterflex.scheduler.optimizer.DailyOperation -- Daily operation Receipt[requestId=1b3a9bac-3164-41d0-aee8-4ade3b90c0c6, outcome=FAILED, elapsedMs=0, queueMs=0, searchMs=0, cancellationElapsedMs=null, cleanupOvershootMs=null, phaseCleanupOvershootMs=0, searchOvershootMs=0, lateResult=false]
20:46:27.090 [daily-cancellation] INFO ai.timefold.solver.core.impl.solver.DefaultSolver -- Terminating solver early.
20:46:27.211 [daily-3de9e277-c531-4745-bf21-fe78bea61cb1] INFO ai.timefold.solver.core.impl.solver.DefaultSolver -- Solving started: time spent (1), best score ([0/0/0/0/0]hard/[0/-17241]soft), environment mode (NO_ASSERT), move thread count (NONE), random (seed 17).
20:46:27.211 [daily-3de9e277-c531-4745-bf21-fe78bea61cb1] INFO ai.timefold.solver.core.impl.solver.DefaultSolver -- Problem scale: genuine entity count (3), genuine variable count (3), approximate value count (6), approximate problem scale (60,480).
20:46:29.109 [daily-3de9e277-c531-4745-bf21-fe78bea61cb1] INFO ai.timefold.solver.core.impl.localsearch.DefaultLocalSearchPhase -- Local Search phase (0) ended: time spent (1899), best score ([0/0/0/0/0]hard/[0/-16541]soft), move evaluation speed (309751/sec), step total (60).
20:46:29.109 [daily-3de9e277-c531-4745-bf21-fe78bea61cb1] INFO ai.timefold.solver.core.impl.solver.DefaultSolver -- Solving ended: time spent (1899), best score ([0/0/0/0/0]hard/[0/-16541]soft), move evaluation speed (309588/sec), phase total (1), environment mode (NO_ASSERT), move thread count (NONE).
[INFO] Tests run: 10, Failures: 0, Errors: 0, Skipped: 0, Time elapsed: 3.292 s -- in dev.waterflex.scheduler.optimizer.DailyOperationTest
[INFO] Running dev.waterflex.scheduler.optimizer.DailyPolicyDiagnosticsTest
20:46:29.253 [main] INFO ai.timefold.solver.core.impl.solver.DefaultSolver -- Solving started: time spent (1), best score ([0/0/0/0/0]hard/[0/-4000]soft), environment mode (NO_ASSERT), move thread count (NONE), random (seed 17).
20:46:29.253 [main] INFO ai.timefold.solver.core.impl.solver.DefaultSolver -- Problem scale: genuine entity count (1), genuine variable count (1), approximate value count (2), approximate problem scale (6).
20:46:29.352 [main] INFO ai.timefold.solver.core.impl.localsearch.DefaultLocalSearchPhase -- Local Search phase (0) ended: time spent (100), best score ([0/0/0/0/0]hard/[0/-4000]soft), move evaluation speed (425828/sec), step total (422).
20:46:29.352 [main] INFO ai.timefold.solver.core.impl.solver.DefaultSolver -- Solving ended: time spent (100), best score ([0/0/0/0/0]hard/[0/-4000]soft), move evaluation speed (421570/sec), phase total (1), environment mode (NO_ASSERT), move thread count (NONE).
20:46:29.400 [main] INFO ai.timefold.solver.core.impl.solver.DefaultSolver -- Solving started: time spent (0), best score ([0/0/0/0/0]hard/[-20/-4500]soft), environment mode (NO_ASSERT), move thread count (NONE), random (seed 17).
20:46:29.400 [main] INFO ai.timefold.solver.core.impl.solver.DefaultSolver -- Problem scale: genuine entity count (1), genuine variable count (1), approximate value count (2), approximate problem scale (6).
20:46:29.500 [main] INFO ai.timefold.solver.core.impl.localsearch.DefaultLocalSearchPhase -- Local Search phase (0) ended: time spent (100), best score ([0/0/0/0/0]hard/[-20/-4500]soft), move evaluation speed (303780/sec), step total (304).
20:46:29.500 [main] INFO ai.timefold.solver.core.impl.solver.DefaultSolver -- Solving ended: time spent (100), best score ([0/0/0/0/0]hard/[-20/-4500]soft), move evaluation speed (303780/sec), phase total (1), environment mode (NO_ASSERT), move thread count (NONE).
[INFO] Tests run: 2, Failures: 0, Errors: 0, Skipped: 0, Time elapsed: 0.292 s -- in dev.waterflex.scheduler.optimizer.DailyPolicyDiagnosticsTest
[INFO] Running dev.waterflex.scheduler.optimizer.DailyProposalBoundaryTest
[INFO] Tests run: 1, Failures: 0, Errors: 0, Skipped: 0, Time elapsed: 0.003 s -- in dev.waterflex.scheduler.optimizer.DailyProposalBoundaryTest
[INFO] Running dev.waterflex.scheduler.optimizer.DayConstraintProviderTest
20:46:29.530 [main] INFO ai.timefold.solver.core.impl.solver.DefaultSolver -- Solving started: time spent (1), best score ([0/0/0/0/0]hard/[-0.015625/-6000]soft), environment mode (FULL_ASSERT), move thread count (NONE), random (seed 17).
20:46:29.530 [main] INFO ai.timefold.solver.core.impl.solver.DefaultSolver -- Problem scale: genuine entity count (2), genuine variable count (2), approximate value count (2), approximate problem scale (12).
20:46:31.159 [main] INFO ai.timefold.solver.core.impl.localsearch.DefaultLocalSearchPhase -- Local Search phase (0) ended: time spent (1631), best score ([0/0/0/0/0]hard/[0E-8/-6000]soft), move evaluation speed (6138/sec), step total (100).
20:46:31.159 [main] INFO ai.timefold.solver.core.impl.solver.DefaultSolver -- Solving ended: time spent (1631), best score ([0/0/0/0/0]hard/[0E-8/-6000]soft), move evaluation speed (6131/sec), phase total (1), environment mode (FULL_ASSERT), move thread count (NONE).
20:46:31.178 [main] INFO ai.timefold.solver.core.impl.solver.DefaultSolver -- Solving started: time spent (1), best score ([0/0/0/0/0]hard/[0/-17241]soft), environment mode (FULL_ASSERT), move thread count (NONE), random (seed 17).
20:46:31.178 [main] INFO ai.timefold.solver.core.impl.solver.DefaultSolver -- Problem scale: genuine entity count (3), genuine variable count (3), approximate value count (6), approximate problem scale (60,480).
20:46:32.553 [main] INFO ai.timefold.solver.core.impl.localsearch.DefaultLocalSearchPhase -- Local Search phase (0) ended: time spent (1376), best score ([0/0/0/0/0]hard/[0/-16541]soft), move evaluation speed (7272/sec), step total (100).
20:46:32.554 [main] INFO ai.timefold.solver.core.impl.solver.DefaultSolver -- Solving ended: time spent (1377), best score ([0/0/0/0/0]hard/[0/-16541]soft), move evaluation speed (7262/sec), phase total (1), environment mode (FULL_ASSERT), move thread count (NONE).
20:46:32.572 [main] INFO ai.timefold.solver.core.impl.solver.DefaultSolver -- Solving started: time spent (1), best score ([0/0/0/0/0]hard/[-0.1039943683049779458097038437303088/-16541]soft), environment mode (FULL_ASSERT), move thread count (NONE), random (seed 17).
20:46:32.572 [main] INFO ai.timefold.solver.core.impl.solver.DefaultSolver -- Problem scale: genuine entity count (3), genuine variable count (3), approximate value count (6), approximate problem scale (60,480).
20:46:34.165 [main] INFO ai.timefold.solver.core.impl.localsearch.DefaultLocalSearchPhase -- Local Search phase (0) ended: time spent (1594), best score ([0/0/0/0/0]hard/[-0.1039943683049779458097038437303088/-16541]soft), move evaluation speed (6277/sec), step total (100).
20:46:34.165 [main] INFO ai.timefold.solver.core.impl.solver.DefaultSolver -- Solving ended: time spent (1594), best score ([0/0/0/0/0]hard/[-0.1039943683049779458097038437303088/-16541]soft), move evaluation speed (6273/sec), phase total (1), environment mode (FULL_ASSERT), move thread count (NONE).
20:46:34.187 [main] INFO ai.timefold.solver.core.impl.solver.DefaultSolver -- Solving started: time spent (1), best score ([0/0/0/0/0]hard/[0/-17241]soft), environment mode (FULL_ASSERT), move thread count (NONE), random (seed 17).
20:46:34.187 [main] INFO ai.timefold.solver.core.impl.solver.DefaultSolver -- Problem scale: genuine entity count (3), genuine variable count (3), approximate value count (6), approximate problem scale (60,480).
20:46:35.613 [main] INFO ai.timefold.solver.core.impl.localsearch.DefaultLocalSearchPhase -- Local Search phase (0) ended: time spent (1427), best score ([0/0/0/0/0]hard/[0/-16541]soft), move evaluation speed (7012/sec), step total (100).
20:46:35.613 [main] INFO ai.timefold.solver.core.impl.solver.DefaultSolver -- Solving ended: time spent (1427), best score ([0/0/0/0/0]hard/[0/-16541]soft), move evaluation speed (7007/sec), phase total (1), environment mode (FULL_ASSERT), move thread count (NONE).
20:46:35.633 [main] INFO ai.timefold.solver.core.impl.solver.DefaultSolver -- Solving started: time spent (0), best score ([0/0/0/0/0]hard/[-60/-7500]soft), environment mode (FULL_ASSERT), move thread count (NONE), random (seed 17).
20:46:35.633 [main] INFO ai.timefold.solver.core.impl.solver.DefaultSolver -- Problem scale: genuine entity count (2), genuine variable count (2), approximate value count (2), approximate problem scale (12).
20:46:36.987 [main] INFO ai.timefold.solver.core.impl.localsearch.DefaultLocalSearchPhase -- Local Search phase (0) ended: time spent (1354), best score ([0/0/0/0/0]hard/[0/-6000]soft), move evaluation speed (7385/sec), step total (100).
20:46:36.987 [main] INFO ai.timefold.solver.core.impl.solver.DefaultSolver -- Solving ended: time spent (1354), best score ([0/0/0/0/0]hard/[0/-6000]soft), move evaluation speed (7385/sec), phase total (1), environment mode (FULL_ASSERT), move thread count (NONE).
[INFO] Tests run: 4, Failures: 0, Errors: 0, Skipped: 0, Time elapsed: 7.481 s -- in dev.waterflex.scheduler.optimizer.DayConstraintProviderTest
[INFO] Running dev.waterflex.scheduler.optimizer.OptimizationControllerTest
20:46:36.993 [main] INFO org.springframework.mock.web.MockServletContext -- Initializing Spring TestDispatcherServlet ''
20:46:36.993 [main] INFO org.springframework.test.web.servlet.TestDispatcherServlet -- Initializing Servlet ''
20:46:36.993 [main] INFO org.springframework.test.web.servlet.TestDispatcherServlet -- Completed initialization in 0 ms
20:46:37.006 [main] INFO org.springframework.mock.web.MockServletContext -- Initializing Spring TestDispatcherServlet ''
20:46:37.006 [main] INFO org.springframework.test.web.servlet.TestDispatcherServlet -- Initializing Servlet ''
20:46:37.006 [main] INFO org.springframework.test.web.servlet.TestDispatcherServlet -- Completed initialization in 0 ms
[INFO] Tests run: 2, Failures: 0, Errors: 0, Skipped: 0, Time elapsed: 0.020 s -- in dev.waterflex.scheduler.optimizer.OptimizationControllerTest
[INFO] Running dev.waterflex.scheduler.optimizer.OptimizationServiceTest
20:46:39.019 [daily-401a06d1-f234-45dd-9cfc-4aa2512c9d93] INFO dev.waterflex.scheduler.optimizer.DailyOperation -- Daily operation Receipt[requestId=401a06d1-f234-45dd-9cfc-4aa2512c9d93, outcome=FAILED, elapsedMs=0, queueMs=null, searchMs=0, cancellationElapsedMs=null, cleanupOvershootMs=null, phaseCleanupOvershootMs=0, searchOvershootMs=0, lateResult=false]
[INFO] Tests run: 5, Failures: 0, Errors: 0, Skipped: 0, Time elapsed: 2.013 s -- in dev.waterflex.scheduler.optimizer.OptimizationServiceTest
[INFO] Running dev.waterflex.scheduler.optimizer.OvernightControllerTest
20:46:39.024 [main] INFO org.springframework.mock.web.MockServletContext -- Initializing Spring TestDispatcherServlet ''
20:46:39.024 [main] INFO org.springframework.test.web.servlet.TestDispatcherServlet -- Initializing Servlet ''
20:46:39.025 [main] INFO org.springframework.test.web.servlet.TestDispatcherServlet -- Completed initialization in 0 ms
20:46:39.028 [main] WARN org.springframework.web.servlet.mvc.support.DefaultHandlerExceptionResolver -- Resolved [org.springframework.web.bind.MissingServletRequestParameterException: Required request parameter 'date' for method parameter type String is not present]
[INFO] Tests run: 1, Failures: 0, Errors: 0, Skipped: 0, Time elapsed: 0.007 s -- in dev.waterflex.scheduler.optimizer.OvernightControllerTest
[INFO] Running dev.waterflex.scheduler.optimizer.PlanFactsTest
[INFO] Tests run: 5, Failures: 0, Errors: 0, Skipped: 0, Time elapsed: 0.005 s -- in dev.waterflex.scheduler.optimizer.PlanFactsTest
[INFO] Running dev.waterflex.scheduler.optimizer.RouteTimelineTest
[INFO] Tests run: 10, Failures: 0, Errors: 0, Skipped: 0, Time elapsed: 0.007 s -- in dev.waterflex.scheduler.optimizer.RouteTimelineTest
[INFO] Running dev.waterflex.scheduler.optimizer.RouteTimingOracleTest
[INFO] Tests run: 1, Failures: 0, Errors: 0, Skipped: 0, Time elapsed: 0.047 s -- in dev.waterflex.scheduler.optimizer.RouteTimingOracleTest
[INFO] Running dev.waterflex.scheduler.optimizer.SchedulingPolicyTest
[INFO] Tests run: 8, Failures: 0, Errors: 0, Skipped: 0, Time elapsed: 0.023 s -- in dev.waterflex.scheduler.optimizer.SchedulingPolicyTest
[INFO] Running dev.waterflex.scheduler.optimizer.SolverBenchmarkTest
[INFO] Tests run: 1, Failures: 0, Errors: 0, Skipped: 0, Time elapsed: 0.003 s -- in dev.waterflex.scheduler.optimizer.SolverBenchmarkTest
[INFO] Running dev.waterflex.scheduler.optimizer.SolverEngineTest
20:46:39.139 [pool-3-thread-1] INFO ai.timefold.solver.core.impl.solver.DefaultSolver -- Solving started: time spent (0), best score ([0/0/0/0/0]hard/[0/-17241]soft), environment mode (NO_ASSERT), move thread count (NONE), random (seed 17).
20:46:39.140 [pool-3-thread-1] INFO ai.timefold.solver.core.impl.solver.DefaultSolver -- Problem scale: genuine entity count (3), genuine variable count (3), approximate value count (6), approximate problem scale (60,480).
20:46:39.140 [pool-3-thread-2] WARN io.micrometer.core.instrument.MeterRegistry -- This Gauge has been already registered (MeterId{name='timefold.solver.move.evaluation.count', tags=[]}), the registration will be ignored. Note that subsequent logs will be logged at debug level.
20:46:39.140 [pool-3-thread-2] INFO ai.timefold.solver.core.impl.solver.DefaultSolver -- Solving started: time spent (1), best score ([0/0/0/0/0]hard/[0/-17241]soft), environment mode (NO_ASSERT), move thread count (NONE), random (seed 17).
20:46:39.140 [pool-3-thread-2] INFO ai.timefold.solver.core.impl.solver.DefaultSolver -- Problem scale: genuine entity count (3), genuine variable count (3), approximate value count (6), approximate problem scale (60,480).
20:46:39.289 [pool-3-thread-1] INFO ai.timefold.solver.core.impl.localsearch.DefaultLocalSearchPhase -- Local Search phase (0) ended: time spent (150), best score ([0/0/0/0/0]hard/[0/-16541]soft), move evaluation speed (129711/sec), step total (194).
20:46:39.289 [pool-3-thread-2] INFO ai.timefold.solver.core.impl.localsearch.DefaultLocalSearchPhase -- Local Search phase (0) ended: time spent (150), best score ([0/0/0/0/0]hard/[0/-16541]soft), move evaluation speed (134583/sec), step total (201).
20:46:39.289 [pool-3-thread-2] INFO ai.timefold.solver.core.impl.solver.DefaultSolver -- Solving ended: time spent (150), best score ([0/0/0/0/0]hard/[0/-16541]soft), move evaluation speed (133686/sec), phase total (1), environment mode (NO_ASSERT), move thread count (NONE).
20:46:39.289 [pool-3-thread-1] INFO ai.timefold.solver.core.impl.solver.DefaultSolver -- Solving ended: time spent (150), best score ([0/0/0/0/0]hard/[0/-16541]soft), move evaluation speed (128846/sec), phase total (1), environment mode (NO_ASSERT), move thread count (NONE).
20:46:39.294 [main] INFO ai.timefold.solver.core.impl.solver.DefaultSolver -- Solving started: time spent (0), best score ([0/0/0/0/0]hard/[0/-17241]soft), environment mode (NO_ASSERT), move thread count (NONE), random (seed 17).
20:46:39.294 [main] INFO ai.timefold.solver.core.impl.solver.DefaultSolver -- Problem scale: genuine entity count (3), genuine variable count (3), approximate value count (6), approximate problem scale (60,480).
20:46:39.690 [main] INFO ai.timefold.solver.core.impl.localsearch.DefaultLocalSearchPhase -- Local Search phase (0) ended: time spent (396), best score ([0/0/0/0/0]hard/[0/-16541]soft), move evaluation speed (252525/sec), step total (1000).
20:46:39.690 [main] INFO ai.timefold.solver.core.impl.solver.DefaultSolver -- Solving ended: time spent (396), best score ([0/0/0/0/0]hard/[0/-16541]soft), move evaluation speed (252525/sec), phase total (1), environment mode (NO_ASSERT), move thread count (NONE).
20:46:39.693 [main] INFO ai.timefold.solver.core.impl.solver.DefaultSolver -- Solving started: time spent (0), best score ([0/0/0/0/0]hard/[0/-17241]soft), environment mode (NO_ASSERT), move thread count (NONE), random (seed 17).
20:46:39.693 [main] INFO ai.timefold.solver.core.impl.solver.DefaultSolver -- Problem scale: genuine entity count (3), genuine variable count (3), approximate value count (6), approximate problem scale (60,480).
20:46:40.082 [main] INFO ai.timefold.solver.core.impl.localsearch.DefaultLocalSearchPhase -- Local Search phase (0) ended: time spent (389), best score ([0/0/0/0/0]hard/[0/-16541]soft), move evaluation speed (257069/sec), step total (1000).
20:46:40.082 [main] INFO ai.timefold.solver.core.impl.solver.DefaultSolver -- Solving ended: time spent (389), best score ([0/0/0/0/0]hard/[0/-16541]soft), move evaluation speed (257069/sec), phase total (1), environment mode (NO_ASSERT), move thread count (NONE).
20:46:40.084 [main] INFO ai.timefold.solver.core.impl.solver.DefaultSolver -- Solving started: time spent (0), best score ([0/0/0/0/0]hard/[0/-17241]soft), environment mode (NO_ASSERT), move thread count (NONE), random (seed 17).
20:46:40.084 [main] INFO ai.timefold.solver.core.impl.solver.DefaultSolver -- Problem scale: genuine entity count (3), genuine variable count (3), approximate value count (6), approximate problem scale (60,480).
20:46:40.185 [main] INFO ai.timefold.solver.core.impl.localsearch.DefaultLocalSearchPhase -- Local Search phase (0) ended: time spent (101), best score ([0/0/0/0/0]hard/[0/-16541]soft), move evaluation speed (303534/sec), step total (307).
20:46:40.185 [main] INFO ai.timefold.solver.core.impl.solver.DefaultSolver -- Solving ended: time spent (101), best score ([0/0/0/0/0]hard/[0/-16541]soft), move evaluation speed (303534/sec), phase total (1), environment mode (NO_ASSERT), move thread count (NONE).
20:46:40.191 [main] INFO ai.timefold.solver.core.impl.solver.DefaultSolver -- Solving started: time spent (0), best score ([0/0/0/0/0]hard/[0/-17241]soft), environment mode (NO_ASSERT), move thread count (NONE), random (seed 17).
20:46:40.191 [main] INFO ai.timefold.solver.core.impl.solver.DefaultSolver -- Problem scale: genuine entity count (3), genuine variable count (3), approximate value count (6), approximate problem scale (60,480).
20:46:40.291 [main] INFO ai.timefold.solver.core.impl.localsearch.DefaultLocalSearchPhase -- Local Search phase (0) ended: time spent (100), best score ([0/0/0/0/0]hard/[0/-16541]soft), move evaluation speed (285490/sec), step total (4).
20:46:40.292 [main] INFO ai.timefold.solver.core.impl.solver.DefaultSolver -- Solving ended: time spent (100), best score ([0/0/0/0/0]hard/[0/-16541]soft), move evaluation speed (285490/sec), phase total (1), environment mode (NO_ASSERT), move thread count (NONE).
20:46:40.294 [main] INFO ai.timefold.solver.core.impl.solver.DefaultSolver -- Solving started: time spent (0), best score ([0/0/0/0/0]hard/[0/-17241]soft), environment mode (NO_ASSERT), move thread count (NONE), random (seed 17).
20:46:40.294 [main] INFO ai.timefold.solver.core.impl.solver.DefaultSolver -- Problem scale: genuine entity count (3), genuine variable count (3), approximate value count (6), approximate problem scale (60,480).
20:46:40.394 [main] INFO ai.timefold.solver.core.impl.localsearch.DefaultLocalSearchPhase -- Local Search phase (0) ended: time spent (100), best score ([0/0/0/0/0]hard/[0/-16541]soft), move evaluation speed (297470/sec), step total (4).
20:46:40.394 [main] INFO ai.timefold.solver.core.impl.solver.DefaultSolver -- Solving ended: time spent (100), best score ([0/0/0/0/0]hard/[0/-16541]soft), move evaluation speed (297470/sec), phase total (1), environment mode (NO_ASSERT), move thread count (NONE).
20:46:40.396 [main] INFO ai.timefold.solver.core.impl.solver.DefaultSolver -- Solving started: time spent (0), best score ([0/0/0/0/0]hard/[0/-17241]soft), environment mode (NO_ASSERT), move thread count (NONE), random (seed 17).
20:46:40.396 [main] INFO ai.timefold.solver.core.impl.solver.DefaultSolver -- Problem scale: genuine entity count (3), genuine variable count (3), approximate value count (6), approximate problem scale (60,480).
20:46:40.496 [main] INFO ai.timefold.solver.core.impl.localsearch.DefaultLocalSearchPhase -- Local Search phase (0) ended: time spent (100), best score ([0/0/0/0/0]hard/[0/-16541]soft), move evaluation speed (307580/sec), step total (5).
20:46:40.496 [main] INFO ai.timefold.solver.core.impl.solver.DefaultSolver -- Solving ended: time spent (100), best score ([0/0/0/0/0]hard/[0/-16541]soft), move evaluation speed (307580/sec), phase total (1), environment mode (NO_ASSERT), move thread count (NONE).
20:46:40.498 [main] INFO ai.timefold.solver.core.impl.solver.DefaultSolver -- Solving started: time spent (0), best score ([0/0/0/0/0]hard/[0/-17241]soft), environment mode (NO_ASSERT), move thread count (NONE), random (seed 17).
20:46:40.498 [main] INFO ai.timefold.solver.core.impl.solver.DefaultSolver -- Problem scale: genuine entity count (3), genuine variable count (3), approximate value count (6), approximate problem scale (60,480).
20:46:40.598 [main] INFO ai.timefold.solver.core.impl.localsearch.DefaultLocalSearchPhase -- Local Search phase (0) ended: time spent (100), best score ([0/0/0/0/0]hard/[0/-16541]soft), move evaluation speed (307640/sec), step total (5).
20:46:40.598 [main] INFO ai.timefold.solver.core.impl.solver.DefaultSolver -- Solving ended: time spent (100), best score ([0/0/0/0/0]hard/[0/-16541]soft), move evaluation speed (307640/sec), phase total (1), environment mode (NO_ASSERT), move thread count (NONE).
20:46:40.601 [main] INFO ai.timefold.solver.core.impl.solver.DefaultSolver -- Solving started: time spent (1), best score ([0/0/0/0/0]hard/[0/-17241]soft), environment mode (NO_ASSERT), move thread count (NONE), random (seed 17).
20:46:40.601 [main] INFO ai.timefold.solver.core.impl.solver.DefaultSolver -- Problem scale: genuine entity count (3), genuine variable count (3), approximate value count (6), approximate problem scale (60,480).
20:46:40.700 [main] INFO ai.timefold.solver.core.impl.localsearch.DefaultLocalSearchPhase -- Local Search phase (0) ended: time spent (100), best score ([0/0/0/0/0]hard/[0/-16541]soft), move evaluation speed (296989/sec), step total (4).
20:46:40.700 [main] INFO ai.timefold.solver.core.impl.solver.DefaultSolver -- Solving ended: time spent (100), best score ([0/0/0/0/0]hard/[0/-16541]soft), move evaluation speed (294020/sec), phase total (1), environment mode (NO_ASSERT), move thread count (NONE).
[INFO] Tests run: 6, Failures: 0, Errors: 0, Skipped: 0, Time elapsed: 1.665 s -- in dev.waterflex.scheduler.optimizer.SolverEngineTest
[INFO] Running dev.waterflex.scheduler.optimizer.SolverExperimentTest
20:46:41.984 [main] INFO ai.timefold.solver.core.impl.solver.DefaultSolver -- Solving started: time spent (0), best score ([0/0/0/0/0]hard/[0/-17241]soft), environment mode (FULL_ASSERT), move thread count (NONE), random (seed 17).
20:46:41.984 [main] INFO ai.timefold.solver.core.impl.solver.DefaultSolver -- Problem scale: genuine entity count (3), genuine variable count (3), approximate value count (6), approximate problem scale (60,480).
20:46:42.084 [main] INFO ai.timefold.solver.core.impl.localsearch.DefaultLocalSearchPhase -- Local Search phase (0) ended: time spent (100), best score ([0/0/0/0/0]hard/[0/-16541]soft), move evaluation speed (4960/sec), step total (5).
20:46:42.084 [main] INFO ai.timefold.solver.core.impl.solver.DefaultSolver -- Solving ended: time spent (100), best score ([0/0/0/0/0]hard/[0/-16541]soft), move evaluation speed (4960/sec), phase total (1), environment mode (FULL_ASSERT), move thread count (NONE).
20:46:42.088 [main] INFO ai.timefold.solver.core.impl.solver.DefaultSolver -- Solving started: time spent (0), best score ([0/0/0/0/0]hard/[0/-17241]soft), environment mode (FULL_ASSERT), move thread count (NONE), random (seed 17).
20:46:42.088 [main] INFO ai.timefold.solver.core.impl.solver.DefaultSolver -- Problem scale: genuine entity count (3), genuine variable count (3), approximate value count (6), approximate problem scale (60,480).
20:46:42.188 [main] INFO ai.timefold.solver.core.impl.localsearch.DefaultLocalSearchPhase -- Local Search phase (0) ended: time spent (100), best score ([0/0/0/0/0]hard/[0/-16541]soft), move evaluation speed (6820/sec), step total (7).
20:46:42.188 [main] INFO ai.timefold.solver.core.impl.solver.DefaultSolver -- Solving ended: time spent (100), best score ([0/0/0/0/0]hard/[0/-16541]soft), move evaluation speed (6820/sec), phase total (1), environment mode (FULL_ASSERT), move thread count (NONE).
20:46:42.192 [main] INFO ai.timefold.solver.core.impl.solver.DefaultSolver -- Solving started: time spent (1), best score ([0/0/0/0/0]hard/[0/-17241]soft), environment mode (FULL_ASSERT), move thread count (NONE), random (seed 17).
20:46:42.192 [main] INFO ai.timefold.solver.core.impl.solver.DefaultSolver -- Problem scale: genuine entity count (3), genuine variable count (3), approximate value count (6), approximate problem scale (60,480).
20:46:42.291 [main] INFO ai.timefold.solver.core.impl.localsearch.DefaultLocalSearchPhase -- Local Search phase (0) ended: time spent (100), best score ([0/0/0/0/0]hard/[0/-16541]soft), move evaluation speed (5202/sec), step total (93).
20:46:42.291 [main] INFO ai.timefold.solver.core.impl.solver.DefaultSolver -- Solving ended: time spent (100), best score ([0/0/0/0/0]hard/[0/-16541]soft), move evaluation speed (5150/sec), phase total (1), environment mode (FULL_ASSERT), move thread count (NONE).
20:46:42.294 [main] INFO ai.timefold.solver.core.impl.solver.DefaultSolver -- Solving started: time spent (0), best score ([0/0/0/0/0]hard/[0/-17241]soft), environment mode (FULL_ASSERT), move thread count (NONE), random (seed 17).
20:46:42.294 [main] INFO ai.timefold.solver.core.impl.solver.DefaultSolver -- Problem scale: genuine entity count (3), genuine variable count (3), approximate value count (6), approximate problem scale (60,480).
20:46:42.394 [main] INFO ai.timefold.solver.core.impl.localsearch.DefaultLocalSearchPhase -- Local Search phase (0) ended: time spent (100), best score ([0/0/0/0/0]hard/[0/-16541]soft), move evaluation speed (4980/sec), step total (100).
20:46:42.394 [main] INFO ai.timefold.solver.core.impl.solver.DefaultSolver -- Solving ended: time spent (100), best score ([0/0/0/0/0]hard/[0/-16541]soft), move evaluation speed (4980/sec), phase total (1), environment mode (FULL_ASSERT), move thread count (NONE).
20:46:42.395 [main] INFO ai.timefold.solver.core.impl.solver.DefaultSolver -- Solving started: time spent (0), best score ([0/0/0/0/0]hard/[0/-17241]soft), environment mode (FULL_ASSERT), move thread count (NONE), random (seed 17).
20:46:42.396 [main] INFO ai.timefold.solver.core.impl.solver.DefaultSolver -- Problem scale: genuine entity count (3), genuine variable count (3), approximate value count (6), approximate problem scale (60,480).
20:46:42.495 [main] INFO ai.timefold.solver.core.impl.localsearch.DefaultLocalSearchPhase -- Local Search phase (0) ended: time spent (100), best score ([0/0/0/0/0]hard/[0/-16691]soft), move evaluation speed (7343/sec), step total (1).
20:46:42.495 [main] INFO ai.timefold.solver.core.impl.solver.DefaultSolver -- Solving ended: time spent (100), best score ([0/0/0/0/0]hard/[0/-16691]soft), move evaluation speed (7270/sec), phase total (1), environment mode (FULL_ASSERT), move thread count (NONE).
20:46:42.499 [main] INFO ai.timefold.solver.core.impl.solver.DefaultSolver -- Solving started: time spent (1), best score ([0/0/0/0/0]hard/[0/-17241]soft), environment mode (FULL_ASSERT), move thread count (NONE), random (seed 17).
20:46:42.499 [main] INFO ai.timefold.solver.core.impl.solver.DefaultSolver -- Problem scale: genuine entity count (3), genuine variable count (3), approximate value count (6), approximate problem scale (60,480).
20:46:42.598 [main] INFO ai.timefold.solver.core.impl.localsearch.DefaultLocalSearchPhase -- Local Search phase (0) ended: time spent (100), best score ([0/0/0/0/0]hard/[0/-16541]soft), move evaluation speed (5292/sec), step total (60).
20:46:42.598 [main] INFO ai.timefold.solver.core.impl.solver.DefaultSolver -- Solving ended: time spent (100), best score ([0/0/0/0/0]hard/[0/-16541]soft), move evaluation speed (5240/sec), phase total (1), environment mode (FULL_ASSERT), move thread count (NONE).
20:46:42.602 [main] INFO ai.timefold.solver.core.impl.solver.DefaultSolver -- Solving started: time spent (1), best score ([0/0/0/0/0]hard/[0/-17241]soft), environment mode (FULL_ASSERT), move thread count (NONE), random (seed 17).
20:46:42.602 [main] INFO ai.timefold.solver.core.impl.solver.DefaultSolver -- Problem scale: genuine entity count (3), genuine variable count (3), approximate value count (6), approximate problem scale (60,480).
20:46:42.701 [main] INFO ai.timefold.solver.core.impl.localsearch.DefaultLocalSearchPhase -- Local Search phase (0) ended: time spent (100), best score ([0/0/0/0/0]hard/[0/-16541]soft), move evaluation speed (4808/sec), step total (84).
20:46:42.701 [main] INFO ai.timefold.solver.core.impl.solver.DefaultSolver -- Solving ended: time spent (100), best score ([0/0/0/0/0]hard/[0/-16541]soft), move evaluation speed (4760/sec), phase total (1), environment mode (FULL_ASSERT), move thread count (NONE).
20:46:42.706 [main] INFO ai.timefold.solver.core.impl.solver.DefaultSolver -- Solving started: time spent (0), best score ([0/0/0/0/0]hard/[0/-17241]soft), environment mode (FULL_ASSERT), move thread count (NONE), random (seed 17).
20:46:42.707 [main] INFO ai.timefold.solver.core.impl.solver.DefaultSolver -- Problem scale: genuine entity count (3), genuine variable count (3), approximate value count (6), approximate problem scale (60,480).
20:46:42.806 [main] INFO ai.timefold.solver.core.impl.localsearch.DefaultLocalSearchPhase -- Local Search phase (0) ended: time spent (100), best score ([0/0/0/0/0]hard/[0/-16541]soft), move evaluation speed (3787/sec), step total (57).
20:46:42.806 [main] INFO ai.timefold.solver.core.impl.solver.DefaultSolver -- Solving ended: time spent (100), best score ([0/0/0/0/0]hard/[0/-16541]soft), move evaluation speed (3750/sec), phase total (1), environment mode (FULL_ASSERT), move thread count (NONE).
20:46:42.808 [main] INFO ai.timefold.solver.core.impl.solver.DefaultSolver -- Solving started: time spent (0), best score ([0/0/0/0/0]hard/[0/-17241]soft), environment mode (NO_ASSERT), move thread count (NONE), random (seed 17).
20:46:42.808 [main] INFO ai.timefold.solver.core.impl.solver.DefaultSolver -- Problem scale: genuine entity count (3), genuine variable count (3), approximate value count (6), approximate problem scale (60,480).
20:46:42.908 [main] INFO ai.timefold.solver.core.impl.localsearch.DefaultLocalSearchPhase -- Local Search phase (0) ended: time spent (100), best score ([0/0/0/0/0]hard/[0/-16541]soft), move evaluation speed (262890/sec), step total (263).
20:46:42.908 [main] INFO ai.timefold.solver.core.impl.solver.DefaultSolver -- Solving ended: time spent (100), best score ([0/0/0/0/0]hard/[0/-16541]soft), move evaluation speed (262890/sec), phase total (1), environment mode (NO_ASSERT), move thread count (NONE).
20:46:42.914 [main] INFO ai.timefold.solver.core.impl.solver.DefaultSolver -- Solving started: time spent (2), best score ([0/0/0/0/0]hard/[0/-17241]soft), environment mode (NO_ASSERT), move thread count (NONE), random (seed 17).
20:46:42.914 [main] INFO ai.timefold.solver.core.impl.solver.DefaultSolver -- Problem scale: genuine entity count (3), genuine variable count (3), approximate value count (6), approximate problem scale (60,480).
20:46:43.245 [main] INFO ai.timefold.solver.core.impl.localsearch.DefaultLocalSearchPhase -- Local Search phase (0) ended: time spent (333), best score ([0/0/0/0/0]hard/[0/-16541]soft), move evaluation speed (302114/sec), step total (1000).
20:46:43.246 [main] INFO ai.timefold.solver.core.impl.solver.DefaultSolver -- Solving ended: time spent (334), best score ([0/0/0/0/0]hard/[0/-16541]soft), move evaluation speed (299401/sec), phase total (1), environment mode (NO_ASSERT), move thread count (NONE).
[INFO] Tests run: 4, Failures: 0, Errors: 0, Skipped: 0, Time elapsed: 2.465 s -- in dev.waterflex.scheduler.optimizer.SolverExperimentTest
[INFO] Running dev.waterflex.scheduler.optimizer.TimefoldAuditEvidenceTest
20:46:43.255 [main] INFO ai.timefold.solver.core.impl.solver.DefaultSolver -- Solving started: time spent (1), best score ([0/0/-1/0/0]hard/[0/0]soft), environment mode (NO_ASSERT), move thread count (NONE), random (seed 17).
20:46:43.255 [main] INFO ai.timefold.solver.core.impl.solver.DefaultSolver -- Problem scale: genuine entity count (1), genuine variable count (1), approximate value count (1), approximate problem scale (2).
20:46:43.255 [main] INFO ai.timefold.solver.core.impl.constructionheuristic.DefaultConstructionHeuristicPhase -- Construction Heuristic phase (0) ended: time spent (1), best score ([0/0/0/0/0]hard/[0/-3000]soft), move evaluation speed (2000/sec), step total (1).
20:46:43.454 [main] INFO ai.timefold.solver.core.impl.localsearch.DefaultLocalSearchPhase -- Local Search phase (1) ended: time spent (200), best score ([0/0/0/0/0]hard/[0/-3000]soft), move evaluation speed (452497/sec), step total (50).
20:46:43.454 [main] INFO ai.timefold.solver.core.impl.solver.DefaultSolver -- Solving ended: time spent (200), best score ([0/0/0/0/0]hard/[0/-3000]soft), move evaluation speed (450245/sec), phase total (2), environment mode (NO_ASSERT), move thread count (NONE).
[INFO] Tests run: 7, Failures: 0, Errors: 0, Skipped: 0, Time elapsed: 0.208 s -- in dev.waterflex.scheduler.optimizer.TimefoldAuditEvidenceTest
[INFO] Running dev.waterflex.scheduler.optimizer.TravelBreakdownTest
[INFO] Tests run: 3, Failures: 0, Errors: 0, Skipped: 0, Time elapsed: 0.002 s -- in dev.waterflex.scheduler.optimizer.TravelBreakdownTest
[INFO] Running dev.waterflex.scheduler.PurgeRoutesControllerTest
[INFO] Tests run: 1, Failures: 0, Errors: 0, Skipped: 0, Time elapsed: 0.022 s -- in dev.waterflex.scheduler.PurgeRoutesControllerTest
[INFO] Running dev.waterflex.scheduler.ReservationDeletionTest
[INFO] Tests run: 1, Failures: 0, Errors: 0, Skipped: 0, Time elapsed: 0.004 s -- in dev.waterflex.scheduler.ReservationDeletionTest
[INFO] Running dev.waterflex.scheduler.ReservationStateTest
[INFO] Tests run: 4, Failures: 0, Errors: 0, Skipped: 0, Time elapsed: 0.010 s -- in dev.waterflex.scheduler.ReservationStateTest
[INFO] Running dev.waterflex.scheduler.ReservedOvertimeTest
20:46:43.500 [main] INFO dev.waterflex.scheduler.BookingOfferLimit -- Booking offer limit: 1
[INFO] Tests run: 2, Failures: 0, Errors: 0, Skipped: 0, Time elapsed: 0.004 s -- in dev.waterflex.scheduler.ReservedOvertimeTest
[INFO] Running dev.waterflex.scheduler.RoadClientTest
[INFO] Tests run: 4, Failures: 0, Errors: 0, Skipped: 0, Time elapsed: 0.508 s -- in dev.waterflex.scheduler.RoadClientTest
[INFO] Running dev.waterflex.scheduler.RoadPrewarmingTest
[INFO] Tests run: 4, Failures: 0, Errors: 0, Skipped: 0, Time elapsed: 0.008 s -- in dev.waterflex.scheduler.RoadPrewarmingTest
[INFO] Running dev.waterflex.scheduler.RouteEndpointsTest
[INFO] Tests run: 2, Failures: 0, Errors: 0, Skipped: 0, Time elapsed: 0.002 s -- in dev.waterflex.scheduler.RouteEndpointsTest
[INFO] Running dev.waterflex.scheduler.RoutingFailureAdviceTest
20:46:44.026 [main] INFO org.springframework.mock.web.MockServletContext -- Initializing Spring TestDispatcherServlet ''
20:46:44.026 [main] INFO org.springframework.test.web.servlet.TestDispatcherServlet -- Initializing Servlet ''
20:46:44.026 [main] INFO org.springframework.test.web.servlet.TestDispatcherServlet -- Completed initialization in 0 ms
20:46:44.027 [main] WARN dev.waterflex.scheduler.RoutingFailureAdvice -- Operator road routing unavailable
dev.waterflex.scheduler.RoadClient$RoadUnavailable: fixture routing unavailable
	at dev.waterflex.scheduler.RoutingFailureAdviceTest$Endpoint.operation(RoutingFailureAdviceTest.java:12)
	at java.base/jdk.internal.reflect.DirectMethodHandleAccessor.invoke(DirectMethodHandleAccessor.java:104)
	at java.base/java.lang.reflect.Method.invoke(Method.java:565)
	at org.springframework.web.method.support.InvocableHandlerMethod.doInvoke(InvocableHandlerMethod.java:252)
	at org.springframework.web.method.support.InvocableHandlerMethod.invokeForRequest(InvocableHandlerMethod.java:184)
	at org.springframework.web.servlet.mvc.method.annotation.ServletInvocableHandlerMethod.invokeAndHandle(ServletInvocableHandlerMethod.java:117)
	at org.springframework.web.servlet.mvc.method.annotation.RequestMappingHandlerAdapter.invokeHandlerMethod(RequestMappingHandlerAdapter.java:934)
	at org.springframework.web.servlet.mvc.method.annotation.RequestMappingHandlerAdapter.handleInternal(RequestMappingHandlerAdapter.java:853)
	at org.springframework.web.servlet.mvc.method.AbstractHandlerMethodAdapter.handle(AbstractHandlerMethodAdapter.java:86)
	at org.springframework.web.servlet.DispatcherServlet.doDispatch(DispatcherServlet.java:963)
	at org.springframework.web.servlet.DispatcherServlet.doService(DispatcherServlet.java:866)
	at org.springframework.web.servlet.FrameworkServlet.processRequest(FrameworkServlet.java:1000)
	at org.springframework.web.servlet.FrameworkServlet.doGet(FrameworkServlet.java:892)
	at jakarta.servlet.http.HttpServlet.service(HttpServlet.java:622)
	at org.springframework.web.servlet.FrameworkServlet.service(FrameworkServlet.java:874)
	at org.springframework.test.web.servlet.TestDispatcherServlet.service(TestDispatcherServlet.java:72)
	at jakarta.servlet.http.HttpServlet.service(HttpServlet.java:710)
	at org.springframework.mock.web.MockFilterChain$ServletFilterProxy.doFilter(MockFilterChain.java:160)
	at org.springframework.mock.web.MockFilterChain.doFilter(MockFilterChain.java:127)
	at org.springframework.test.web.servlet.MockMvc.perform(MockMvc.java:199)
	at dev.waterflex.scheduler.RoutingFailureAdviceTest.operatorFailureIsExplicitAndRetryable(RoutingFailureAdviceTest.java:16)
	at java.base/jdk.internal.reflect.DirectMethodHandleAccessor.invoke(DirectMethodHandleAccessor.java:104)
	at java.base/java.lang.reflect.Method.invoke(Method.java:565)
	at org.junit.platform.commons.util.ReflectionUtils.invokeMethod(ReflectionUtils.java:701)
	at org.junit.platform.commons.support.ReflectionSupport.invokeMethod(ReflectionSupport.java:502)
	at org.junit.jupiter.engine.support.MethodReflectionUtils.invoke(MethodReflectionUtils.java:45)
	at org.junit.jupiter.engine.execution.MethodInvocation.proceed(MethodInvocation.java:61)
	at org.junit.jupiter.engine.execution.InvocationInterceptorChain$ValidatingInvocation.proceed(InvocationInterceptorChain.java:124)
	at org.junit.jupiter.engine.extension.TimeoutExtension.intercept(TimeoutExtension.java:163)
	at org.junit.jupiter.engine.extension.TimeoutExtension.interceptTestableMethod(TimeoutExtension.java:148)
	at org.junit.jupiter.engine.extension.TimeoutExtension.interceptTestMethod(TimeoutExtension.java:86)
	at org.junit.jupiter.engine.execution.InterceptingExecutableInvoker$ReflectiveInterceptorCall.lambda$ofVoidMethod$0(InterceptingExecutableInvoker.java:123)
	at org.junit.jupiter.engine.execution.InterceptingExecutableInvoker.lambda$invoke$0(InterceptingExecutableInvoker.java:105)
	at org.junit.jupiter.engine.execution.InvocationInterceptorChain$InterceptedInvocation.proceed(InvocationInterceptorChain.java:99)
	at org.junit.jupiter.engine.execution.InvocationInterceptorChain.proceed(InvocationInterceptorChain.java:66)
	at org.junit.jupiter.engine.execution.InvocationInterceptorChain.chainAndInvoke(InvocationInterceptorChain.java:47)
	at org.junit.jupiter.engine.execution.InvocationInterceptorChain.invoke(InvocationInterceptorChain.java:39)
	at org.junit.jupiter.engine.execution.InterceptingExecutableInvoker.invoke(InterceptingExecutableInvoker.java:104)
	at org.junit.jupiter.engine.execution.InterceptingExecutableInvoker.invoke(InterceptingExecutableInvoker.java:98)
	at org.junit.jupiter.engine.execution.InterceptingExecutableInvoker.invokeVoid(InterceptingExecutableInvoker.java:71)
	at org.junit.jupiter.engine.descriptor.TestMethodTestDescriptor.lambda$invokeTestMethod$0(TestMethodTestDescriptor.java:219)
	at org.junit.platform.engine.support.hierarchical.ThrowableCollector.execute(ThrowableCollector.java:74)
	at org.junit.jupiter.engine.descriptor.TestMethodTestDescriptor.invokeTestMethod(TestMethodTestDescriptor.java:215)
	at org.junit.jupiter.engine.descriptor.TestMethodTestDescriptor.execute(TestMethodTestDescriptor.java:157)
	at org.junit.jupiter.engine.descriptor.TestMethodTestDescriptor.execute(TestMethodTestDescriptor.java:70)
	at org.junit.platform.engine.support.hierarchical.NodeTestTask.lambda$executeRecursively$2(NodeTestTask.java:176)
	at org.junit.platform.engine.support.hierarchical.ThrowableCollector.execute(ThrowableCollector.java:74)
	at org.junit.platform.engine.support.hierarchical.NodeTestTask.lambda$executeRecursively$1(NodeTestTask.java:166)
	at org.junit.platform.engine.support.hierarchical.Node.around(Node.java:138)
	at org.junit.platform.engine.support.hierarchical.NodeTestTask.lambda$executeRecursively$0(NodeTestTask.java:164)
	at org.junit.platform.engine.support.hierarchical.ThrowableCollector.execute(ThrowableCollector.java:74)
	at org.junit.platform.engine.support.hierarchical.NodeTestTask.executeRecursively(NodeTestTask.java:163)
	at org.junit.platform.engine.support.hierarchical.NodeTestTask.execute(NodeTestTask.java:116)
	at java.base/java.util.ArrayList.forEach(ArrayList.java:1604)
	at org.junit.platform.engine.support.hierarchical.SameThreadHierarchicalTestExecutorService.invokeAll(SameThreadHierarchicalTestExecutorService.java:42)
	at org.junit.platform.engine.support.hierarchical.NodeTestTask.lambda$executeRecursively$2(NodeTestTask.java:180)
	at org.junit.platform.engine.support.hierarchical.ThrowableCollector.execute(ThrowableCollector.java:74)
	at org.junit.platform.engine.support.hierarchical.NodeTestTask.lambda$executeRecursively$1(NodeTestTask.java:166)
	at org.junit.platform.engine.support.hierarchical.Node.around(Node.java:138)
	at org.junit.platform.engine.support.hierarchical.NodeTestTask.lambda$executeRecursively$0(NodeTestTask.java:164)
	at org.junit.platform.engine.support.hierarchical.ThrowableCollector.execute(ThrowableCollector.java:74)
	at org.junit.platform.engine.support.hierarchical.NodeTestTask.executeRecursively(NodeTestTask.java:163)
	at org.junit.platform.engine.support.hierarchical.NodeTestTask.execute(NodeTestTask.java:116)
	at java.base/java.util.ArrayList.forEach(ArrayList.java:1604)
	at org.junit.platform.engine.support.hierarchical.SameThreadHierarchicalTestExecutorService.invokeAll(SameThreadHierarchicalTestExecutorService.java:42)
	at org.junit.platform.engine.support.hierarchical.NodeTestTask.lambda$executeRecursively$2(NodeTestTask.java:180)
	at org.junit.platform.engine.support.hierarchical.ThrowableCollector.execute(ThrowableCollector.java:74)
	at org.junit.platform.engine.support.hierarchical.NodeTestTask.lambda$executeRecursively$1(NodeTestTask.java:166)
	at org.junit.platform.engine.support.hierarchical.Node.around(Node.java:138)
	at org.junit.platform.engine.support.hierarchical.NodeTestTask.lambda$executeRecursively$0(NodeTestTask.java:164)
	at org.junit.platform.engine.support.hierarchical.ThrowableCollector.execute(ThrowableCollector.java:74)
	at org.junit.platform.engine.support.hierarchical.NodeTestTask.executeRecursively(NodeTestTask.java:163)
	at org.junit.platform.engine.support.hierarchical.NodeTestTask.execute(NodeTestTask.java:116)
	at org.junit.platform.engine.support.hierarchical.SameThreadHierarchicalTestExecutorService.submit(SameThreadHierarchicalTestExecutorService.java:36)
	at org.junit.platform.engine.support.hierarchical.HierarchicalTestExecutor.execute(HierarchicalTestExecutor.java:52)
	at org.junit.platform.engine.support.hierarchical.HierarchicalTestEngine.execute(HierarchicalTestEngine.java:58)
	at org.junit.platform.launcher.core.EngineExecutionOrchestrator.executeEngine(EngineExecutionOrchestrator.java:246)
	at org.junit.platform.launcher.core.EngineExecutionOrchestrator.failOrExecuteEngine(EngineExecutionOrchestrator.java:218)
	at org.junit.platform.launcher.core.EngineExecutionOrchestrator.execute(EngineExecutionOrchestrator.java:179)
	at org.junit.platform.launcher.core.EngineExecutionOrchestrator.execute(EngineExecutionOrchestrator.java:108)
	at org.junit.platform.launcher.core.EngineExecutionOrchestrator.lambda$execute$0(EngineExecutionOrchestrator.java:66)
	at org.junit.platform.launcher.core.EngineExecutionOrchestrator.withInterceptedStreams(EngineExecutionOrchestrator.java:157)
	at org.junit.platform.launcher.core.EngineExecutionOrchestrator.execute(EngineExecutionOrchestrator.java:65)
	at org.junit.platform.launcher.core.DefaultLauncher.execute(DefaultLauncher.java:125)
	at org.junit.platform.launcher.core.DefaultLauncher.execute(DefaultLauncher.java:114)
	at org.junit.platform.launcher.core.DelegatingLauncher.execute(DelegatingLauncher.java:58)
	at org.junit.platform.launcher.core.InterceptingLauncher.lambda$execute$2(InterceptingLauncher.java:57)
	at org.junit.platform.launcher.core.ClasspathAlignmentCheckingLauncherInterceptor.intercept(ClasspathAlignmentCheckingLauncherInterceptor.java:25)
	at org.junit.platform.launcher.core.InterceptingLauncher.execute(InterceptingLauncher.java:56)
	at org.junit.platform.launcher.core.DelegatingLauncher.execute(DelegatingLauncher.java:58)
	at java.base/jdk.internal.reflect.DirectMethodHandleAccessor.invoke(DirectMethodHandleAccessor.java:104)
	at java.base/java.lang.reflect.Method.invoke(Method.java:565)
	at org.apache.maven.surefire.api.util.ReflectionUtils.invokeMethodWithArray(ReflectionUtils.java:125)
	at org.apache.maven.surefire.junitplatform.LauncherAdapter.executeWithCancellationToken(LauncherAdapter.java:68)
	at org.apache.maven.surefire.junitplatform.LauncherAdapter.execute(LauncherAdapter.java:54)
	at org.apache.maven.surefire.junitplatform.JUnitPlatformProvider.execute(JUnitPlatformProvider.java:203)
	at org.apache.maven.surefire.junitplatform.JUnitPlatformProvider.invokeAllTests(JUnitPlatformProvider.java:168)
	at org.apache.maven.surefire.junitplatform.JUnitPlatformProvider.invoke(JUnitPlatformProvider.java:136)
	at org.apache.maven.surefire.booter.ForkedBooter.runSuitesInProcess(ForkedBooter.java:385)
	at org.apache.maven.surefire.booter.ForkedBooter.execute(ForkedBooter.java:162)
	at org.apache.maven.surefire.booter.ForkedBooter.run(ForkedBooter.java:507)
	at org.apache.maven.surefire.booter.ForkedBooter.main(ForkedBooter.java:495)
[INFO] Tests run: 1, Failures: 0, Errors: 0, Skipped: 0, Time elapsed: 0.009 s -- in dev.waterflex.scheduler.RoutingFailureAdviceTest
[INFO] Running dev.waterflex.scheduler.ScheduleCutoffTest
[INFO] Tests run: 5, Failures: 0, Errors: 0, Skipped: 0, Time elapsed: 0.001 s -- in dev.waterflex.scheduler.ScheduleCutoffTest
[INFO] Running dev.waterflex.scheduler.ScheduleGuardServiceTest
[INFO] Tests run: 6, Failures: 0, Errors: 0, Skipped: 0, Time elapsed: 0.016 s -- in dev.waterflex.scheduler.ScheduleGuardServiceTest
[INFO] Running dev.waterflex.scheduler.ScheduleSegmentsTest
[INFO] Tests run: 1, Failures: 0, Errors: 0, Skipped: 0, Time elapsed: 0.002 s -- in dev.waterflex.scheduler.ScheduleSegmentsTest
[INFO] Running dev.waterflex.scheduler.SchedulingBenchmarkControllerTest
20:46:44.058 [main] INFO org.springframework.mock.web.MockServletContext -- Initializing Spring TestDispatcherServlet ''
20:46:44.058 [main] INFO org.springframework.test.web.servlet.TestDispatcherServlet -- Initializing Servlet ''
20:46:44.058 [main] INFO org.springframework.test.web.servlet.TestDispatcherServlet -- Completed initialization in 0 ms
20:46:44.060 [main] WARN org.springframework.web.servlet.mvc.support.DefaultHandlerExceptionResolver -- Resolved [org.springframework.http.converter.HttpMessageNotReadableException: Required request body is missing: public java.util.Map<java.lang.String, java.lang.Object> dev.waterflex.scheduler.SchedulingBenchmarkController.audit(dev.waterflex.scheduler.SchedulingBenchmarkController$Request)]
20:46:44.062 [main] WARN org.springframework.web.servlet.mvc.support.DefaultHandlerExceptionResolver -- Resolved [org.springframework.http.converter.HttpMessageNotReadableException: Required request body is missing: public dev.waterflex.scheduler.SchedulingBenchmarkController$Statistics dev.waterflex.scheduler.SchedulingBenchmarkController.statistics(dev.waterflex.scheduler.SchedulingBenchmarkController$StatisticsRequest)]
20:46:44.063 [main] WARN org.springframework.web.servlet.mvc.support.DefaultHandlerExceptionResolver -- Resolved [org.springframework.http.converter.HttpMessageNotReadableException: JSON parse error: Cannot coerce String value ("true") to `java.lang.Boolean` value (but might if coercion using `CoercionConfig` was enabled)]
[INFO] Tests run: 1, Failures: 0, Errors: 0, Skipped: 0, Time elapsed: 0.014 s -- in dev.waterflex.scheduler.SchedulingBenchmarkControllerTest
[INFO] Running dev.waterflex.scheduler.SearchAdmissionTest
[INFO] Tests run: 7, Failures: 0, Errors: 0, Skipped: 0, Time elapsed: 0.080 s -- in dev.waterflex.scheduler.SearchAdmissionTest
[INFO] Running dev.waterflex.scheduler.SearchDatabaseTelemetryTest
[INFO] Tests run: 3, Failures: 0, Errors: 0, Skipped: 0, Time elapsed: 0.258 s -- in dev.waterflex.scheduler.SearchDatabaseTelemetryTest
[INFO] Running dev.waterflex.scheduler.ServiceCalendarTest
[INFO] Tests run: 4, Failures: 0, Errors: 0, Skipped: 0, Time elapsed: 0.042 s -- in dev.waterflex.scheduler.ServiceCalendarTest
[INFO] Running dev.waterflex.scheduler.SnapshotRoutingTest
20:46:44.454 [main] INFO dev.waterflex.scheduler.BookingOfferLimit -- Booking offer limit: 1
20:46:44.455 [main] INFO dev.waterflex.scheduler.BookingOfferLimit -- Booking offer limit: 1
20:46:44.463 [main] INFO dev.waterflex.scheduler.BookingOfferLimit -- Booking offer limit: 1
20:46:44.464 [main] INFO dev.waterflex.scheduler.BookingOfferLimit -- Booking offer limit: 1
20:46:44.469 [main] INFO dev.waterflex.scheduler.BookingOfferLimit -- Booking offer limit: 1
20:46:44.470 [main] INFO dev.waterflex.scheduler.BookingOfferLimit -- Booking offer limit: 1
[INFO] Tests run: 5, Failures: 0, Errors: 0, Skipped: 0, Time elapsed: 0.035 s -- in dev.waterflex.scheduler.SnapshotRoutingTest
[INFO] Running dev.waterflex.scheduler.TestAddressRoutabilityServiceTest
[INFO] Tests run: 1, Failures: 0, Errors: 0, Skipped: 0, Time elapsed: 0.003 s -- in dev.waterflex.scheduler.TestAddressRoutabilityServiceTest
[INFO] Running dev.waterflex.scheduler.TimeOffEligibilityTest
[INFO] Tests run: 2, Failures: 0, Errors: 0, Skipped: 0, Time elapsed: 0.001 s -- in dev.waterflex.scheduler.TimeOffEligibilityTest
[INFO] Running dev.waterflex.scheduler.TimeOffPollingTest
20:46:44.506 [main] WARN org.springframework.context.annotation.AnnotationConfigApplicationContext -- Exception encountered during context initialization - cancelling refresh attempt: org.springframework.beans.factory.BeanCreationException: Error creating bean with name 'timeOffPolling': Failed to instantiate [dev.waterflex.scheduler.TimeOffPolling]: Constructor threw exception
20:46:44.510 [main] WARN org.springframework.context.annotation.AnnotationConfigApplicationContext -- Exception encountered during context initialization - cancelling refresh attempt: org.springframework.beans.factory.BeanCreationException: Error creating bean with name 'timeOffPolling': Failed to instantiate [dev.waterflex.scheduler.TimeOffPolling]: Constructor threw exception
20:46:44.512 [main] WARN org.springframework.context.annotation.AnnotationConfigApplicationContext -- Exception encountered during context initialization - cancelling refresh attempt: org.springframework.beans.factory.BeanCreationException: Error creating bean with name 'timeOffPolling': Failed to instantiate [dev.waterflex.scheduler.TimeOffPolling]: Constructor threw exception
20:46:44.516 [main] WARN org.springframework.context.annotation.AnnotationConfigApplicationContext -- Exception encountered during context initialization - cancelling refresh attempt: org.springframework.beans.factory.BeanCreationException: Error creating bean with name 'timeOffPolling': Failed to instantiate [dev.waterflex.scheduler.TimeOffPolling]: Constructor threw exception
20:46:44.519 [main] WARN org.springframework.context.annotation.AnnotationConfigApplicationContext -- Exception encountered during context initialization - cancelling refresh attempt: org.springframework.beans.factory.BeanCreationException: Error creating bean with name 'timeOffPolling': Failed to instantiate [dev.waterflex.scheduler.TimeOffPolling]: Constructor threw exception
20:46:44.521 [main] WARN org.springframework.context.annotation.AnnotationConfigApplicationContext -- Exception encountered during context initialization - cancelling refresh attempt: org.springframework.beans.factory.BeanCreationException: Error creating bean with name 'timeOffPolling': Failed to instantiate [dev.waterflex.scheduler.TimeOffPolling]: Constructor threw exception
20:46:44.523 [main] WARN org.springframework.context.annotation.AnnotationConfigApplicationContext -- Exception encountered during context initialization - cancelling refresh attempt: org.springframework.beans.factory.BeanCreationException: Error creating bean with name 'timeOffPolling': Failed to instantiate [dev.waterflex.scheduler.TimeOffPolling]: Constructor threw exception
20:46:44.527 [main] WARN org.springframework.context.annotation.AnnotationConfigApplicationContext -- Exception encountered during context initialization - cancelling refresh attempt: org.springframework.beans.factory.BeanCreationException: Error creating bean with name 'timeOffPolling': Failed to instantiate [dev.waterflex.scheduler.TimeOffPolling]: Constructor threw exception
[INFO] Tests run: 13, Failures: 0, Errors: 0, Skipped: 0, Time elapsed: 0.042 s -- in dev.waterflex.scheduler.TimeOffPollingTest
[INFO] Running dev.waterflex.scheduler.TimeOffTravelTest
[INFO] Tests run: 4, Failures: 0, Errors: 0, Skipped: 0, Time elapsed: 0.004 s -- in dev.waterflex.scheduler.TimeOffTravelTest
[INFO] 
[INFO] Results:
[INFO] 
[INFO] Tests run: 251, Failures: 0, Errors: 0, Skipped: 1
[INFO] 
[INFO] 
[INFO] --- jar:3.5.1:jar (default-jar) @ scheduler-service ---
[INFO] Building jar: C:\Users\mcgee\OneDrive\Desktop\waterflex\waterflex-scheduler-java\scheduler-service\target\scheduler-service-0.1.0-SNAPSHOT.jar
[INFO] 
[INFO] --- spring-boot:4.1.1:repackage (repackage) @ scheduler-service ---
[INFO] Replacing main artifact C:\Users\mcgee\OneDrive\Desktop\waterflex\waterflex-scheduler-java\scheduler-service\target\scheduler-service-0.1.0-SNAPSHOT.jar with repackaged archive, adding nested dependencies in BOOT-INF/.
[INFO] The original artifact has been renamed to C:\Users\mcgee\OneDrive\Desktop\waterflex\waterflex-scheduler-java\scheduler-service\target\scheduler-service-0.1.0-SNAPSHOT.jar.original
[INFO] 
[INFO] -------------------< dev.waterflex:routing-service >--------------------
[INFO] Building routing-service 0.1.0-SNAPSHOT                            [4/5]
[INFO]   from routing-service\pom.xml
[INFO] --------------------------------[ jar ]---------------------------------
[INFO] 
[INFO] --- clean:3.5.0:clean (default-clean) @ routing-service ---
[INFO] Deleting C:\Users\mcgee\OneDrive\Desktop\waterflex\waterflex-scheduler-java\routing-service\target
[INFO] 
[INFO] --- resources:3.5.0:resources (default-resources) @ routing-service ---
[INFO] Copying 1 resource from src\main\resources to target\classes
[INFO] Copying 0 resource from src\main\resources to target\classes
[INFO] 
[INFO] --- compiler:3.15.0:compile (default-compile) @ routing-service ---
[INFO] Recompiling the module because of changed source code.
[INFO] Compiling 5 source files with javac [debug parameters release 25] to target\classes
[INFO] /C:/Users/mcgee/OneDrive/Desktop/waterflex/waterflex-scheduler-java/routing-service/src/main/java/dev/waterflex/routing/MatrixController.java: C:\Users\mcgee\OneDrive\Desktop\waterflex\waterflex-scheduler-java\routing-service\src\main\java\dev\waterflex\routing\MatrixController.java uses or overrides a deprecated API.
[INFO] /C:/Users/mcgee/OneDrive/Desktop/waterflex/waterflex-scheduler-java/routing-service/src/main/java/dev/waterflex/routing/MatrixController.java: Recompile with -Xlint:deprecation for details.
[INFO] 
[INFO] --- resources:3.5.0:testResources (default-testResources) @ routing-service ---
[INFO] Copying 1 resource from src\test\resources to target\test-classes
[INFO] 
[INFO] --- compiler:3.15.0:testCompile (default-testCompile) @ routing-service ---
[INFO] Recompiling the module because of changed dependency.
[INFO] Compiling 1 source file with javac [debug parameters release 25] to target\test-classes
[INFO] 
[INFO] --- surefire:3.5.6:test (default-test) @ routing-service ---
[INFO] Using auto detected provider org.apache.maven.surefire.junitplatform.JUnitPlatformProvider
[INFO] 
[INFO] -------------------------------------------------------
[INFO]  T E S T S
[INFO] -------------------------------------------------------
[INFO] Running dev.waterflex.routing.MatrixControllerTest
20:46:46.825 [main] INFO com.graphhopper.GraphHopper -- version 11.0|2025-10-14T14:28:00Z (9,24,7,5,2,9)
20:46:47.053 [main] INFO com.graphhopper.GraphHopper -- No custom areas are used, custom_areas.directory not given
20:46:47.060 [main] INFO com.graphhopper.GraphHopper -- No country rules available
20:46:47.060 [main] INFO com.graphhopper.GraphHopper -- start creating graph from C:\Users\mcgee\AppData\Local\Temp\junit-14473491854252709373\fixture-roads.osm
20:46:47.074 [main] INFO com.graphhopper.GraphHopper -- using car|RAM_STORE|2D|no_turn_cost|nodes:9,edges:24,geometry:7,location_index:5,string_index:2,nodesCH:0,shortcuts:9, memory:totalMB:1024, usedMB:79
20:46:47.084 [main] INFO com.graphhopper.reader.osm.WaySegmentParser -- Start reading OSM file: 'C:\Users\mcgee\AppData\Local\Temp\junit-14473491854252709373\fixture-roads.osm'
20:46:47.084 [main] INFO com.graphhopper.reader.osm.WaySegmentParser -- pass1 - start
20:46:47.111 [main] INFO com.graphhopper.reader.osm.WaySegmentParser -- pass1 - start reading OSM ways
20:46:47.114 [main] INFO com.graphhopper.reader.osm.WaySegmentParser -- pass1 - finished, processed ways: 2, accepted ways: 2, way nodes: 4, relations: 0, totalMB:1024, usedMB:89
20:46:47.114 [main] INFO com.graphhopper.reader.osm.WaySegmentParser -- pass1 - finished, took: 29.99ms
20:46:47.116 [main] INFO com.graphhopper.reader.osm.WaySegmentParser -- Creating graph. Node count (pillar+tower): 4, totalMB:1024, usedMB:89
20:46:47.116 [main] INFO com.graphhopper.reader.osm.WaySegmentParser -- pass2 - start
20:46:47.117 [main] INFO com.graphhopper.reader.osm.WaySegmentParser -- pass2 - start reading OSM nodes
20:46:47.118 [main] INFO com.graphhopper.reader.osm.WaySegmentParser -- pass2 - start reading OSM ways
20:46:47.124 [main] INFO com.graphhopper.reader.osm.WaySegmentParser -- pass2 - finished, processed ways: 2, way nodes: 4, nodes with tags: 0, node tag capacity: 1,056,768, ignored barriers at junctions: 0
20:46:47.124 [main] INFO com.graphhopper.reader.osm.WaySegmentParser -- pass2 - finished, took: 8.77ms
20:46:47.125 [main] INFO com.graphhopper.reader.osm.WaySegmentParser -- Finished reading OSM file. pass1: 0s,  pass2: 0s,  total: 0s
20:46:47.125 [main] INFO com.graphhopper.reader.osm.OSMReader -- Finished reading OSM file: C:\Users\mcgee\AppData\Local\Temp\junit-14473491854252709373\fixture-roads.osm, nodes: 2, edges: 2, zero distance edges: 0
20:46:47.128 [main] INFO com.graphhopper.GraphHopper -- sorting graph along Hilbert curve...
20:46:47.129 [main] INFO com.graphhopper.GraphHopper -- calculating sort order took: 1.46ms
20:46:47.130 [main] INFO com.graphhopper.GraphHopper -- sort graph for fixed ordering...
20:46:47.130 [main] INFO com.graphhopper.GraphHopper -- sorting 2 edges took: 294.20�s
20:46:47.130 [main] INFO com.graphhopper.GraphHopper -- sorting 2 nodes took: 99.40�s
20:46:47.132 [main] INFO com.graphhopper.routing.subnetwork.PrepareRoutingSubnetworks -- Start marking subnetworks, prepare.min_network_size: 200, threads: 1, nodes: 2, edges: 2, jobs: [car_subnetwork|com.graphhopper.routing.weighting.custom.CustomWeighting@6145b81e], totalMB:1024, usedMB:90
20:46:47.146 [ForkJoinPool-1-worker-1] INFO com.graphhopper.routing.subnetwork.PrepareRoutingSubnetworks -- car - Found 2 subnetworks (1 single edges and 1 components with more than one edge, total nodes: 4), took: 0.003825s
20:46:47.147 [ForkJoinPool-1-worker-1] INFO com.graphhopper.routing.subnetwork.PrepareRoutingSubnetworks -- car - Marked 1 subnetworks (biggest: 1 edges) -> 1 components(s) remain (smallest: 3, biggest: 3 edges), total marked edges: 0, took: 2.169E-4s
20:46:47.148 [main] INFO com.graphhopper.routing.subnetwork.PrepareRoutingSubnetworks -- Finished finding and marking subnetworks for 1 jobs, took: 0.0163403s, totalMB:80, usedMB:22
20:46:47.148 [main] INFO com.graphhopper.GraphHopper -- nodes: 2, edges: 2
20:46:47.196 [main] INFO com.graphhopper.storage.index.LocationIndexTree -- location index created in 0.0071637s, size:4, leafs:2, precision:300, depth:7, checksum:0, entries:[16, 16, 16, 16, 16, 4, 4], entriesPerLeaf:2.0
20:46:47.199 [main] INFO com.graphhopper.GraphHopper -- flushing graph car|RAM_STORE|2D|no_turn_cost|nodes:9,edges:24,geometry:7,location_index:5,string_index:2,nodesCH:0,shortcuts:9, details:edges: 2(1MB), nodes: 2(1MB), bounds: 7.42,7.422,43.735,43.735, name:(1MB), geo:20/-1(1MB), totalMB:80, usedMB:34)
20:46:47.206 [main] INFO com.graphhopper.GraphHopper -- flushed graph totalMB:80, usedMB:38)
20:46:47.261 [main] INFO com.graphhopper.GraphHopper -- version 11.0|2025-10-14T14:28:00Z (9,24,7,5,2,9)
20:46:47.307 [main] INFO com.graphhopper.GraphHopper -- No custom areas are used, custom_areas.directory not given
20:46:47.308 [main] INFO com.graphhopper.GraphHopper -- No country rules available
20:46:47.308 [main] INFO com.graphhopper.GraphHopper -- start creating graph from C:\Users\mcgee\AppData\Local\Temp\junit-14473491854252709373\fixture-roads.osm
20:46:47.308 [main] INFO com.graphhopper.GraphHopper -- using car|RAM_STORE|2D|no_turn_cost|nodes:9,edges:24,geometry:7,location_index:5,string_index:2,nodesCH:0,shortcuts:9, memory:totalMB:80, usedMB:72
20:46:47.313 [main] INFO com.graphhopper.reader.osm.WaySegmentParser -- Start reading OSM file: 'C:\Users\mcgee\AppData\Local\Temp\junit-14473491854252709373\fixture-roads.osm'
20:46:47.314 [main] INFO com.graphhopper.reader.osm.WaySegmentParser -- pass1 - start
20:46:47.315 [main] INFO com.graphhopper.reader.osm.WaySegmentParser -- pass1 - start reading OSM ways
20:46:47.315 [main] INFO com.graphhopper.reader.osm.WaySegmentParser -- pass1 - finished, processed ways: 2, accepted ways: 2, way nodes: 4, relations: 0, totalMB:96, usedMB:23
20:46:47.315 [main] INFO com.graphhopper.reader.osm.WaySegmentParser -- pass1 - finished, took: 1.60ms
20:46:47.315 [main] INFO com.graphhopper.reader.osm.WaySegmentParser -- Creating graph. Node count (pillar+tower): 4, totalMB:96, usedMB:23
20:46:47.315 [main] INFO com.graphhopper.reader.osm.WaySegmentParser -- pass2 - start
20:46:47.316 [main] INFO com.graphhopper.reader.osm.WaySegmentParser -- pass2 - start reading OSM nodes
20:46:47.316 [main] INFO com.graphhopper.reader.osm.WaySegmentParser -- pass2 - start reading OSM ways
20:46:47.318 [main] INFO com.graphhopper.reader.osm.WaySegmentParser -- pass2 - finished, processed ways: 2, way nodes: 4, nodes with tags: 0, node tag capacity: 1,056,768, ignored barriers at junctions: 0
20:46:47.318 [main] INFO com.graphhopper.reader.osm.WaySegmentParser -- pass2 - finished, took: 2.33ms
20:46:47.318 [main] INFO com.graphhopper.reader.osm.WaySegmentParser -- Finished reading OSM file. pass1: 0s,  pass2: 0s,  total: 0s
20:46:47.318 [main] INFO com.graphhopper.reader.osm.OSMReader -- Finished reading OSM file: C:\Users\mcgee\AppData\Local\Temp\junit-14473491854252709373\fixture-roads.osm, nodes: 2, edges: 2, zero distance edges: 0
20:46:47.318 [main] INFO com.graphhopper.GraphHopper -- sorting graph along Hilbert curve...
20:46:47.318 [main] INFO com.graphhopper.GraphHopper -- calculating sort order took: 75.10�s
20:46:47.318 [main] INFO com.graphhopper.GraphHopper -- sort graph for fixed ordering...
20:46:47.318 [main] INFO com.graphhopper.GraphHopper -- sorting 2 edges took: 31.20�s
20:46:47.318 [main] INFO com.graphhopper.GraphHopper -- sorting 2 nodes took: 27.20�s
20:46:47.319 [main] INFO com.graphhopper.routing.subnetwork.PrepareRoutingSubnetworks -- Start marking subnetworks, prepare.min_network_size: 200, threads: 1, nodes: 2, edges: 2, jobs: [car_subnetwork|com.graphhopper.routing.weighting.custom.CustomWeighting@69228e85], totalMB:96, usedMB:23
20:46:47.319 [ForkJoinPool-2-worker-1] INFO com.graphhopper.routing.subnetwork.PrepareRoutingSubnetworks -- car - Found 2 subnetworks (1 single edges and 1 components with more than one edge, total nodes: 4), took: 7.79E-5s
20:46:47.319 [ForkJoinPool-2-worker-1] INFO com.graphhopper.routing.subnetwork.PrepareRoutingSubnetworks -- car - Marked 1 subnetworks (biggest: 1 edges) -> 1 components(s) remain (smallest: 3, biggest: 3 edges), total marked edges: 0, took: 4.9E-6s
20:46:47.319 [main] INFO com.graphhopper.routing.subnetwork.PrepareRoutingSubnetworks -- Finished finding and marking subnetworks for 1 jobs, took: 6.173E-4s, totalMB:96, usedMB:23
20:46:47.319 [main] INFO com.graphhopper.GraphHopper -- nodes: 2, edges: 2
20:46:47.323 [main] INFO com.graphhopper.storage.index.LocationIndexTree -- location index created in 0.0020117s, size:4, leafs:2, precision:300, depth:7, checksum:0, entries:[16, 16, 16, 16, 16, 4, 4], entriesPerLeaf:2.0
20:46:47.325 [main] INFO com.graphhopper.routing.ch.CHPreparationHandler -- Creating CH preparations, totalMB:96, usedMB:30
20:46:47.325 [main] INFO com.graphhopper.routing.ch.CHPreparationHandler -- 1/1 Setting up CH preparation for profile 'car' NODE_BASED ... (totalMB:96, usedMB:30)
20:46:47.328 [car] INFO com.graphhopper.routing.ch.PrepareContractionHierarchies -- Creating CH prepare graph, totalMB:96, usedMB:32
20:46:47.330 [car] INFO com.graphhopper.routing.ch.PrepareContractionHierarchies -- Building CH prepare graph, totalMB:96, usedMB:32
20:46:47.330 [car] INFO com.graphhopper.routing.ch.PrepareContractionHierarchies -- Finished building CH prepare graph, took: 2.557E-4s, totalMB:96, usedMB:32
20:46:47.332 [car] INFO com.graphhopper.routing.ch.PrepareContractionHierarchies -- Building initial queue of nodes to be contracted: 2 nodes, totalMB:96, usedMB:33
20:46:47.332 [car] INFO com.graphhopper.routing.ch.PrepareContractionHierarchies -- Finished building queue, took: 5.539E-4s, totalMB:96, usedMB:33
20:46:47.333 [car] INFO com.graphhopper.routing.ch.PrepareContractionHierarchies -- node, nodes:          2, shortcuts:          0, updates:  0, checked-nodes:          0, t(total):   0.00,  t(period):   0.00, t(lazy):   0.00, t(neighbor):   0.00, t(contr):   0.00, t(other) :   0.00, dijkstra-ratio:   0.00%, meanDegree: 1.00, dijkstras:          0, mem:        0MB, totalMB:96, usedMB:33
20:46:47.333 [car] INFO com.graphhopper.routing.ch.PrepareContractionHierarchies -- node, nodes:          0, shortcuts:          0, updates:  0, checked-nodes:          2, t(total):   0.01,  t(period):   0.00, t(lazy):   0.00, t(neighbor):   0.00, t(contr):   0.00, t(other) :   0.00, dijkstra-ratio:   0.00%, meanDegree: 0.89, dijkstras:          0, mem:        0MB, totalMB:96, usedMB:33
20:46:47.334 [car] INFO com.graphhopper.routing.ch.PrepareContractionHierarchies -- new shortcuts: 0, initSize:2, com.graphhopper.routing.weighting.custom.CustomWeighting@45de6fbd, periodic:0, lazy:100, neighbor:100, t(total):   0.01,  t(period):   0.00, t(lazy):   0.00, t(neighbor):   0.00, t(contr):   0.00, t(other) :   0.00, dijkstra-ratio:   0.00%, lazy-overhead: 0%, totalMB:96, usedMB:33
20:46:47.334 [car] INFO com.graphhopper.routing.ch.PrepareContractionHierarchies -- shortcuts that exceed maximum weight: 0
20:46:47.334 [car] INFO com.graphhopper.routing.ch.PrepareContractionHierarchies -- took: 0s, graph now - num edges: 2, num nodes: 2, num shortcuts: 0
20:46:47.338 [main] INFO com.graphhopper.routing.ch.CHPreparationHandler -- Finished CH preparation, totalMB:96, usedMB:35
20:46:47.339 [main] INFO com.graphhopper.GraphHopper -- flushing graph car|RAM_STORE|2D|no_turn_cost|nodes:9,edges:24,geometry:7,location_index:5,string_index:2,nodesCH:0,shortcuts:9, details:edges: 2(1MB), nodes: 2(1MB), bounds: 7.42,7.422,43.735,43.735, name:(1MB), geo:20/-1(1MB), totalMB:96, usedMB:35)
20:46:47.344 [main] INFO com.graphhopper.GraphHopper -- flushed graph totalMB:96, usedMB:39)
20:46:47.405 [main] INFO com.graphhopper.GraphHopper -- version 11.0|2025-10-14T14:28:00Z (9,24,7,5,2,9)
20:46:47.405 [main] INFO com.graphhopper.GraphHopper -- graph car|RAM_STORE|2D|no_turn_cost|nodes:9,edges:24,geometry:7,location_index:5,string_index:2,nodesCH:0,shortcuts:9, details:edges: 2(1MB), nodes: 2(1MB), bounds: 7.42,7.422,43.735,43.735, name:(1MB), geo:20/-1(1MB)
20:46:47.436 [main] INFO com.graphhopper.GraphHopper -- version 11.0|2025-10-14T14:28:00Z (9,24,7,5,2,9)
20:46:47.437 [main] INFO com.graphhopper.GraphHopper -- graph car|RAM_STORE|2D|no_turn_cost|nodes:9,edges:24,geometry:7,location_index:5,string_index:2,nodesCH:0,shortcuts:9, details:edges: 2(1MB), nodes: 2(1MB), bounds: 7.42,7.422,43.735,43.735, name:(1MB), geo:20/-1(1MB)
20:46:47.760 [main] INFO org.springframework.mock.web.MockServletContext -- Initializing Spring TestDispatcherServlet ''
20:46:47.761 [main] INFO org.springframework.test.web.servlet.TestDispatcherServlet -- Initializing Servlet ''
20:46:47.762 [main] INFO org.springframework.test.web.servlet.TestDispatcherServlet -- Completed initialization in 1 ms
20:46:47.852 [main] WARN org.springframework.web.servlet.mvc.support.DefaultHandlerExceptionResolver -- Resolved [org.springframework.http.converter.HttpMessageNotReadableException: Required request body is missing: public dev.waterflex.routing.MatrixController$Matrix dev.waterflex.routing.MatrixController.matrix(dev.waterflex.routing.MatrixController$Request)]
20:46:47.858 [main] WARN org.springframework.web.servlet.mvc.support.DefaultHandlerExceptionResolver -- Resolved [org.springframework.http.converter.HttpMessageNotReadableException: JSON parse error: Unexpected end-of-input: expected close marker for Object (start marker at [Source: REDACTED (`StreamReadFeature.INCLUDE_SOURCE_IN_LOCATION` disabled); byte offset: #UNKNOWN])]
20:46:47.863 [main] WARN org.springframework.web.servlet.mvc.support.DefaultHandlerExceptionResolver -- Resolved [org.springframework.http.converter.HttpMessageNotReadableException: JSON parse error: Cannot coerce String value ("0") to `java.lang.Double` value (but might if coercion using `CoercionConfig` was enabled)]
[INFO] Tests run: 2, Failures: 0, Errors: 0, Skipped: 0, Time elapsed: 1.363 s -- in dev.waterflex.routing.MatrixControllerTest
[INFO] 
[INFO] Results:
[INFO] 
[INFO] Tests run: 2, Failures: 0, Errors: 0, Skipped: 0
[INFO] 
[INFO] 
[INFO] --- jar:3.5.1:jar (default-jar) @ routing-service ---
[INFO] Building jar: C:\Users\mcgee\OneDrive\Desktop\waterflex\waterflex-scheduler-java\routing-service\target\routing-service-0.1.0-SNAPSHOT.jar
[INFO] 
[INFO] --- spring-boot:4.1.1:repackage (repackage) @ routing-service ---
[INFO] Replacing main artifact C:\Users\mcgee\OneDrive\Desktop\waterflex\waterflex-scheduler-java\routing-service\target\routing-service-0.1.0-SNAPSHOT.jar with repackaged archive, adding nested dependencies in BOOT-INF/.
[INFO] The original artifact has been renamed to C:\Users\mcgee\OneDrive\Desktop\waterflex\waterflex-scheduler-java\routing-service\target\routing-service-0.1.0-SNAPSHOT.jar.original
[INFO] 
[INFO] -----------------< dev.waterflex:waterflex-scheduler >------------------
[INFO] Building waterflex-scheduler 0.1.0-SNAPSHOT                        [5/5]
[INFO]   from pom.xml
[INFO] --------------------------------[ pom ]---------------------------------
[INFO] 
[INFO] --- clean:3.2.0:clean (default-clean) @ waterflex-scheduler ---
[INFO] ------------------------------------------------------------------------
[INFO] Reactor Summary for waterflex-scheduler 0.1.0-SNAPSHOT:
[INFO] 
[INFO] calculation-engine ................................. SUCCESS [  2.688 s]
[INFO] solver-service ..................................... SUCCESS [  7.792 s]
[INFO] scheduler-service .................................. SUCCESS [ 30.596 s]
[INFO] routing-service .................................... SUCCESS [  2.813 s]
[INFO] waterflex-scheduler ................................ SUCCESS [  0.035 s]
[INFO] ------------------------------------------------------------------------
[INFO] BUILD SUCCESS
[INFO] ------------------------------------------------------------------------
[INFO] Total time:  44.180 s
[INFO] Finished at: 2026-10-06T20:46:48-05:00
[INFO] ------------------------------------------------------------------------
